date,time,city,temperature,humidity,wind_speed,pressure,rainfall,uv_index,air_quality,avg_daily_temp,temp_category,month,month_num,weekday
2025-01-01,00:00,Hyderabad,19.1,62,7.7,1018.4,0.0,0,108,21.6,Mild,January,1,Wednesday
2025-01-01,01:00,Mumbai,15.5,86,9.6,1019.4,0.0,0,131,21.6,Mild,January,1,Wednesday
2025-01-01,02:00,Delhi,16.6,56,5.8,1014.0,0.0,0,171,21.6,Mild,January,1,Wednesday
2025-01-01,03:00,Bangalore,14.2,81,8.2,1016.9,0.0,0,94,21.6,Cold,January,1,Wednesday
2025-01-01,04:00,Chennai,23.1,72,9.1,1015.8,0.0,0,97,21.6,Mild,January,1,Wednesday
2025-01-01,05:00,Hyderabad,22.5,60,4.3,1018.1,0.0,0,118,21.6,Mild,January,1,Wednesday
2025-01-01,06:00,Mumbai,24.9,67,10.5,1011.5,0.0,0,132,21.6,Mild,January,1,Wednesday
2025-01-01,07:00,Delhi,21.5,53,8.1,1016.9,0.0,0,181,21.6,Mild,January,1,Wednesday
2025-01-01,08:00,Bangalore,21.0,69,7.2,1022.7,0.0,2,115,21.6,Mild,January,1,Wednesday
2025-01-01,09:00,Chennai,27.3,67,1.4,1020.0,0.0,2,123,21.6,Warm,January,1,Wednesday
2025-01-01,10:00,Hyderabad,30.4,47,8.1,1013.6,0.0,4,143,21.6,Warm,January,1,Wednesday
2025-01-01,11:00,Mumbai,30.5,66,6.3,1016.9,0.0,6,123,21.6,Warm,January,1,Wednesday
2025-01-01,12:00,Delhi,23.9,53,5.8,1013.9,0.0,7,182,21.6,Mild,January,1,Wednesday
2025-01-01,13:00,Bangalore,23.5,82,6.7,1014.9,0.0,6,115,21.6,Mild,January,1,Wednesday
2025-01-01,14:00,Chennai,27.1,65,10.7,1015.0,0.0,3,109,21.6,Warm,January,1,Wednesday
2025-01-01,15:00,Hyderabad,26.8,56,7.2,1009.5,0.0,3,137,21.6,Warm,January,1,Wednesday
2025-01-01,16:00,Mumbai,25.2,77,0.9,1016.6,0.0,2,144,21.6,Warm,January,1,Wednesday
2025-01-01,17:00,Delhi,20.6,62,9.7,1014.0,0.0,0,200,21.6,Mild,January,1,Wednesday
2025-01-01,18:00,Bangalore,17.0,64,8.7,1013.3,8.2,1,123,21.6,Mild,January,1,Wednesday
2025-01-01,19:00,Chennai,22.7,67,7.6,1016.2,0.0,0,134,21.6,Mild,January,1,Wednesday
2025-01-01,20:00,Hyderabad,20.4,60,8.1,1016.2,0.0,0,114,21.6,Mild,January,1,Wednesday
2025-01-01,21:00,Mumbai,16.4,81,7.4,1023.1,0.0,0,133,21.6,Mild,January,1,Wednesday
2025-01-01,22:00,Delhi,16.1,55,6.0,1013.5,0.0,0,226,21.6,Mild,January,1,Wednesday
2025-01-01,23:00,Bangalore,11.5,77,9.6,1020.0,0.0,0,97,21.6,Cold,January,1,Wednesday
2025-01-02,00:00,Chennai,17.8,78,9.1,1015.2,0.0,0,108,21.8,Mild,January,1,Thursday
2025-01-02,01:00,Hyderabad,20.2,61,8.3,1020.4,0.0,0,138,21.8,Mild,January,1,Thursday
2025-01-02,02:00,Mumbai,21.7,71,6.5,1016.7,0.0,0,108,21.8,Mild,January,1,Thursday
2025-01-02,03:00,Delhi,18.0,57,5.0,1018.2,0.0,0,173,21.8,Mild,January,1,Thursday
2025-01-02,04:00,Bangalore,13.0,77,9.8,1014.9,0.0,0,125,21.8,Cold,January,1,Thursday
2025-01-02,05:00,Chennai,23.8,78,5.9,1016.0,0.0,0,126,21.8,Mild,January,1,Thursday
2025-01-02,06:00,Hyderabad,24.7,63,5.1,1025.4,0.0,0,146,21.8,Mild,January,1,Thursday
2025-01-02,07:00,Mumbai,24.5,76,6.5,1012.6,0.0,1,140,21.8,Mild,January,1,Thursday
2025-01-02,08:00,Delhi,23.2,54,7.8,1015.7,0.0,1,242,21.8,Mild,January,1,Thursday
2025-01-02,09:00,Bangalore,21.2,59,6.4,1017.1,0.0,3,106,21.8,Mild,January,1,Thursday
2025-01-02,10:00,Chennai,27.1,70,7.0,1010.8,0.0,4,146,21.8,Warm,January,1,Thursday
2025-01-02,11:00,Hyderabad,32.3,55,8.9,1008.6,0.0,5,138,21.8,Warm,January,1,Thursday
2025-01-02,12:00,Mumbai,29.6,70,12.0,1010.8,0.0,6,102,21.8,Warm,January,1,Thursday
2025-01-02,13:00,Delhi,23.0,52,12.6,1015.3,0.0,6,186,21.8,Mild,January,1,Thursday
2025-01-02,14:00,Bangalore,22.9,65,6.8,1004.7,0.0,5,112,21.8,Mild,January,1,Thursday
2025-01-02,15:00,Chennai,26.1,70,14.9,1018.7,0.0,2,127,21.8,Warm,January,1,Thursday
2025-01-02,16:00,Hyderabad,27.8,54,4.0,1018.0,20.4,2,114,21.8,Warm,January,1,Thursday
2025-01-02,17:00,Mumbai,24.8,76,7.4,1015.6,0.0,1,142,21.8,Mild,January,1,Thursday
2025-01-02,18:00,Delhi,19.9,52,6.0,1014.5,0.0,0,224,21.8,Mild,January,1,Thursday
2025-01-02,19:00,Bangalore,14.0,77,9.7,1017.8,0.0,0,120,21.8,Cold,January,1,Thursday
2025-01-02,20:00,Chennai,18.9,73,7.8,1012.5,0.0,0,134,21.8,Mild,January,1,Thursday
2025-01-02,21:00,Hyderabad,19.9,71,3.6,1010.6,0.0,0,113,21.8,Mild,January,1,Thursday
2025-01-02,22:00,Mumbai,18.3,81,5.7,1022.5,0.0,0,146,21.8,Mild,January,1,Thursday
2025-01-02,23:00,Delhi,11.7,60,10.2,1022.7,0.0,0,202,21.8,Cold,January,1,Thursday
2025-01-03,00:00,Bangalore,11.6,78,11.9,1024.2,0.0,0,126,21.4,Cold,January,1,Friday
2025-01-03,01:00,Chennai,18.4,78,7.5,1016.3,0.0,0,104,21.4,Mild,January,1,Friday
2025-01-03,02:00,Hyderabad,21.6,52,8.9,1013.3,0.0,0,138,21.4,Mild,January,1,Friday
2025-01-03,03:00,Mumbai,22.1,78,6.3,1016.7,0.0,0,117,21.4,Mild,January,1,Friday
2025-01-03,04:00,Delhi,18.2,50,9.9,1016.8,0.0,0,210,21.4,Mild,January,1,Friday
2025-01-03,05:00,Bangalore,15.2,70,12.2,1010.6,0.0,0,124,21.4,Mild,January,1,Friday
2025-01-03,06:00,Chennai,25.2,70,9.8,1014.1,0.0,0,120,21.4,Warm,January,1,Friday
2025-01-03,07:00,Hyderabad,24.5,62,6.4,1018.4,0.0,0,130,21.4,Mild,January,1,Friday
2025-01-03,08:00,Mumbai,26.1,80,14.8,1014.2,0.0,2,125,21.4,Warm,January,1,Friday
2025-01-03,09:00,Delhi,22.8,46,12.0,1017.0,0.0,3,226,21.4,Mild,January,1,Friday
2025-01-03,10:00,Bangalore,22.8,61,6.9,1018.0,0.0,4,126,21.4,Mild,January,1,Friday
2025-01-03,11:00,Chennai,25.1,77,5.1,1008.7,0.0,5,129,21.4,Warm,January,1,Friday
2025-01-03,12:00,Hyderabad,30.2,54,4.4,1014.6,0.0,6,122,21.4,Warm,January,1,Friday
2025-01-03,13:00,Mumbai,27.4,77,12.4,1010.7,0.0,6,137,21.4,Warm,January,1,Friday
2025-01-03,14:00,Delhi,21.8,48,10.1,1010.9,0.0,4,197,21.4,Mild,January,1,Friday
2025-01-03,15:00,Bangalore,21.8,67,2.2,1016.4,0.0,3,113,21.4,Mild,January,1,Friday
2025-01-03,16:00,Chennai,25.3,79,5.8,1014.5,0.0,3,115,21.4,Warm,January,1,Friday
2025-01-03,17:00,Hyderabad,24.3,57,6.3,1015.6,0.0,1,134,21.4,Mild,January,1,Friday
2025-01-03,18:00,Mumbai,21.4,86,2.8,1017.0,0.0,0,143,21.4,Mild,January,1,Friday
2025-01-03,19:00,Delhi,19.7,49,4.4,1013.0,0.0,0,212,21.4,Mild,January,1,Friday
2025-01-03,20:00,Bangalore,13.0,80,5.0,1015.8,0.0,0,121,21.4,Cold,January,1,Friday
2025-01-03,21:00,Chennai,17.2,71,3.8,1016.3,0.0,0,123,21.4,Mild,January,1,Friday
2025-01-03,22:00,Hyderabad,19.9,62,10.6,1014.4,0.0,0,118,21.4,Mild,January,1,Friday
2025-01-03,23:00,Mumbai,16.9,73,10.8,1018.1,0.0,0,122,21.4,Mild,January,1,Friday
2025-01-04,00:00,Delhi,14.9,47,11.1,1013.5,0.0,0,180,21.5,Cold,January,1,Saturday
2025-01-04,01:00,Bangalore,14.0,67,10.8,1017.9,0.0,0,122,21.5,Cold,January,1,Saturday
2025-01-04,02:00,Chennai,16.7,71,10.4,1013.1,0.0,0,110,21.5,Mild,January,1,Saturday
2025-01-04,03:00,Hyderabad,22.0,66,10.7,1015.9,0.0,0,114,21.5,Mild,January,1,Saturday
2025-01-04,04:00,Mumbai,21.9,73,8.3,1014.9,0.0,0,128,21.5,Mild,January,1,Saturday
2025-01-04,05:00,Delhi,18.9,53,7.0,1015.1,0.0,0,201,21.5,Mild,January,1,Saturday
2025-01-04,06:00,Bangalore,20.0,69,10.6,1016.2,0.0,0,109,21.5,Mild,January,1,Saturday
2025-01-04,07:00,Chennai,24.7,73,8.3,1002.1,0.0,0,102,21.5,Mild,January,1,Saturday
2025-01-04,08:00,Hyderabad,25.6,53,3.9,1016.2,3.9,2,147,21.5,Warm,January,1,Saturday
2025-01-04,09:00,Mumbai,28.6,67,7.2,1011.8,0.0,2,129,21.5,Warm,January,1,Saturday
2025-01-04,10:00,Delhi,22.5,57,11.7,1016.6,7.9,4,191,21.5,Mild,January,1,Saturday
2025-01-04,11:00,Bangalore,19.8,61,10.9,1020.1,0.0,6,121,21.5,Mild,January,1,Saturday
2025-01-04,12:00,Chennai,29.6,72,4.7,1019.4,0.0,8,107,21.5,Warm,January,1,Saturday
2025-01-04,13:00,Hyderabad,29.8,51,10.6,1009.9,0.0,6,144,21.5,Warm,January,1,Saturday
2025-01-04,14:00,Mumbai,28.6,64,3.8,1012.6,0.0,4,139,21.5,Warm,January,1,Saturday
2025-01-04,15:00,Delhi,21.4,54,4.5,1012.4,0.0,3,187,21.5,Mild,January,1,Saturday
2025-01-04,16:00,Bangalore,22.4,67,6.9,1016.9,0.0,2,95,21.5,Mild,January,1,Saturday
2025-01-04,17:00,Chennai,22.3,83,9.0,1016.2,0.0,1,116,21.5,Mild,January,1,Saturday
2025-01-04,18:00,Hyderabad,25.5,57,5.7,1021.6,0.0,0,132,21.5,Warm,January,1,Saturday
2025-01-04,19:00,Mumbai,18.5,79,3.4,1014.3,0.0,0,133,21.5,Mild,January,1,Saturday
2025-01-04,20:00,Delhi,16.6,57,7.1,1014.6,0.0,0,190,21.5,Mild,January,1,Saturday
2025-01-04,21:00,Bangalore,14.2,65,10.2,1015.5,0.0,0,121,21.5,Cold,January,1,Saturday
2025-01-04,22:00,Chennai,18.4,79,8.5,1017.9,0.0,0,115,21.5,Mild,January,1,Saturday
2025-01-04,23:00,Hyderabad,18.2,65,11.4,1015.2,0.0,0,87,21.5,Mild,January,1,Saturday
2025-01-05,00:00,Mumbai,17.8,82,8.7,1018.7,0.0,0,144,21.5,Mild,January,1,Sunday
2025-01-05,01:00,Delhi,15.1,54,16.0,1013.1,0.0,0,183,21.5,Mild,January,1,Sunday
2025-01-05,02:00,Bangalore,15.9,67,10.7,1014.4,0.0,0,97,21.5,Mild,January,1,Sunday
2025-01-05,03:00,Chennai,21.1,86,10.3,1010.1,0.0,0,118,21.5,Mild,January,1,Sunday
2025-01-05,04:00,Hyderabad,24.8,62,9.6,1015.1,0.0,0,107,21.5,Mild,January,1,Sunday
2025-01-05,05:00,Mumbai,27.3,78,11.5,1009.6,0.0,0,116,21.5,Warm,January,1,Sunday
2025-01-05,06:00,Delhi,18.9,53,2.4,1018.4,0.0,0,205,21.5,Mild,January,1,Sunday
2025-01-05,07:00,Bangalore,18.8,63,9.9,1015.7,0.0,1,99,21.5,Mild,January,1,Sunday
2025-01-05,08:00,Chennai,27.0,72,11.3,1014.0,0.0,2,138,21.5,Warm,January,1,Sunday
2025-01-05,09:00,Hyderabad,27.9,49,3.6,1014.9,0.0,3,118,21.5,Warm,January,1,Sunday
2025-01-05,10:00,Mumbai,25.7,63,4.6,1016.0,0.0,5,132,21.5,Warm,January,1,Sunday
2025-01-05,11:00,Delhi,25.0,50,6.2,1019.2,0.0,6,196,21.5,Warm,January,1,Sunday
2025-01-05,12:00,Bangalore,22.2,59,11.3,1014.1,0.0,7,106,21.5,Mild,January,1,Sunday
2025-01-05,13:00,Chennai,26.4,72,8.0,1015.4,0.0,6,101,21.5,Warm,January,1,Sunday
2025-01-05,14:00,Hyderabad,33.4,46,6.9,1009.9,0.0,4,106,21.5,Warm,January,1,Sunday
2025-01-05,15:00,Mumbai,23.3,66,9.7,1018.6,0.0,3,130,21.5,Mild,January,1,Sunday
2025-01-05,16:00,Delhi,19.7,56,5.2,1010.9,0.0,2,180,21.5,Mild,January,1,Sunday
2025-01-05,17:00,Bangalore,20.8,64,4.9,1014.7,0.0,0,148,21.5,Mild,January,1,Sunday
2025-01-05,18:00,Chennai,20.5,79,12.4,1015.5,0.0,0,134,21.5,Mild,January,1,Sunday
2025-01-05,19:00,Hyderabad,20.1,69,4.4,1012.4,0.0,0,108,21.5,Mild,January,1,Sunday
2025-01-05,20:00,Mumbai,18.2,72,9.8,1022.4,0.0,0,167,21.5,Mild,January,1,Sunday
2025-01-05,21:00,Delhi,15.0,59,4.4,1016.3,0.0,0,216,21.5,Mild,January,1,Sunday
2025-01-05,22:00,Bangalore,13.2,71,8.4,1019.8,0.0,0,92,21.5,Cold,January,1,Sunday
2025-01-05,23:00,Chennai,17.0,78,12.3,1009.7,0.0,0,103,21.5,Mild,January,1,Sunday
2025-01-06,00:00,Hyderabad,19.0,69,6.3,1020.7,0.0,0,103,21.8,Mild,January,1,Monday
2025-01-06,01:00,Mumbai,18.8,73,11.3,1014.9,0.0,0,127,21.8,Mild,January,1,Monday
2025-01-06,02:00,Delhi,17.0,39,2.2,1015.2,0.0,0,190,21.8,Mild,January,1,Monday
2025-01-06,03:00,Bangalore,14.7,77,4.8,1016.7,0.0,0,111,21.8,Cold,January,1,Monday
2025-01-06,04:00,Chennai,24.1,69,7.0,1014.9,0.0,0,111,21.8,Mild,January,1,Monday
2025-01-06,05:00,Hyderabad,23.5,51,4.7,1017.9,0.0,0,133,21.8,Mild,January,1,Monday
2025-01-06,06:00,Mumbai,23.8,80,8.8,1009.7,0.0,0,116,21.8,Mild,January,1,Monday
2025-01-06,07:00,Delhi,22.4,43,9.3,1011.6,0.0,1,158,21.8,Mild,January,1,Monday
2025-01-06,08:00,Bangalore,22.6,61,11.9,1011.8,0.0,1,127,21.8,Mild,January,1,Monday
2025-01-06,09:00,Chennai,26.5,67,12.4,1014.4,0.0,2,145,21.8,Warm,January,1,Monday
2025-01-06,10:00,Hyderabad,30.0,70,3.1,1012.9,0.0,4,118,21.8,Warm,January,1,Monday
2025-01-06,11:00,Mumbai,25.5,66,9.6,1015.1,0.0,6,126,21.8,Warm,January,1,Monday
2025-01-06,12:00,Delhi,25.5,52,10.9,1009.5,0.0,6,211,21.8,Warm,January,1,Monday
2025-01-06,13:00,Bangalore,24.0,62,6.5,1016.2,0.0,5,104,21.8,Mild,January,1,Monday
2025-01-06,14:00,Chennai,27.9,78,8.3,1017.3,0.0,4,104,21.8,Warm,January,1,Monday
2025-01-06,15:00,Hyderabad,27.3,51,5.8,1011.8,0.0,3,123,21.8,Warm,January,1,Monday
2025-01-06,16:00,Mumbai,25.5,69,8.2,1010.8,0.0,2,120,21.8,Warm,January,1,Monday
2025-01-06,17:00,Delhi,23.2,48,6.0,1010.9,0.0,0,220,21.8,Mild,January,1,Monday
2025-01-06,18:00,Bangalore,17.6,59,8.1,1015.5,0.0,0,109,21.8,Mild,January,1,Monday
2025-01-06,19:00,Chennai,22.5,68,4.9,1014.5,0.0,0,112,21.8,Mild,January,1,Monday
2025-01-06,20:00,Hyderabad,18.5,56,6.4,1014.4,0.0,0,117,21.8,Mild,January,1,Monday
2025-01-06,21:00,Mumbai,17.3,83,9.3,1016.8,0.0,0,122,21.8,Mild,January,1,Monday
2025-01-06,22:00,Delhi,10.6,57,1.5,1017.5,0.0,0,189,21.8,Cold,January,1,Monday
2025-01-06,23:00,Bangalore,16.1,62,8.6,1017.1,0.0,0,94,21.8,Mild,January,1,Monday
2025-01-07,00:00,Chennai,19.3,75,13.8,1015.0,0.0,0,146,21.5,Mild,January,1,Tuesday
2025-01-07,01:00,Hyderabad,19.5,65,5.3,1016.3,0.0,0,118,21.5,Mild,January,1,Tuesday
2025-01-07,02:00,Mumbai,17.1,82,6.1,1013.4,0.0,0,135,21.5,Mild,January,1,Tuesday
2025-01-07,03:00,Delhi,16.5,55,8.7,1019.9,0.0,0,179,21.5,Mild,January,1,Tuesday
2025-01-07,04:00,Bangalore,17.1,72,10.9,1011.0,0.0,0,99,21.5,Mild,January,1,Tuesday
2025-01-07,05:00,Chennai,23.7,77,7.2,1013.5,0.0,0,115,21.5,Mild,January,1,Tuesday
2025-01-07,06:00,Hyderabad,26.7,61,5.6,1009.6,0.0,0,129,21.5,Warm,January,1,Tuesday
2025-01-07,07:00,Mumbai,26.2,77,10.8,1016.2,0.0,1,129,21.5,Warm,January,1,Tuesday
2025-01-07,08:00,Delhi,21.7,55,13.6,1013.7,0.0,2,191,21.5,Mild,January,1,Tuesday
2025-01-07,09:00,Bangalore,24.0,64,6.4,1016.0,0.0,3,109,21.5,Mild,January,1,Tuesday
2025-01-07,10:00,Chennai,27.0,64,7.5,1013.5,0.0,4,136,21.5,Warm,January,1,Tuesday
2025-01-07,11:00,Hyderabad,28.8,55,8.2,1011.3,0.0,6,112,21.5,Warm,January,1,Tuesday
2025-01-07,12:00,Mumbai,29.6,78,13.9,1013.2,0.0,7,136,21.5,Warm,January,1,Tuesday
2025-01-07,13:00,Delhi,24.6,55,8.5,1014.7,0.0,6,200,21.5,Mild,January,1,Tuesday
2025-01-07,14:00,Bangalore,22.1,67,7.8,1011.7,0.0,4,108,21.5,Mild,January,1,Tuesday
2025-01-07,15:00,Chennai,25.1,71,0.8,1014.3,0.0,3,91,21.5,Warm,January,1,Tuesday
2025-01-07,16:00,Hyderabad,23.9,59,9.0,1014.6,0.0,1,130,21.5,Mild,January,1,Tuesday
2025-01-07,17:00,Mumbai,19.5,79,9.1,1016.7,0.0,1,148,21.5,Mild,January,1,Tuesday
2025-01-07,18:00,Delhi,16.7,50,3.6,1025.6,0.0,0,209,21.5,Mild,January,1,Tuesday
2025-01-07,19:00,Bangalore,17.7,74,10.6,1013.2,0.0,0,118,21.5,Mild,January,1,Tuesday
2025-01-07,20:00,Chennai,18.7,73,8.6,1014.6,0.0,0,141,21.5,Mild,January,1,Tuesday
2025-01-07,21:00,Hyderabad,21.3,64,6.5,1013.1,0.0,0,123,21.5,Mild,January,1,Tuesday
2025-01-07,22:00,Mumbai,17.7,80,6.8,1020.7,0.0,0,141,21.5,Mild,January,1,Tuesday
2025-01-07,23:00,Delhi,12.4,56,5.5,1017.3,0.0,0,179,21.5,Cold,January,1,Tuesday
2025-01-08,00:00,Bangalore,15.3,71,2.0,1016.0,0.0,0,73,21.5,Mild,January,1,Wednesday
2025-01-08,01:00,Chennai,17.8,83,9.0,1020.9,0.0,0,133,21.5,Mild,January,1,Wednesday
2025-01-08,02:00,Hyderabad,22.6,55,11.8,1010.4,0.0,0,110,21.5,Mild,January,1,Wednesday
2025-01-08,03:00,Mumbai,23.1,74,4.7,1012.3,23.2,0,134,21.5,Mild,January,1,Wednesday
2025-01-08,04:00,Delhi,17.0,58,12.2,1015.9,21.8,0,200,21.5,Mild,January,1,Wednesday
2025-01-08,05:00,Bangalore,16.9,68,10.7,1020.2,0.0,0,104,21.5,Mild,January,1,Wednesday
2025-01-08,06:00,Chennai,23.6,69,9.3,1011.6,0.0,0,110,21.5,Mild,January,1,Wednesday
2025-01-08,07:00,Hyderabad,26.6,60,8.6,1010.7,0.0,0,112,21.5,Warm,January,1,Wednesday
2025-01-08,08:00,Mumbai,24.9,70,8.9,1014.6,0.0,2,141,21.5,Mild,January,1,Wednesday
2025-01-08,09:00,Delhi,25.9,40,8.4,1017.1,0.0,3,215,21.5,Warm,January,1,Wednesday
2025-01-08,10:00,Bangalore,23.2,66,9.6,1014.9,18.7,5,125,21.5,Mild,January,1,Wednesday
2025-01-08,11:00,Chennai,29.6,66,4.6,1015.8,0.0,5,117,21.5,Warm,January,1,Wednesday
2025-01-08,12:00,Hyderabad,28.8,67,8.8,1015.9,0.0,6,116,21.5,Warm,January,1,Wednesday
2025-01-08,13:00,Mumbai,25.6,74,8.4,1011.9,0.0,6,143,21.5,Warm,January,1,Wednesday
2025-01-08,14:00,Delhi,19.9,61,11.0,1016.2,0.0,5,181,21.5,Mild,January,1,Wednesday
2025-01-08,15:00,Bangalore,21.6,64,10.3,1017.3,0.0,4,78,21.5,Mild,January,1,Wednesday
2025-01-08,16:00,Chennai,24.4,67,11.9,1017.0,0.0,1,119,21.5,Mild,January,1,Wednesday
2025-01-08,17:00,Hyderabad,25.1,52,5.0,1013.4,0.0,0,114,21.5,Warm,January,1,Wednesday
2025-01-08,18:00,Mumbai,21.6,77,4.7,1019.0,0.0,0,127,21.5,Mild,January,1,Wednesday
2025-01-08,19:00,Delhi,14.7,55,6.8,1020.5,0.0,0,210,21.5,Cold,January,1,Wednesday
2025-01-08,20:00,Bangalore,14.7,73,5.4,1017.5,0.0,0,141,21.5,Cold,January,1,Wednesday
2025-01-08,21:00,Chennai,20.0,84,10.8,1018.5,0.0,0,101,21.5,Mild,January,1,Wednesday
2025-01-08,22:00,Hyderabad,17.6,66,9.7,1010.6,0.0,0,126,21.5,Mild,January,1,Wednesday
2025-01-08,23:00,Mumbai,15.8,78,11.1,1017.9,0.0,0,133,21.5,Mild,January,1,Wednesday
2025-01-09,00:00,Delhi,15.6,53,7.2,1013.9,0.0,0,190,21.8,Mild,January,1,Thursday
2025-01-09,01:00,Bangalore,15.6,65,9.4,1018.9,0.0,0,114,21.8,Mild,January,1,Thursday
2025-01-09,02:00,Chennai,18.7,79,3.7,1013.3,0.0,0,119,21.8,Mild,January,1,Thursday
2025-01-09,03:00,Hyderabad,22.1,59,5.8,1014.6,0.0,0,102,21.8,Mild,January,1,Thursday
2025-01-09,04:00,Mumbai,22.5,72,6.6,1014.4,0.0,0,148,21.8,Mild,January,1,Thursday
2025-01-09,05:00,Delhi,18.9,48,10.5,1018.7,0.0,0,186,21.8,Mild,January,1,Thursday
2025-01-09,06:00,Bangalore,20.4,58,5.3,1010.9,0.0,0,91,21.8,Mild,January,1,Thursday
2025-01-09,07:00,Chennai,24.9,67,6.2,1016.7,0.0,1,143,21.8,Mild,January,1,Thursday
2025-01-09,08:00,Hyderabad,26.8,57,8.8,1014.9,0.0,3,147,21.8,Warm,January,1,Thursday
2025-01-09,09:00,Mumbai,28.8,62,10.6,1014.0,0.0,4,153,21.8,Warm,January,1,Thursday
2025-01-09,10:00,Delhi,25.7,56,8.7,1008.9,0.0,4,209,21.8,Warm,January,1,Thursday
2025-01-09,11:00,Bangalore,22.9,62,5.7,1016.0,0.0,5,109,21.8,Mild,January,1,Thursday
2025-01-09,12:00,Chennai,27.2,78,2.4,1014.9,0.0,8,103,21.8,Warm,January,1,Thursday
2025-01-09,13:00,Hyderabad,27.5,57,5.3,1016.2,0.0,6,100,21.8,Warm,January,1,Thursday
2025-01-09,14:00,Mumbai,27.1,75,4.1,1009.1,0.0,5,143,21.8,Warm,January,1,Thursday
2025-01-09,15:00,Delhi,22.6,47,8.2,1012.8,0.0,3,200,21.8,Mild,January,1,Thursday
2025-01-09,16:00,Bangalore,20.7,66,5.3,1016.6,1.4,2,104,21.8,Mild,January,1,Thursday
2025-01-09,17:00,Chennai,24.8,71,14.8,1015.8,0.0,0,112,21.8,Mild,January,1,Thursday
2025-01-09,18:00,Hyderabad,23.9,63,10.2,1010.8,0.0,0,122,21.8,Mild,January,1,Thursday
2025-01-09,19:00,Mumbai,21.0,77,7.8,1021.4,0.0,0,142,21.8,Mild,January,1,Thursday
2025-01-09,20:00,Delhi,14.0,60,9.6,1017.5,0.0,0,208,21.8,Cold,January,1,Thursday
2025-01-09,21:00,Bangalore,14.5,67,13.0,1021.8,0.0,0,119,21.8,Cold,January,1,Thursday
2025-01-09,22:00,Chennai,18.7,77,9.7,1012.6,0.0,0,122,21.8,Mild,January,1,Thursday
2025-01-09,23:00,Hyderabad,17.4,68,15.0,1020.9,0.0,0,105,21.8,Mild,January,1,Thursday
2025-01-10,00:00,Mumbai,17.8,86,7.7,1014.0,0.0,0,138,21.5,Mild,January,1,Friday
2025-01-10,01:00,Delhi,16.2,55,13.3,1017.7,0.0,0,188,21.5,Mild,January,1,Friday
2025-01-10,02:00,Bangalore,12.8,74,3.2,1017.7,0.0,0,108,21.5,Cold,January,1,Friday
2025-01-10,03:00,Chennai,21.3,72,8.6,1012.3,0.0,0,100,21.5,Mild,January,1,Friday
2025-01-10,04:00,Hyderabad,21.1,70,10.0,1013.3,0.0,0,122,21.5,Mild,January,1,Friday
2025-01-10,05:00,Mumbai,23.0,76,11.3,1013.6,0.0,0,121,21.5,Mild,January,1,Friday
2025-01-10,06:00,Delhi,20.4,52,6.0,1012.6,0.0,0,186,21.5,Mild,January,1,Friday
2025-01-10,07:00,Bangalore,21.6,59,12.6,1015.3,0.0,0,118,21.5,Mild,January,1,Friday
2025-01-10,08:00,Chennai,26.6,59,8.1,1008.7,0.0,2,144,21.5,Warm,January,1,Friday
2025-01-10,09:00,Hyderabad,29.7,57,4.6,1012.6,0.0,3,129,21.5,Warm,January,1,Friday
2025-01-10,10:00,Mumbai,29.6,63,10.1,1012.6,0.0,5,119,21.5,Warm,January,1,Friday
2025-01-10,11:00,Delhi,28.7,43,16.3,1014.5,0.0,6,175,21.5,Warm,January,1,Friday
2025-01-10,12:00,Bangalore,25.3,58,1.3,1017.0,0.0,7,109,21.5,Warm,January,1,Friday
2025-01-10,13:00,Chennai,27.8,70,5.2,1010.8,0.0,6,102,21.5,Warm,January,1,Friday
2025-01-10,14:00,Hyderabad,24.6,53,11.7,1011.3,0.0,4,114,21.5,Mild,January,1,Friday
2025-01-10,15:00,Mumbai,24.5,80,11.2,1011.7,0.0,3,129,21.5,Mild,January,1,Friday
2025-01-10,16:00,Delhi,21.9,35,11.3,1013.9,0.0,3,206,21.5,Mild,January,1,Friday
2025-01-10,17:00,Bangalore,20.4,57,9.9,1014.7,0.0,1,125,21.5,Mild,January,1,Friday
2025-01-10,18:00,Chennai,21.0,74,8.9,1009.6,0.0,0,123,21.5,Mild,January,1,Friday
2025-01-10,19:00,Hyderabad,18.6,58,3.9,1014.9,0.0,0,134,21.5,Mild,January,1,Friday
2025-01-10,20:00,Mumbai,21.1,83,11.8,1016.3,0.0,0,150,21.5,Mild,January,1,Friday
2025-01-10,21:00,Delhi,13.3,56,7.2,1013.7,0.0,0,234,21.5,Cold,January,1,Friday
2025-01-10,22:00,Bangalore,11.0,73,8.5,1017.6,0.0,0,96,21.5,Cold,January,1,Friday
2025-01-10,23:00,Chennai,17.1,76,5.5,1020.6,0.0,0,100,21.5,Mild,January,1,Friday
2025-01-11,00:00,Hyderabad,21.2,73,2.0,1018.3,0.0,0,124,21.6,Mild,January,1,Saturday
2025-01-11,01:00,Mumbai,19.2,80,10.3,1015.5,0.0,0,119,21.6,Mild,January,1,Saturday
2025-01-11,02:00,Delhi,18.2,48,8.0,1020.8,0.0,0,197,21.6,Mild,January,1,Saturday
2025-01-11,03:00,Bangalore,16.8,64,7.3,1020.5,0.0,0,129,21.6,Mild,January,1,Saturday
2025-01-11,04:00,Chennai,20.8,68,3.4,1012.2,0.0,0,116,21.6,Mild,January,1,Saturday
2025-01-11,05:00,Hyderabad,24.1,66,9.2,1010.9,0.0,0,111,21.6,Mild,January,1,Saturday
2025-01-11,06:00,Mumbai,22.4,79,3.8,1015.3,0.0,0,126,21.6,Mild,January,1,Saturday
2025-01-11,07:00,Delhi,22.7,43,7.7,1016.3,0.0,0,195,21.6,Mild,January,1,Saturday
2025-01-11,08:00,Bangalore,22.6,72,6.2,1019.6,0.0,3,94,21.6,Mild,January,1,Saturday
2025-01-11,09:00,Chennai,28.7,72,5.6,1012.4,0.0,3,139,21.6,Warm,January,1,Saturday
2025-01-11,10:00,Hyderabad,30.3,57,4.9,1015.7,0.0,5,129,21.6,Warm,January,1,Saturday
2025-01-11,11:00,Mumbai,27.0,78,6.0,1018.6,0.0,5,128,21.6,Warm,January,1,Saturday
2025-01-11,12:00,Delhi,24.1,50,11.4,1013.6,0.0,7,200,21.6,Mild,January,1,Saturday
2025-01-11,13:00,Bangalore,24.4,66,11.2,1011.7,0.0,5,99,21.6,Mild,January,1,Saturday
2025-01-11,14:00,Chennai,24.2,76,7.3,1009.7,0.0,4,124,21.6,Mild,January,1,Saturday
2025-01-11,15:00,Hyderabad,27.6,62,11.2,1015.3,0.0,3,155,21.6,Warm,January,1,Saturday
2025-01-11,16:00,Mumbai,23.9,72,11.0,1014.4,0.0,1,154,21.6,Mild,January,1,Saturday
2025-01-11,17:00,Delhi,19.5,50,4.5,1015.9,0.0,1,213,21.6,Mild,January,1,Saturday
2025-01-11,18:00,Bangalore,15.5,72,5.2,1015.1,0.0,0,115,21.6,Mild,January,1,Saturday
2025-01-11,19:00,Chennai,23.4,72,7.2,1017.6,0.0,0,111,21.6,Mild,January,1,Saturday
2025-01-11,20:00,Hyderabad,20.4,59,13.2,1012.8,0.0,0,148,21.6,Mild,January,1,Saturday
2025-01-11,21:00,Mumbai,16.3,76,7.3,1012.6,11.9,0,150,21.6,Mild,January,1,Saturday
2025-01-11,22:00,Delhi,14.1,58,4.1,1017.1,0.0,0,174,21.6,Cold,January,1,Saturday
2025-01-11,23:00,Bangalore,12.0,69,8.9,1017.0,0.0,0,133,21.6,Cold,January,1,Saturday
2025-01-12,00:00,Chennai,19.4,77,8.4,1015.5,0.0,0,121,21.7,Mild,January,1,Sunday
2025-01-12,01:00,Hyderabad,18.0,69,13.3,1013.7,0.0,0,126,21.7,Mild,January,1,Sunday
2025-01-12,02:00,Mumbai,19.8,79,10.6,1014.1,0.0,0,117,21.7,Mild,January,1,Sunday
2025-01-12,03:00,Delhi,18.5,63,6.5,1018.8,0.0,0,186,21.7,Mild,January,1,Sunday
2025-01-12,04:00,Bangalore,15.1,69,4.1,1018.3,0.0,0,113,21.7,Mild,January,1,Sunday
2025-01-12,05:00,Chennai,24.1,85,7.3,1017.1,0.0,0,112,21.7,Mild,January,1,Sunday
2025-01-12,06:00,Hyderabad,24.5,52,13.7,1015.3,0.0,0,114,21.7,Mild,January,1,Sunday
2025-01-12,07:00,Mumbai,24.2,83,7.3,1019.9,0.0,0,125,21.7,Mild,January,1,Sunday
2025-01-12,08:00,Delhi,25.3,45,10.7,1014.3,0.0,3,177,21.7,Warm,January,1,Sunday
2025-01-12,09:00,Bangalore,22.0,65,6.5,1012.4,0.0,3,112,21.7,Mild,January,1,Sunday
2025-01-12,10:00,Chennai,26.7,69,7.2,1009.9,0.0,5,130,21.7,Warm,January,1,Sunday
2025-01-12,11:00,Hyderabad,29.3,44,5.9,1007.4,0.0,6,112,21.7,Warm,January,1,Sunday
2025-01-12,12:00,Mumbai,27.9,75,7.4,1009.6,0.0,6,116,21.7,Warm,January,1,Sunday
2025-01-12,13:00,Delhi,23.0,48,1.1,1016.7,0.0,5,202,21.7,Mild,January,1,Sunday
2025-01-12,14:00,Bangalore,25.0,69,7.9,1007.5,0.0,4,126,21.7,Warm,January,1,Sunday
2025-01-12,15:00,Chennai,24.6,78,8.2,1021.3,0.0,4,129,21.7,Mild,January,1,Sunday
2025-01-12,16:00,Hyderabad,25.6,46,8.3,1016.3,0.0,2,125,21.7,Warm,January,1,Sunday
2025-01-12,17:00,Mumbai,23.6,71,8.6,1016.8,0.0,1,126,21.7,Mild,January,1,Sunday
2025-01-12,18:00,Delhi,17.1,59,13.3,1021.4,0.0,0,220,21.7,Mild,January,1,Sunday
2025-01-12,19:00,Bangalore,17.1,71,9.5,1015.9,0.0,0,128,21.7,Mild,January,1,Sunday
2025-01-12,20:00,Chennai,20.2,84,10.4,1015.2,0.0,0,147,21.7,Mild,January,1,Sunday
2025-01-12,21:00,Hyderabad,20.3,62,7.0,1017.8,0.0,0,126,21.7,Mild,January,1,Sunday
2025-01-12,22:00,Mumbai,15.0,81,7.3,1015.0,0.0,0,138,21.7,Mild,January,1,Sunday
2025-01-12,23:00,Delhi,13.8,55,6.6,1019.0,0.0,0,195,21.7,Cold,January,1,Sunday
2025-01-13,00:00,Bangalore,12.5,70,4.8,1017.2,0.0,0,100,22.0,Cold,January,1,Monday
2025-01-13,01:00,Chennai,18.3,77,13.0,1017.4,0.0,0,111,22.0,Mild,January,1,Monday
2025-01-13,02:00,Hyderabad,20.8,60,7.0,1015.3,0.0,0,104,22.0,Mild,January,1,Monday
2025-01-13,03:00,Mumbai,20.4,80,10.2,1014.4,0.0,0,129,22.0,Mild,January,1,Monday
2025-01-13,04:00,Delhi,17.7,53,2.6,1016.3,0.0,0,176,22.0,Mild,January,1,Monday
2025-01-13,05:00,Bangalore,18.4,74,9.2,1018.2,0.0,0,86,22.0,Mild,January,1,Monday
2025-01-13,06:00,Chennai,25.8,63,7.2,1013.8,0.0,1,130,22.0,Warm,January,1,Monday
2025-01-13,07:00,Hyderabad,27.5,56,8.7,1013.4,0.0,1,99,22.0,Warm,January,1,Monday
2025-01-13,08:00,Mumbai,28.7,70,0.0,1017.9,0.0,3,125,22.0,Warm,January,1,Monday
2025-01-13,09:00,Delhi,22.2,56,6.0,1012.2,0.0,3,211,22.0,Mild,January,1,Monday
2025-01-13,10:00,Bangalore,21.6,65,7.7,1013.4,0.7,4,137,22.0,Mild,January,1,Monday
2025-01-13,11:00,Chennai,26.7,68,9.0,1012.0,0.0,5,142,22.0,Warm,January,1,Monday
2025-01-13,12:00,Hyderabad,29.2,53,9.1,1010.3,0.0,7,118,22.0,Warm,January,1,Monday
2025-01-13,13:00,Mumbai,27.5,74,12.0,1014.6,0.0,6,135,22.0,Warm,January,1,Monday
2025-01-13,14:00,Delhi,22.2,53,9.2,1021.2,0.0,4,189,22.0,Mild,January,1,Monday
2025-01-13,15:00,Bangalore,22.0,58,6.3,1019.1,0.0,3,114,22.0,Mild,January,1,Monday
2025-01-13,16:00,Chennai,26.2,76,8.5,1016.6,0.0,3,107,22.0,Warm,January,1,Monday
2025-01-13,17:00,Hyderabad,26.3,54,4.9,1015.7,0.0,1,128,22.0,Warm,January,1,Monday
2025-01-13,18:00,Mumbai,22.0,72,6.5,1016.3,0.0,0,131,22.0,Mild,January,1,Monday
2025-01-13,19:00,Delhi,17.8,51,6.6,1011.4,0.0,0,175,22.0,Mild,January,1,Monday
2025-01-13,20:00,Bangalore,13.5,70,7.4,1018.0,0.0,0,128,22.0,Cold,January,1,Monday
2025-01-13,21:00,Chennai,21.8,70,12.0,1018.1,0.0,0,112,22.0,Mild,January,1,Monday
2025-01-13,22:00,Hyderabad,21.9,53,4.3,1017.4,0.0,0,138,22.0,Mild,January,1,Monday
2025-01-13,23:00,Mumbai,16.4,78,9.8,1015.1,0.0,0,158,22.0,Mild,January,1,Monday
2025-01-14,00:00,Delhi,15.1,59,7.6,1020.9,0.0,0,189,21.6,Mild,January,1,Tuesday
2025-01-14,01:00,Bangalore,13.4,71,11.3,1016.0,0.0,0,94,21.6,Cold,January,1,Tuesday
2025-01-14,02:00,Chennai,21.3,72,9.8,1012.1,0.0,0,113,21.6,Mild,January,1,Tuesday
2025-01-14,03:00,Hyderabad,23.7,59,11.6,1009.3,0.0,0,106,21.6,Mild,January,1,Tuesday
2025-01-14,04:00,Mumbai,22.8,76,9.7,1014.7,0.0,0,157,21.6,Mild,January,1,Tuesday
2025-01-14,05:00,Delhi,18.8,55,6.6,1018.9,0.0,0,172,21.6,Mild,January,1,Tuesday
2025-01-14,06:00,Bangalore,19.9,66,5.9,1019.4,0.0,0,97,21.6,Mild,January,1,Tuesday
2025-01-14,07:00,Chennai,26.1,71,6.2,1013.5,0.0,0,98,21.6,Warm,January,1,Tuesday
2025-01-14,08:00,Hyderabad,27.5,58,8.3,1017.9,0.0,1,136,21.6,Warm,January,1,Tuesday
2025-01-14,09:00,Mumbai,25.8,75,6.2,1014.2,0.0,3,133,21.6,Warm,January,1,Tuesday
2025-01-14,10:00,Delhi,25.9,44,4.4,1010.8,13.8,5,219,21.6,Warm,January,1,Tuesday
2025-01-14,11:00,Bangalore,23.7,62,16.2,1020.4,0.0,6,114,21.6,Mild,January,1,Tuesday
2025-01-14,12:00,Chennai,25.3,73,8.8,1015.6,0.0,7,118,21.6,Warm,January,1,Tuesday
2025-01-14,13:00,Hyderabad,27.8,52,9.7,1010.4,0.0,6,122,21.6,Warm,January,1,Tuesday
2025-01-14,14:00,Mumbai,28.8,75,4.4,1016.5,0.0,4,118,21.6,Warm,January,1,Tuesday
2025-01-14,15:00,Delhi,23.4,50,8.1,1016.7,0.0,4,193,21.6,Mild,January,1,Tuesday
2025-01-14,16:00,Bangalore,18.0,71,7.0,1015.7,0.0,2,121,21.6,Mild,January,1,Tuesday
2025-01-14,17:00,Chennai,21.2,73,8.1,1021.7,0.0,1,127,21.6,Mild,January,1,Tuesday
2025-01-14,18:00,Hyderabad,23.1,64,6.9,1018.9,0.0,0,132,21.6,Mild,January,1,Tuesday
2025-01-14,19:00,Mumbai,19.1,81,8.8,1016.6,0.0,0,167,21.6,Mild,January,1,Tuesday
2025-01-14,20:00,Delhi,17.1,52,8.1,1015.2,0.0,0,202,21.6,Mild,January,1,Tuesday
2025-01-14,21:00,Bangalore,12.5,75,7.8,1013.0,0.0,0,113,21.6,Cold,January,1,Tuesday
2025-01-14,22:00,Chennai,19.2,64,3.9,1019.4,6.9,0,128,21.6,Mild,January,1,Tuesday
2025-01-14,23:00,Hyderabad,19.5,56,13.6,1012.0,0.0,0,127,21.6,Mild,January,1,Tuesday
2025-01-15,00:00,Mumbai,20.1,81,9.4,1011.4,0.0,0,140,22.1,Mild,January,1,Wednesday
2025-01-15,01:00,Delhi,17.2,49,4.3,1016.3,7.8,0,195,22.1,Mild,January,1,Wednesday
2025-01-15,02:00,Bangalore,14.3,75,9.3,1019.1,0.0,0,93,22.1,Cold,January,1,Wednesday
2025-01-15,03:00,Chennai,20.6,80,8.5,1019.2,0.0,0,123,22.1,Mild,January,1,Wednesday
2025-01-15,04:00,Hyderabad,22.4,63,7.0,1016.1,0.0,0,147,22.1,Mild,January,1,Wednesday
2025-01-15,05:00,Mumbai,20.8,74,7.2,1014.6,0.0,0,134,22.1,Mild,January,1,Wednesday
2025-01-15,06:00,Delhi,20.4,52,5.1,1017.1,0.0,0,194,22.1,Mild,January,1,Wednesday
2025-01-15,07:00,Bangalore,21.1,74,6.4,1014.6,0.0,0,132,22.1,Mild,January,1,Wednesday
2025-01-15,08:00,Chennai,26.1,77,8.9,1011.6,0.0,2,108,22.1,Warm,January,1,Wednesday
2025-01-15,09:00,Hyderabad,29.7,54,4.9,1019.7,0.0,3,163,22.1,Warm,January,1,Wednesday
2025-01-15,10:00,Mumbai,29.2,69,6.8,1010.0,0.0,4,156,22.1,Warm,January,1,Wednesday
2025-01-15,11:00,Delhi,25.2,44,10.9,1017.0,0.0,5,184,22.1,Warm,January,1,Wednesday
2025-01-15,12:00,Bangalore,19.9,64,3.4,1017.2,0.0,7,122,22.1,Mild,January,1,Wednesday
2025-01-15,13:00,Chennai,29.1,60,5.0,1015.2,0.0,6,132,22.1,Warm,January,1,Wednesday
2025-01-15,14:00,Hyderabad,27.6,48,16.2,1017.8,0.0,4,128,22.1,Warm,January,1,Wednesday
2025-01-15,15:00,Mumbai,27.6,68,2.9,1012.3,0.0,4,120,22.1,Warm,January,1,Wednesday
2025-01-15,16:00,Delhi,20.5,50,8.5,1011.5,0.0,2,187,22.1,Mild,January,1,Wednesday
2025-01-15,17:00,Bangalore,20.8,66,4.0,1018.7,0.0,1,120,22.1,Mild,January,1,Wednesday
2025-01-15,18:00,Chennai,22.2,80,4.1,1014.9,0.0,0,133,22.1,Mild,January,1,Wednesday
2025-01-15,19:00,Hyderabad,22.4,54,5.2,1015.3,2.7,0,108,22.1,Mild,January,1,Wednesday
2025-01-15,20:00,Mumbai,21.5,85,12.8,1017.2,0.0,0,153,22.1,Mild,January,1,Wednesday
2025-01-15,21:00,Delhi,15.7,61,4.8,1017.8,0.0,0,185,22.1,Mild,January,1,Wednesday
2025-01-15,22:00,Bangalore,14.9,72,6.6,1020.1,0.0,0,90,22.1,Cold,January,1,Wednesday
2025-01-15,23:00,Chennai,20.8,87,8.1,1017.6,0.0,0,86,22.1,Mild,January,1,Wednesday
2025-01-16,00:00,Hyderabad,18.4,64,11.0,1018.2,0.0,0,135,21.9,Mild,January,1,Thursday
2025-01-16,01:00,Mumbai,20.9,78,9.3,1019.5,0.0,0,127,21.9,Mild,January,1,Thursday
2025-01-16,02:00,Delhi,15.1,57,2.5,1018.8,0.0,0,192,21.9,Mild,January,1,Thursday
2025-01-16,03:00,Bangalore,16.7,74,5.7,1017.6,0.0,0,88,21.9,Mild,January,1,Thursday
2025-01-16,04:00,Chennai,22.0,68,5.6,1013.0,0.0,0,109,21.9,Mild,January,1,Thursday
2025-01-16,05:00,Hyderabad,22.6,54,7.3,1012.8,0.0,0,125,21.9,Mild,January,1,Thursday
2025-01-16,06:00,Mumbai,24.9,77,9.7,1016.4,0.0,0,124,21.9,Mild,January,1,Thursday
2025-01-16,07:00,Delhi,22.5,48,9.3,1012.2,0.0,0,205,21.9,Mild,January,1,Thursday
2025-01-16,08:00,Bangalore,22.2,63,8.1,1014.0,0.0,2,118,21.9,Mild,January,1,Thursday
2025-01-16,09:00,Chennai,28.1,75,12.2,1017.0,0.0,3,125,21.9,Warm,January,1,Thursday
2025-01-16,10:00,Hyderabad,28.1,59,5.1,1014.2,0.0,5,132,21.9,Warm,January,1,Thursday
2025-01-16,11:00,Mumbai,29.3,67,7.6,1008.4,0.0,6,124,21.9,Warm,January,1,Thursday
2025-01-16,12:00,Delhi,24.3,56,11.4,1016.0,0.0,7,208,21.9,Mild,January,1,Thursday
2025-01-16,13:00,Bangalore,23.6,50,5.4,1019.4,0.0,6,91,21.9,Mild,January,1,Thursday
2025-01-16,14:00,Chennai,32.7,61,8.9,1013.5,0.0,4,116,21.9,Warm,January,1,Thursday
2025-01-16,15:00,Hyderabad,26.1,60,4.3,1011.4,0.0,4,123,21.9,Warm,January,1,Thursday
2025-01-16,16:00,Mumbai,25.2,74,10.0,1017.0,0.0,2,119,21.9,Warm,January,1,Thursday
2025-01-16,17:00,Delhi,19.3,52,5.6,1015.6,0.0,2,202,21.9,Mild,January,1,Thursday
2025-01-16,18:00,Bangalore,16.7,79,6.8,1025.2,0.0,0,136,21.9,Mild,January,1,Thursday
2025-01-16,19:00,Chennai,23.3,73,12.7,1017.4,0.0,0,112,21.9,Mild,January,1,Thursday
2025-01-16,20:00,Hyderabad,19.1,64,7.6,1019.4,0.0,0,118,21.9,Mild,January,1,Thursday
2025-01-16,21:00,Mumbai,16.5,85,10.0,1015.8,0.0,0,157,21.9,Mild,January,1,Thursday
2025-01-16,22:00,Delhi,16.1,54,13.2,1017.3,0.0,0,188,21.9,Mild,January,1,Thursday
2025-01-16,23:00,Bangalore,12.0,71,5.6,1021.8,0.0,0,110,21.9,Cold,January,1,Thursday
2025-01-17,00:00,Chennai,17.9,79,7.3,1022.2,0.0,0,101,22.6,Mild,January,1,Friday
2025-01-17,01:00,Hyderabad,19.5,58,8.3,1015.8,0.0,0,116,22.6,Mild,January,1,Friday
2025-01-17,02:00,Mumbai,20.0,72,12.2,1020.2,0.0,0,160,22.6,Mild,January,1,Friday
2025-01-17,03:00,Delhi,17.2,57,12.4,1019.8,0.0,0,202,22.6,Mild,January,1,Friday
2025-01-17,04:00,Bangalore,18.5,67,6.7,1014.6,0.0,0,110,22.6,Mild,January,1,Friday
2025-01-17,05:00,Chennai,23.2,70,9.6,1014.4,0.0,0,106,22.6,Mild,January,1,Friday
2025-01-17,06:00,Hyderabad,26.0,57,6.4,1014.4,0.0,0,118,22.6,Warm,January,1,Friday
2025-01-17,07:00,Mumbai,24.8,65,11.1,1014.3,0.0,1,135,22.6,Mild,January,1,Friday
2025-01-17,08:00,Delhi,23.1,48,5.6,1020.8,0.0,2,185,22.6,Mild,January,1,Friday
2025-01-17,09:00,Bangalore,26.2,74,10.3,1017.0,16.3,2,127,22.6,Warm,January,1,Friday
2025-01-17,10:00,Chennai,27.9,67,4.1,1016.0,0.0,5,132,22.6,Warm,January,1,Friday
2025-01-17,11:00,Hyderabad,29.7,48,2.2,1018.2,0.0,6,127,22.6,Warm,January,1,Friday
2025-01-17,12:00,Mumbai,29.7,73,4.7,1010.7,0.0,7,108,22.6,Warm,January,1,Friday
2025-01-17,13:00,Delhi,23.3,46,4.4,1014.6,0.0,6,193,22.6,Mild,January,1,Friday
2025-01-17,14:00,Bangalore,25.2,56,6.5,1014.5,0.0,4,96,22.6,Warm,January,1,Friday
2025-01-17,15:00,Chennai,30.6,65,9.5,1012.2,0.0,3,110,22.6,Warm,January,1,Friday
2025-01-17,16:00,Hyderabad,24.9,51,12.9,1013.1,1.8,2,123,22.6,Mild,January,1,Friday
2025-01-17,17:00,Mumbai,25.7,76,3.8,1014.1,0.0,0,154,22.6,Warm,January,1,Friday
2025-01-17,18:00,Delhi,20.0,56,6.2,1014.4,0.0,0,204,22.6,Mild,January,1,Friday
2025-01-17,19:00,Bangalore,16.9,64,4.7,1019.6,0.0,0,118,22.6,Mild,January,1,Friday
2025-01-17,20:00,Chennai,19.7,73,3.4,1016.7,0.0,0,126,22.6,Mild,January,1,Friday
2025-01-17,21:00,Hyderabad,18.9,66,6.0,1014.7,0.0,0,119,22.6,Mild,January,1,Friday
2025-01-17,22:00,Mumbai,17.6,77,3.5,1020.5,0.0,0,155,22.6,Mild,January,1,Friday
2025-01-17,23:00,Delhi,15.2,49,8.8,1018.8,0.0,0,187,22.6,Mild,January,1,Friday
2025-01-18,00:00,Bangalore,17.0,70,7.3,1017.7,0.0,0,96,22.2,Mild,January,1,Saturday
2025-01-18,01:00,Chennai,19.0,70,10.9,1017.8,0.0,0,99,22.2,Mild,January,1,Saturday
2025-01-18,02:00,Hyderabad,21.2,59,9.7,1018.8,0.0,0,129,22.2,Mild,January,1,Saturday
2025-01-18,03:00,Mumbai,21.0,83,13.8,1017.3,0.0,0,118,22.2,Mild,January,1,Saturday
2025-01-18,04:00,Delhi,18.7,60,13.6,1018.8,0.0,0,178,22.2,Mild,January,1,Saturday
2025-01-18,05:00,Bangalore,18.7,63,6.6,1019.2,0.0,0,104,22.2,Mild,January,1,Saturday
2025-01-18,06:00,Chennai,25.6,67,10.5,1015.9,0.0,0,144,22.2,Warm,January,1,Saturday
2025-01-18,07:00,Hyderabad,26.8,62,9.4,1012.8,0.0,2,118,22.2,Warm,January,1,Saturday
2025-01-18,08:00,Mumbai,26.7,74,11.7,1012.6,0.0,3,133,22.2,Warm,January,1,Saturday
2025-01-18,09:00,Delhi,23.1,50,6.0,1019.2,0.0,3,217,22.2,Mild,January,1,Saturday
2025-01-18,10:00,Bangalore,23.6,65,10.8,1018.2,0.0,4,137,22.2,Mild,January,1,Saturday
2025-01-18,11:00,Chennai,28.8,73,4.1,1016.3,0.0,6,110,22.2,Warm,January,1,Saturday
2025-01-18,12:00,Hyderabad,29.6,63,7.9,1018.8,0.0,8,101,22.2,Warm,January,1,Saturday
2025-01-18,13:00,Mumbai,27.3,62,13.8,1015.0,0.0,6,132,22.2,Warm,January,1,Saturday
2025-01-18,14:00,Delhi,22.7,45,6.7,1017.3,0.0,4,181,22.2,Mild,January,1,Saturday
2025-01-18,15:00,Bangalore,23.7,62,3.3,1013.9,0.0,4,111,22.2,Mild,January,1,Saturday
2025-01-18,16:00,Chennai,27.5,67,7.1,1015.5,0.0,2,84,22.2,Warm,January,1,Saturday
2025-01-18,17:00,Hyderabad,23.9,61,10.5,1014.7,0.0,1,126,22.2,Mild,January,1,Saturday
2025-01-18,18:00,Mumbai,19.4,78,7.2,1017.6,0.0,0,145,22.2,Mild,January,1,Saturday
2025-01-18,19:00,Delhi,18.7,46,7.6,1015.8,0.0,0,241,22.2,Mild,January,1,Saturday
2025-01-18,20:00,Bangalore,13.9,75,8.0,1015.6,0.0,0,122,22.2,Cold,January,1,Saturday
2025-01-18,21:00,Chennai,18.6,86,8.4,1018.0,0.0,0,114,22.2,Mild,January,1,Saturday
2025-01-18,22:00,Hyderabad,18.4,69,5.6,1013.4,0.0,0,120,22.2,Mild,January,1,Saturday
2025-01-18,23:00,Mumbai,18.0,89,10.6,1015.1,0.0,0,132,22.2,Mild,January,1,Saturday
2025-01-19,00:00,Delhi,15.6,52,11.2,1018.2,0.0,0,170,22.3,Mild,January,1,Sunday
2025-01-19,01:00,Bangalore,13.2,72,8.4,1017.3,0.0,0,98,22.3,Cold,January,1,Sunday
2025-01-19,02:00,Chennai,20.7,79,8.6,1015.3,0.0,0,115,22.3,Mild,January,1,Sunday
2025-01-19,03:00,Hyderabad,23.5,54,10.0,1017.2,0.0,0,123,22.3,Mild,January,1,Sunday
2025-01-19,04:00,Mumbai,23.0,85,3.8,1014.4,0.0,0,140,22.3,Mild,January,1,Sunday
2025-01-19,05:00,Delhi,15.5,57,5.2,1014.0,0.0,0,186,22.3,Mild,January,1,Sunday
2025-01-19,06:00,Bangalore,18.6,69,9.1,1018.8,0.0,0,92,22.3,Mild,January,1,Sunday
2025-01-19,07:00,Chennai,30.6,73,3.0,1011.9,0.0,1,114,22.3,Warm,January,1,Sunday
2025-01-19,08:00,Hyderabad,27.7,53,10.7,1007.6,0.0,2,134,22.3,Warm,January,1,Sunday
2025-01-19,09:00,Mumbai,29.2,63,4.5,1017.8,0.0,4,159,22.3,Warm,January,1,Sunday
2025-01-19,10:00,Delhi,25.4,41,8.6,1014.0,0.0,5,199,22.3,Warm,January,1,Sunday
2025-01-19,11:00,Bangalore,22.9,64,14.2,1014.7,0.0,6,117,22.3,Mild,January,1,Sunday
2025-01-19,12:00,Chennai,29.5,70,8.7,1016.7,23.0,7,121,22.3,Warm,January,1,Sunday
2025-01-19,13:00,Hyderabad,28.4,45,9.5,1011.3,14.7,7,109,22.3,Warm,January,1,Sunday
2025-01-19,14:00,Mumbai,28.5,63,10.8,1012.7,0.0,4,133,22.3,Warm,January,1,Sunday
2025-01-19,15:00,Delhi,22.0,53,12.0,1021.5,0.0,4,185,22.3,Mild,January,1,Sunday
2025-01-19,16:00,Bangalore,21.9,78,5.6,1009.0,0.0,2,120,22.3,Mild,January,1,Sunday
2025-01-19,17:00,Chennai,24.4,76,7.4,1013.2,0.0,2,120,22.3,Mild,January,1,Sunday
2025-01-19,18:00,Hyderabad,19.8,73,8.8,1015.9,0.0,1,120,22.3,Mild,January,1,Sunday
2025-01-19,19:00,Mumbai,21.1,83,9.5,1015.0,0.0,0,147,22.3,Mild,January,1,Sunday
2025-01-19,20:00,Delhi,20.5,57,13.4,1019.8,0.0,0,214,22.3,Mild,January,1,Sunday
2025-01-19,21:00,Bangalore,15.7,67,7.8,1019.6,0.0,0,104,22.3,Mild,January,1,Sunday
2025-01-19,22:00,Chennai,19.7,81,8.0,1015.2,0.0,0,83,22.3,Mild,January,1,Sunday
2025-01-19,23:00,Hyderabad,18.3,64,6.7,1016.1,0.0,0,131,22.3,Mild,January,1,Sunday
2025-01-20,00:00,Mumbai,16.9,79,6.3,1022.1,0.0,0,140,22.0,Mild,January,1,Monday
2025-01-20,01:00,Delhi,14.0,68,9.6,1018.6,0.0,0,188,22.0,Cold,January,1,Monday
2025-01-20,02:00,Bangalore,13.4,75,7.2,1014.5,0.0,0,95,22.0,Cold,January,1,Monday
2025-01-20,03:00,Chennai,24.9,74,11.2,1020.0,0.0,0,121,22.0,Mild,January,1,Monday
2025-01-20,04:00,Hyderabad,24.2,62,12.3,1013.9,0.0,0,100,22.0,Mild,January,1,Monday
2025-01-20,05:00,Mumbai,23.1,79,11.7,1016.3,0.0,0,136,22.0,Mild,January,1,Monday
2025-01-20,06:00,Delhi,22.3,47,9.1,1013.2,0.0,0,197,22.0,Mild,January,1,Monday
2025-01-20,07:00,Bangalore,21.5,66,9.2,1017.0,0.0,0,87,22.0,Mild,January,1,Monday
2025-01-20,08:00,Chennai,27.5,75,10.0,1016.2,0.0,3,121,22.0,Warm,January,1,Monday
2025-01-20,09:00,Hyderabad,29.6,51,8.5,1013.0,0.0,3,132,22.0,Warm,January,1,Monday
2025-01-20,10:00,Mumbai,27.6,68,11.1,1017.7,0.0,4,156,22.0,Warm,January,1,Monday
2025-01-20,11:00,Delhi,22.5,45,9.8,1017.5,0.0,5,185,22.0,Mild,January,1,Monday
2025-01-20,12:00,Bangalore,23.8,71,5.3,1008.4,0.0,7,97,22.0,Mild,January,1,Monday
2025-01-20,13:00,Chennai,26.3,77,11.5,1018.1,0.0,7,117,22.0,Warm,January,1,Monday
2025-01-20,14:00,Hyderabad,27.7,43,12.1,1004.2,0.0,5,124,22.0,Warm,January,1,Monday
2025-01-20,15:00,Mumbai,24.8,83,4.5,1017.3,0.0,3,125,22.0,Mild,January,1,Monday
2025-01-20,16:00,Delhi,22.2,41,9.6,1016.3,0.0,1,179,22.0,Mild,January,1,Monday
2025-01-20,17:00,Bangalore,19.6,72,11.2,1016.5,0.0,0,114,22.0,Mild,January,1,Monday
2025-01-20,18:00,Chennai,22.3,72,11.6,1013.6,0.0,0,113,22.0,Mild,January,1,Monday
2025-01-20,19:00,Hyderabad,22.5,64,8.6,1017.8,0.0,0,147,22.0,Mild,January,1,Monday
2025-01-20,20:00,Mumbai,22.9,78,6.9,1017.1,0.0,0,167,22.0,Mild,January,1,Monday
2025-01-20,21:00,Delhi,14.0,66,8.7,1017.0,0.0,0,199,22.0,Cold,January,1,Monday
2025-01-20,22:00,Bangalore,13.8,70,9.1,1016.7,0.0,0,83,22.0,Cold,January,1,Monday
2025-01-20,23:00,Chennai,19.8,75,11.1,1014.9,0.0,0,108,22.0,Mild,January,1,Monday
2025-01-21,00:00,Hyderabad,21.2,54,8.4,1009.6,0.0,0,112,22.1,Mild,January,1,Tuesday
2025-01-21,01:00,Mumbai,19.0,76,11.3,1020.2,0.0,0,147,22.1,Mild,January,1,Tuesday
2025-01-21,02:00,Delhi,17.3,55,10.8,1011.9,0.0,0,164,22.1,Mild,January,1,Tuesday
2025-01-21,03:00,Bangalore,17.3,69,5.7,1018.4,0.0,0,92,22.1,Mild,January,1,Tuesday
2025-01-21,04:00,Chennai,22.9,74,5.2,1018.0,0.0,0,125,22.1,Mild,January,1,Tuesday
2025-01-21,05:00,Hyderabad,23.5,58,9.5,1018.9,0.0,0,107,22.1,Mild,January,1,Tuesday
2025-01-21,06:00,Mumbai,24.4,79,10.0,1018.0,0.0,0,116,22.1,Mild,January,1,Tuesday
2025-01-21,07:00,Delhi,21.9,47,7.5,1015.8,0.0,1,188,22.1,Mild,January,1,Tuesday
2025-01-21,08:00,Bangalore,24.3,60,7.7,1014.5,0.0,2,110,22.1,Mild,January,1,Tuesday
2025-01-21,09:00,Chennai,30.3,66,5.4,1014.3,0.0,3,143,22.1,Warm,January,1,Tuesday
2025-01-21,10:00,Hyderabad,28.5,47,6.9,1014.3,0.0,4,115,22.1,Warm,January,1,Tuesday
2025-01-21,11:00,Mumbai,26.9,77,6.0,1012.3,0.0,7,143,22.1,Warm,January,1,Tuesday
2025-01-21,12:00,Delhi,22.8,43,7.7,1019.9,0.0,7,196,22.1,Mild,January,1,Tuesday
2025-01-21,13:00,Bangalore,23.5,54,9.8,1009.9,0.0,5,89,22.1,Mild,January,1,Tuesday
2025-01-21,14:00,Chennai,27.0,63,10.3,1013.9,0.0,4,117,22.1,Warm,January,1,Tuesday
2025-01-21,15:00,Hyderabad,26.9,51,9.8,1018.4,0.0,2,115,22.1,Warm,January,1,Tuesday
2025-01-21,16:00,Mumbai,26.6,68,2.2,1013.8,0.0,2,124,22.1,Warm,January,1,Tuesday
2025-01-21,17:00,Delhi,20.5,54,7.7,1021.3,0.0,1,221,22.1,Mild,January,1,Tuesday
2025-01-21,18:00,Bangalore,17.3,72,5.0,1020.7,0.0,0,109,22.1,Mild,January,1,Tuesday
2025-01-21,19:00,Chennai,21.3,79,10.0,1012.9,0.0,0,105,22.1,Mild,January,1,Tuesday
2025-01-21,20:00,Hyderabad,19.6,72,10.7,1010.1,0.0,0,134,22.1,Mild,January,1,Tuesday
2025-01-21,21:00,Mumbai,18.9,80,9.0,1015.0,0.0,0,116,22.1,Mild,January,1,Tuesday
2025-01-21,22:00,Delhi,16.1,60,6.2,1015.2,0.0,0,207,22.1,Mild,January,1,Tuesday
2025-01-21,23:00,Bangalore,11.8,75,9.9,1022.3,6.9,0,105,22.1,Cold,January,1,Tuesday
2025-01-22,00:00,Chennai,18.2,77,4.5,1016.6,0.0,0,109,22.4,Mild,January,1,Wednesday
2025-01-22,01:00,Hyderabad,19.6,59,10.9,1015.5,0.0,0,123,22.4,Mild,January,1,Wednesday
2025-01-22,02:00,Mumbai,21.3,81,8.2,1016.6,0.0,0,123,22.4,Mild,January,1,Wednesday
2025-01-22,03:00,Delhi,16.7,52,7.0,1014.4,0.0,0,178,22.4,Mild,January,1,Wednesday
2025-01-22,04:00,Bangalore,19.0,73,12.8,1015.6,0.0,0,114,22.4,Mild,January,1,Wednesday
2025-01-22,05:00,Chennai,22.8,71,15.5,1008.8,0.0,0,124,22.4,Mild,January,1,Wednesday
2025-01-22,06:00,Hyderabad,25.4,63,14.8,1017.0,0.0,0,119,22.4,Warm,January,1,Wednesday
2025-01-22,07:00,Mumbai,25.2,73,4.0,1015.8,0.0,1,153,22.4,Warm,January,1,Wednesday
2025-01-22,08:00,Delhi,24.2,49,11.7,1024.0,0.0,3,203,22.4,Mild,January,1,Wednesday
2025-01-22,09:00,Bangalore,23.0,63,5.1,1012.3,0.0,4,130,22.4,Mild,January,1,Wednesday
2025-01-22,10:00,Chennai,30.7,64,6.1,1010.5,0.0,4,124,22.4,Warm,January,1,Wednesday
2025-01-22,11:00,Hyderabad,29.5,56,6.8,1012.9,0.0,6,126,22.4,Warm,January,1,Wednesday
2025-01-22,12:00,Mumbai,28.9,72,10.2,1011.3,0.0,7,129,22.4,Warm,January,1,Wednesday
2025-01-22,13:00,Delhi,24.7,45,8.0,1017.0,16.8,6,208,22.4,Mild,January,1,Wednesday
2025-01-22,14:00,Bangalore,20.9,65,6.5,1018.8,0.0,5,112,22.4,Mild,January,1,Wednesday
2025-01-22,15:00,Chennai,27.1,72,16.9,1012.9,0.0,4,116,22.4,Warm,January,1,Wednesday
2025-01-22,16:00,Hyderabad,26.6,55,13.2,1012.1,0.0,3,120,22.4,Warm,January,1,Wednesday
2025-01-22,17:00,Mumbai,23.0,80,4.5,1016.5,0.0,1,127,22.4,Mild,January,1,Wednesday
2025-01-22,18:00,Delhi,16.5,63,11.0,1018.3,0.0,0,203,22.4,Mild,January,1,Wednesday
2025-01-22,19:00,Bangalore,17.9,74,3.7,1013.5,0.0,0,102,22.4,Mild,January,1,Wednesday
2025-01-22,20:00,Chennai,20.2,74,9.7,1015.3,0.0,0,111,22.4,Mild,January,1,Wednesday
2025-01-22,21:00,Hyderabad,19.2,62,6.3,1014.2,17.1,0,127,22.4,Mild,January,1,Wednesday
2025-01-22,22:00,Mumbai,20.8,65,12.6,1020.7,0.0,0,126,22.4,Mild,January,1,Wednesday
2025-01-22,23:00,Delhi,15.2,56,10.6,1016.2,0.0,0,172,22.4,Mild,January,1,Wednesday
2025-01-23,00:00,Bangalore,12.5,71,12.4,1017.6,0.0,0,86,22.3,Cold,January,1,Thursday
2025-01-23,01:00,Chennai,19.3,82,10.5,1016.2,0.0,0,126,22.3,Mild,January,1,Thursday
2025-01-23,02:00,Hyderabad,19.3,69,0.0,1013.0,0.0,0,115,22.3,Mild,January,1,Thursday
2025-01-23,03:00,Mumbai,20.3,83,3.2,1016.7,0.0,0,126,22.3,Mild,January,1,Thursday
2025-01-23,04:00,Delhi,18.9,67,10.0,1017.0,0.0,0,182,22.3,Mild,January,1,Thursday
2025-01-23,05:00,Bangalore,19.6,59,9.4,1010.5,0.0,0,112,22.3,Mild,January,1,Thursday
2025-01-23,06:00,Chennai,26.6,74,7.2,1012.9,0.0,0,114,22.3,Warm,January,1,Thursday
2025-01-23,07:00,Hyderabad,29.2,59,6.1,1011.5,0.0,1,137,22.3,Warm,January,1,Thursday
2025-01-23,08:00,Mumbai,28.4,69,10.0,1014.2,0.0,1,138,22.3,Warm,January,1,Thursday
2025-01-23,09:00,Delhi,22.2,52,7.7,1013.9,0.0,3,215,22.3,Mild,January,1,Thursday
2025-01-23,10:00,Bangalore,25.7,52,7.0,1017.8,0.0,5,122,22.3,Warm,January,1,Thursday
2025-01-23,11:00,Chennai,30.5,73,7.7,1011.4,0.0,6,140,22.3,Warm,January,1,Thursday
2025-01-23,12:00,Hyderabad,28.5,59,8.9,1008.8,0.0,6,134,22.3,Warm,January,1,Thursday
2025-01-23,13:00,Mumbai,28.9,65,8.5,1010.1,0.0,6,128,22.3,Warm,January,1,Thursday
2025-01-23,14:00,Delhi,21.7,51,14.7,1017.6,0.0,4,191,22.3,Mild,January,1,Thursday
2025-01-23,15:00,Bangalore,22.3,64,3.7,1013.0,0.0,3,115,22.3,Mild,January,1,Thursday
2025-01-23,16:00,Chennai,26.6,66,1.7,1019.6,0.0,2,105,22.3,Warm,January,1,Thursday
2025-01-23,17:00,Hyderabad,28.9,52,6.5,1013.8,0.0,1,116,22.3,Warm,January,1,Thursday
2025-01-23,18:00,Mumbai,21.5,84,11.0,1011.9,0.0,0,139,22.3,Mild,January,1,Thursday
2025-01-23,19:00,Delhi,16.6,52,5.5,1020.7,0.0,0,187,22.3,Mild,January,1,Thursday
2025-01-23,20:00,Bangalore,12.4,66,7.9,1017.6,0.0,0,125,22.3,Cold,January,1,Thursday
2025-01-23,21:00,Chennai,17.7,78,6.4,1014.0,0.0,0,120,22.3,Mild,January,1,Thursday
2025-01-23,22:00,Hyderabad,19.1,68,3.5,1015.6,0.0,0,119,22.3,Mild,January,1,Thursday
2025-01-23,23:00,Mumbai,18.0,76,8.0,1014.8,0.0,0,129,22.3,Mild,January,1,Thursday
2025-01-24,00:00,Delhi,18.1,52,5.7,1016.6,0.0,0,186,22.2,Mild,January,1,Friday
2025-01-24,01:00,Bangalore,17.2,76,7.6,1010.9,0.0,0,96,22.2,Mild,January,1,Friday
2025-01-24,02:00,Chennai,20.1,77,2.8,1014.9,0.0,0,132,22.2,Mild,January,1,Friday
2025-01-24,03:00,Hyderabad,19.7,71,10.6,1015.7,0.0,0,129,22.2,Mild,January,1,Friday
2025-01-24,04:00,Mumbai,22.4,69,4.4,1019.1,0.0,0,113,22.2,Mild,January,1,Friday
2025-01-24,05:00,Delhi,19.5,46,8.1,1012.4,0.0,0,195,22.2,Mild,January,1,Friday
2025-01-24,06:00,Bangalore,16.5,69,9.8,1016.3,0.0,0,93,22.2,Mild,January,1,Friday
2025-01-24,07:00,Chennai,26.4,65,9.7,1016.8,0.0,1,105,22.2,Warm,January,1,Friday
2025-01-24,08:00,Hyderabad,30.7,56,9.4,1012.4,0.0,2,121,22.2,Warm,January,1,Friday
2025-01-24,09:00,Mumbai,26.4,66,8.2,1010.8,0.0,4,146,22.2,Warm,January,1,Friday
2025-01-24,10:00,Delhi,25.8,53,9.5,1011.0,0.0,5,206,22.2,Warm,January,1,Friday
2025-01-24,11:00,Bangalore,25.1,61,10.5,1015.5,0.0,7,127,22.2,Warm,January,1,Friday
2025-01-24,12:00,Chennai,28.8,69,8.0,1011.8,0.0,7,102,22.2,Warm,January,1,Friday
2025-01-24,13:00,Hyderabad,28.0,63,6.8,1010.7,0.0,7,108,22.2,Warm,January,1,Friday
2025-01-24,14:00,Mumbai,28.3,69,14.5,1014.8,0.0,4,126,22.2,Warm,January,1,Friday
2025-01-24,15:00,Delhi,22.7,53,6.8,1007.9,0.0,3,204,22.2,Mild,January,1,Friday
2025-01-24,16:00,Bangalore,19.9,69,8.1,1013.5,0.0,1,100,22.2,Mild,January,1,Friday
2025-01-24,17:00,Chennai,24.4,64,6.9,1019.8,0.0,1,148,22.2,Mild,January,1,Friday
2025-01-24,18:00,Hyderabad,22.9,63,10.7,1014.5,0.0,0,139,22.2,Mild,January,1,Friday
2025-01-24,19:00,Mumbai,19.2,75,7.0,1016.1,0.0,0,156,22.2,Mild,January,1,Friday
2025-01-24,20:00,Delhi,16.3,56,6.3,1013.8,0.0,0,190,22.2,Mild,January,1,Friday
2025-01-24,21:00,Bangalore,13.0,66,5.6,1024.3,0.0,0,117,22.2,Cold,January,1,Friday
2025-01-24,22:00,Chennai,19.5,72,12.4,1018.8,0.0,0,101,22.2,Mild,January,1,Friday
2025-01-24,23:00,Hyderabad,21.4,55,8.6,1017.5,0.0,0,129,22.2,Mild,January,1,Friday
2025-01-25,00:00,Mumbai,15.1,78,10.8,1021.0,0.0,0,135,22.0,Mild,January,1,Saturday
2025-01-25,01:00,Delhi,13.5,49,13.2,1014.3,0.0,0,184,22.0,Cold,January,1,Saturday
2025-01-25,02:00,Bangalore,17.6,70,0.9,1015.0,0.0,0,104,22.0,Mild,January,1,Saturday
2025-01-25,03:00,Chennai,18.4,74,10.6,1014.3,0.0,0,103,22.0,Mild,January,1,Saturday
2025-01-25,04:00,Hyderabad,24.4,68,8.7,1016.5,0.0,0,134,22.0,Mild,January,1,Saturday
2025-01-25,05:00,Mumbai,21.3,91,4.0,1011.9,0.0,0,133,22.0,Mild,January,1,Saturday
2025-01-25,06:00,Delhi,22.0,52,7.5,1012.0,0.0,0,202,22.0,Mild,January,1,Saturday
2025-01-25,07:00,Bangalore,23.3,69,10.1,1013.5,0.0,0,98,22.0,Mild,January,1,Saturday
2025-01-25,08:00,Chennai,26.0,67,6.3,1016.2,0.0,2,130,22.0,Warm,January,1,Saturday
2025-01-25,09:00,Hyderabad,29.9,63,2.7,1015.3,0.0,3,110,22.0,Warm,January,1,Saturday
2025-01-25,10:00,Mumbai,27.1,73,6.7,1017.4,0.0,4,130,22.0,Warm,January,1,Saturday
2025-01-25,11:00,Delhi,25.7,46,5.7,1013.7,0.0,6,192,22.0,Warm,January,1,Saturday
2025-01-25,12:00,Bangalore,25.7,64,11.9,1015.1,0.0,6,91,22.0,Warm,January,1,Saturday
2025-01-25,13:00,Chennai,26.7,68,11.4,1014.0,0.0,6,121,22.0,Warm,January,1,Saturday
2025-01-25,14:00,Hyderabad,29.0,47,7.1,1016.5,0.0,4,128,22.0,Warm,January,1,Saturday
2025-01-25,15:00,Mumbai,24.6,66,9.4,1010.7,0.0,3,128,22.0,Mild,January,1,Saturday
2025-01-25,16:00,Delhi,23.0,61,3.8,1008.5,0.0,2,191,22.0,Mild,January,1,Saturday
2025-01-25,17:00,Bangalore,19.5,74,10.7,1017.3,0.0,1,145,22.0,Mild,January,1,Saturday
2025-01-25,18:00,Chennai,21.7,78,7.1,1015.8,0.0,0,146,22.0,Mild,January,1,Saturday
2025-01-25,19:00,Hyderabad,19.8,61,9.2,1014.0,0.0,0,143,22.0,Mild,January,1,Saturday
2025-01-25,20:00,Mumbai,22.0,71,11.3,1017.3,0.0,0,132,22.0,Mild,January,1,Saturday
2025-01-25,21:00,Delhi,17.3,51,4.4,1021.6,0.0,0,173,22.0,Mild,January,1,Saturday
2025-01-25,22:00,Bangalore,14.5,69,8.0,1018.3,0.0,0,109,22.0,Cold,January,1,Saturday
2025-01-25,23:00,Chennai,19.4,79,4.9,1019.8,0.0,0,117,22.0,Mild,January,1,Saturday
2025-01-26,00:00,Hyderabad,23.1,59,4.6,1013.0,0.0,0,121,22.6,Mild,January,1,Sunday
2025-01-26,01:00,Mumbai,19.5,77,11.8,1017.2,0.0,0,127,22.6,Mild,January,1,Sunday
2025-01-26,02:00,Delhi,16.3,54,7.6,1017.0,0.0,0,197,22.6,Mild,January,1,Sunday
2025-01-26,03:00,Bangalore,15.1,68,12.8,1018.0,0.0,0,103,22.6,Mild,January,1,Sunday
2025-01-26,04:00,Chennai,23.5,58,11.0,1016.2,0.0,0,109,22.6,Mild,January,1,Sunday
2025-01-26,05:00,Hyderabad,23.0,55,8.8,1013.4,0.0,0,118,22.6,Mild,January,1,Sunday
2025-01-26,06:00,Mumbai,27.4,69,10.8,1012.0,0.0,0,136,22.6,Warm,January,1,Sunday
2025-01-26,07:00,Delhi,23.3,54,5.3,1013.5,0.0,1,173,22.6,Mild,January,1,Sunday
2025-01-26,08:00,Bangalore,23.0,74,9.3,1013.6,0.0,2,131,22.6,Mild,January,1,Sunday
2025-01-26,09:00,Chennai,30.0,72,2.3,1013.7,0.0,3,127,22.6,Warm,January,1,Sunday
2025-01-26,10:00,Hyderabad,30.3,51,7.6,1014.6,0.0,4,118,22.6,Warm,January,1,Sunday
2025-01-26,11:00,Mumbai,27.4,72,3.4,1015.1,0.0,6,132,22.6,Warm,January,1,Sunday
2025-01-26,12:00,Delhi,28.0,44,14.0,1012.0,0.0,7,193,22.6,Warm,January,1,Sunday
2025-01-26,13:00,Bangalore,21.6,67,8.2,1012.9,0.0,5,100,22.6,Mild,January,1,Sunday
2025-01-26,14:00,Chennai,28.4,67,6.1,1015.4,0.0,4,112,22.6,Warm,January,1,Sunday
2025-01-26,15:00,Hyderabad,29.9,55,4.9,1013.8,0.0,3,111,22.6,Warm,January,1,Sunday
2025-01-26,16:00,Mumbai,24.6,72,10.6,1013.3,0.0,1,119,22.6,Mild,January,1,Sunday
2025-01-26,17:00,Delhi,18.1,47,9.5,1017.7,0.0,1,196,22.6,Mild,January,1,Sunday
2025-01-26,18:00,Bangalore,19.5,65,3.6,1020.3,2.4,1,136,22.6,Mild,January,1,Sunday
2025-01-26,19:00,Chennai,24.4,70,8.4,1014.9,0.0,0,134,22.6,Mild,January,1,Sunday
2025-01-26,20:00,Hyderabad,18.4,73,5.3,1014.1,0.0,0,111,22.6,Mild,January,1,Sunday
2025-01-26,21:00,Mumbai,17.3,83,4.1,1014.9,0.0,0,133,22.6,Mild,January,1,Sunday
2025-01-26,22:00,Delhi,15.8,52,12.0,1018.1,0.0,0,190,22.6,Mild,January,1,Sunday
2025-01-26,23:00,Bangalore,15.1,75,8.5,1019.2,0.0,0,105,22.6,Mild,January,1,Sunday
2025-01-27,00:00,Chennai,19.7,71,4.8,1018.5,0.0,0,114,22.7,Mild,January,1,Monday
2025-01-27,01:00,Hyderabad,20.4,66,9.3,1019.1,0.0,0,96,22.7,Mild,January,1,Monday
2025-01-27,02:00,Mumbai,21.4,75,6.5,1014.4,0.0,0,121,22.7,Mild,January,1,Monday
2025-01-27,03:00,Delhi,17.2,53,8.8,1019.1,0.0,0,194,22.7,Mild,January,1,Monday
2025-01-27,04:00,Bangalore,19.2,56,11.9,1012.4,0.0,0,94,22.7,Mild,January,1,Monday
2025-01-27,05:00,Chennai,20.6,67,6.0,1016.2,0.0,0,84,22.7,Mild,January,1,Monday
2025-01-27,06:00,Hyderabad,24.6,60,9.5,1014.9,0.0,0,91,22.7,Mild,January,1,Monday
2025-01-27,07:00,Mumbai,25.8,70,5.0,1021.1,0.0,2,131,22.7,Warm,January,1,Monday
2025-01-27,08:00,Delhi,23.8,52,5.4,1009.9,0.0,3,199,22.7,Mild,January,1,Monday
2025-01-27,09:00,Bangalore,21.7,75,7.1,1022.7,0.0,4,112,22.7,Mild,January,1,Monday
2025-01-27,10:00,Chennai,29.8,75,9.4,1011.6,0.0,5,146,22.7,Warm,January,1,Monday
2025-01-27,11:00,Hyderabad,30.7,56,11.9,1010.6,0.0,5,106,22.7,Warm,January,1,Monday
2025-01-27,12:00,Mumbai,28.2,71,3.8,1014.0,0.0,8,127,22.7,Warm,January,1,Monday
2025-01-27,13:00,Delhi,25.8,44,14.6,1013.6,0.0,6,205,22.7,Warm,January,1,Monday
2025-01-27,14:00,Bangalore,25.3,66,4.3,1014.9,0.0,4,116,22.7,Warm,January,1,Monday
2025-01-27,15:00,Chennai,28.6,81,6.9,1010.3,0.0,4,115,22.7,Warm,January,1,Monday
2025-01-27,16:00,Hyderabad,25.4,56,6.2,1012.9,0.0,2,133,22.7,Warm,January,1,Monday
2025-01-27,17:00,Mumbai,22.7,72,5.9,1015.2,0.0,0,161,22.7,Mild,January,1,Monday
2025-01-27,18:00,Delhi,18.8,57,10.7,1019.2,0.0,0,210,22.7,Mild,January,1,Monday
2025-01-27,19:00,Bangalore,16.9,75,6.8,1018.1,0.0,0,132,22.7,Mild,January,1,Monday
2025-01-27,20:00,Chennai,22.9,76,11.2,1021.0,0.0,0,129,22.7,Mild,January,1,Monday
2025-01-27,21:00,Hyderabad,20.4,54,6.8,1019.5,0.0,0,105,22.7,Mild,January,1,Monday
2025-01-27,22:00,Mumbai,20.3,86,10.0,1011.7,0.0,0,132,22.7,Mild,January,1,Monday
2025-01-27,23:00,Delhi,14.5,61,1.5,1015.1,0.0,0,196,22.7,Cold,January,1,Monday
2025-01-28,00:00,Bangalore,14.6,80,2.3,1018.9,0.0,0,119,22.3,Cold,January,1,Tuesday
2025-01-28,01:00,Chennai,21.2,82,5.2,1019.2,0.0,0,112,22.3,Mild,January,1,Tuesday
2025-01-28,02:00,Hyderabad,18.6,61,9.7,1015.3,0.0,0,115,22.3,Mild,January,1,Tuesday
2025-01-28,03:00,Mumbai,21.8,72,5.3,1012.6,0.0,0,136,22.3,Mild,January,1,Tuesday
2025-01-28,04:00,Delhi,19.4,54,10.6,1015.6,0.0,0,199,22.3,Mild,January,1,Tuesday
2025-01-28,05:00,Bangalore,19.1,74,9.9,1014.1,0.0,0,117,22.3,Mild,January,1,Tuesday
2025-01-28,06:00,Chennai,25.3,72,8.6,1013.8,0.0,0,113,22.3,Warm,January,1,Tuesday
2025-01-28,07:00,Hyderabad,27.2,58,9.2,1019.5,0.0,1,131,22.3,Warm,January,1,Tuesday
2025-01-28,08:00,Mumbai,27.6,72,6.8,1013.6,0.0,2,152,22.3,Warm,January,1,Tuesday
2025-01-28,09:00,Delhi,23.8,50,10.5,1013.7,0.0,3,222,22.3,Mild,January,1,Tuesday
2025-01-28,10:00,Bangalore,24.5,67,6.0,1006.6,0.0,5,118,22.3,Mild,January,1,Tuesday
2025-01-28,11:00,Chennai,30.9,74,7.1,1014.5,0.0,7,104,22.3,Warm,January,1,Tuesday
2025-01-28,12:00,Hyderabad,28.7,48,7.4,1012.4,0.0,8,124,22.3,Warm,January,1,Tuesday
2025-01-28,13:00,Mumbai,26.6,70,9.7,1014.0,0.0,6,136,22.3,Warm,January,1,Tuesday
2025-01-28,14:00,Delhi,22.7,50,8.1,1021.6,0.0,4,202,22.3,Mild,January,1,Tuesday
2025-01-28,15:00,Bangalore,21.9,65,10.1,1018.3,0.0,3,93,22.3,Mild,January,1,Tuesday
2025-01-28,16:00,Chennai,25.1,76,12.2,1012.2,0.0,2,107,22.3,Warm,January,1,Tuesday
2025-01-28,17:00,Hyderabad,25.8,59,1.4,1015.9,0.0,0,134,22.3,Warm,January,1,Tuesday
2025-01-28,18:00,Mumbai,19.8,69,11.1,1017.1,0.0,0,137,22.3,Mild,January,1,Tuesday
2025-01-28,19:00,Delhi,17.0,53,6.7,1017.9,0.0,0,205,22.3,Mild,January,1,Tuesday
2025-01-28,20:00,Bangalore,16.1,73,7.4,1021.9,0.0,0,120,22.3,Mild,January,1,Tuesday
2025-01-28,21:00,Chennai,20.8,70,8.1,1013.7,0.0,0,134,22.3,Mild,January,1,Tuesday
2025-01-28,22:00,Hyderabad,17.9,66,5.2,1021.7,0.0,0,139,22.3,Mild,January,1,Tuesday
2025-01-28,23:00,Mumbai,19.7,83,9.5,1018.1,0.0,0,151,22.3,Mild,January,1,Tuesday
2025-01-29,00:00,Delhi,15.9,54,8.3,1015.0,0.0,0,171,22.9,Mild,January,1,Wednesday
2025-01-29,01:00,Bangalore,15.9,76,8.7,1017.7,0.0,0,90,22.9,Mild,January,1,Wednesday
2025-01-29,02:00,Chennai,18.6,78,7.0,1018.9,0.0,0,142,22.9,Mild,January,1,Wednesday
2025-01-29,03:00,Hyderabad,23.8,56,7.7,1013.6,0.0,0,113,22.9,Mild,January,1,Wednesday
2025-01-29,04:00,Mumbai,23.3,72,11.2,1017.8,0.0,0,134,22.9,Mild,January,1,Wednesday
2025-01-29,05:00,Delhi,21.4,58,11.6,1016.5,0.0,0,190,22.9,Mild,January,1,Wednesday
2025-01-29,06:00,Bangalore,18.7,70,7.1,1017.3,0.0,0,114,22.9,Mild,January,1,Wednesday
2025-01-29,07:00,Chennai,31.5,59,7.3,1011.8,0.0,1,94,22.9,Warm,January,1,Wednesday
2025-01-29,08:00,Hyderabad,29.7,57,13.3,1012.5,0.0,2,122,22.9,Warm,January,1,Wednesday
2025-01-29,09:00,Mumbai,29.0,77,7.0,1014.6,0.0,3,146,22.9,Warm,January,1,Wednesday
2025-01-29,10:00,Delhi,24.6,56,8.7,1016.4,0.0,5,195,22.9,Mild,January,1,Wednesday
2025-01-29,11:00,Bangalore,26.0,53,6.9,1013.8,0.0,6,113,22.9,Warm,January,1,Wednesday
2025-01-29,12:00,Chennai,29.2,68,6.1,1011.0,0.0,8,117,22.9,Warm,January,1,Wednesday
2025-01-29,13:00,Hyderabad,29.9,51,7.2,1008.7,0.0,5,129,22.9,Warm,January,1,Wednesday
2025-01-29,14:00,Mumbai,25.5,73,6.0,1012.6,0.0,5,139,22.9,Warm,January,1,Wednesday
2025-01-29,15:00,Delhi,25.5,52,12.2,1018.8,0.0,3,190,22.9,Warm,January,1,Wednesday
2025-01-29,16:00,Bangalore,18.1,65,6.0,1013.5,0.0,2,116,22.9,Mild,January,1,Wednesday
2025-01-29,17:00,Chennai,23.9,71,9.9,1014.0,0.0,1,126,22.9,Mild,January,1,Wednesday
2025-01-29,18:00,Hyderabad,24.3,57,1.4,1012.2,0.0,0,148,22.9,Mild,January,1,Wednesday
2025-01-29,19:00,Mumbai,21.9,72,9.1,1015.7,0.0,0,173,22.9,Mild,January,1,Wednesday
2025-01-29,20:00,Delhi,15.5,63,10.8,1015.4,0.0,0,203,22.9,Mild,January,1,Wednesday
2025-01-29,21:00,Bangalore,15.1,78,10.2,1022.0,0.0,0,118,22.9,Mild,January,1,Wednesday
2025-01-29,22:00,Chennai,20.9,71,10.6,1012.6,0.0,0,93,22.9,Mild,January,1,Wednesday
2025-01-29,23:00,Hyderabad,21.0,66,7.1,1017.2,0.0,0,109,22.9,Mild,January,1,Wednesday
2025-01-30,00:00,Mumbai,19.6,72,16.5,1014.8,0.0,0,140,22.9,Mild,January,1,Thursday
2025-01-30,01:00,Delhi,13.9,61,5.0,1015.4,0.0,0,192,22.9,Cold,January,1,Thursday
2025-01-30,02:00,Bangalore,12.5,73,15.7,1015.4,0.0,0,108,22.9,Cold,January,1,Thursday
2025-01-30,03:00,Chennai,24.0,72,0.0,1013.8,0.0,0,112,22.9,Mild,January,1,Thursday
2025-01-30,04:00,Hyderabad,25.2,59,7.5,1016.4,0.0,0,103,22.9,Warm,January,1,Thursday
2025-01-30,05:00,Mumbai,22.1,74,9.6,1014.6,0.0,0,125,22.9,Mild,January,1,Thursday
2025-01-30,06:00,Delhi,22.4,46,10.9,1015.9,0.0,0,168,22.9,Mild,January,1,Thursday
2025-01-30,07:00,Bangalore,23.9,64,3.2,1015.3,0.0,0,99,22.9,Mild,January,1,Thursday
2025-01-30,08:00,Chennai,26.2,76,5.8,1012.6,0.0,3,133,22.9,Warm,January,1,Thursday
2025-01-30,09:00,Hyderabad,30.0,55,5.2,1014.3,0.0,3,140,22.9,Warm,January,1,Thursday
2025-01-30,10:00,Mumbai,28.0,67,4.7,1018.8,0.0,5,143,22.9,Warm,January,1,Thursday
2025-01-30,11:00,Delhi,25.9,45,7.6,1012.1,0.0,6,188,22.9,Warm,January,1,Thursday
2025-01-30,12:00,Bangalore,22.8,59,9.4,1013.0,0.0,7,99,22.9,Mild,January,1,Thursday
2025-01-30,13:00,Chennai,29.3,74,9.9,1016.1,0.0,6,94,22.9,Warm,January,1,Thursday
2025-01-30,14:00,Hyderabad,29.0,57,9.2,1010.1,0.0,4,125,22.9,Warm,January,1,Thursday
2025-01-30,15:00,Mumbai,28.4,70,5.8,1018.2,0.0,4,134,22.9,Warm,January,1,Thursday
2025-01-30,16:00,Delhi,21.4,49,5.2,1014.1,0.0,2,200,22.9,Mild,January,1,Thursday
2025-01-30,17:00,Bangalore,19.6,75,7.7,1019.4,0.0,1,141,22.9,Mild,January,1,Thursday
2025-01-30,18:00,Chennai,23.9,74,10.8,1015.1,0.0,0,157,22.9,Mild,January,1,Thursday
2025-01-30,19:00,Hyderabad,24.2,68,5.3,1015.0,0.0,0,133,22.9,Mild,January,1,Thursday
2025-01-30,20:00,Mumbai,21.7,80,10.0,1015.8,0.0,0,149,22.9,Mild,January,1,Thursday
2025-01-30,21:00,Delhi,17.9,54,11.4,1016.4,0.0,0,183,22.9,Mild,January,1,Thursday
2025-01-30,22:00,Bangalore,16.6,71,7.5,1016.3,0.0,0,100,22.9,Mild,January,1,Thursday
2025-01-30,23:00,Chennai,22.0,73,7.3,1015.2,0.0,0,113,22.9,Mild,January,1,Thursday
2025-01-31,00:00,Hyderabad,20.3,72,4.8,1010.8,21.7,0,114,22.9,Mild,January,1,Friday
2025-01-31,01:00,Mumbai,18.8,68,13.6,1018.5,0.0,0,136,22.9,Mild,January,1,Friday
2025-01-31,02:00,Delhi,16.0,55,4.7,1017.2,0.0,0,198,22.9,Mild,January,1,Friday
2025-01-31,03:00,Bangalore,17.2,65,7.5,1015.5,0.0,0,109,22.9,Mild,January,1,Friday
2025-01-31,04:00,Chennai,22.0,80,8.7,1023.7,0.0,0,121,22.9,Mild,January,1,Friday
2025-01-31,05:00,Hyderabad,23.6,67,3.6,1015.2,0.0,0,117,22.9,Mild,January,1,Friday
2025-01-31,06:00,Mumbai,25.1,76,11.5,1011.8,0.0,0,150,22.9,Warm,January,1,Friday
2025-01-31,07:00,Delhi,21.4,47,8.3,1017.8,0.0,2,185,22.9,Mild,January,1,Friday
2025-01-31,08:00,Bangalore,22.2,71,8.4,1016.9,0.0,2,97,22.9,Mild,January,1,Friday
2025-01-31,09:00,Chennai,28.0,76,6.4,1013.4,0.0,4,128,22.9,Warm,January,1,Friday
2025-01-31,10:00,Hyderabad,33.4,47,6.4,1015.5,0.0,5,142,22.9,Warm,January,1,Friday
2025-01-31,11:00,Mumbai,30.8,63,8.6,1006.6,0.0,6,136,22.9,Warm,January,1,Friday
2025-01-31,12:00,Delhi,28.3,42,10.2,1012.5,0.0,8,194,22.9,Warm,January,1,Friday
2025-01-31,13:00,Bangalore,24.0,57,7.6,1018.7,0.0,6,123,22.9,Mild,January,1,Friday
2025-01-31,14:00,Chennai,26.6,76,4.5,1014.5,0.0,5,103,22.9,Warm,January,1,Friday
2025-01-31,15:00,Hyderabad,29.1,51,9.3,1014.8,0.0,3,117,22.9,Warm,January,1,Friday
2025-01-31,16:00,Mumbai,25.1,79,7.6,1005.5,0.0,3,141,22.9,Warm,January,1,Friday
2025-01-31,17:00,Delhi,23.5,49,5.3,1015.1,0.0,1,217,22.9,Mild,January,1,Friday
2025-01-31,18:00,Bangalore,20.6,69,6.1,1017.6,0.0,0,103,22.9,Mild,January,1,Friday
2025-01-31,19:00,Chennai,19.0,75,8.8,1012.8,0.0,0,131,22.9,Mild,January,1,Friday
2025-01-31,20:00,Hyderabad,21.6,67,7.9,1011.6,0.0,0,146,22.9,Mild,January,1,Friday
2025-01-31,21:00,Mumbai,17.6,79,10.4,1017.5,0.0,0,122,22.9,Mild,January,1,Friday
2025-01-31,22:00,Delhi,18.3,49,8.8,1015.7,0.0,0,187,22.9,Mild,January,1,Friday
2025-01-31,23:00,Bangalore,16.3,78,3.4,1018.5,0.0,0,110,22.9,Mild,January,1,Friday
2025-02-01,00:00,Chennai,16.3,78,6.5,1014.3,0.0,0,121,22.8,Mild,February,2,Saturday
2025-02-01,01:00,Hyderabad,19.3,59,9.0,1019.4,0.0,0,110,22.8,Mild,February,2,Saturday
2025-02-01,02:00,Mumbai,17.5,82,3.4,1017.8,0.0,0,134,22.8,Mild,February,2,Saturday
2025-02-01,03:00,Delhi,16.9,60,4.0,1020.5,0.0,0,201,22.8,Mild,February,2,Saturday
2025-02-01,04:00,Bangalore,17.8,63,11.5,1020.0,0.0,0,96,22.8,Mild,February,2,Saturday
2025-02-01,05:00,Chennai,26.4,79,10.0,1018.3,0.0,0,107,22.8,Warm,February,2,Saturday
2025-02-01,06:00,Hyderabad,29.3,48,9.4,1014.4,0.0,0,113,22.8,Warm,February,2,Saturday
2025-02-01,07:00,Mumbai,25.8,63,9.5,1013.9,0.0,1,131,22.8,Warm,February,2,Saturday
2025-02-01,08:00,Delhi,26.1,43,8.5,1017.7,0.0,2,189,22.8,Warm,February,2,Saturday
2025-02-01,09:00,Bangalore,23.3,56,6.0,1016.6,0.0,4,142,22.8,Mild,February,2,Saturday
2025-02-01,10:00,Chennai,30.1,63,3.0,1010.9,0.0,6,123,22.8,Warm,February,2,Saturday
2025-02-01,11:00,Hyderabad,31.1,50,4.4,1011.2,0.0,5,125,22.8,Warm,February,2,Saturday
2025-02-01,12:00,Mumbai,30.4,59,4.7,1015.0,0.0,8,126,22.8,Warm,February,2,Saturday
2025-02-01,13:00,Delhi,25.3,43,9.7,1014.0,0.0,6,187,22.8,Warm,February,2,Saturday
2025-02-01,14:00,Bangalore,24.9,56,7.3,1013.4,0.0,5,80,22.8,Mild,February,2,Saturday
2025-02-01,15:00,Chennai,23.9,65,8.5,1022.9,0.0,3,106,22.8,Mild,February,2,Saturday
2025-02-01,16:00,Hyderabad,26.1,42,6.4,1013.2,0.0,2,103,22.8,Warm,February,2,Saturday
2025-02-01,17:00,Mumbai,23.8,71,8.1,1011.2,0.0,0,147,22.8,Mild,February,2,Saturday
2025-02-01,18:00,Delhi,19.3,51,6.9,1019.3,0.0,0,195,22.8,Mild,February,2,Saturday
2025-02-01,19:00,Bangalore,17.8,63,6.4,1018.7,0.0,0,120,22.8,Mild,February,2,Saturday
2025-02-01,20:00,Chennai,21.4,70,5.3,1015.5,17.2,0,119,22.8,Mild,February,2,Saturday
2025-02-01,21:00,Hyderabad,23.3,59,7.5,1016.2,0.0,0,129,22.8,Mild,February,2,Saturday
2025-02-01,22:00,Mumbai,17.7,70,9.3,1012.6,0.0,0,112,22.8,Mild,February,2,Saturday
2025-02-01,23:00,Delhi,13.3,53,7.4,1018.7,0.0,0,177,22.8,Cold,February,2,Saturday
2025-02-02,00:00,Bangalore,15.5,67,7.6,1014.8,0.0,0,109,23.0,Mild,February,2,Sunday
2025-02-02,01:00,Chennai,22.5,77,2.0,1010.4,0.0,0,140,23.0,Mild,February,2,Sunday
2025-02-02,02:00,Hyderabad,26.3,60,4.0,1010.0,0.0,0,107,23.0,Warm,February,2,Sunday
2025-02-02,03:00,Mumbai,22.9,81,4.2,1014.4,10.4,0,119,23.0,Mild,February,2,Sunday
2025-02-02,04:00,Delhi,18.3,54,1.0,1018.7,0.0,0,188,23.0,Mild,February,2,Sunday
2025-02-02,05:00,Bangalore,20.4,69,2.9,1018.7,12.1,0,98,23.0,Mild,February,2,Sunday
2025-02-02,06:00,Chennai,25.0,71,12.3,1012.3,0.0,0,108,23.0,Warm,February,2,Sunday
2025-02-02,07:00,Hyderabad,30.1,48,12.2,1011.3,0.0,1,106,23.0,Warm,February,2,Sunday
2025-02-02,08:00,Mumbai,27.3,66,15.0,1014.0,0.0,2,142,23.0,Warm,February,2,Sunday
2025-02-02,09:00,Delhi,24.5,49,3.6,1014.1,0.0,3,200,23.0,Mild,February,2,Sunday
2025-02-02,10:00,Bangalore,25.5,60,8.9,1016.6,0.0,5,122,23.0,Warm,February,2,Sunday
2025-02-02,11:00,Chennai,30.4,70,12.2,1013.3,0.0,6,125,23.0,Warm,February,2,Sunday
2025-02-02,12:00,Hyderabad,30.1,57,7.3,1010.6,0.0,8,127,23.0,Warm,February,2,Sunday
2025-02-02,13:00,Mumbai,27.6,76,10.3,1016.2,0.0,6,132,23.0,Warm,February,2,Sunday
2025-02-02,14:00,Delhi,23.4,51,4.7,1012.7,0.0,5,174,23.0,Mild,February,2,Sunday
2025-02-02,15:00,Bangalore,21.1,75,7.0,1011.3,0.0,4,101,23.0,Mild,February,2,Sunday
2025-02-02,16:00,Chennai,25.2,72,10.6,1008.2,0.0,1,120,23.0,Warm,February,2,Sunday
2025-02-02,17:00,Hyderabad,25.2,53,8.2,1016.6,0.0,0,117,23.0,Warm,February,2,Sunday
2025-02-02,18:00,Mumbai,21.1,81,5.3,1011.1,0.0,0,145,23.0,Mild,February,2,Sunday
2025-02-02,19:00,Delhi,16.8,56,6.2,1017.4,0.0,0,200,23.0,Mild,February,2,Sunday
2025-02-02,20:00,Bangalore,15.6,78,11.3,1018.1,0.0,0,109,23.0,Mild,February,2,Sunday
2025-02-02,21:00,Chennai,20.8,69,5.5,1017.6,0.0,0,84,23.0,Mild,February,2,Sunday
2025-02-02,22:00,Hyderabad,19.6,59,9.8,1017.7,0.0,0,105,23.0,Mild,February,2,Sunday
2025-02-02,23:00,Mumbai,16.7,84,5.9,1016.4,0.0,0,154,23.0,Mild,February,2,Sunday
2025-02-03,00:00,Delhi,17.5,49,6.4,1014.0,0.0,0,182,23.0,Mild,February,2,Monday
2025-02-03,01:00,Bangalore,15.8,68,9.1,1016.9,0.0,0,113,23.0,Mild,February,2,Monday
2025-02-03,02:00,Chennai,18.8,72,10.4,1015.7,0.0,0,110,23.0,Mild,February,2,Monday
2025-02-03,03:00,Hyderabad,25.7,51,8.0,1014.2,0.0,0,128,23.0,Warm,February,2,Monday
2025-02-03,04:00,Mumbai,24.4,69,10.5,1016.2,0.0,0,147,23.0,Mild,February,2,Monday
2025-02-03,05:00,Delhi,17.7,50,5.6,1023.5,0.0,0,200,23.0,Mild,February,2,Monday
2025-02-03,06:00,Bangalore,20.9,67,8.2,1018.8,0.0,0,101,23.0,Mild,February,2,Monday
2025-02-03,07:00,Chennai,28.6,67,7.7,1011.8,0.0,0,130,23.0,Warm,February,2,Monday
2025-02-03,08:00,Hyderabad,27.0,58,12.6,1011.8,0.0,2,123,23.0,Warm,February,2,Monday
2025-02-03,09:00,Mumbai,29.8,67,5.1,1014.2,0.0,4,148,23.0,Warm,February,2,Monday
2025-02-03,10:00,Delhi,24.8,56,7.9,1015.3,18.1,5,192,23.0,Mild,February,2,Monday
2025-02-03,11:00,Bangalore,24.9,66,7.9,1012.6,0.0,6,108,23.0,Mild,February,2,Monday
2025-02-03,12:00,Chennai,27.6,67,8.9,1009.9,0.0,7,110,23.0,Warm,February,2,Monday
2025-02-03,13:00,Hyderabad,30.8,49,5.6,1014.0,0.0,6,107,23.0,Warm,February,2,Monday
2025-02-03,14:00,Mumbai,28.8,61,14.2,1009.1,0.0,4,111,23.0,Warm,February,2,Monday
2025-02-03,15:00,Delhi,23.5,55,11.8,1023.5,0.0,3,185,23.0,Mild,February,2,Monday
2025-02-03,16:00,Bangalore,21.2,68,7.2,1010.8,0.0,2,120,23.0,Mild,February,2,Monday
2025-02-03,17:00,Chennai,25.7,72,5.5,1016.9,0.0,1,115,23.0,Warm,February,2,Monday
2025-02-03,18:00,Hyderabad,24.8,51,8.9,1007.9,0.0,0,134,23.0,Mild,February,2,Monday
2025-02-03,19:00,Mumbai,22.1,83,5.7,1014.8,0.0,0,129,23.0,Mild,February,2,Monday
2025-02-03,20:00,Delhi,16.3,56,16.7,1020.0,0.0,0,197,23.0,Mild,February,2,Monday
2025-02-03,21:00,Bangalore,14.5,77,9.8,1019.1,0.0,0,97,23.0,Cold,February,2,Monday
2025-02-03,22:00,Chennai,19.3,86,9.5,1016.3,0.0,0,109,23.0,Mild,February,2,Monday
2025-02-03,23:00,Hyderabad,20.3,54,9.8,1015.6,0.0,0,138,23.0,Mild,February,2,Monday
2025-02-04,00:00,Mumbai,20.4,68,7.3,1016.9,0.0,0,136,22.6,Mild,February,2,Tuesday
2025-02-04,01:00,Delhi,16.1,40,8.2,1017.5,0.0,0,181,22.6,Mild,February,2,Tuesday
2025-02-04,02:00,Bangalore,15.6,68,7.7,1014.6,0.0,0,105,22.6,Mild,February,2,Tuesday
2025-02-04,03:00,Chennai,21.6,77,10.6,1013.9,0.0,0,133,22.6,Mild,February,2,Tuesday
2025-02-04,04:00,Hyderabad,23.1,59,7.1,1011.8,0.0,0,121,22.6,Mild,February,2,Tuesday
2025-02-04,05:00,Mumbai,24.1,79,6.6,1011.4,0.0,0,102,22.6,Mild,February,2,Tuesday
2025-02-04,06:00,Delhi,25.3,51,3.1,1008.7,0.0,0,178,22.6,Warm,February,2,Tuesday
2025-02-04,07:00,Bangalore,21.7,70,11.6,1018.0,0.0,1,85,22.6,Mild,February,2,Tuesday
2025-02-04,08:00,Chennai,28.1,62,8.9,1016.1,0.0,2,143,22.6,Warm,February,2,Tuesday
2025-02-04,09:00,Hyderabad,28.8,47,9.4,1013.5,0.0,3,137,22.6,Warm,February,2,Tuesday
2025-02-04,10:00,Mumbai,28.9,74,9.3,1013.5,0.0,4,126,22.6,Warm,February,2,Tuesday
2025-02-04,11:00,Delhi,27.8,44,7.6,1012.2,0.0,7,202,22.6,Warm,February,2,Tuesday
2025-02-04,12:00,Bangalore,26.2,59,14.2,1012.8,0.0,7,118,22.6,Warm,February,2,Tuesday
2025-02-04,13:00,Chennai,31.1,64,10.1,1011.5,0.0,7,103,22.6,Warm,February,2,Tuesday
2025-02-04,14:00,Hyderabad,28.9,58,12.6,1015.7,0.0,5,123,22.6,Warm,February,2,Tuesday
2025-02-04,15:00,Mumbai,27.9,70,4.8,1014.9,0.0,3,125,22.6,Warm,February,2,Tuesday
2025-02-04,16:00,Delhi,21.3,52,8.2,1013.5,0.0,3,180,22.6,Mild,February,2,Tuesday
2025-02-04,17:00,Bangalore,20.3,68,5.9,1014.9,0.0,1,115,22.6,Mild,February,2,Tuesday
2025-02-04,18:00,Chennai,21.3,65,6.8,1013.6,0.0,0,121,22.6,Mild,February,2,Tuesday
2025-02-04,19:00,Hyderabad,19.8,62,4.8,1016.2,0.0,0,139,22.6,Mild,February,2,Tuesday
2025-02-04,20:00,Mumbai,18.2,79,7.9,1021.8,0.0,0,138,22.6,Mild,February,2,Tuesday
2025-02-04,21:00,Delhi,13.3,53,5.1,1021.5,0.0,0,169,22.6,Cold,February,2,Tuesday
2025-02-04,22:00,Bangalore,12.2,79,10.0,1019.5,0.0,0,103,22.6,Cold,February,2,Tuesday
2025-02-04,23:00,Chennai,20.0,68,8.4,1016.8,0.0,0,121,22.6,Mild,February,2,Tuesday
2025-02-05,00:00,Hyderabad,23.2,66,5.4,1014.2,0.0,0,123,23.0,Mild,February,2,Wednesday
2025-02-05,01:00,Mumbai,20.0,75,9.7,1020.5,0.0,0,125,23.0,Mild,February,2,Wednesday
2025-02-05,02:00,Delhi,17.4,50,7.4,1011.2,0.0,0,185,23.0,Mild,February,2,Wednesday
2025-02-05,03:00,Bangalore,17.8,69,13.0,1018.5,0.0,0,121,23.0,Mild,February,2,Wednesday
2025-02-05,04:00,Chennai,25.4,68,5.1,1011.7,0.0,0,93,23.0,Warm,February,2,Wednesday
2025-02-05,05:00,Hyderabad,22.9,55,9.6,1015.5,0.0,0,93,23.0,Mild,February,2,Wednesday
2025-02-05,06:00,Mumbai,26.3,80,9.3,1015.4,0.0,0,122,23.0,Warm,February,2,Wednesday
2025-02-05,07:00,Delhi,25.9,45,8.5,1009.6,0.0,0,168,23.0,Warm,February,2,Wednesday
2025-02-05,08:00,Bangalore,23.5,66,13.3,1010.0,0.0,3,115,23.0,Mild,February,2,Wednesday
2025-02-05,09:00,Chennai,28.0,76,7.4,1017.3,0.0,4,131,23.0,Warm,February,2,Wednesday
2025-02-05,10:00,Hyderabad,28.7,54,9.3,1015.4,0.0,5,122,23.0,Warm,February,2,Wednesday
2025-02-05,11:00,Mumbai,28.8,72,7.6,1018.1,0.0,7,130,23.0,Warm,February,2,Wednesday
2025-02-05,12:00,Delhi,25.4,48,8.0,1014.9,0.0,8,199,23.0,Warm,February,2,Wednesday
2025-02-05,13:00,Bangalore,23.2,68,3.2,1014.3,0.0,6,92,23.0,Mild,February,2,Wednesday
2025-02-05,14:00,Chennai,28.2,75,6.4,1015.4,0.0,5,131,23.0,Warm,February,2,Wednesday
2025-02-05,15:00,Hyderabad,27.7,57,5.3,1015.9,0.0,3,114,23.0,Warm,February,2,Wednesday
2025-02-05,16:00,Mumbai,25.5,68,11.9,1012.3,0.0,2,124,23.0,Warm,February,2,Wednesday
2025-02-05,17:00,Delhi,19.9,56,13.0,1012.9,0.0,0,212,23.0,Mild,February,2,Wednesday
2025-02-05,18:00,Bangalore,20.6,74,9.2,1015.1,0.0,0,126,23.0,Mild,February,2,Wednesday
2025-02-05,19:00,Chennai,20.0,83,9.3,1017.7,0.0,0,126,23.0,Mild,February,2,Wednesday
2025-02-05,20:00,Hyderabad,21.6,61,11.8,1012.6,0.0,0,131,23.0,Mild,February,2,Wednesday
2025-02-05,21:00,Mumbai,20.9,75,5.6,1016.2,0.0,0,119,23.0,Mild,February,2,Wednesday
2025-02-05,22:00,Delhi,15.8,46,6.5,1018.8,0.0,0,164,23.0,Mild,February,2,Wednesday
2025-02-05,23:00,Bangalore,15.2,78,13.4,1014.6,0.0,0,108,23.0,Mild,February,2,Wednesday
2025-02-06,00:00,Chennai,19.7,69,10.0,1015.8,0.0,0,113,23.5,Mild,February,2,Thursday
2025-02-06,01:00,Hyderabad,21.1,68,12.4,1013.9,0.0,0,121,23.5,Mild,February,2,Thursday
2025-02-06,02:00,Mumbai,22.5,71,9.1,1011.1,0.0,0,145,23.5,Mild,February,2,Thursday
2025-02-06,03:00,Delhi,21.9,52,7.0,1017.6,0.0,0,179,23.5,Mild,February,2,Thursday
2025-02-06,04:00,Bangalore,16.3,65,7.1,1021.9,0.0,0,105,23.5,Mild,February,2,Thursday
2025-02-06,05:00,Chennai,26.3,61,5.0,1012.7,0.0,0,111,23.5,Warm,February,2,Thursday
2025-02-06,06:00,Hyderabad,31.4,54,11.3,1013.4,0.0,0,123,23.5,Warm,February,2,Thursday
2025-02-06,07:00,Mumbai,24.3,75,9.4,1011.7,0.0,1,129,23.5,Mild,February,2,Thursday
2025-02-06,08:00,Delhi,24.1,37,9.7,1016.6,0.0,3,212,23.5,Mild,February,2,Thursday
2025-02-06,09:00,Bangalore,23.5,72,11.1,1011.1,11.4,4,95,23.5,Mild,February,2,Thursday
2025-02-06,10:00,Chennai,27.6,74,5.7,1016.2,0.0,5,126,23.5,Warm,February,2,Thursday
2025-02-06,11:00,Hyderabad,32.0,50,11.1,1013.0,0.0,7,115,23.5,Warm,February,2,Thursday
2025-02-06,12:00,Mumbai,30.0,61,13.4,1016.0,0.0,9,139,23.5,Warm,February,2,Thursday
2025-02-06,13:00,Delhi,23.9,40,10.2,1016.7,0.0,6,195,23.5,Mild,February,2,Thursday
2025-02-06,14:00,Bangalore,23.0,64,7.5,1013.1,0.0,5,110,23.5,Mild,February,2,Thursday
2025-02-06,15:00,Chennai,23.9,74,1.4,1011.2,0.0,3,106,23.5,Mild,February,2,Thursday
2025-02-06,16:00,Hyderabad,26.5,60,7.0,1011.9,0.0,2,131,23.5,Warm,February,2,Thursday
2025-02-06,17:00,Mumbai,23.7,74,6.9,1010.5,0.0,1,161,23.5,Mild,February,2,Thursday
2025-02-06,18:00,Delhi,20.8,40,10.6,1009.1,0.0,0,196,23.5,Mild,February,2,Thursday
2025-02-06,19:00,Bangalore,20.3,72,6.2,1023.2,0.0,0,116,23.5,Mild,February,2,Thursday
2025-02-06,20:00,Chennai,23.7,62,8.1,1010.7,0.0,0,127,23.5,Mild,February,2,Thursday
2025-02-06,21:00,Hyderabad,23.5,59,9.9,1017.0,0.0,0,113,23.5,Mild,February,2,Thursday
2025-02-06,22:00,Mumbai,18.6,88,10.3,1017.2,0.0,0,158,23.5,Mild,February,2,Thursday
2025-02-06,23:00,Delhi,14.8,59,6.4,1015.4,0.0,0,182,23.5,Cold,February,2,Thursday
2025-02-07,00:00,Bangalore,12.5,69,8.9,1021.8,0.0,0,120,23.5,Cold,February,2,Friday
2025-02-07,01:00,Chennai,20.6,81,13.1,1014.9,0.0,0,107,23.5,Mild,February,2,Friday
2025-02-07,02:00,Hyderabad,23.8,65,13.9,1014.3,0.0,0,110,23.5,Mild,February,2,Friday
2025-02-07,03:00,Mumbai,23.3,68,7.1,1013.5,0.0,0,140,23.5,Mild,February,2,Friday
2025-02-07,04:00,Delhi,20.1,55,9.7,1017.5,0.0,0,204,23.5,Mild,February,2,Friday
2025-02-07,05:00,Bangalore,19.5,72,5.4,1018.8,0.0,0,96,23.5,Mild,February,2,Friday
2025-02-07,06:00,Chennai,29.5,63,10.0,1015.2,0.0,0,134,23.5,Warm,February,2,Friday
2025-02-07,07:00,Hyderabad,28.6,60,7.6,1012.5,0.0,0,151,23.5,Warm,February,2,Friday
2025-02-07,08:00,Mumbai,26.6,70,7.2,1008.0,0.0,2,137,23.5,Warm,February,2,Friday
2025-02-07,09:00,Delhi,23.1,52,7.0,1012.6,0.0,3,212,23.5,Mild,February,2,Friday
2025-02-07,10:00,Bangalore,23.5,66,8.6,1012.4,0.0,4,128,23.5,Mild,February,2,Friday
2025-02-07,11:00,Chennai,29.6,74,8.5,1008.9,0.0,6,107,23.5,Warm,February,2,Friday
2025-02-07,12:00,Hyderabad,30.8,51,11.7,1018.9,0.0,7,134,23.5,Warm,February,2,Friday
2025-02-07,13:00,Mumbai,31.2,65,10.1,1012.0,0.0,7,133,23.5,Warm,February,2,Friday
2025-02-07,14:00,Delhi,24.1,48,4.8,1020.2,0.0,5,200,23.5,Mild,February,2,Friday
2025-02-07,15:00,Bangalore,18.8,59,10.9,1018.9,0.0,4,108,23.5,Mild,February,2,Friday
2025-02-07,16:00,Chennai,28.0,79,1.5,1020.6,0.0,3,125,23.5,Warm,February,2,Friday
2025-02-07,17:00,Hyderabad,26.8,62,6.4,1009.5,0.0,1,140,23.5,Warm,February,2,Friday
2025-02-07,18:00,Mumbai,24.0,70,10.6,1020.2,0.0,0,139,23.5,Mild,February,2,Friday
2025-02-07,19:00,Delhi,20.3,51,8.2,1018.3,0.0,0,205,23.5,Mild,February,2,Friday
2025-02-07,20:00,Bangalore,17.4,65,4.4,1011.6,0.0,0,101,23.5,Mild,February,2,Friday
2025-02-07,21:00,Chennai,20.8,75,9.5,1014.1,0.0,0,153,23.5,Mild,February,2,Friday
2025-02-07,22:00,Hyderabad,21.1,55,2.5,1013.3,0.0,0,101,23.5,Mild,February,2,Friday
2025-02-07,23:00,Mumbai,19.9,82,10.5,1010.9,0.0,0,119,23.5,Mild,February,2,Friday
2025-02-08,00:00,Delhi,17.5,56,9.2,1015.6,0.0,0,188,23.7,Mild,February,2,Saturday
2025-02-08,01:00,Bangalore,17.3,74,6.5,1015.9,0.0,0,119,23.7,Mild,February,2,Saturday
2025-02-08,02:00,Chennai,19.0,76,8.5,1017.5,0.0,0,91,23.7,Mild,February,2,Saturday
2025-02-08,03:00,Hyderabad,22.8,64,4.0,1013.7,0.0,0,137,23.7,Mild,February,2,Saturday
2025-02-08,04:00,Mumbai,24.9,77,8.2,1014.1,0.0,0,120,23.7,Mild,February,2,Saturday
2025-02-08,05:00,Delhi,22.3,45,13.6,1016.7,0.0,0,194,23.7,Mild,February,2,Saturday
2025-02-08,06:00,Bangalore,22.6,75,3.7,1011.5,0.0,0,101,23.7,Mild,February,2,Saturday
2025-02-08,07:00,Chennai,27.6,67,6.8,1014.0,0.0,1,108,23.7,Warm,February,2,Saturday
2025-02-08,08:00,Hyderabad,29.1,60,10.6,1007.5,0.0,2,124,23.7,Warm,February,2,Saturday
2025-02-08,09:00,Mumbai,28.8,69,8.8,1011.4,0.0,4,151,23.7,Warm,February,2,Saturday
2025-02-08,10:00,Delhi,26.5,49,12.0,1016.2,0.0,6,214,23.7,Warm,February,2,Saturday
2025-02-08,11:00,Bangalore,25.1,62,12.1,1017.8,0.0,6,107,23.7,Warm,February,2,Saturday
2025-02-08,12:00,Chennai,29.9,69,5.5,1008.7,0.0,8,111,23.7,Warm,February,2,Saturday
2025-02-08,13:00,Hyderabad,31.2,52,7.2,1013.7,0.0,7,109,23.7,Warm,February,2,Saturday
2025-02-08,14:00,Mumbai,27.6,74,3.2,1013.7,0.0,5,127,23.7,Warm,February,2,Saturday
2025-02-08,15:00,Delhi,23.4,49,8.4,1016.9,0.0,4,181,23.7,Mild,February,2,Saturday
2025-02-08,16:00,Bangalore,22.1,65,8.8,1018.8,0.0,2,116,23.7,Mild,February,2,Saturday
2025-02-08,17:00,Chennai,21.6,79,9.2,1018.1,0.0,1,138,23.7,Mild,February,2,Saturday
2025-02-08,18:00,Hyderabad,28.1,65,9.0,1014.6,0.0,0,116,23.7,Warm,February,2,Saturday
2025-02-08,19:00,Mumbai,21.7,76,7.3,1016.8,0.0,0,136,23.7,Mild,February,2,Saturday
2025-02-08,20:00,Delhi,16.8,60,7.5,1014.6,0.0,0,201,23.7,Mild,February,2,Saturday
2025-02-08,21:00,Bangalore,16.0,72,9.8,1014.3,0.0,0,123,23.7,Mild,February,2,Saturday
2025-02-08,22:00,Chennai,25.2,69,8.1,1010.4,0.0,0,121,23.7,Warm,February,2,Saturday
2025-02-08,23:00,Hyderabad,22.1,65,6.8,1014.6,0.0,0,124,23.7,Mild,February,2,Saturday
2025-02-09,00:00,Mumbai,19.8,82,7.6,1008.5,0.0,0,109,23.5,Mild,February,2,Sunday
2025-02-09,01:00,Delhi,18.1,47,7.2,1021.2,0.0,0,186,23.5,Mild,February,2,Sunday
2025-02-09,02:00,Bangalore,19.3,65,5.6,1012.2,0.0,0,107,23.5,Mild,February,2,Sunday
2025-02-09,03:00,Chennai,21.5,75,8.2,1014.1,0.0,0,98,23.5,Mild,February,2,Sunday
2025-02-09,04:00,Hyderabad,24.9,60,9.0,1015.6,0.0,0,121,23.5,Mild,February,2,Sunday
2025-02-09,05:00,Mumbai,26.1,72,7.3,1012.6,0.0,0,133,23.5,Warm,February,2,Sunday
2025-02-09,06:00,Delhi,22.8,50,2.9,1015.7,0.0,0,180,23.5,Mild,February,2,Sunday
2025-02-09,07:00,Bangalore,22.8,60,12.9,1008.1,0.0,0,80,23.5,Mild,February,2,Sunday
2025-02-09,08:00,Chennai,30.1,64,9.7,1010.6,0.0,3,107,23.5,Warm,February,2,Sunday
2025-02-09,09:00,Hyderabad,29.5,52,12.4,1011.5,0.0,4,129,23.5,Warm,February,2,Sunday
2025-02-09,10:00,Mumbai,29.6,66,4.1,1011.6,0.0,4,153,23.5,Warm,February,2,Sunday
2025-02-09,11:00,Delhi,24.8,44,10.2,1018.6,0.0,6,200,23.5,Mild,February,2,Sunday
2025-02-09,12:00,Bangalore,24.8,65,8.2,1016.0,0.0,7,129,23.5,Mild,February,2,Sunday
2025-02-09,13:00,Chennai,30.0,66,9.1,1011.4,0.0,7,110,23.5,Warm,February,2,Sunday
2025-02-09,14:00,Hyderabad,28.8,51,4.8,1014.3,0.0,5,118,23.5,Warm,February,2,Sunday
2025-02-09,15:00,Mumbai,27.4,69,11.0,1016.3,0.0,3,128,23.5,Warm,February,2,Sunday
2025-02-09,16:00,Delhi,24.8,36,3.4,1012.4,0.0,3,191,23.5,Mild,February,2,Sunday
2025-02-09,17:00,Bangalore,19.5,66,5.6,1011.0,0.0,1,111,23.5,Mild,February,2,Sunday
2025-02-09,18:00,Chennai,23.0,68,9.4,1018.1,0.0,0,120,23.5,Mild,February,2,Sunday
2025-02-09,19:00,Hyderabad,23.4,76,10.9,1013.2,0.0,0,139,23.5,Mild,February,2,Sunday
2025-02-09,20:00,Mumbai,23.6,80,10.3,1016.4,0.0,0,149,23.5,Mild,February,2,Sunday
2025-02-09,21:00,Delhi,15.2,59,13.2,1016.0,0.0,0,181,23.5,Mild,February,2,Sunday
2025-02-09,22:00,Bangalore,13.7,75,8.9,1020.8,0.0,0,85,23.5,Cold,February,2,Sunday
2025-02-09,23:00,Chennai,20.9,75,8.5,1014.0,0.0,0,92,23.5,Mild,February,2,Sunday
2025-02-10,00:00,Hyderabad,22.3,73,7.8,1011.9,0.0,0,103,24.0,Mild,February,2,Monday
2025-02-10,01:00,Mumbai,20.0,78,4.8,1012.1,0.0,0,123,24.0,Mild,February,2,Monday
2025-02-10,02:00,Delhi,17.2,57,10.7,1020.5,0.0,0,180,24.0,Mild,February,2,Monday
2025-02-10,03:00,Bangalore,18.3,70,7.0,1017.4,0.0,0,116,24.0,Mild,February,2,Monday
2025-02-10,04:00,Chennai,23.3,70,5.5,1013.2,0.0,0,118,24.0,Mild,February,2,Monday
2025-02-10,05:00,Hyderabad,27.3,59,5.0,1010.8,0.0,0,115,24.0,Warm,February,2,Monday
2025-02-10,06:00,Mumbai,26.9,73,9.5,1015.7,0.0,0,123,24.0,Warm,February,2,Monday
2025-02-10,07:00,Delhi,26.1,37,7.4,1014.2,0.0,1,198,24.0,Warm,February,2,Monday
2025-02-10,08:00,Bangalore,26.0,55,5.6,1015.8,0.0,3,135,24.0,Warm,February,2,Monday
2025-02-10,09:00,Chennai,29.5,65,11.7,1016.3,0.0,3,126,24.0,Warm,February,2,Monday
2025-02-10,10:00,Hyderabad,34.4,47,7.9,1017.9,0.0,6,150,24.0,Warm,February,2,Monday
2025-02-10,11:00,Mumbai,28.8,76,4.2,1016.5,0.0,6,133,24.0,Warm,February,2,Monday
2025-02-10,12:00,Delhi,27.9,58,5.9,1014.5,0.0,7,190,24.0,Warm,February,2,Monday
2025-02-10,13:00,Bangalore,25.8,61,4.0,1016.4,0.0,7,85,24.0,Warm,February,2,Monday
2025-02-10,14:00,Chennai,27.3,76,8.3,1013.3,0.0,4,100,24.0,Warm,February,2,Monday
2025-02-10,15:00,Hyderabad,26.9,47,6.1,1009.0,0.0,3,116,24.0,Warm,February,2,Monday
2025-02-10,16:00,Mumbai,27.4,70,8.6,1012.4,0.0,3,120,24.0,Warm,February,2,Monday
2025-02-10,17:00,Delhi,22.5,48,10.3,1014.9,0.0,1,197,24.0,Mild,February,2,Monday
2025-02-10,18:00,Bangalore,19.8,78,11.7,1013.9,0.0,0,107,24.0,Mild,February,2,Monday
2025-02-10,19:00,Chennai,25.7,73,11.2,1007.9,0.0,0,110,24.0,Warm,February,2,Monday
2025-02-10,20:00,Hyderabad,24.2,57,2.0,1017.1,0.0,0,114,24.0,Mild,February,2,Monday
2025-02-10,21:00,Mumbai,19.0,78,3.6,1013.0,0.0,0,127,24.0,Mild,February,2,Monday
2025-02-10,22:00,Delhi,16.5,62,9.4,1013.4,0.0,0,174,24.0,Mild,February,2,Monday
2025-02-10,23:00,Bangalore,13.6,77,7.5,1019.1,0.0,0,73,24.0,Cold,February,2,Monday
2025-02-11,00:00,Chennai,20.1,80,3.5,1018.6,0.0,0,100,23.1,Mild,February,2,Tuesday
2025-02-11,01:00,Hyderabad,21.3,67,7.8,1013.3,0.0,0,129,23.1,Mild,February,2,Tuesday
2025-02-11,02:00,Mumbai,18.9,80,10.9,1018.9,0.0,0,152,23.1,Mild,February,2,Tuesday
2025-02-11,03:00,Delhi,19.6,50,14.4,1013.9,0.0,0,171,23.1,Mild,February,2,Tuesday
2025-02-11,04:00,Bangalore,16.7,73,7.7,1016.4,0.0,0,98,23.1,Mild,February,2,Tuesday
2025-02-11,05:00,Chennai,24.3,74,10.4,1016.2,0.0,0,129,23.1,Mild,February,2,Tuesday
2025-02-11,06:00,Hyderabad,29.2,45,10.7,1008.9,0.0,0,118,23.1,Warm,February,2,Tuesday
2025-02-11,07:00,Mumbai,26.4,78,4.0,1013.3,0.0,1,140,23.1,Warm,February,2,Tuesday
2025-02-11,08:00,Delhi,23.3,54,7.9,1013.6,0.0,2,211,23.1,Mild,February,2,Tuesday
2025-02-11,09:00,Bangalore,25.7,62,12.1,1016.7,0.0,3,118,23.1,Warm,February,2,Tuesday
2025-02-11,10:00,Chennai,30.2,70,10.0,1011.3,0.0,4,124,23.1,Warm,February,2,Tuesday
2025-02-11,11:00,Hyderabad,29.0,55,9.3,1015.8,0.0,6,154,23.1,Warm,February,2,Tuesday
2025-02-11,12:00,Mumbai,26.9,84,5.1,1009.9,0.0,7,129,23.1,Warm,February,2,Tuesday
2025-02-11,13:00,Delhi,27.8,45,10.8,1008.2,0.0,7,181,23.1,Warm,February,2,Tuesday
2025-02-11,14:00,Bangalore,23.3,53,7.8,1016.2,0.0,5,98,23.1,Mild,February,2,Tuesday
2025-02-11,15:00,Chennai,27.7,70,8.6,1017.9,0.0,4,114,23.1,Warm,February,2,Tuesday
2025-02-11,16:00,Hyderabad,24.2,57,14.0,1010.9,0.0,2,110,23.1,Mild,February,2,Tuesday
2025-02-11,17:00,Mumbai,27.8,65,16.9,1013.8,0.0,1,133,23.1,Warm,February,2,Tuesday
2025-02-11,18:00,Delhi,17.8,57,8.6,1016.8,0.0,0,201,23.1,Mild,February,2,Tuesday
2025-02-11,19:00,Bangalore,16.3,82,7.8,1019.8,0.0,0,122,23.1,Mild,February,2,Tuesday
2025-02-11,20:00,Chennai,20.1,76,11.4,1011.0,0.0,0,150,23.1,Mild,February,2,Tuesday
2025-02-11,21:00,Hyderabad,23.7,61,9.7,1012.5,0.0,0,119,23.1,Mild,February,2,Tuesday
2025-02-11,22:00,Mumbai,18.3,75,11.6,1015.9,0.0,0,125,23.1,Mild,February,2,Tuesday
2025-02-11,23:00,Delhi,16.6,56,3.5,1017.5,0.0,0,188,23.1,Mild,February,2,Tuesday
2025-02-12,00:00,Bangalore,15.0,67,1.8,1013.5,0.0,0,107,23.6,Mild,February,2,Wednesday
2025-02-12,01:00,Chennai,21.6,78,4.2,1008.4,0.0,0,123,23.6,Mild,February,2,Wednesday
2025-02-12,02:00,Hyderabad,26.9,57,3.9,1007.8,0.0,0,117,23.6,Warm,February,2,Wednesday
2025-02-12,03:00,Mumbai,20.0,84,7.0,1016.2,0.0,0,133,23.6,Mild,February,2,Wednesday
2025-02-12,04:00,Delhi,19.9,54,14.7,1019.2,0.0,0,183,23.6,Mild,February,2,Wednesday
2025-02-12,05:00,Bangalore,21.0,76,6.7,1020.7,0.0,0,117,23.6,Mild,February,2,Wednesday
2025-02-12,06:00,Chennai,27.0,66,8.1,1009.5,0.0,0,115,23.6,Warm,February,2,Wednesday
2025-02-12,07:00,Hyderabad,29.4,51,7.4,1011.7,0.0,1,107,23.6,Warm,February,2,Wednesday
2025-02-12,08:00,Mumbai,25.4,74,4.2,1014.9,0.0,2,123,23.6,Warm,February,2,Wednesday
2025-02-12,09:00,Delhi,24.6,45,7.2,1015.0,0.0,3,206,23.6,Mild,February,2,Wednesday
2025-02-12,10:00,Bangalore,24.9,61,3.8,1014.7,0.0,5,132,23.6,Mild,February,2,Wednesday
2025-02-12,11:00,Chennai,31.9,63,8.9,1013.7,0.0,7,102,23.6,Warm,February,2,Wednesday
2025-02-12,12:00,Hyderabad,31.1,55,8.8,1013.1,0.0,7,122,23.6,Warm,February,2,Wednesday
2025-02-12,13:00,Mumbai,28.2,65,8.0,1015.8,0.0,6,129,23.6,Warm,February,2,Wednesday
2025-02-12,14:00,Delhi,24.5,46,9.2,1017.4,0.0,5,182,23.6,Mild,February,2,Wednesday
2025-02-12,15:00,Bangalore,21.5,63,6.0,1011.9,0.0,5,99,23.6,Mild,February,2,Wednesday
2025-02-12,16:00,Chennai,27.1,73,7.9,1009.8,0.0,3,124,23.6,Warm,February,2,Wednesday
2025-02-12,17:00,Hyderabad,27.2,57,9.6,1016.9,0.0,2,112,23.6,Warm,February,2,Wednesday
2025-02-12,18:00,Mumbai,22.2,72,2.0,1009.8,0.0,0,128,23.6,Mild,February,2,Wednesday
2025-02-12,19:00,Delhi,17.9,57,8.4,1017.0,0.0,0,236,23.6,Mild,February,2,Wednesday
2025-02-12,20:00,Bangalore,17.3,72,6.4,1014.2,0.0,0,106,23.6,Mild,February,2,Wednesday
2025-02-12,21:00,Chennai,19.2,70,8.9,1018.6,0.0,0,112,23.6,Mild,February,2,Wednesday
2025-02-12,22:00,Hyderabad,21.7,63,9.5,1013.2,0.0,0,90,23.6,Mild,February,2,Wednesday
2025-02-12,23:00,Mumbai,21.2,71,9.2,1019.4,0.0,0,131,23.6,Mild,February,2,Wednesday
2025-02-13,00:00,Delhi,16.7,50,4.5,1022.8,0.0,0,187,23.9,Mild,February,2,Thursday
2025-02-13,01:00,Bangalore,14.6,68,7.1,1021.0,0.0,0,91,23.9,Cold,February,2,Thursday
2025-02-13,02:00,Chennai,20.9,71,3.0,1011.0,0.0,0,116,23.9,Mild,February,2,Thursday
2025-02-13,03:00,Hyderabad,22.9,62,13.8,1017.6,0.0,0,106,23.9,Mild,February,2,Thursday
2025-02-13,04:00,Mumbai,24.0,79,7.0,1014.6,0.0,0,127,23.9,Mild,February,2,Thursday
2025-02-13,05:00,Delhi,22.0,55,8.2,1017.5,0.0,0,181,23.9,Mild,February,2,Thursday
2025-02-13,06:00,Bangalore,23.5,69,4.3,1016.6,0.0,0,126,23.9,Mild,February,2,Thursday
2025-02-13,07:00,Chennai,27.3,66,3.7,1015.3,0.0,0,107,23.9,Warm,February,2,Thursday
2025-02-13,08:00,Hyderabad,29.2,55,3.6,1014.6,0.0,2,145,23.9,Warm,February,2,Thursday
2025-02-13,09:00,Mumbai,30.3,74,7.9,1013.1,22.0,4,140,23.9,Warm,February,2,Thursday
2025-02-13,10:00,Delhi,27.0,52,2.4,1015.0,0.0,5,200,23.9,Warm,February,2,Thursday
2025-02-13,11:00,Bangalore,25.0,64,10.3,1013.0,0.0,7,111,23.9,Warm,February,2,Thursday
2025-02-13,12:00,Chennai,29.5,72,11.7,1008.7,0.0,8,126,23.9,Warm,February,2,Thursday
2025-02-13,13:00,Hyderabad,30.1,45,9.5,1014.1,0.0,6,125,23.9,Warm,February,2,Thursday
2025-02-13,14:00,Mumbai,25.0,74,7.2,1017.8,0.0,5,135,23.9,Warm,February,2,Thursday
2025-02-13,15:00,Delhi,23.5,48,11.1,1010.1,0.0,4,183,23.9,Mild,February,2,Thursday
2025-02-13,16:00,Bangalore,20.7,73,12.4,1012.9,0.0,2,105,23.9,Mild,February,2,Thursday
2025-02-13,17:00,Chennai,28.2,66,11.0,1016.0,0.0,1,118,23.9,Warm,February,2,Thursday
2025-02-13,18:00,Hyderabad,26.9,62,12.1,1012.0,0.0,0,124,23.9,Warm,February,2,Thursday
2025-02-13,19:00,Mumbai,23.3,65,9.5,1015.8,3.7,0,134,23.9,Mild,February,2,Thursday
2025-02-13,20:00,Delhi,20.7,53,9.2,1015.4,0.0,0,212,23.9,Mild,February,2,Thursday
2025-02-13,21:00,Bangalore,16.1,78,9.9,1014.9,0.0,0,90,23.9,Mild,February,2,Thursday
2025-02-13,22:00,Chennai,22.7,76,7.0,1010.9,0.0,0,111,23.9,Mild,February,2,Thursday
2025-02-13,23:00,Hyderabad,23.0,57,4.5,1013.4,0.0,0,138,23.9,Mild,February,2,Thursday
2025-02-14,00:00,Mumbai,21.5,77,1.4,1014.4,0.0,0,122,23.7,Mild,February,2,Friday
2025-02-14,01:00,Delhi,17.6,46,6.5,1014.0,0.0,0,174,23.7,Mild,February,2,Friday
2025-02-14,02:00,Bangalore,17.4,65,8.8,1019.2,0.0,0,95,23.7,Mild,February,2,Friday
2025-02-14,03:00,Chennai,25.2,71,6.4,1016.9,0.0,0,114,23.7,Warm,February,2,Friday
2025-02-14,04:00,Hyderabad,23.6,58,8.1,1013.2,19.9,0,112,23.7,Mild,February,2,Friday
2025-02-14,05:00,Mumbai,24.5,75,3.2,1016.1,0.0,0,129,23.7,Mild,February,2,Friday
2025-02-14,06:00,Delhi,21.4,56,7.4,1016.3,0.0,0,197,23.7,Mild,February,2,Friday
2025-02-14,07:00,Bangalore,23.0,60,13.4,1014.5,0.0,0,94,23.7,Mild,February,2,Friday
2025-02-14,08:00,Chennai,27.8,65,5.7,1012.1,0.0,2,111,23.7,Warm,February,2,Friday
2025-02-14,09:00,Hyderabad,29.8,48,5.8,1012.8,0.0,3,123,23.7,Warm,February,2,Friday
2025-02-14,10:00,Mumbai,29.5,72,6.7,1007.7,0.0,6,154,23.7,Warm,February,2,Friday
2025-02-14,11:00,Delhi,25.0,49,5.5,1017.2,0.0,6,188,23.7,Warm,February,2,Friday
2025-02-14,12:00,Bangalore,25.3,69,5.1,1015.9,0.0,6,107,23.7,Warm,February,2,Friday
2025-02-14,13:00,Chennai,30.3,65,11.3,1016.3,0.0,6,92,23.7,Warm,February,2,Friday
2025-02-14,14:00,Hyderabad,30.9,56,3.1,1013.6,0.0,4,141,23.7,Warm,February,2,Friday
2025-02-14,15:00,Mumbai,26.4,69,10.8,1016.8,0.0,4,139,23.7,Warm,February,2,Friday
2025-02-14,16:00,Delhi,24.2,49,2.7,1015.2,0.0,2,187,23.7,Mild,February,2,Friday
2025-02-14,17:00,Bangalore,23.1,59,9.2,1020.5,0.0,1,127,23.7,Mild,February,2,Friday
2025-02-14,18:00,Chennai,25.4,67,4.5,1012.7,0.0,0,116,23.7,Warm,February,2,Friday
2025-02-14,19:00,Hyderabad,23.7,53,8.3,1011.3,0.0,0,122,23.7,Mild,February,2,Friday
2025-02-14,20:00,Mumbai,22.1,79,6.0,1016.7,0.0,0,128,23.7,Mild,February,2,Friday
2025-02-14,21:00,Delhi,17.4,60,0.7,1014.9,0.0,0,188,23.7,Mild,February,2,Friday
2025-02-14,22:00,Bangalore,13.6,78,4.5,1013.1,0.0,0,95,23.7,Cold,February,2,Friday
2025-02-14,23:00,Chennai,19.9,75,6.2,1015.3,0.0,0,111,23.7,Mild,February,2,Friday
2025-02-15,00:00,Hyderabad,21.6,58,7.2,1009.2,0.0,0,123,23.7,Mild,February,2,Saturday
2025-02-15,01:00,Mumbai,21.7,75,13.2,1016.1,0.0,0,123,23.7,Mild,February,2,Saturday
2025-02-15,02:00,Delhi,15.1,48,9.9,1015.1,0.0,0,182,23.7,Mild,February,2,Saturday
2025-02-15,03:00,Bangalore,18.4,68,5.1,1017.7,0.0,0,101,23.7,Mild,February,2,Saturday
2025-02-15,04:00,Chennai,25.4,73,8.9,1015.2,0.0,0,120,23.7,Warm,February,2,Saturday
2025-02-15,05:00,Hyderabad,27.8,59,6.5,1014.7,0.0,0,118,23.7,Warm,February,2,Saturday
2025-02-15,06:00,Mumbai,26.8,77,9.1,1012.6,0.0,0,114,23.7,Warm,February,2,Saturday
2025-02-15,07:00,Delhi,26.2,50,9.4,1014.2,0.0,0,190,23.7,Warm,February,2,Saturday
2025-02-15,08:00,Bangalore,22.7,67,8.7,1012.2,0.0,2,112,23.7,Mild,February,2,Saturday
2025-02-15,09:00,Chennai,30.6,70,6.4,1017.2,0.0,3,110,23.7,Warm,February,2,Saturday
2025-02-15,10:00,Hyderabad,30.6,52,10.9,1016.5,0.0,5,146,23.7,Warm,February,2,Saturday
2025-02-15,11:00,Mumbai,29.9,78,7.5,1010.0,0.0,6,129,23.7,Warm,February,2,Saturday
2025-02-15,12:00,Delhi,26.5,38,9.2,1012.1,23.3,9,173,23.7,Warm,February,2,Saturday
2025-02-15,13:00,Bangalore,25.2,66,5.5,1011.9,0.0,7,101,23.7,Warm,February,2,Saturday
2025-02-15,14:00,Chennai,29.2,68,4.1,1012.3,0.0,5,124,23.7,Warm,February,2,Saturday
2025-02-15,15:00,Hyderabad,30.7,53,11.1,1007.0,0.0,3,115,23.7,Warm,February,2,Saturday
2025-02-15,16:00,Mumbai,25.2,73,13.0,1012.3,0.0,2,122,23.7,Warm,February,2,Saturday
2025-02-15,17:00,Delhi,23.1,49,7.7,1013.5,12.0,0,219,23.7,Mild,February,2,Saturday
2025-02-15,18:00,Bangalore,18.1,60,11.3,1015.1,0.0,0,124,23.7,Mild,February,2,Saturday
2025-02-15,19:00,Chennai,21.1,76,8.4,1017.9,0.0,0,114,23.7,Mild,February,2,Saturday
2025-02-15,20:00,Hyderabad,21.5,69,9.3,1013.1,0.0,0,137,23.7,Mild,February,2,Saturday
2025-02-15,21:00,Mumbai,18.6,84,8.2,1019.4,0.0,0,124,23.7,Mild,February,2,Saturday
2025-02-15,22:00,Delhi,18.1,55,10.5,1015.2,0.0,0,182,23.7,Mild,February,2,Saturday
2025-02-15,23:00,Bangalore,14.9,71,5.9,1014.7,0.0,0,105,23.7,Cold,February,2,Saturday
2025-02-16,00:00,Chennai,22.9,69,8.5,1017.0,0.0,0,95,24.8,Mild,February,2,Sunday
2025-02-16,01:00,Hyderabad,24.3,54,6.5,1010.5,0.0,0,114,24.8,Mild,February,2,Sunday
2025-02-16,02:00,Mumbai,20.9,71,9.4,1016.4,0.0,0,129,24.8,Mild,February,2,Sunday
2025-02-16,03:00,Delhi,21.2,52,11.6,1016.0,0.0,0,182,24.8,Mild,February,2,Sunday
2025-02-16,04:00,Bangalore,21.8,66,5.8,1015.0,0.0,0,77,24.8,Mild,February,2,Sunday
2025-02-16,05:00,Chennai,26.8,62,2.4,1020.7,0.0,0,124,24.8,Warm,February,2,Sunday
2025-02-16,06:00,Hyderabad,29.3,55,6.6,1010.2,0.0,0,95,24.8,Warm,February,2,Sunday
2025-02-16,07:00,Mumbai,28.0,75,5.1,1015.2,4.9,1,137,24.8,Warm,February,2,Sunday
2025-02-16,08:00,Delhi,27.7,48,11.1,1013.3,0.0,2,212,24.8,Warm,February,2,Sunday
2025-02-16,09:00,Bangalore,24.3,71,10.8,1016.7,0.0,3,110,24.8,Mild,February,2,Sunday
2025-02-16,10:00,Chennai,30.0,71,9.7,1014.4,0.0,5,133,24.8,Warm,February,2,Sunday
2025-02-16,11:00,Hyderabad,32.8,41,8.7,1008.0,0.0,6,108,24.8,Warm,February,2,Sunday
2025-02-16,12:00,Mumbai,30.6,70,10.5,1013.4,0.0,8,132,24.8,Warm,February,2,Sunday
2025-02-16,13:00,Delhi,27.5,44,6.7,1017.7,0.0,6,176,24.8,Warm,February,2,Sunday
2025-02-16,14:00,Bangalore,23.9,69,12.1,1017.7,0.0,4,94,24.8,Mild,February,2,Sunday
2025-02-16,15:00,Chennai,29.7,68,9.7,1007.2,0.0,3,138,24.8,Warm,February,2,Sunday
2025-02-16,16:00,Hyderabad,28.4,50,7.1,1015.2,0.0,2,117,24.8,Warm,February,2,Sunday
2025-02-16,17:00,Mumbai,25.5,70,4.2,1012.5,0.0,0,154,24.8,Warm,February,2,Sunday
2025-02-16,18:00,Delhi,19.4,54,8.3,1015.2,0.0,0,216,24.8,Mild,February,2,Sunday
2025-02-16,19:00,Bangalore,18.3,65,11.9,1013.1,0.0,0,116,24.8,Mild,February,2,Sunday
2025-02-16,20:00,Chennai,23.5,72,8.3,1011.1,0.0,0,120,24.8,Mild,February,2,Sunday
2025-02-16,21:00,Hyderabad,19.6,62,10.0,1013.7,0.0,0,128,24.8,Mild,February,2,Sunday
2025-02-16,22:00,Mumbai,23.6,76,5.3,1012.6,0.0,0,113,24.8,Mild,February,2,Sunday
2025-02-16,23:00,Delhi,15.7,53,1.2,1013.6,0.0,0,183,24.8,Mild,February,2,Sunday
2025-02-17,00:00,Bangalore,16.5,62,9.5,1019.1,5.7,0,107,24.4,Mild,February,2,Monday
2025-02-17,01:00,Chennai,21.8,81,8.3,1020.3,0.0,0,105,24.4,Mild,February,2,Monday
2025-02-17,02:00,Hyderabad,25.5,59,9.8,1017.2,0.0,0,119,24.4,Warm,February,2,Monday
2025-02-17,03:00,Mumbai,23.6,75,7.5,1016.8,0.0,0,130,24.4,Mild,February,2,Monday
2025-02-17,04:00,Delhi,20.1,56,8.4,1018.8,0.0,0,212,24.4,Mild,February,2,Monday
2025-02-17,05:00,Bangalore,19.8,73,8.3,1016.6,0.0,0,107,24.4,Mild,February,2,Monday
2025-02-17,06:00,Chennai,27.0,68,5.4,1014.2,0.0,0,111,24.4,Warm,February,2,Monday
2025-02-17,07:00,Hyderabad,30.4,57,3.9,1020.6,0.0,0,138,24.4,Warm,February,2,Monday
2025-02-17,08:00,Mumbai,26.8,75,8.7,1018.7,0.0,2,136,24.4,Warm,February,2,Monday
2025-02-17,09:00,Delhi,27.2,36,3.2,1013.9,0.0,4,210,24.4,Warm,February,2,Monday
2025-02-17,10:00,Bangalore,27.4,63,5.4,1018.8,0.0,5,138,24.4,Warm,February,2,Monday
2025-02-17,11:00,Chennai,27.7,72,6.6,1016.6,0.0,7,128,24.4,Warm,February,2,Monday
2025-02-17,12:00,Hyderabad,32.4,53,3.7,1008.8,0.0,8,114,24.4,Warm,February,2,Monday
2025-02-17,13:00,Mumbai,31.0,66,3.5,1010.3,0.0,6,143,24.4,Warm,February,2,Monday
2025-02-17,14:00,Delhi,24.5,52,8.5,1016.4,0.0,6,181,24.4,Mild,February,2,Monday
2025-02-17,15:00,Bangalore,26.3,52,5.0,1011.4,0.0,4,116,24.4,Warm,February,2,Monday
2025-02-17,16:00,Chennai,28.0,65,11.2,1009.5,0.0,2,102,24.4,Warm,February,2,Monday
2025-02-17,17:00,Hyderabad,27.2,58,5.5,1012.4,0.0,1,128,24.4,Warm,February,2,Monday
2025-02-17,18:00,Mumbai,22.9,84,10.9,1010.8,0.0,0,149,24.4,Mild,February,2,Monday
2025-02-17,19:00,Delhi,19.1,54,8.4,1016.9,0.0,0,212,24.4,Mild,February,2,Monday
2025-02-17,20:00,Bangalore,16.4,79,7.0,1014.9,0.0,0,163,24.4,Mild,February,2,Monday
2025-02-17,21:00,Chennai,21.5,74,3.1,1015.9,0.0,0,114,24.4,Mild,February,2,Monday
2025-02-17,22:00,Hyderabad,23.2,52,5.5,1016.8,0.0,0,112,24.4,Mild,February,2,Monday
2025-02-17,23:00,Mumbai,19.0,70,7.6,1018.1,0.0,0,139,24.4,Mild,February,2,Monday
2025-02-18,00:00,Delhi,17.1,49,2.8,1016.3,0.0,0,187,24.4,Mild,February,2,Tuesday
2025-02-18,01:00,Bangalore,15.0,73,5.5,1019.5,0.0,0,124,24.4,Mild,February,2,Tuesday
2025-02-18,02:00,Chennai,22.8,79,5.3,1014.1,0.0,0,134,24.4,Mild,February,2,Tuesday
2025-02-18,03:00,Hyderabad,27.0,66,8.3,1015.3,0.0,0,110,24.4,Warm,February,2,Tuesday
2025-02-18,04:00,Mumbai,23.6,70,8.7,1011.3,0.0,0,150,24.4,Mild,February,2,Tuesday
2025-02-18,05:00,Delhi,22.3,53,7.2,1017.9,0.0,0,186,24.4,Mild,February,2,Tuesday
2025-02-18,06:00,Bangalore,20.6,63,13.6,1009.6,0.0,0,114,24.4,Mild,February,2,Tuesday
2025-02-18,07:00,Chennai,28.7,71,5.0,1012.0,0.0,1,118,24.4,Warm,February,2,Tuesday
2025-02-18,08:00,Hyderabad,30.1,54,6.7,1009.7,0.0,3,148,24.4,Warm,February,2,Tuesday
2025-02-18,09:00,Mumbai,29.5,73,7.4,1012.2,0.0,3,144,24.4,Warm,February,2,Tuesday
2025-02-18,10:00,Delhi,27.8,42,8.8,1014.9,0.0,5,205,24.4,Warm,February,2,Tuesday
2025-02-18,11:00,Bangalore,28.8,58,9.4,1014.8,0.0,6,91,24.4,Warm,February,2,Tuesday
2025-02-18,12:00,Chennai,28.0,62,5.0,1011.7,0.0,8,116,24.4,Warm,February,2,Tuesday
2025-02-18,13:00,Hyderabad,31.6,55,3.6,1015.7,0.0,7,106,24.4,Warm,February,2,Tuesday
2025-02-18,14:00,Mumbai,27.1,73,7.8,1011.4,0.0,4,135,24.4,Warm,February,2,Tuesday
2025-02-18,15:00,Delhi,24.1,45,3.9,1011.2,0.0,4,215,24.4,Mild,February,2,Tuesday
2025-02-18,16:00,Bangalore,22.1,60,9.6,1014.4,0.0,1,122,24.4,Mild,February,2,Tuesday
2025-02-18,17:00,Chennai,26.1,81,7.4,1018.3,0.0,2,120,24.4,Warm,February,2,Tuesday
2025-02-18,18:00,Hyderabad,25.5,55,0.0,1014.7,0.0,0,134,24.4,Warm,February,2,Tuesday
2025-02-18,19:00,Mumbai,25.0,79,6.5,1017.4,0.0,0,131,24.4,Warm,February,2,Tuesday
2025-02-18,20:00,Delhi,18.3,61,10.1,1016.5,0.0,0,193,24.4,Mild,February,2,Tuesday
2025-02-18,21:00,Bangalore,17.5,66,9.5,1016.8,0.0,0,95,24.4,Mild,February,2,Tuesday
2025-02-18,22:00,Chennai,23.3,71,8.1,1012.9,0.0,0,112,24.4,Mild,February,2,Tuesday
2025-02-18,23:00,Hyderabad,23.7,67,9.0,1013.4,2.6,0,115,24.4,Mild,February,2,Tuesday
2025-02-19,00:00,Mumbai,22.5,74,8.8,1015.6,0.0,0,112,24.3,Mild,February,2,Wednesday
2025-02-19,01:00,Delhi,17.0,58,12.4,1017.9,0.0,0,182,24.3,Mild,February,2,Wednesday
2025-02-19,02:00,Bangalore,14.8,74,4.0,1016.2,0.0,0,79,24.3,Cold,February,2,Wednesday
2025-02-19,03:00,Chennai,23.4,74,13.2,1015.1,0.0,0,125,24.3,Mild,February,2,Wednesday
2025-02-19,04:00,Hyderabad,25.1,59,9.3,1006.5,0.0,0,137,24.3,Warm,February,2,Wednesday
2025-02-19,05:00,Mumbai,26.3,79,9.1,1020.2,0.0,0,133,24.3,Warm,February,2,Wednesday
2025-02-19,06:00,Delhi,22.5,53,10.7,1017.3,0.0,0,193,24.3,Mild,February,2,Wednesday
2025-02-19,07:00,Bangalore,24.5,52,6.2,1016.2,0.0,1,110,24.3,Mild,February,2,Wednesday
2025-02-19,08:00,Chennai,30.9,65,10.7,1011.7,0.0,2,123,24.3,Warm,February,2,Wednesday
2025-02-19,09:00,Hyderabad,30.2,58,8.9,1011.6,0.0,4,146,24.3,Warm,February,2,Wednesday
2025-02-19,10:00,Mumbai,31.5,78,7.7,1016.1,0.0,6,163,24.3,Warm,February,2,Wednesday
2025-02-19,11:00,Delhi,26.8,41,0.8,1013.0,0.0,6,197,24.3,Warm,February,2,Wednesday
2025-02-19,12:00,Bangalore,25.0,67,5.2,1012.4,0.0,9,92,24.3,Warm,February,2,Wednesday
2025-02-19,13:00,Chennai,31.8,67,12.0,1014.6,0.0,6,123,24.3,Warm,February,2,Wednesday
2025-02-19,14:00,Hyderabad,29.8,54,3.0,1012.3,0.0,5,118,24.3,Warm,February,2,Wednesday
2025-02-19,15:00,Mumbai,28.9,71,8.8,1016.9,0.0,3,129,24.3,Warm,February,2,Wednesday
2025-02-19,16:00,Delhi,22.0,50,12.2,1015.6,0.0,2,184,24.3,Mild,February,2,Wednesday
2025-02-19,17:00,Bangalore,20.0,77,8.9,1014.9,0.0,1,134,24.3,Mild,February,2,Wednesday
2025-02-19,18:00,Chennai,23.5,73,12.6,1014.2,0.0,0,124,24.3,Mild,February,2,Wednesday
2025-02-19,19:00,Hyderabad,26.0,68,8.2,1016.0,0.0,0,138,24.3,Warm,February,2,Wednesday
2025-02-19,20:00,Mumbai,22.6,78,11.4,1017.4,0.0,0,153,24.3,Mild,February,2,Wednesday
2025-02-19,21:00,Delhi,17.2,62,10.3,1015.0,0.0,0,207,24.3,Mild,February,2,Wednesday
2025-02-19,22:00,Bangalore,16.7,74,7.3,1020.2,0.0,0,102,24.3,Mild,February,2,Wednesday
2025-02-19,23:00,Chennai,23.6,84,11.9,1013.5,0.0,0,119,24.3,Mild,February,2,Wednesday
2025-02-20,00:00,Hyderabad,19.9,62,8.4,1010.5,0.0,0,131,23.9,Mild,February,2,Thursday
2025-02-20,01:00,Mumbai,21.5,81,4.0,1019.1,0.0,0,122,23.9,Mild,February,2,Thursday
2025-02-20,02:00,Delhi,18.4,50,4.8,1017.2,0.0,0,186,23.9,Mild,February,2,Thursday
2025-02-20,03:00,Bangalore,18.3,73,10.6,1017.6,12.6,0,111,23.9,Mild,February,2,Thursday
2025-02-20,04:00,Chennai,24.6,66,14.4,1011.4,0.0,0,105,23.9,Mild,February,2,Thursday
2025-02-20,05:00,Hyderabad,28.4,52,4.9,1012.8,0.0,0,121,23.9,Warm,February,2,Thursday
2025-02-20,06:00,Mumbai,25.5,77,9.1,1017.4,0.0,0,120,23.9,Warm,February,2,Thursday
2025-02-20,07:00,Delhi,22.9,50,6.3,1010.8,0.0,2,181,23.9,Mild,February,2,Thursday
2025-02-20,08:00,Bangalore,24.7,65,9.6,1010.7,0.0,2,103,23.9,Mild,February,2,Thursday
2025-02-20,09:00,Chennai,30.3,73,7.0,1010.8,0.0,5,123,23.9,Warm,February,2,Thursday
2025-02-20,10:00,Hyderabad,34.5,52,3.9,1006.4,0.0,4,121,23.9,Warm,February,2,Thursday
2025-02-20,11:00,Mumbai,29.7,69,3.0,1015.7,0.0,6,159,23.9,Warm,February,2,Thursday
2025-02-20,12:00,Delhi,26.2,43,6.9,1017.0,0.0,8,184,23.9,Warm,February,2,Thursday
2025-02-20,13:00,Bangalore,23.8,58,7.1,1016.2,0.0,7,99,23.9,Mild,February,2,Thursday
2025-02-20,14:00,Chennai,28.1,83,8.1,1013.4,0.0,5,101,23.9,Warm,February,2,Thursday
2025-02-20,15:00,Hyderabad,28.3,49,9.4,1016.1,0.0,4,127,23.9,Warm,February,2,Thursday
2025-02-20,16:00,Mumbai,28.5,69,8.8,1011.7,0.0,3,148,23.9,Warm,February,2,Thursday
2025-02-20,17:00,Delhi,21.9,62,4.5,1017.7,0.0,1,199,23.9,Mild,February,2,Thursday
2025-02-20,18:00,Bangalore,19.4,73,7.5,1018.9,0.0,0,122,23.9,Mild,February,2,Thursday
2025-02-20,19:00,Chennai,24.1,73,8.0,1014.4,0.0,0,135,23.9,Mild,February,2,Thursday
2025-02-20,20:00,Hyderabad,23.5,59,7.9,1007.9,0.0,0,113,23.9,Mild,February,2,Thursday
2025-02-20,21:00,Mumbai,22.8,73,6.3,1017.9,0.0,0,165,23.9,Mild,February,2,Thursday
2025-02-20,22:00,Delhi,13.6,62,1.5,1016.4,0.0,0,179,23.9,Cold,February,2,Thursday
2025-02-20,23:00,Bangalore,15.3,75,10.7,1019.4,0.0,0,101,23.9,Mild,February,2,Thursday
2025-02-21,00:00,Chennai,18.3,81,11.1,1018.2,0.0,0,107,24.2,Mild,February,2,Friday
2025-02-21,01:00,Hyderabad,23.5,55,4.8,1012.0,0.0,0,113,24.2,Mild,February,2,Friday
2025-02-21,02:00,Mumbai,22.7,88,7.3,1015.4,0.0,0,127,24.2,Mild,February,2,Friday
2025-02-21,03:00,Delhi,22.3,53,6.5,1018.2,0.0,0,176,24.2,Mild,February,2,Friday
2025-02-21,04:00,Bangalore,21.1,71,9.6,1022.0,0.0,0,93,24.2,Mild,February,2,Friday
2025-02-21,05:00,Chennai,28.2,60,7.8,1011.0,0.0,0,124,24.2,Warm,February,2,Friday
2025-02-21,06:00,Hyderabad,29.9,46,5.4,1011.5,0.0,0,114,24.2,Warm,February,2,Friday
2025-02-21,07:00,Mumbai,30.3,60,6.2,1014.5,0.0,1,125,24.2,Warm,February,2,Friday
2025-02-21,08:00,Delhi,24.8,51,12.9,1013.9,0.0,2,203,24.2,Mild,February,2,Friday
2025-02-21,09:00,Bangalore,24.7,73,5.2,1014.8,0.0,3,94,24.2,Mild,February,2,Friday
2025-02-21,10:00,Chennai,31.5,68,9.1,1007.8,0.0,5,121,24.2,Warm,February,2,Friday
2025-02-21,11:00,Hyderabad,29.4,63,5.9,1009.7,0.0,6,116,24.2,Warm,February,2,Friday
2025-02-21,12:00,Mumbai,28.2,66,10.9,1008.1,0.0,8,130,24.2,Warm,February,2,Friday
2025-02-21,13:00,Delhi,27.3,49,8.7,1013.4,0.0,5,198,24.2,Warm,February,2,Friday
2025-02-21,14:00,Bangalore,25.7,70,2.1,1014.1,0.0,5,82,24.2,Warm,February,2,Friday
2025-02-21,15:00,Chennai,28.1,73,7.7,1010.6,0.0,4,98,24.2,Warm,February,2,Friday
2025-02-21,16:00,Hyderabad,28.3,57,11.0,1010.3,0.0,2,141,24.2,Warm,February,2,Friday
2025-02-21,17:00,Mumbai,24.7,68,8.0,1013.2,0.0,1,150,24.2,Mild,February,2,Friday
2025-02-21,18:00,Delhi,18.7,50,6.5,1017.9,0.0,0,201,24.2,Mild,February,2,Friday
2025-02-21,19:00,Bangalore,17.1,73,4.9,1016.0,0.0,0,108,24.2,Mild,February,2,Friday
2025-02-21,20:00,Chennai,21.3,83,9.2,1020.3,0.0,0,128,24.2,Mild,February,2,Friday
2025-02-21,21:00,Hyderabad,22.4,63,6.6,1012.3,0.0,0,120,24.2,Mild,February,2,Friday
2025-02-21,22:00,Mumbai,19.3,70,11.8,1016.0,0.0,0,114,24.2,Mild,February,2,Friday
2025-02-21,23:00,Delhi,13.1,58,5.0,1015.7,0.0,0,188,24.2,Cold,February,2,Friday
2025-02-22,00:00,Bangalore,17.5,79,6.8,1017.7,0.0,0,86,24.3,Mild,February,2,Saturday
2025-02-22,01:00,Chennai,20.7,80,4.2,1014.1,0.0,0,116,24.3,Mild,February,2,Saturday
2025-02-22,02:00,Hyderabad,23.4,56,9.3,1016.6,0.0,0,119,24.3,Mild,February,2,Saturday
2025-02-22,03:00,Mumbai,23.1,74,4.1,1011.2,0.0,0,97,24.3,Mild,February,2,Saturday
2025-02-22,04:00,Delhi,22.5,49,11.7,1009.5,0.0,0,197,24.3,Mild,February,2,Saturday
2025-02-22,05:00,Bangalore,21.2,80,10.7,1013.3,0.0,0,91,24.3,Mild,February,2,Saturday
2025-02-22,06:00,Chennai,26.5,67,10.2,1014.5,0.0,0,87,24.3,Warm,February,2,Saturday
2025-02-22,07:00,Hyderabad,29.0,51,6.1,1008.3,0.0,1,96,24.3,Warm,February,2,Saturday
2025-02-22,08:00,Mumbai,28.6,67,6.4,1011.1,0.0,3,151,24.3,Warm,February,2,Saturday
2025-02-22,09:00,Delhi,25.8,43,11.9,1014.8,0.0,4,224,24.3,Warm,February,2,Saturday
2025-02-22,10:00,Bangalore,26.4,59,3.7,1014.5,0.0,5,117,24.3,Warm,February,2,Saturday
2025-02-22,11:00,Chennai,34.3,68,8.5,1009.9,0.0,7,116,24.3,Warm,February,2,Saturday
2025-02-22,12:00,Hyderabad,29.5,53,4.4,1013.4,0.0,8,99,24.3,Warm,February,2,Saturday
2025-02-22,13:00,Mumbai,31.9,74,14.3,1011.1,0.0,6,125,24.3,Warm,February,2,Saturday
2025-02-22,14:00,Delhi,23.3,47,9.1,1016.1,0.0,6,203,24.3,Mild,February,2,Saturday
2025-02-22,15:00,Bangalore,24.0,63,11.5,1014.4,0.0,3,101,24.3,Mild,February,2,Saturday
2025-02-22,16:00,Chennai,27.6,69,5.7,1020.6,0.0,2,97,24.3,Warm,February,2,Saturday
2025-02-22,17:00,Hyderabad,25.5,60,6.8,1010.9,0.0,1,146,24.3,Warm,February,2,Saturday
2025-02-22,18:00,Mumbai,24.7,76,8.9,1012.6,0.0,0,166,24.3,Mild,February,2,Saturday
2025-02-22,19:00,Delhi,21.8,49,8.6,1018.2,0.0,0,201,24.3,Mild,February,2,Saturday
2025-02-22,20:00,Bangalore,17.4,69,10.9,1019.3,0.0,0,113,24.3,Mild,February,2,Saturday
2025-02-22,21:00,Chennai,21.9,79,6.7,1011.9,0.0,0,110,24.3,Mild,February,2,Saturday
2025-02-22,22:00,Hyderabad,17.6,63,6.1,1013.7,0.0,0,132,24.3,Mild,February,2,Saturday
2025-02-22,23:00,Mumbai,19.6,75,13.3,1023.8,0.0,0,146,24.3,Mild,February,2,Saturday
2025-02-23,00:00,Delhi,17.9,56,8.7,1019.5,0.0,0,199,24.5,Mild,February,2,Sunday
2025-02-23,01:00,Bangalore,16.2,67,6.8,1019.2,0.0,0,105,24.5,Mild,February,2,Sunday
2025-02-23,02:00,Chennai,23.1,64,13.5,1014.0,0.0,0,118,24.5,Mild,February,2,Sunday
2025-02-23,03:00,Hyderabad,26.0,65,6.1,1019.4,0.0,0,101,24.5,Warm,February,2,Sunday
2025-02-23,04:00,Mumbai,24.2,78,5.2,1009.8,0.0,0,114,24.5,Mild,February,2,Sunday
2025-02-23,05:00,Delhi,23.8,48,5.2,1018.9,0.0,0,174,24.5,Mild,February,2,Sunday
2025-02-23,06:00,Bangalore,22.3,69,5.2,1015.6,0.0,0,108,24.5,Mild,February,2,Sunday
2025-02-23,07:00,Chennai,29.5,62,11.4,1017.7,0.0,1,112,24.5,Warm,February,2,Sunday
2025-02-23,08:00,Hyderabad,29.8,49,5.0,1016.6,0.0,4,125,24.5,Warm,February,2,Sunday
2025-02-23,09:00,Mumbai,30.2,59,11.1,1017.0,0.0,3,163,24.5,Warm,February,2,Sunday
2025-02-23,10:00,Delhi,24.4,45,9.4,1015.7,0.0,5,211,24.5,Mild,February,2,Sunday
2025-02-23,11:00,Bangalore,26.1,70,9.7,1010.9,0.0,6,117,24.5,Warm,February,2,Sunday
2025-02-23,12:00,Chennai,30.9,59,7.7,1009.2,0.0,8,129,24.5,Warm,February,2,Sunday
2025-02-23,13:00,Hyderabad,30.2,49,10.3,1017.1,0.0,6,114,24.5,Warm,February,2,Sunday
2025-02-23,14:00,Mumbai,27.1,72,12.9,1019.2,0.0,5,113,24.5,Warm,February,2,Sunday
2025-02-23,15:00,Delhi,24.5,39,3.2,1011.8,0.0,3,190,24.5,Mild,February,2,Sunday
2025-02-23,16:00,Bangalore,23.3,68,5.0,1018.0,0.0,2,100,24.5,Mild,February,2,Sunday
2025-02-23,17:00,Chennai,26.9,73,6.8,1009.0,0.0,1,126,24.5,Warm,February,2,Sunday
2025-02-23,18:00,Hyderabad,27.3,59,12.8,1011.9,0.0,0,150,24.5,Warm,February,2,Sunday
2025-02-23,19:00,Mumbai,22.5,76,7.3,1011.2,0.0,0,148,24.5,Mild,February,2,Sunday
2025-02-23,20:00,Delhi,17.6,60,6.7,1019.2,22.3,0,209,24.5,Mild,February,2,Sunday
2025-02-23,21:00,Bangalore,18.4,73,10.1,1019.6,0.0,0,112,24.5,Mild,February,2,Sunday
2025-02-23,22:00,Chennai,22.8,77,10.5,1018.8,0.0,0,106,24.5,Mild,February,2,Sunday
2025-02-23,23:00,Hyderabad,23.2,57,8.8,1015.6,0.0,0,114,24.5,Mild,February,2,Sunday
2025-02-24,00:00,Mumbai,21.6,74,6.1,1018.1,0.0,0,135,24.3,Mild,February,2,Monday
2025-02-24,01:00,Delhi,17.4,55,8.8,1012.9,0.0,0,202,24.3,Mild,February,2,Monday
2025-02-24,02:00,Bangalore,18.5,72,3.6,1017.0,0.0,0,91,24.3,Mild,February,2,Monday
2025-02-24,03:00,Chennai,24.9,74,3.5,1012.2,0.0,0,133,24.3,Mild,February,2,Monday
2025-02-24,04:00,Hyderabad,22.8,60,9.6,1012.7,0.0,0,121,24.3,Mild,February,2,Monday
2025-02-24,05:00,Mumbai,26.2,76,10.9,1014.4,0.0,0,121,24.3,Warm,February,2,Monday
2025-02-24,06:00,Delhi,21.5,63,7.7,1012.4,0.0,0,191,24.3,Mild,February,2,Monday
2025-02-24,07:00,Bangalore,24.0,67,5.7,1014.6,0.0,2,75,24.3,Mild,February,2,Monday
2025-02-24,08:00,Chennai,30.1,77,9.5,1017.4,0.0,2,116,24.3,Warm,February,2,Monday
2025-02-24,09:00,Hyderabad,33.8,66,4.4,1009.6,0.0,4,137,24.3,Warm,February,2,Monday
2025-02-24,10:00,Mumbai,34.3,65,4.3,1013.6,0.0,6,148,24.3,Warm,February,2,Monday
2025-02-24,11:00,Delhi,26.8,54,8.3,1016.7,0.0,6,188,24.3,Warm,February,2,Monday
2025-02-24,12:00,Bangalore,25.9,67,7.5,1017.0,0.0,8,108,24.3,Warm,February,2,Monday
2025-02-24,13:00,Chennai,31.3,67,7.9,1010.5,0.0,7,111,24.3,Warm,February,2,Monday
2025-02-24,14:00,Hyderabad,32.5,64,6.3,1014.2,0.0,6,121,24.3,Warm,February,2,Monday
2025-02-24,15:00,Mumbai,29.4,67,7.8,1010.3,0.0,3,127,24.3,Warm,February,2,Monday
2025-02-24,16:00,Delhi,23.2,47,3.3,1019.2,0.0,2,183,24.3,Mild,February,2,Monday
2025-02-24,17:00,Bangalore,18.7,63,6.9,1014.8,0.0,1,117,24.3,Mild,February,2,Monday
2025-02-24,18:00,Chennai,23.9,71,6.6,1005.9,0.0,0,126,24.3,Mild,February,2,Monday
2025-02-24,19:00,Hyderabad,25.7,64,7.9,1020.4,0.0,0,162,24.3,Warm,February,2,Monday
2025-02-24,20:00,Mumbai,20.2,82,6.0,1014.6,0.0,0,119,24.3,Mild,February,2,Monday
2025-02-24,21:00,Delhi,15.1,62,7.4,1017.5,0.0,0,187,24.3,Mild,February,2,Monday
2025-02-24,22:00,Bangalore,15.9,77,9.1,1018.5,0.0,0,87,24.3,Mild,February,2,Monday
2025-02-24,23:00,Chennai,19.7,80,13.5,1010.3,0.0,0,115,24.3,Mild,February,2,Monday
2025-02-25,00:00,Hyderabad,21.3,62,5.0,1015.4,0.0,0,127,24.6,Mild,February,2,Tuesday
2025-02-25,01:00,Mumbai,22.2,83,11.8,1011.7,0.0,0,126,24.6,Mild,February,2,Tuesday
2025-02-25,02:00,Delhi,17.3,53,10.0,1015.8,0.0,0,175,24.6,Mild,February,2,Tuesday
2025-02-25,03:00,Bangalore,20.2,68,9.6,1016.4,0.0,0,113,24.6,Mild,February,2,Tuesday
2025-02-25,04:00,Chennai,24.8,73,3.8,1014.6,0.0,0,137,24.6,Mild,February,2,Tuesday
2025-02-25,05:00,Hyderabad,29.0,55,5.7,1011.5,0.0,0,115,24.6,Warm,February,2,Tuesday
2025-02-25,06:00,Mumbai,25.6,72,5.0,1012.3,0.0,0,139,24.6,Warm,February,2,Tuesday
2025-02-25,07:00,Delhi,22.5,53,15.6,1018.8,0.0,2,210,24.6,Mild,February,2,Tuesday
2025-02-25,08:00,Bangalore,24.8,64,6.6,1014.5,0.0,2,131,24.6,Mild,February,2,Tuesday
2025-02-25,09:00,Chennai,29.4,59,6.3,1013.6,0.0,4,137,24.6,Warm,February,2,Tuesday
2025-02-25,10:00,Hyderabad,30.1,56,9.8,1012.5,0.0,5,141,24.6,Warm,February,2,Tuesday
2025-02-25,11:00,Mumbai,31.6,72,13.5,1013.8,0.0,7,128,24.6,Warm,February,2,Tuesday
2025-02-25,12:00,Delhi,27.2,48,9.6,1010.6,0.0,9,198,24.6,Warm,February,2,Tuesday
2025-02-25,13:00,Bangalore,26.4,74,3.7,1017.0,0.0,7,110,24.6,Warm,February,2,Tuesday
2025-02-25,14:00,Chennai,28.2,68,8.4,1015.9,0.0,5,123,24.6,Warm,February,2,Tuesday
2025-02-25,15:00,Hyderabad,30.4,57,8.8,1012.5,0.0,4,125,24.6,Warm,February,2,Tuesday
2025-02-25,16:00,Mumbai,27.2,71,5.3,1013.3,0.0,2,117,24.6,Warm,February,2,Tuesday
2025-02-25,17:00,Delhi,22.0,53,10.3,1016.0,0.0,1,200,24.6,Mild,February,2,Tuesday
2025-02-25,18:00,Bangalore,19.7,69,6.8,1015.1,0.0,0,136,24.6,Mild,February,2,Tuesday
2025-02-25,19:00,Chennai,26.7,75,8.5,1016.6,0.0,0,143,24.6,Warm,February,2,Tuesday
2025-02-25,20:00,Hyderabad,25.1,55,12.2,1010.8,0.0,0,137,24.6,Warm,February,2,Tuesday
2025-02-25,21:00,Mumbai,22.4,86,12.5,1012.7,0.0,0,142,24.6,Mild,February,2,Tuesday
2025-02-25,22:00,Delhi,20.7,47,11.2,1013.3,0.0,0,174,24.6,Mild,February,2,Tuesday
2025-02-25,23:00,Bangalore,16.2,69,6.5,1015.9,0.0,0,96,24.6,Mild,February,2,Tuesday
2025-02-26,00:00,Chennai,21.4,76,11.8,1013.4,0.0,0,122,25.1,Mild,February,2,Wednesday
2025-02-26,01:00,Hyderabad,21.2,62,8.1,1017.2,0.0,0,117,25.1,Mild,February,2,Wednesday
2025-02-26,02:00,Mumbai,22.0,80,7.1,1010.2,0.0,0,144,25.1,Mild,February,2,Wednesday
2025-02-26,03:00,Delhi,21.0,56,7.4,1023.9,0.0,0,210,25.1,Mild,February,2,Wednesday
2025-02-26,04:00,Bangalore,19.4,71,3.9,1018.3,0.0,0,107,25.1,Mild,February,2,Wednesday
2025-02-26,05:00,Chennai,25.4,74,3.9,1014.5,0.0,0,127,25.1,Warm,February,2,Wednesday
2025-02-26,06:00,Hyderabad,27.2,55,9.3,1011.2,0.0,0,127,25.1,Warm,February,2,Wednesday
2025-02-26,07:00,Mumbai,27.8,63,7.4,1011.6,24.8,2,131,25.1,Warm,February,2,Wednesday
2025-02-26,08:00,Delhi,29.5,42,10.6,1014.2,0.0,3,188,25.1,Warm,February,2,Wednesday
2025-02-26,09:00,Bangalore,25.8,66,12.8,1007.9,0.0,4,142,25.1,Warm,February,2,Wednesday
2025-02-26,10:00,Chennai,32.3,67,12.5,1011.2,0.0,7,135,25.1,Warm,February,2,Wednesday
2025-02-26,11:00,Hyderabad,31.1,59,7.4,1011.7,0.0,7,117,25.1,Warm,February,2,Wednesday
2025-02-26,12:00,Mumbai,30.6,71,11.4,1014.6,0.0,8,136,25.1,Warm,February,2,Wednesday
2025-02-26,13:00,Delhi,26.9,39,7.2,1011.5,0.0,6,207,25.1,Warm,February,2,Wednesday
2025-02-26,14:00,Bangalore,24.8,60,11.5,1019.7,0.0,5,90,25.1,Mild,February,2,Wednesday
2025-02-26,15:00,Chennai,32.0,67,5.4,1006.9,0.0,4,91,25.1,Warm,February,2,Wednesday
2025-02-26,16:00,Hyderabad,26.6,57,6.4,1014.8,0.0,1,115,25.1,Warm,February,2,Wednesday
2025-02-26,17:00,Mumbai,26.9,74,6.5,1012.5,0.0,1,129,25.1,Warm,February,2,Wednesday
2025-02-26,18:00,Delhi,22.9,42,5.5,1015.6,0.0,0,198,25.1,Mild,February,2,Wednesday
2025-02-26,19:00,Bangalore,19.9,61,8.5,1017.4,0.0,0,101,25.1,Mild,February,2,Wednesday
2025-02-26,20:00,Chennai,21.4,78,8.4,1014.5,0.0,0,128,25.1,Mild,February,2,Wednesday
2025-02-26,21:00,Hyderabad,23.4,55,3.9,1013.6,0.0,0,116,25.1,Mild,February,2,Wednesday
2025-02-26,22:00,Mumbai,25.4,67,6.5,1014.6,0.0,0,126,25.1,Warm,February,2,Wednesday
2025-02-26,23:00,Delhi,17.9,54,6.5,1018.5,0.0,0,196,25.1,Mild,February,2,Wednesday
2025-02-27,00:00,Bangalore,19.3,66,0.0,1015.8,0.0,0,99,25.4,Mild,February,2,Thursday
2025-02-27,01:00,Chennai,22.4,71,8.6,1013.7,0.0,0,103,25.4,Mild,February,2,Thursday
2025-02-27,02:00,Hyderabad,25.6,60,6.0,1016.3,0.0,0,130,25.4,Warm,February,2,Thursday
2025-02-27,03:00,Mumbai,25.8,77,12.1,1010.6,0.0,0,130,25.4,Warm,February,2,Thursday
2025-02-27,04:00,Delhi,20.6,58,7.2,1015.2,0.0,0,172,25.4,Mild,February,2,Thursday
2025-02-27,05:00,Bangalore,20.4,75,6.5,1018.3,0.0,0,82,25.4,Mild,February,2,Thursday
2025-02-27,06:00,Chennai,29.4,69,5.1,1014.2,0.0,0,124,25.4,Warm,February,2,Thursday
2025-02-27,07:00,Hyderabad,32.0,44,8.1,1016.2,0.0,2,140,25.4,Warm,February,2,Thursday
2025-02-27,08:00,Mumbai,29.3,72,8.7,1010.5,0.0,3,142,25.4,Warm,February,2,Thursday
2025-02-27,09:00,Delhi,28.5,48,9.0,1013.8,0.0,3,204,25.4,Warm,February,2,Thursday
2025-02-27,10:00,Bangalore,29.7,58,6.7,1015.9,0.0,6,127,25.4,Warm,February,2,Thursday
2025-02-27,11:00,Chennai,30.6,74,2.8,1014.8,0.0,7,126,25.4,Warm,February,2,Thursday
2025-02-27,12:00,Hyderabad,32.2,50,4.8,1011.8,0.0,9,107,25.4,Warm,February,2,Thursday
2025-02-27,13:00,Mumbai,29.1,70,5.8,1013.4,0.0,7,128,25.4,Warm,February,2,Thursday
2025-02-27,14:00,Delhi,27.2,45,8.7,1011.3,0.0,6,173,25.4,Warm,February,2,Thursday
2025-02-27,15:00,Bangalore,24.7,68,6.0,1018.8,0.0,4,123,25.4,Mild,February,2,Thursday
2025-02-27,16:00,Chennai,26.9,71,10.5,1009.8,0.0,4,110,25.4,Warm,February,2,Thursday
2025-02-27,17:00,Hyderabad,26.2,57,8.8,1016.0,0.0,1,133,25.4,Warm,February,2,Thursday
2025-02-27,18:00,Mumbai,25.3,69,6.3,1017.0,0.0,0,141,25.4,Warm,February,2,Thursday
2025-02-27,19:00,Delhi,20.4,61,2.5,1014.9,0.0,0,196,25.4,Mild,February,2,Thursday
2025-02-27,20:00,Bangalore,18.7,69,5.9,1017.8,0.0,0,130,25.4,Mild,February,2,Thursday
2025-02-27,21:00,Chennai,21.1,73,6.0,1016.3,0.0,0,110,25.4,Mild,February,2,Thursday
2025-02-27,22:00,Hyderabad,21.6,68,9.4,1017.9,0.0,0,101,25.4,Mild,February,2,Thursday
2025-02-27,23:00,Mumbai,21.6,80,11.9,1012.7,0.0,0,144,25.4,Mild,February,2,Thursday
2025-02-28,00:00,Delhi,20.7,52,7.0,1015.1,0.0,0,182,25.1,Mild,February,2,Friday
2025-02-28,01:00,Bangalore,16.7,82,7.4,1016.8,0.0,0,85,25.1,Mild,February,2,Friday
2025-02-28,02:00,Chennai,24.3,77,11.6,1019.5,0.0,0,127,25.1,Mild,February,2,Friday
2025-02-28,03:00,Hyderabad,25.1,58,8.0,1009.1,0.0,0,126,25.1,Warm,February,2,Friday
2025-02-28,04:00,Mumbai,21.3,81,9.7,1016.8,0.0,0,116,25.1,Mild,February,2,Friday
2025-02-28,05:00,Delhi,23.8,52,10.5,1010.6,0.0,0,214,25.1,Mild,February,2,Friday
2025-02-28,06:00,Bangalore,22.9,65,8.2,1014.6,0.0,0,104,25.1,Mild,February,2,Friday
2025-02-28,07:00,Chennai,28.7,62,5.0,1014.2,0.0,0,111,25.1,Warm,February,2,Friday
2025-02-28,08:00,Hyderabad,31.5,51,9.4,1015.4,0.0,2,126,25.1,Warm,February,2,Friday
2025-02-28,09:00,Mumbai,28.6,77,6.8,1010.4,0.0,3,126,25.1,Warm,February,2,Friday
2025-02-28,10:00,Delhi,30.8,31,8.5,1011.4,0.0,5,196,25.1,Warm,February,2,Friday
2025-02-28,11:00,Bangalore,24.4,64,9.2,1014.1,0.0,7,103,25.1,Mild,February,2,Friday
2025-02-28,12:00,Chennai,31.3,72,8.6,1015.9,0.0,8,127,25.1,Warm,February,2,Friday
2025-02-28,13:00,Hyderabad,35.0,60,10.7,1009.9,0.0,7,101,25.1,Hot,February,2,Friday
2025-02-28,14:00,Mumbai,31.4,69,8.4,1015.0,0.0,5,152,25.1,Warm,February,2,Friday
2025-02-28,15:00,Delhi,25.8,43,8.3,1020.7,0.0,4,190,25.1,Warm,February,2,Friday
2025-02-28,16:00,Bangalore,21.2,73,9.7,1012.0,0.0,4,95,25.1,Mild,February,2,Friday
2025-02-28,17:00,Chennai,27.1,83,9.5,1017.9,0.0,1,115,25.1,Warm,February,2,Friday
2025-02-28,18:00,Hyderabad,28.1,61,9.8,1013.3,0.0,0,133,25.1,Warm,February,2,Friday
2025-02-28,19:00,Mumbai,26.1,78,3.8,1014.1,0.0,0,154,25.1,Warm,February,2,Friday
2025-02-28,20:00,Delhi,17.6,54,11.8,1018.6,0.0,0,202,25.1,Mild,February,2,Friday
2025-02-28,21:00,Bangalore,15.6,74,7.4,1016.9,0.0,0,109,25.1,Mild,February,2,Friday
2025-02-28,22:00,Chennai,21.8,68,11.3,1017.7,0.0,0,124,25.1,Mild,February,2,Friday
2025-02-28,23:00,Hyderabad,22.2,64,10.0,1013.8,0.0,0,120,25.1,Mild,February,2,Friday
2025-03-01,00:00,Mumbai,24.3,76,3.0,1013.4,0.0,0,81,25.2,Mild,March,3,Saturday
2025-03-01,01:00,Delhi,17.2,50,6.8,1016.2,0.0,0,145,25.2,Mild,March,3,Saturday
2025-03-01,02:00,Bangalore,18.0,67,14.2,1019.5,0.0,0,72,25.2,Mild,March,3,Saturday
2025-03-01,03:00,Chennai,25.3,67,7.4,1014.4,0.0,0,79,25.2,Warm,March,3,Saturday
2025-03-01,04:00,Hyderabad,26.5,55,5.3,1011.5,0.0,0,104,25.2,Warm,March,3,Saturday
2025-03-01,05:00,Mumbai,26.6,73,9.7,1017.5,0.0,0,122,25.2,Warm,March,3,Saturday
2025-03-01,06:00,Delhi,25.1,54,7.9,1011.6,0.0,0,148,25.2,Warm,March,3,Saturday
2025-03-01,07:00,Bangalore,21.1,67,8.7,1019.2,0.0,1,68,25.2,Mild,March,3,Saturday
2025-03-01,08:00,Chennai,30.0,68,10.6,1013.9,0.0,3,88,25.2,Warm,March,3,Saturday
2025-03-01,09:00,Hyderabad,34.0,56,7.2,1009.4,0.0,4,80,25.2,Warm,March,3,Saturday
2025-03-01,10:00,Mumbai,31.4,66,9.2,1014.7,0.0,6,102,25.2,Warm,March,3,Saturday
2025-03-01,11:00,Delhi,29.4,38,5.4,1011.2,0.0,8,125,25.2,Warm,March,3,Saturday
2025-03-01,12:00,Bangalore,27.0,55,10.3,1015.6,0.0,8,50,25.2,Warm,March,3,Saturday
2025-03-01,13:00,Chennai,32.1,61,11.0,1014.0,0.0,7,59,25.2,Warm,March,3,Saturday
2025-03-01,14:00,Hyderabad,31.4,51,13.4,1007.8,0.0,4,87,25.2,Warm,March,3,Saturday
2025-03-01,15:00,Mumbai,29.2,66,12.8,1012.5,0.0,4,75,25.2,Warm,March,3,Saturday
2025-03-01,16:00,Delhi,26.1,51,9.8,1016.8,0.0,2,157,25.2,Warm,March,3,Saturday
2025-03-01,17:00,Bangalore,18.9,64,6.9,1013.4,0.0,1,77,25.2,Mild,March,3,Saturday
2025-03-01,18:00,Chennai,27.7,77,4.0,1019.3,0.0,0,90,25.2,Warm,March,3,Saturday
2025-03-01,19:00,Hyderabad,24.2,58,9.8,1015.9,0.0,0,81,25.2,Mild,March,3,Saturday
2025-03-01,20:00,Mumbai,22.3,77,9.3,1017.7,0.0,0,96,25.2,Mild,March,3,Saturday
2025-03-01,21:00,Delhi,18.1,48,3.4,1023.2,0.0,0,148,25.2,Mild,March,3,Saturday
2025-03-01,22:00,Bangalore,18.0,65,13.3,1012.5,0.0,0,62,25.2,Mild,March,3,Saturday
2025-03-01,23:00,Chennai,21.5,82,11.0,1015.1,0.0,0,65,25.2,Mild,March,3,Saturday
2025-03-02,00:00,Hyderabad,21.7,65,6.4,1019.3,0.0,0,75,25.1,Mild,March,3,Sunday
2025-03-02,01:00,Mumbai,20.7,85,1.6,1017.9,0.0,0,98,25.1,Mild,March,3,Sunday
2025-03-02,02:00,Delhi,20.0,53,9.4,1016.1,0.0,0,145,25.1,Mild,March,3,Sunday
2025-03-02,03:00,Bangalore,18.1,71,9.7,1018.9,0.0,0,58,25.1,Mild,March,3,Sunday
2025-03-02,04:00,Chennai,29.3,67,9.6,1011.5,0.0,0,97,25.1,Warm,March,3,Sunday
2025-03-02,05:00,Hyderabad,30.4,58,9.2,1008.7,0.0,0,65,25.1,Warm,March,3,Sunday
2025-03-02,06:00,Mumbai,28.3,73,6.5,1013.9,0.0,0,64,25.1,Warm,March,3,Sunday
2025-03-02,07:00,Delhi,27.1,46,6.6,1014.4,0.0,0,141,25.1,Warm,March,3,Sunday
2025-03-02,08:00,Bangalore,26.9,61,7.7,1011.8,0.0,2,84,25.1,Warm,March,3,Sunday
2025-03-02,09:00,Chennai,28.6,65,5.4,1009.3,0.0,5,105,25.1,Warm,March,3,Sunday
2025-03-02,10:00,Hyderabad,33.1,52,9.2,1017.5,0.0,6,100,25.1,Warm,March,3,Sunday
2025-03-02,11:00,Mumbai,30.0,66,11.2,1009.1,0.0,7,91,25.1,Warm,March,3,Sunday
2025-03-02,12:00,Delhi,24.6,49,8.6,1017.4,0.0,9,139,25.1,Mild,March,3,Sunday
2025-03-02,13:00,Bangalore,26.6,59,7.7,1015.8,0.0,7,52,25.1,Warm,March,3,Sunday
2025-03-02,14:00,Chennai,32.5,74,7.9,1010.0,0.0,5,77,25.1,Warm,March,3,Sunday
2025-03-02,15:00,Hyderabad,29.7,50,7.3,1019.9,0.0,4,82,25.1,Warm,March,3,Sunday
2025-03-02,16:00,Mumbai,26.1,73,10.3,1015.0,0.0,2,74,25.1,Warm,March,3,Sunday
2025-03-02,17:00,Delhi,22.0,53,4.7,1017.7,0.0,0,165,25.1,Mild,March,3,Sunday
2025-03-02,18:00,Bangalore,19.9,61,10.0,1015.5,0.0,0,82,25.1,Mild,March,3,Sunday
2025-03-02,19:00,Chennai,25.2,72,8.6,1018.6,0.0,0,85,25.1,Warm,March,3,Sunday
2025-03-02,20:00,Hyderabad,25.0,57,1.9,1014.3,0.0,0,103,25.1,Warm,March,3,Sunday
2025-03-02,21:00,Mumbai,21.5,80,4.0,1012.8,0.0,0,71,25.1,Mild,March,3,Sunday
2025-03-02,22:00,Delhi,18.2,50,8.4,1018.4,0.0,0,145,25.1,Mild,March,3,Sunday
2025-03-02,23:00,Bangalore,17.9,71,9.3,1015.7,11.9,0,61,25.1,Mild,March,3,Sunday
2025-03-03,00:00,Chennai,23.2,73,9.2,1012.5,0.0,0,53,26.4,Mild,March,3,Monday
2025-03-03,01:00,Hyderabad,25.8,57,5.7,1014.4,0.0,0,86,26.4,Warm,March,3,Monday
2025-03-03,02:00,Mumbai,21.4,86,7.7,1013.8,0.0,0,88,26.4,Mild,March,3,Monday
2025-03-03,03:00,Delhi,21.7,54,7.7,1012.2,0.0,0,159,26.4,Mild,March,3,Monday
2025-03-03,04:00,Bangalore,20.8,62,8.2,1018.5,0.0,0,65,26.4,Mild,March,3,Monday
2025-03-03,05:00,Chennai,29.2,63,12.0,1008.2,0.0,0,88,26.4,Warm,March,3,Monday
2025-03-03,06:00,Hyderabad,30.9,54,7.4,1018.6,0.0,0,88,26.4,Warm,March,3,Monday
2025-03-03,07:00,Mumbai,30.5,69,12.9,1015.6,0.0,1,100,26.4,Warm,March,3,Monday
2025-03-03,08:00,Delhi,30.2,36,2.0,1016.2,0.0,2,136,26.4,Warm,March,3,Monday
2025-03-03,09:00,Bangalore,27.7,57,7.6,1011.0,0.0,3,46,26.4,Warm,March,3,Monday
2025-03-03,10:00,Chennai,34.4,63,8.8,1009.0,0.0,5,77,26.4,Warm,March,3,Monday
2025-03-03,11:00,Hyderabad,33.8,60,6.9,1010.0,0.0,8,74,26.4,Warm,March,3,Monday
2025-03-03,12:00,Mumbai,30.0,77,14.3,1009.8,0.0,8,84,26.4,Warm,March,3,Monday
2025-03-03,13:00,Delhi,30.1,46,8.1,1012.1,0.0,8,145,26.4,Warm,March,3,Monday
2025-03-03,14:00,Bangalore,27.2,62,7.9,1013.8,0.0,6,76,26.4,Warm,March,3,Monday
2025-03-03,15:00,Chennai,28.0,69,6.3,1015.6,0.0,4,80,26.4,Warm,March,3,Monday
2025-03-03,16:00,Hyderabad,31.3,57,9.0,1009.8,0.0,3,71,26.4,Warm,March,3,Monday
2025-03-03,17:00,Mumbai,25.5,75,7.7,1014.2,0.0,1,88,26.4,Warm,March,3,Monday
2025-03-03,18:00,Delhi,21.0,49,11.5,1014.9,0.0,0,155,26.4,Mild,March,3,Monday
2025-03-03,19:00,Bangalore,19.2,74,10.0,1013.6,0.0,0,69,26.4,Mild,March,3,Monday
2025-03-03,20:00,Chennai,24.8,68,10.1,1017.0,0.0,0,107,26.4,Mild,March,3,Monday
2025-03-03,21:00,Hyderabad,22.9,55,8.6,1012.4,14.0,0,85,26.4,Mild,March,3,Monday
2025-03-03,22:00,Mumbai,23.4,73,8.2,1010.8,0.0,0,90,26.4,Mild,March,3,Monday
2025-03-03,23:00,Delhi,20.0,57,10.7,1013.7,0.0,0,145,26.4,Mild,March,3,Monday
2025-03-04,00:00,Bangalore,16.2,74,13.4,1017.3,0.0,0,61,25.6,Mild,March,3,Tuesday
2025-03-04,01:00,Chennai,23.1,82,9.9,1013.5,0.0,0,66,25.6,Mild,March,3,Tuesday
2025-03-04,02:00,Hyderabad,24.3,65,7.5,1015.6,0.0,0,71,25.6,Mild,March,3,Tuesday
2025-03-04,03:00,Mumbai,22.1,79,8.7,1018.4,0.0,0,105,25.6,Mild,March,3,Tuesday
2025-03-04,04:00,Delhi,22.3,58,9.5,1013.3,0.0,0,151,25.6,Mild,March,3,Tuesday
2025-03-04,05:00,Bangalore,22.3,58,8.4,1015.3,0.0,0,65,25.6,Mild,March,3,Tuesday
2025-03-04,06:00,Chennai,29.1,70,9.0,1016.5,0.0,0,76,25.6,Warm,March,3,Tuesday
2025-03-04,07:00,Hyderabad,31.9,57,13.5,1011.8,0.0,0,73,25.6,Warm,March,3,Tuesday
2025-03-04,08:00,Mumbai,29.1,61,5.6,1011.1,0.0,3,125,25.6,Warm,March,3,Tuesday
2025-03-04,09:00,Delhi,27.1,44,7.8,1010.1,0.0,4,182,25.6,Warm,March,3,Tuesday
2025-03-04,10:00,Bangalore,28.8,59,6.5,1010.8,0.0,6,87,25.6,Warm,March,3,Tuesday
2025-03-04,11:00,Chennai,32.0,66,4.3,1013.4,7.6,6,54,25.6,Warm,March,3,Tuesday
2025-03-04,12:00,Hyderabad,32.8,51,14.4,1007.9,0.0,8,70,25.6,Warm,March,3,Tuesday
2025-03-04,13:00,Mumbai,32.5,67,10.2,1009.5,0.0,7,78,25.6,Warm,March,3,Tuesday
2025-03-04,14:00,Delhi,28.8,48,5.1,1017.2,0.0,5,129,25.6,Warm,March,3,Tuesday
2025-03-04,15:00,Bangalore,24.3,72,7.0,1017.5,0.0,4,55,25.6,Mild,March,3,Tuesday
2025-03-04,16:00,Chennai,26.4,72,1.9,1010.9,0.0,2,73,25.6,Warm,March,3,Tuesday
2025-03-04,17:00,Hyderabad,26.6,68,5.6,1017.4,0.0,2,101,25.6,Warm,March,3,Tuesday
2025-03-04,18:00,Mumbai,25.8,75,13.5,1018.6,0.0,0,71,25.6,Warm,March,3,Tuesday
2025-03-04,19:00,Delhi,21.6,44,8.5,1021.9,0.0,0,180,25.6,Mild,March,3,Tuesday
2025-03-04,20:00,Bangalore,17.2,68,8.5,1015.7,0.0,0,76,25.6,Mild,March,3,Tuesday
2025-03-04,21:00,Chennai,25.2,75,3.5,1010.9,0.0,0,66,25.6,Warm,March,3,Tuesday
2025-03-04,22:00,Hyderabad,25.5,47,14.3,1012.6,0.0,0,76,25.6,Warm,March,3,Tuesday
2025-03-04,23:00,Mumbai,20.6,79,8.5,1017.5,0.0,0,92,25.6,Mild,March,3,Tuesday
2025-03-05,00:00,Delhi,17.6,48,5.9,1015.7,0.0,0,142,25.5,Mild,March,3,Wednesday
2025-03-05,01:00,Bangalore,19.1,65,4.8,1018.3,0.0,0,72,25.5,Mild,March,3,Wednesday
2025-03-05,02:00,Chennai,26.1,77,5.7,1008.5,0.0,0,75,25.5,Warm,March,3,Wednesday
2025-03-05,03:00,Hyderabad,24.5,60,5.2,1012.1,0.0,0,91,25.5,Mild,March,3,Wednesday
2025-03-05,04:00,Mumbai,26.2,71,8.8,1018.8,0.0,0,99,25.5,Warm,March,3,Wednesday
2025-03-05,05:00,Delhi,24.2,52,5.8,1013.1,0.0,0,175,25.5,Mild,March,3,Wednesday
2025-03-05,06:00,Bangalore,22.4,66,12.7,1020.8,0.0,0,79,25.5,Mild,March,3,Wednesday
2025-03-05,07:00,Chennai,30.8,74,2.5,1009.7,0.0,1,73,25.5,Warm,March,3,Wednesday
2025-03-05,08:00,Hyderabad,31.2,43,9.2,1012.6,0.0,3,94,25.5,Warm,March,3,Wednesday
2025-03-05,09:00,Mumbai,32.5,68,6.4,1007.6,0.0,4,92,25.5,Warm,March,3,Wednesday
2025-03-05,10:00,Delhi,25.6,48,9.2,1020.5,0.0,5,165,25.5,Warm,March,3,Wednesday
2025-03-05,11:00,Bangalore,27.0,74,7.1,1010.5,0.0,7,37,25.5,Warm,March,3,Wednesday
2025-03-05,12:00,Chennai,31.0,67,8.9,1016.2,0.0,9,65,25.5,Warm,March,3,Wednesday
2025-03-05,13:00,Hyderabad,33.2,60,1.5,1013.0,0.0,7,85,25.5,Warm,March,3,Wednesday
2025-03-05,14:00,Mumbai,28.7,75,4.5,1013.1,0.0,5,91,25.5,Warm,March,3,Wednesday
2025-03-05,15:00,Delhi,23.6,45,9.4,1017.0,0.0,4,161,25.5,Mild,March,3,Wednesday
2025-03-05,16:00,Bangalore,23.5,67,11.0,1017.0,0.0,3,67,25.5,Mild,March,3,Wednesday
2025-03-05,17:00,Chennai,29.8,74,4.6,1004.7,18.0,0,91,25.5,Warm,March,3,Wednesday
2025-03-05,18:00,Hyderabad,26.5,60,9.4,1016.7,0.0,0,95,25.5,Warm,March,3,Wednesday
2025-03-05,19:00,Mumbai,25.6,69,5.9,1015.2,0.0,0,108,25.5,Warm,March,3,Wednesday
2025-03-05,20:00,Delhi,18.1,52,7.7,1013.8,0.0,0,168,25.5,Mild,March,3,Wednesday
2025-03-05,21:00,Bangalore,20.4,75,6.1,1014.7,0.0,0,81,25.5,Mild,March,3,Wednesday
2025-03-05,22:00,Chennai,22.3,81,7.0,1015.3,0.0,0,70,25.5,Mild,March,3,Wednesday
2025-03-05,23:00,Hyderabad,21.4,61,10.0,1020.9,0.0,0,104,25.5,Mild,March,3,Wednesday
2025-03-06,00:00,Mumbai,22.1,72,4.2,1019.3,0.0,0,108,25.5,Mild,March,3,Thursday
2025-03-06,01:00,Delhi,18.8,50,5.3,1019.0,0.0,0,159,25.5,Mild,March,3,Thursday
2025-03-06,02:00,Bangalore,18.7,73,8.6,1015.3,0.0,0,54,25.5,Mild,March,3,Thursday
2025-03-06,03:00,Chennai,23.9,76,5.8,1016.8,0.0,0,77,25.5,Mild,March,3,Thursday
2025-03-06,04:00,Hyderabad,26.7,58,6.7,1017.5,0.0,0,96,25.5,Warm,March,3,Thursday
2025-03-06,05:00,Mumbai,27.3,81,3.8,1018.4,0.0,0,77,25.5,Warm,March,3,Thursday
2025-03-06,06:00,Delhi,24.8,44,9.5,1011.7,0.0,0,130,25.5,Mild,March,3,Thursday
2025-03-06,07:00,Bangalore,25.6,64,4.3,1017.4,0.0,2,43,25.5,Warm,March,3,Thursday
2025-03-06,08:00,Chennai,29.1,70,4.7,1011.8,0.0,2,103,25.5,Warm,March,3,Thursday
2025-03-06,09:00,Hyderabad,33.5,50,13.4,1012.5,0.0,4,99,25.5,Warm,March,3,Thursday
2025-03-06,10:00,Mumbai,30.5,68,4.7,1015.4,0.0,5,87,25.5,Warm,March,3,Thursday
2025-03-06,11:00,Delhi,29.2,39,10.8,1016.0,0.0,7,157,25.5,Warm,March,3,Thursday
2025-03-06,12:00,Bangalore,25.7,64,0.4,1015.9,0.0,9,58,25.5,Warm,March,3,Thursday
2025-03-06,13:00,Chennai,35.1,68,7.3,1015.5,0.0,7,77,25.5,Hot,March,3,Thursday
2025-03-06,14:00,Hyderabad,32.1,49,9.1,1011.2,0.0,6,93,25.5,Warm,March,3,Thursday
2025-03-06,15:00,Mumbai,30.2,70,12.4,1014.0,0.0,4,88,25.5,Warm,March,3,Thursday
2025-03-06,16:00,Delhi,24.7,47,7.5,1012.3,0.0,2,128,25.5,Mild,March,3,Thursday
2025-03-06,17:00,Bangalore,21.0,73,5.8,1014.1,0.0,0,84,25.5,Mild,March,3,Thursday
2025-03-06,18:00,Chennai,26.3,75,4.1,1018.1,0.0,0,70,25.5,Warm,March,3,Thursday
2025-03-06,19:00,Hyderabad,26.8,61,8.6,1011.3,0.0,0,87,25.5,Warm,March,3,Thursday
2025-03-06,20:00,Mumbai,22.1,83,7.3,1015.9,0.0,0,108,25.5,Mild,March,3,Thursday
2025-03-06,21:00,Delhi,19.4,52,3.8,1012.7,0.0,0,152,25.5,Mild,March,3,Thursday
2025-03-06,22:00,Bangalore,15.9,67,6.7,1018.5,0.0,0,87,25.5,Mild,March,3,Thursday
2025-03-06,23:00,Chennai,22.2,69,9.2,1015.3,0.0,0,82,25.5,Mild,March,3,Thursday
2025-03-07,00:00,Hyderabad,23.3,53,7.9,1012.0,0.0,0,76,26.0,Mild,March,3,Friday
2025-03-07,01:00,Mumbai,23.8,69,11.2,1015.9,0.0,0,81,26.0,Mild,March,3,Friday
2025-03-07,02:00,Delhi,20.5,54,5.9,1015.9,0.0,0,158,26.0,Mild,March,3,Friday
2025-03-07,03:00,Bangalore,19.0,73,8.0,1014.8,0.0,0,62,26.0,Mild,March,3,Friday
2025-03-07,04:00,Chennai,23.2,70,10.1,1008.4,0.0,0,74,26.0,Mild,March,3,Friday
2025-03-07,05:00,Hyderabad,27.3,53,4.6,1015.7,0.0,0,90,26.0,Warm,March,3,Friday
2025-03-07,06:00,Mumbai,29.7,71,5.0,1011.7,0.0,0,87,26.0,Warm,March,3,Friday
2025-03-07,07:00,Delhi,27.3,51,9.5,1017.7,0.0,1,153,26.0,Warm,March,3,Friday
2025-03-07,08:00,Bangalore,22.9,66,7.6,1016.8,0.0,3,97,26.0,Mild,March,3,Friday
2025-03-07,09:00,Chennai,30.8,68,8.6,1008.6,0.0,4,106,26.0,Warm,March,3,Friday
2025-03-07,10:00,Hyderabad,35.6,59,4.8,1009.5,0.0,6,93,26.0,Hot,March,3,Friday
2025-03-07,11:00,Mumbai,31.3,77,4.1,1009.1,0.0,7,108,26.0,Warm,March,3,Friday
2025-03-07,12:00,Delhi,29.1,42,10.6,1010.5,0.0,9,146,26.0,Warm,March,3,Friday
2025-03-07,13:00,Bangalore,28.6,63,9.4,1014.1,0.0,6,87,26.0,Warm,March,3,Friday
2025-03-07,14:00,Chennai,32.7,61,6.4,1010.5,0.0,5,59,26.0,Warm,March,3,Friday
2025-03-07,15:00,Hyderabad,31.0,56,7.5,1011.9,0.0,4,92,26.0,Warm,March,3,Friday
2025-03-07,16:00,Mumbai,27.2,75,5.4,1012.7,0.0,3,103,26.0,Warm,March,3,Friday
2025-03-07,17:00,Delhi,25.7,46,0.0,1015.2,0.0,2,160,26.0,Warm,March,3,Friday
2025-03-07,18:00,Bangalore,20.8,66,9.5,1015.3,0.0,0,73,26.0,Mild,March,3,Friday
2025-03-07,19:00,Chennai,28.3,77,7.6,1017.5,0.0,0,81,26.0,Warm,March,3,Friday
2025-03-07,20:00,Hyderabad,25.8,67,8.0,1013.6,0.0,0,109,26.0,Warm,March,3,Friday
2025-03-07,21:00,Mumbai,22.3,76,7.7,1015.6,0.0,0,87,26.0,Mild,March,3,Friday
2025-03-07,22:00,Delhi,20.6,50,7.6,1012.2,0.0,0,148,26.0,Mild,March,3,Friday
2025-03-07,23:00,Bangalore,18.3,66,2.4,1013.5,0.0,0,69,26.0,Mild,March,3,Friday
2025-03-08,00:00,Chennai,26.0,59,7.8,1012.7,0.0,0,93,26.2,Warm,March,3,Saturday
2025-03-08,01:00,Hyderabad,25.6,57,5.4,1011.9,0.0,0,79,26.2,Warm,March,3,Saturday
2025-03-08,02:00,Mumbai,21.0,76,7.3,1013.2,0.0,0,64,26.2,Mild,March,3,Saturday
2025-03-08,03:00,Delhi,22.6,52,5.5,1017.6,0.0,0,135,26.2,Mild,March,3,Saturday
2025-03-08,04:00,Bangalore,23.4,66,9.6,1015.1,0.0,0,81,26.2,Mild,March,3,Saturday
2025-03-08,05:00,Chennai,26.9,70,9.7,1015.8,0.0,0,57,26.2,Warm,March,3,Saturday
2025-03-08,06:00,Hyderabad,30.9,63,13.6,1010.9,0.0,0,80,26.2,Warm,March,3,Saturday
2025-03-08,07:00,Mumbai,28.7,69,9.4,1016.2,0.0,1,100,26.2,Warm,March,3,Saturday
2025-03-08,08:00,Delhi,26.1,43,7.0,1012.6,0.0,3,174,26.2,Warm,March,3,Saturday
2025-03-08,09:00,Bangalore,24.3,65,5.8,1016.5,0.0,4,83,26.2,Mild,March,3,Saturday
2025-03-08,10:00,Chennai,34.3,58,6.2,1019.4,0.0,5,84,26.2,Warm,March,3,Saturday
2025-03-08,11:00,Hyderabad,32.4,54,11.5,1015.3,0.0,7,66,26.2,Warm,March,3,Saturday
2025-03-08,12:00,Mumbai,32.6,62,6.1,1013.4,0.0,8,88,26.2,Warm,March,3,Saturday
2025-03-08,13:00,Delhi,28.1,44,8.3,1011.3,0.0,7,158,26.2,Warm,March,3,Saturday
2025-03-08,14:00,Bangalore,23.5,71,7.4,1019.8,0.0,6,55,26.2,Mild,March,3,Saturday
2025-03-08,15:00,Chennai,28.5,72,9.0,1015.2,0.0,5,69,26.2,Warm,March,3,Saturday
2025-03-08,16:00,Hyderabad,29.0,61,12.8,1013.9,0.0,3,90,26.2,Warm,March,3,Saturday
2025-03-08,17:00,Mumbai,29.3,66,3.9,1011.8,0.0,1,111,26.2,Warm,March,3,Saturday
2025-03-08,18:00,Delhi,23.4,55,9.4,1013.3,0.0,0,159,26.2,Mild,March,3,Saturday
2025-03-08,19:00,Bangalore,20.7,75,8.8,1015.5,23.5,0,89,26.2,Mild,March,3,Saturday
2025-03-08,20:00,Chennai,25.0,69,8.2,1013.8,0.0,0,98,26.2,Warm,March,3,Saturday
2025-03-08,21:00,Hyderabad,24.4,63,11.7,1018.4,0.0,0,93,26.2,Mild,March,3,Saturday
2025-03-08,22:00,Mumbai,24.1,74,9.3,1019.1,0.0,0,98,26.2,Mild,March,3,Saturday
2025-03-08,23:00,Delhi,18.4,54,10.0,1012.9,0.0,0,148,26.2,Mild,March,3,Saturday
2025-03-09,00:00,Bangalore,15.3,74,11.8,1016.4,0.0,0,74,26.0,Mild,March,3,Sunday
2025-03-09,01:00,Chennai,24.6,72,8.7,1016.9,0.0,0,65,26.0,Mild,March,3,Sunday
2025-03-09,02:00,Hyderabad,25.5,69,12.3,1011.2,0.0,0,74,26.0,Warm,March,3,Sunday
2025-03-09,03:00,Mumbai,23.7,74,11.5,1015.3,0.0,0,79,26.0,Mild,March,3,Sunday
2025-03-09,04:00,Delhi,23.8,52,9.3,1017.8,0.0,0,148,26.0,Mild,March,3,Sunday
2025-03-09,05:00,Bangalore,21.4,71,6.3,1013.5,0.0,0,70,26.0,Mild,March,3,Sunday
2025-03-09,06:00,Chennai,29.0,73,13.2,1011.0,0.0,0,64,26.0,Warm,March,3,Sunday
2025-03-09,07:00,Hyderabad,30.1,53,4.2,1013.5,0.0,2,75,26.0,Warm,March,3,Sunday
2025-03-09,08:00,Mumbai,32.1,70,10.1,1009.6,17.3,2,105,26.0,Warm,March,3,Sunday
2025-03-09,09:00,Delhi,25.4,44,7.3,1012.9,0.0,4,141,26.0,Warm,March,3,Sunday
2025-03-09,10:00,Bangalore,27.3,64,7.9,1017.5,0.0,6,80,26.0,Warm,March,3,Sunday
2025-03-09,11:00,Chennai,31.9,66,6.2,1005.0,0.0,8,68,26.0,Warm,March,3,Sunday
2025-03-09,12:00,Hyderabad,34.0,53,4.7,1011.8,0.0,8,76,26.0,Warm,March,3,Sunday
2025-03-09,13:00,Mumbai,33.1,64,14.5,1010.4,0.0,7,77,26.0,Warm,March,3,Sunday
2025-03-09,14:00,Delhi,28.9,49,10.8,1014.5,0.0,6,140,26.0,Warm,March,3,Sunday
2025-03-09,15:00,Bangalore,25.1,52,9.6,1018.8,0.0,4,74,26.0,Warm,March,3,Sunday
2025-03-09,16:00,Chennai,30.4,68,7.6,1011.4,0.0,3,85,26.0,Warm,March,3,Sunday
2025-03-09,17:00,Hyderabad,28.6,59,12.3,1010.8,0.0,1,88,26.0,Warm,March,3,Sunday
2025-03-09,18:00,Mumbai,26.1,69,11.1,1014.8,0.0,0,101,26.0,Warm,March,3,Sunday
2025-03-09,19:00,Delhi,24.0,54,5.1,1013.4,0.0,0,180,26.0,Mild,March,3,Sunday
2025-03-09,20:00,Bangalore,19.2,74,7.4,1015.2,0.0,0,78,26.0,Mild,March,3,Sunday
2025-03-09,21:00,Chennai,22.2,74,9.4,1016.5,0.0,0,59,26.0,Mild,March,3,Sunday
2025-03-09,22:00,Hyderabad,22.7,68,6.0,1013.9,0.0,0,92,26.0,Mild,March,3,Sunday
2025-03-09,23:00,Mumbai,20.7,74,8.3,1017.7,0.0,0,54,26.0,Mild,March,3,Sunday
2025-03-10,00:00,Delhi,19.3,50,11.1,1021.5,0.0,0,153,26.3,Mild,March,3,Monday
2025-03-10,01:00,Bangalore,18.2,64,7.8,1015.2,0.0,0,55,26.3,Mild,March,3,Monday
2025-03-10,02:00,Chennai,25.8,75,5.9,1016.3,0.0,0,69,26.3,Warm,March,3,Monday
2025-03-10,03:00,Hyderabad,28.1,46,6.8,1017.7,0.0,0,54,26.3,Warm,March,3,Monday
2025-03-10,04:00,Mumbai,27.3,65,10.1,1010.6,0.0,0,94,26.3,Warm,March,3,Monday
2025-03-10,05:00,Delhi,21.7,46,6.9,1015.1,0.0,0,152,26.3,Mild,March,3,Monday
2025-03-10,06:00,Bangalore,22.0,67,7.7,1013.3,0.0,1,64,26.3,Mild,March,3,Monday
2025-03-10,07:00,Chennai,29.7,70,8.0,1012.7,0.0,1,74,26.3,Warm,March,3,Monday
2025-03-10,08:00,Hyderabad,32.2,55,6.4,1014.0,0.0,2,93,26.3,Warm,March,3,Monday
2025-03-10,09:00,Mumbai,31.4,74,12.5,1013.8,0.0,3,82,26.3,Warm,March,3,Monday
2025-03-10,10:00,Delhi,30.0,36,17.2,1008.5,0.0,5,165,26.3,Warm,March,3,Monday
2025-03-10,11:00,Bangalore,29.6,54,8.3,1012.3,22.4,8,81,26.3,Warm,March,3,Monday
2025-03-10,12:00,Chennai,33.2,63,2.9,1014.8,0.0,9,71,26.3,Warm,March,3,Monday
2025-03-10,13:00,Hyderabad,34.7,54,10.0,1011.4,0.0,8,82,26.3,Warm,March,3,Monday
2025-03-10,14:00,Mumbai,31.7,65,6.4,1006.2,0.0,6,85,26.3,Warm,March,3,Monday
2025-03-10,15:00,Delhi,27.8,44,10.3,1009.9,0.0,4,137,26.3,Warm,March,3,Monday
2025-03-10,16:00,Bangalore,24.1,62,5.7,1015.6,0.0,2,64,26.3,Mild,March,3,Monday
2025-03-10,17:00,Chennai,27.8,60,10.4,1013.7,0.0,1,103,26.3,Warm,March,3,Monday
2025-03-10,18:00,Hyderabad,26.9,51,6.5,1014.3,0.0,0,87,26.3,Warm,March,3,Monday
2025-03-10,19:00,Mumbai,21.6,69,8.6,1010.3,0.0,0,101,26.3,Mild,March,3,Monday
2025-03-10,20:00,Delhi,20.8,51,5.8,1018.0,0.0,0,150,26.3,Mild,March,3,Monday
2025-03-10,21:00,Bangalore,19.5,76,8.7,1016.9,0.0,0,67,26.3,Mild,March,3,Monday
2025-03-10,22:00,Chennai,23.8,71,10.0,1017.2,0.0,0,98,26.3,Mild,March,3,Monday
2025-03-10,23:00,Hyderabad,23.2,67,7.7,1018.5,0.0,0,69,26.3,Mild,March,3,Monday
2025-03-11,00:00,Mumbai,24.4,67,9.3,1015.1,0.0,0,87,26.0,Mild,March,3,Tuesday
2025-03-11,01:00,Delhi,18.2,58,9.1,1021.1,0.0,0,157,26.0,Mild,March,3,Tuesday
2025-03-11,02:00,Bangalore,17.0,72,12.5,1011.3,0.0,0,64,26.0,Mild,March,3,Tuesday
2025-03-11,03:00,Chennai,27.6,74,7.8,1017.1,0.0,0,88,26.0,Warm,March,3,Tuesday
2025-03-11,04:00,Hyderabad,29.1,56,9.5,1010.8,0.0,0,73,26.0,Warm,March,3,Tuesday
2025-03-11,05:00,Mumbai,27.1,71,6.7,1009.8,0.0,0,102,26.0,Warm,March,3,Tuesday
2025-03-11,06:00,Delhi,25.3,45,11.7,1019.8,0.0,0,142,26.0,Warm,March,3,Tuesday
2025-03-11,07:00,Bangalore,25.7,72,8.7,1010.5,0.0,1,46,26.0,Warm,March,3,Tuesday
2025-03-11,08:00,Chennai,33.2,65,10.9,1009.7,0.0,3,114,26.0,Warm,March,3,Tuesday
2025-03-11,09:00,Hyderabad,32.7,53,1.6,1009.1,0.0,4,106,26.0,Warm,March,3,Tuesday
2025-03-11,10:00,Mumbai,31.9,74,8.6,1018.0,0.0,5,112,26.0,Warm,March,3,Tuesday
2025-03-11,11:00,Delhi,28.6,54,7.1,1015.3,0.0,7,160,26.0,Warm,March,3,Tuesday
2025-03-11,12:00,Bangalore,27.6,62,2.6,1012.0,3.8,9,72,26.0,Warm,March,3,Tuesday
2025-03-11,13:00,Chennai,31.5,70,9.1,1012.9,0.0,7,65,26.0,Warm,March,3,Tuesday
2025-03-11,14:00,Hyderabad,29.8,51,10.4,1011.2,0.0,6,71,26.0,Warm,March,3,Tuesday
2025-03-11,15:00,Mumbai,26.8,67,3.1,1012.6,0.0,3,104,26.0,Warm,March,3,Tuesday
2025-03-11,16:00,Delhi,27.1,53,11.8,1018.3,0.0,2,139,26.0,Warm,March,3,Tuesday
2025-03-11,17:00,Bangalore,23.7,70,9.5,1014.7,0.0,0,64,26.0,Mild,March,3,Tuesday
2025-03-11,18:00,Chennai,25.1,68,10.0,1016.3,0.0,0,104,26.0,Warm,March,3,Tuesday
2025-03-11,19:00,Hyderabad,25.4,60,9.5,1015.2,0.0,0,107,26.0,Warm,March,3,Tuesday
2025-03-11,20:00,Mumbai,23.0,71,7.4,1018.0,0.0,0,134,26.0,Mild,March,3,Tuesday
2025-03-11,21:00,Delhi,20.5,49,8.8,1013.5,0.0,0,129,26.0,Mild,March,3,Tuesday
2025-03-11,22:00,Bangalore,20.1,71,12.8,1019.5,0.0,0,75,26.0,Mild,March,3,Tuesday
2025-03-11,23:00,Chennai,23.1,69,6.7,1011.7,0.0,0,78,26.0,Mild,March,3,Tuesday
2025-03-12,00:00,Hyderabad,22.1,66,7.2,1017.6,0.0,0,62,26.2,Mild,March,3,Wednesday
2025-03-12,01:00,Mumbai,21.6,72,8.9,1012.8,0.0,0,91,26.2,Mild,March,3,Wednesday
2025-03-12,02:00,Delhi,18.8,60,11.7,1015.9,0.0,0,146,26.2,Mild,March,3,Wednesday
2025-03-12,03:00,Bangalore,19.8,62,14.0,1014.4,0.0,0,60,26.2,Mild,March,3,Wednesday
2025-03-12,04:00,Chennai,26.5,65,10.3,1014.8,0.0,0,63,26.2,Warm,March,3,Wednesday
2025-03-12,05:00,Hyderabad,29.2,61,5.1,1013.2,0.0,0,90,26.2,Warm,March,3,Wednesday
2025-03-12,06:00,Mumbai,29.7,64,9.2,1015.6,8.2,0,77,26.2,Warm,March,3,Wednesday
2025-03-12,07:00,Delhi,26.3,49,7.8,1011.8,0.0,2,160,26.2,Warm,March,3,Wednesday
2025-03-12,08:00,Bangalore,25.5,59,6.8,1022.3,0.0,3,102,26.2,Warm,March,3,Wednesday
2025-03-12,09:00,Chennai,33.6,58,4.7,1011.4,0.0,4,94,26.2,Warm,March,3,Wednesday
2025-03-12,10:00,Hyderabad,36.0,49,10.2,1009.2,0.0,7,108,26.2,Hot,March,3,Wednesday
2025-03-12,11:00,Mumbai,32.6,62,15.3,1013.3,0.0,7,69,26.2,Warm,March,3,Wednesday
2025-03-12,12:00,Delhi,29.7,40,9.5,1014.4,0.0,9,163,26.2,Warm,March,3,Wednesday
2025-03-12,13:00,Bangalore,28.1,58,8.9,1010.8,0.0,7,52,26.2,Warm,March,3,Wednesday
2025-03-12,14:00,Chennai,31.6,58,7.2,1016.9,0.0,6,65,26.2,Warm,March,3,Wednesday
2025-03-12,15:00,Hyderabad,31.4,58,11.1,1012.9,0.0,4,96,26.2,Warm,March,3,Wednesday
2025-03-12,16:00,Mumbai,30.2,69,8.1,1013.5,0.0,3,93,26.2,Warm,March,3,Wednesday
2025-03-12,17:00,Delhi,23.4,41,4.4,1012.7,0.0,0,182,26.2,Mild,March,3,Wednesday
2025-03-12,18:00,Bangalore,23.1,65,6.1,1017.7,0.0,0,71,26.2,Mild,March,3,Wednesday
2025-03-12,19:00,Chennai,24.9,65,8.0,1015.3,0.0,0,106,26.2,Mild,March,3,Wednesday
2025-03-12,20:00,Hyderabad,25.1,54,7.0,1016.8,0.0,0,128,26.2,Warm,March,3,Wednesday
2025-03-12,21:00,Mumbai,22.9,79,7.7,1014.5,0.0,0,95,26.2,Mild,March,3,Wednesday
2025-03-12,22:00,Delhi,20.5,37,12.1,1023.8,0.0,0,154,26.2,Mild,March,3,Wednesday
2025-03-12,23:00,Bangalore,17.0,70,9.4,1016.1,0.0,0,68,26.2,Mild,March,3,Wednesday
2025-03-13,00:00,Chennai,22.8,76,17.2,1013.5,0.0,0,71,26.3,Mild,March,3,Thursday
2025-03-13,01:00,Hyderabad,25.3,50,5.5,1016.2,0.0,0,65,26.3,Warm,March,3,Thursday
2025-03-13,02:00,Mumbai,25.1,71,10.6,1019.4,0.0,0,105,26.3,Warm,March,3,Thursday
2025-03-13,03:00,Delhi,21.8,47,5.1,1014.8,0.0,0,136,26.3,Mild,March,3,Thursday
2025-03-13,04:00,Bangalore,21.9,68,5.1,1017.1,0.0,0,61,26.3,Mild,March,3,Thursday
2025-03-13,05:00,Chennai,26.9,69,6.2,1014.3,0.0,0,62,26.3,Warm,March,3,Thursday
2025-03-13,06:00,Hyderabad,31.9,58,7.5,1009.7,0.0,0,47,26.3,Warm,March,3,Thursday
2025-03-13,07:00,Mumbai,26.4,66,5.1,1016.6,0.0,1,77,26.3,Warm,March,3,Thursday
2025-03-13,08:00,Delhi,27.0,51,9.6,1013.6,0.0,2,142,26.3,Warm,March,3,Thursday
2025-03-13,09:00,Bangalore,26.5,64,6.6,1009.9,0.0,5,104,26.3,Warm,March,3,Thursday
2025-03-13,10:00,Chennai,31.7,64,10.2,1014.1,0.0,5,90,26.3,Warm,March,3,Thursday
2025-03-13,11:00,Hyderabad,36.2,58,7.7,1014.6,0.0,7,71,26.3,Hot,March,3,Thursday
2025-03-13,12:00,Mumbai,31.7,71,7.2,1005.0,0.9,9,79,26.3,Warm,March,3,Thursday
2025-03-13,13:00,Delhi,25.8,58,7.8,1017.1,0.0,7,148,26.3,Warm,March,3,Thursday
2025-03-13,14:00,Bangalore,26.0,64,3.7,1013.6,0.0,6,63,26.3,Warm,March,3,Thursday
2025-03-13,15:00,Chennai,29.4,61,11.3,1013.5,0.0,4,57,26.3,Warm,March,3,Thursday
2025-03-13,16:00,Hyderabad,30.3,52,8.7,1014.3,0.0,3,80,26.3,Warm,March,3,Thursday
2025-03-13,17:00,Mumbai,26.9,74,10.7,1010.4,0.0,2,106,26.3,Warm,March,3,Thursday
2025-03-13,18:00,Delhi,23.5,48,7.1,1017.8,0.0,0,164,26.3,Mild,March,3,Thursday
2025-03-13,19:00,Bangalore,21.9,58,9.8,1014.2,0.0,0,65,26.3,Mild,March,3,Thursday
2025-03-13,20:00,Chennai,24.7,69,7.5,1016.6,0.0,0,83,26.3,Mild,March,3,Thursday
2025-03-13,21:00,Hyderabad,25.8,61,7.4,1012.0,0.0,0,69,26.3,Warm,March,3,Thursday
2025-03-13,22:00,Mumbai,22.2,84,7.4,1013.8,0.0,0,77,26.3,Mild,March,3,Thursday
2025-03-13,23:00,Delhi,20.6,55,8.4,1014.5,0.0,0,165,26.3,Mild,March,3,Thursday
2025-03-14,00:00,Bangalore,18.0,61,11.1,1016.5,0.0,0,70,27.0,Mild,March,3,Friday
2025-03-14,01:00,Chennai,25.2,77,12.9,1013.3,0.0,0,85,27.0,Warm,March,3,Friday
2025-03-14,02:00,Hyderabad,24.8,59,6.2,1014.3,0.0,0,108,27.0,Mild,March,3,Friday
2025-03-14,03:00,Mumbai,25.6,71,10.2,1014.7,0.0,0,99,27.0,Warm,March,3,Friday
2025-03-14,04:00,Delhi,23.5,43,5.9,1017.6,0.0,0,169,27.0,Mild,March,3,Friday
2025-03-14,05:00,Bangalore,21.7,71,3.7,1013.4,0.0,0,63,27.0,Mild,March,3,Friday
2025-03-14,06:00,Chennai,28.8,64,10.2,1014.9,0.0,0,70,27.0,Warm,March,3,Friday
2025-03-14,07:00,Hyderabad,31.6,43,9.0,1012.3,0.0,1,89,27.0,Warm,March,3,Friday
2025-03-14,08:00,Mumbai,31.2,61,6.7,1010.8,0.0,2,105,27.0,Warm,March,3,Friday
2025-03-14,09:00,Delhi,27.1,43,9.6,1014.9,0.0,5,175,27.0,Warm,March,3,Friday
2025-03-14,10:00,Bangalore,27.6,61,8.6,1017.7,0.0,5,83,27.0,Warm,March,3,Friday
2025-03-14,11:00,Chennai,33.5,60,6.7,1010.5,0.0,8,78,27.0,Warm,March,3,Friday
2025-03-14,12:00,Hyderabad,33.1,51,4.1,1012.4,0.0,9,75,27.0,Warm,March,3,Friday
2025-03-14,13:00,Mumbai,34.1,61,9.8,1016.9,0.0,7,90,27.0,Warm,March,3,Friday
2025-03-14,14:00,Delhi,27.9,39,6.1,1013.7,0.0,4,147,27.0,Warm,March,3,Friday
2025-03-14,15:00,Bangalore,24.9,73,8.0,1016.9,0.0,4,77,27.0,Mild,March,3,Friday
2025-03-14,16:00,Chennai,33.2,63,5.4,1012.2,0.0,2,76,27.0,Warm,March,3,Friday
2025-03-14,17:00,Hyderabad,30.7,56,5.7,1019.2,0.0,1,83,27.0,Warm,March,3,Friday
2025-03-14,18:00,Mumbai,27.6,79,8.2,1011.6,0.0,0,118,27.0,Warm,March,3,Friday
2025-03-14,19:00,Delhi,22.8,53,5.0,1012.7,0.0,0,176,27.0,Mild,March,3,Friday
2025-03-14,20:00,Bangalore,21.9,68,2.3,1014.1,0.0,0,75,27.0,Mild,March,3,Friday
2025-03-14,21:00,Chennai,26.1,70,9.3,1009.1,0.0,0,87,27.0,Warm,March,3,Friday
2025-03-14,22:00,Hyderabad,23.8,62,6.0,1016.5,0.0,0,88,27.0,Mild,March,3,Friday
2025-03-14,23:00,Mumbai,22.7,70,5.3,1016.5,0.0,0,90,27.0,Mild,March,3,Friday
2025-03-15,00:00,Delhi,18.0,59,7.5,1019.4,0.0,0,119,26.4,Mild,March,3,Saturday
2025-03-15,01:00,Bangalore,21.4,67,9.2,1020.2,0.0,0,57,26.4,Mild,March,3,Saturday
2025-03-15,02:00,Chennai,25.8,72,5.4,1012.4,0.0,0,72,26.4,Warm,March,3,Saturday
2025-03-15,03:00,Hyderabad,23.9,59,9.8,1016.2,0.0,0,60,26.4,Mild,March,3,Saturday
2025-03-15,04:00,Mumbai,26.9,59,9.5,1018.2,0.0,0,95,26.4,Warm,March,3,Saturday
2025-03-15,05:00,Delhi,25.8,45,7.2,1018.3,0.0,0,163,26.4,Warm,March,3,Saturday
2025-03-15,06:00,Bangalore,26.0,62,10.8,1015.5,0.0,0,64,26.4,Warm,March,3,Saturday
2025-03-15,07:00,Chennai,29.6,69,4.9,1014.1,0.0,1,76,26.4,Warm,March,3,Saturday
2025-03-15,08:00,Hyderabad,33.5,52,11.9,1012.1,0.0,2,94,26.4,Warm,March,3,Saturday
2025-03-15,09:00,Mumbai,32.5,68,6.9,1013.3,0.0,3,120,26.4,Warm,March,3,Saturday
2025-03-15,10:00,Delhi,26.6,37,10.1,1015.4,0.0,6,156,26.4,Warm,March,3,Saturday
2025-03-15,11:00,Bangalore,30.3,58,5.8,1012.9,0.0,7,54,26.4,Warm,March,3,Saturday
2025-03-15,12:00,Chennai,34.0,63,8.1,1005.3,0.0,9,87,26.4,Warm,March,3,Saturday
2025-03-15,13:00,Hyderabad,33.9,57,8.7,1013.4,0.0,6,64,26.4,Warm,March,3,Saturday
2025-03-15,14:00,Mumbai,30.5,68,4.1,1018.0,0.0,6,96,26.4,Warm,March,3,Saturday
2025-03-15,15:00,Delhi,24.1,59,11.6,1007.5,0.0,3,151,26.4,Mild,March,3,Saturday
2025-03-15,16:00,Bangalore,23.1,64,11.2,1018.7,0.0,2,80,26.4,Mild,March,3,Saturday
2025-03-15,17:00,Chennai,29.3,65,11.1,1011.2,0.0,0,105,26.4,Warm,March,3,Saturday
2025-03-15,18:00,Hyderabad,28.4,65,8.2,1015.6,0.0,0,94,26.4,Warm,March,3,Saturday
2025-03-15,19:00,Mumbai,26.4,70,5.6,1009.8,0.0,0,109,26.4,Warm,March,3,Saturday
2025-03-15,20:00,Delhi,19.6,51,12.4,1012.0,0.0,0,166,26.4,Mild,March,3,Saturday
2025-03-15,21:00,Bangalore,18.0,70,8.6,1012.0,0.0,0,51,26.4,Mild,March,3,Saturday
2025-03-15,22:00,Chennai,19.9,72,6.8,1018.3,0.0,0,77,26.4,Mild,March,3,Saturday
2025-03-15,23:00,Hyderabad,25.6,54,9.1,1016.3,0.0,0,76,26.4,Warm,March,3,Saturday
2025-03-16,00:00,Mumbai,25.2,81,2.7,1016.5,0.0,0,71,26.8,Warm,March,3,Sunday
2025-03-16,01:00,Delhi,21.0,51,5.1,1012.8,0.0,0,153,26.8,Mild,March,3,Sunday
2025-03-16,02:00,Bangalore,17.9,75,9.6,1017.7,0.0,0,64,26.8,Mild,March,3,Sunday
2025-03-16,03:00,Chennai,25.2,71,6.5,1010.4,0.0,0,76,26.8,Warm,March,3,Sunday
2025-03-16,04:00,Hyderabad,27.8,59,13.4,1013.2,0.0,0,79,26.8,Warm,March,3,Sunday
2025-03-16,05:00,Mumbai,28.7,70,8.1,1014.4,0.0,0,78,26.8,Warm,March,3,Sunday
2025-03-16,06:00,Delhi,23.6,59,9.7,1012.2,0.0,0,195,26.8,Mild,March,3,Sunday
2025-03-16,07:00,Bangalore,27.8,65,5.4,1015.8,0.0,1,82,26.8,Warm,March,3,Sunday
2025-03-16,08:00,Chennai,31.7,69,8.0,1016.4,0.0,3,105,26.8,Warm,March,3,Sunday
2025-03-16,09:00,Hyderabad,33.9,50,9.9,1006.1,0.0,4,103,26.8,Warm,March,3,Sunday
2025-03-16,10:00,Mumbai,33.3,69,15.2,1009.0,0.0,6,97,26.8,Warm,March,3,Sunday
2025-03-16,11:00,Delhi,30.0,43,9.8,1016.0,0.0,7,131,26.8,Warm,March,3,Sunday
2025-03-16,12:00,Bangalore,28.2,65,8.6,1010.9,0.0,10,70,26.8,Warm,March,3,Sunday
2025-03-16,13:00,Chennai,33.2,64,5.1,1014.9,0.0,7,76,26.8,Warm,March,3,Sunday
2025-03-16,14:00,Hyderabad,33.5,50,9.5,1011.8,0.0,7,77,26.8,Warm,March,3,Sunday
2025-03-16,15:00,Mumbai,29.7,69,4.6,1010.5,0.0,3,94,26.8,Warm,March,3,Sunday
2025-03-16,16:00,Delhi,27.3,52,5.3,1016.9,0.0,2,152,26.8,Warm,March,3,Sunday
2025-03-16,17:00,Bangalore,24.1,62,8.3,1016.3,0.0,1,84,26.8,Mild,March,3,Sunday
2025-03-16,18:00,Chennai,28.5,72,9.1,1012.5,0.0,0,106,26.8,Warm,March,3,Sunday
2025-03-16,19:00,Hyderabad,25.1,70,6.2,1011.3,0.0,0,110,26.8,Warm,March,3,Sunday
2025-03-16,20:00,Mumbai,22.8,79,10.3,1013.1,0.0,0,91,26.8,Mild,March,3,Sunday
2025-03-16,21:00,Delhi,23.3,52,7.3,1015.6,0.0,0,152,26.8,Mild,March,3,Sunday
2025-03-16,22:00,Bangalore,19.4,77,9.1,1017.6,0.0,0,74,26.8,Mild,March,3,Sunday
2025-03-16,23:00,Chennai,22.1,74,4.2,1011.4,0.0,0,67,26.8,Mild,March,3,Sunday
2025-03-17,00:00,Hyderabad,25.1,54,5.4,1016.3,0.0,0,86,26.7,Warm,March,3,Monday
2025-03-17,01:00,Mumbai,25.0,71,9.8,1013.1,0.0,0,74,26.7,Warm,March,3,Monday
2025-03-17,02:00,Delhi,21.2,48,4.2,1013.6,0.0,0,162,26.7,Mild,March,3,Monday
2025-03-17,03:00,Bangalore,19.7,73,9.5,1015.7,0.0,0,59,26.7,Mild,March,3,Monday
2025-03-17,04:00,Chennai,27.5,66,7.2,1015.5,0.0,0,67,26.7,Warm,March,3,Monday
2025-03-17,05:00,Hyderabad,30.2,54,10.4,1010.3,0.0,0,120,26.7,Warm,March,3,Monday
2025-03-17,06:00,Mumbai,27.4,75,13.4,1013.9,0.0,0,80,26.7,Warm,March,3,Monday
2025-03-17,07:00,Delhi,28.7,51,12.9,1008.1,0.0,1,153,26.7,Warm,March,3,Monday
2025-03-17,08:00,Bangalore,30.7,54,7.4,1014.2,0.0,3,62,26.7,Warm,March,3,Monday
2025-03-17,09:00,Chennai,31.0,67,6.3,1016.5,0.0,4,84,26.7,Warm,March,3,Monday
2025-03-17,10:00,Hyderabad,38.1,52,7.2,1017.1,0.0,5,88,26.7,Hot,March,3,Monday
2025-03-17,11:00,Mumbai,33.2,67,8.0,1012.0,0.0,8,104,26.7,Warm,March,3,Monday
2025-03-17,12:00,Delhi,28.5,47,7.7,1012.0,0.0,9,151,26.7,Warm,March,3,Monday
2025-03-17,13:00,Bangalore,25.2,67,7.3,1015.4,0.0,7,72,26.7,Warm,March,3,Monday
2025-03-17,14:00,Chennai,34.8,75,11.3,1010.5,0.0,7,73,26.7,Warm,March,3,Monday
2025-03-17,15:00,Hyderabad,28.5,59,10.6,1011.1,3.0,3,77,26.7,Warm,March,3,Monday
2025-03-17,16:00,Mumbai,30.0,66,5.6,1011.7,0.0,2,89,26.7,Warm,March,3,Monday
2025-03-17,17:00,Delhi,22.9,63,11.6,1017.4,0.0,1,176,26.7,Mild,March,3,Monday
2025-03-17,18:00,Bangalore,22.2,68,7.1,1011.4,0.0,0,72,26.7,Mild,March,3,Monday
2025-03-17,19:00,Chennai,23.6,73,5.9,1023.2,0.0,0,115,26.7,Mild,March,3,Monday
2025-03-17,20:00,Hyderabad,24.9,56,11.0,1011.3,0.0,0,107,26.7,Mild,March,3,Monday
2025-03-17,21:00,Mumbai,23.4,68,3.4,1014.1,0.0,0,108,26.7,Mild,March,3,Monday
2025-03-17,22:00,Delhi,19.7,59,3.0,1018.9,0.0,0,154,26.7,Mild,March,3,Monday
2025-03-17,23:00,Bangalore,18.9,70,5.9,1012.3,0.0,0,65,26.7,Mild,March,3,Monday
2025-03-18,00:00,Chennai,25.9,76,7.0,1010.5,0.0,0,64,27.2,Warm,March,3,Tuesday
2025-03-18,01:00,Hyderabad,26.6,62,6.7,1010.8,0.0,0,70,27.2,Warm,March,3,Tuesday
2025-03-18,02:00,Mumbai,26.5,70,11.8,1017.5,0.0,0,77,27.2,Warm,March,3,Tuesday
2025-03-18,03:00,Delhi,19.3,49,9.4,1016.1,0.0,0,138,27.2,Mild,March,3,Tuesday
2025-03-18,04:00,Bangalore,23.6,59,1.0,1013.9,0.0,0,50,27.2,Mild,March,3,Tuesday
2025-03-18,05:00,Chennai,26.8,70,7.4,1013.4,0.0,0,73,27.2,Warm,March,3,Tuesday
2025-03-18,06:00,Hyderabad,33.7,58,9.6,1007.3,0.0,0,102,27.2,Warm,March,3,Tuesday
2025-03-18,07:00,Mumbai,28.4,82,8.0,1016.7,0.0,0,99,27.2,Warm,March,3,Tuesday
2025-03-18,08:00,Delhi,28.0,55,9.3,1018.6,0.0,2,175,27.2,Warm,March,3,Tuesday
2025-03-18,09:00,Bangalore,26.4,70,11.3,1009.2,0.0,4,66,27.2,Warm,March,3,Tuesday
2025-03-18,10:00,Chennai,34.1,61,8.7,1010.5,0.0,6,82,27.2,Warm,March,3,Tuesday
2025-03-18,11:00,Hyderabad,33.7,52,6.3,1013.5,0.0,7,97,27.2,Warm,March,3,Tuesday
2025-03-18,12:00,Mumbai,35.0,60,10.6,1010.8,0.0,8,77,27.2,Hot,March,3,Tuesday
2025-03-18,13:00,Delhi,28.4,40,8.2,1009.8,0.0,7,142,27.2,Warm,March,3,Tuesday
2025-03-18,14:00,Bangalore,28.9,64,10.2,1011.2,0.0,6,50,27.2,Warm,March,3,Tuesday
2025-03-18,15:00,Chennai,28.5,76,14.0,1018.0,0.0,5,68,27.2,Warm,March,3,Tuesday
2025-03-18,16:00,Hyderabad,30.4,53,11.2,1012.9,0.0,2,74,27.2,Warm,March,3,Tuesday
2025-03-18,17:00,Mumbai,27.9,77,12.3,1006.2,0.0,1,122,27.2,Warm,March,3,Tuesday
2025-03-18,18:00,Delhi,23.4,51,8.0,1015.6,0.0,0,154,27.2,Mild,March,3,Tuesday
2025-03-18,19:00,Bangalore,19.3,66,3.0,1019.3,0.0,0,62,27.2,Mild,March,3,Tuesday
2025-03-18,20:00,Chennai,22.9,81,7.3,1012.8,0.0,0,57,27.2,Mild,March,3,Tuesday
2025-03-18,21:00,Hyderabad,25.2,63,13.7,1010.3,0.0,0,61,27.2,Warm,March,3,Tuesday
2025-03-18,22:00,Mumbai,26.3,79,12.4,1016.4,0.0,0,89,27.2,Warm,March,3,Tuesday
2025-03-18,23:00,Delhi,22.6,61,8.8,1011.7,0.0,0,141,27.2,Mild,March,3,Tuesday
2025-03-19,00:00,Bangalore,21.5,60,5.1,1014.7,0.0,0,48,27.4,Mild,March,3,Wednesday
2025-03-19,01:00,Chennai,26.1,70,7.1,1013.7,0.0,0,62,27.4,Warm,March,3,Wednesday
2025-03-19,02:00,Hyderabad,26.3,60,7.5,1010.5,0.0,0,74,27.4,Warm,March,3,Wednesday
2025-03-19,03:00,Mumbai,24.1,82,10.7,1018.4,0.0,0,86,27.4,Mild,March,3,Wednesday
2025-03-19,04:00,Delhi,21.6,59,6.4,1014.7,0.0,0,136,27.4,Mild,March,3,Wednesday
2025-03-19,05:00,Bangalore,27.9,56,8.7,1016.8,0.0,0,60,27.4,Warm,March,3,Wednesday
2025-03-19,06:00,Chennai,28.9,59,5.4,1014.9,0.0,0,70,27.4,Warm,March,3,Wednesday
2025-03-19,07:00,Hyderabad,31.1,60,8.2,1012.0,0.0,1,96,27.4,Warm,March,3,Wednesday
2025-03-19,08:00,Mumbai,31.5,60,7.1,1012.3,0.0,2,105,27.4,Warm,March,3,Wednesday
2025-03-19,09:00,Delhi,28.2,49,11.9,1012.0,0.0,4,179,27.4,Warm,March,3,Wednesday
2025-03-19,10:00,Bangalore,28.0,66,7.1,1009.7,0.0,6,77,27.4,Warm,March,3,Wednesday
2025-03-19,11:00,Chennai,34.4,59,11.7,1014.2,0.0,7,67,27.4,Warm,March,3,Wednesday
2025-03-19,12:00,Hyderabad,35.2,57,7.6,1008.8,0.0,10,96,27.4,Hot,March,3,Wednesday
2025-03-19,13:00,Mumbai,32.9,69,7.9,1010.9,0.0,8,88,27.4,Warm,March,3,Wednesday
2025-03-19,14:00,Delhi,28.3,45,8.5,1016.7,0.0,5,157,27.4,Warm,March,3,Wednesday
2025-03-19,15:00,Bangalore,26.0,60,6.7,1014.7,0.0,5,78,27.4,Warm,March,3,Wednesday
2025-03-19,16:00,Chennai,29.0,59,5.2,1011.6,0.0,2,88,27.4,Warm,March,3,Wednesday
2025-03-19,17:00,Hyderabad,32.0,54,8.2,1005.1,0.0,1,98,27.4,Warm,March,3,Wednesday
2025-03-19,18:00,Mumbai,25.8,72,10.7,1015.8,0.0,0,88,27.4,Warm,March,3,Wednesday
2025-03-19,19:00,Delhi,22.3,62,7.9,1021.7,0.0,0,154,27.4,Mild,March,3,Wednesday
2025-03-19,20:00,Bangalore,19.0,72,10.8,1018.8,0.0,0,74,27.4,Mild,March,3,Wednesday
2025-03-19,21:00,Chennai,25.3,73,6.2,1012.1,0.0,0,81,27.4,Warm,March,3,Wednesday
2025-03-19,22:00,Hyderabad,27.4,52,12.0,1011.3,0.0,0,91,27.4,Warm,March,3,Wednesday
2025-03-19,23:00,Mumbai,24.4,72,5.7,1010.8,0.0,0,87,27.4,Mild,March,3,Wednesday
2025-03-20,00:00,Delhi,18.6,57,8.8,1018.9,0.0,0,159,27.6,Mild,March,3,Thursday
2025-03-20,01:00,Bangalore,23.0,60,9.4,1015.7,0.0,0,66,27.6,Mild,March,3,Thursday
2025-03-20,02:00,Chennai,23.5,70,4.8,1023.7,0.0,0,77,27.6,Mild,March,3,Thursday
2025-03-20,03:00,Hyderabad,25.1,57,7.8,1016.9,0.0,0,76,27.6,Warm,March,3,Thursday
2025-03-20,04:00,Mumbai,28.6,67,4.9,1009.6,0.0,0,99,27.6,Warm,March,3,Thursday
2025-03-20,05:00,Delhi,25.3,53,15.2,1019.7,0.0,0,157,27.6,Warm,March,3,Thursday
2025-03-20,06:00,Bangalore,25.1,57,9.3,1017.1,0.0,0,62,27.6,Warm,March,3,Thursday
2025-03-20,07:00,Chennai,34.4,61,7.7,1010.5,0.0,1,91,27.6,Warm,March,3,Thursday
2025-03-20,08:00,Hyderabad,36.8,50,9.3,1015.4,0.0,3,95,27.6,Hot,March,3,Thursday
2025-03-20,09:00,Mumbai,33.8,58,16.8,1011.0,0.0,4,121,27.6,Warm,March,3,Thursday
2025-03-20,10:00,Delhi,30.5,45,8.1,1017.3,0.0,5,172,27.6,Warm,March,3,Thursday
2025-03-20,11:00,Bangalore,30.3,54,9.7,1018.8,0.0,7,83,27.6,Warm,March,3,Thursday
2025-03-20,12:00,Chennai,32.4,68,6.9,1018.6,0.0,8,76,27.6,Warm,March,3,Thursday
2025-03-20,13:00,Hyderabad,33.2,48,6.9,1009.0,0.0,8,96,27.6,Warm,March,3,Thursday
2025-03-20,14:00,Mumbai,34.4,73,6.1,1011.8,0.0,6,86,27.6,Warm,March,3,Thursday
2025-03-20,15:00,Delhi,25.9,37,5.0,1016.4,0.0,4,147,27.6,Warm,March,3,Thursday
2025-03-20,16:00,Bangalore,27.2,68,13.5,1008.9,0.0,2,65,27.6,Warm,March,3,Thursday
2025-03-20,17:00,Chennai,30.6,67,9.7,1014.2,0.0,1,108,27.6,Warm,March,3,Thursday
2025-03-20,18:00,Hyderabad,29.0,52,5.6,1011.2,0.0,0,93,27.6,Warm,March,3,Thursday
2025-03-20,19:00,Mumbai,28.2,67,8.8,1015.5,0.0,0,78,27.6,Warm,March,3,Thursday
2025-03-20,20:00,Delhi,19.8,46,14.2,1018.5,0.0,0,159,27.6,Mild,March,3,Thursday
2025-03-20,21:00,Bangalore,18.6,65,9.4,1018.5,0.0,0,68,27.6,Mild,March,3,Thursday
2025-03-20,22:00,Chennai,25.0,69,5.3,1015.3,0.0,0,71,27.6,Warm,March,3,Thursday
2025-03-20,23:00,Hyderabad,23.0,59,12.8,1021.2,0.0,0,75,27.6,Mild,March,3,Thursday
2025-03-21,00:00,Mumbai,22.3,69,7.1,1018.7,0.0,0,114,27.1,Mild,March,3,Friday
2025-03-21,01:00,Delhi,21.1,53,8.3,1018.6,0.0,0,158,27.1,Mild,March,3,Friday
2025-03-21,02:00,Bangalore,18.1,72,9.5,1013.9,0.0,0,53,27.1,Mild,March,3,Friday
2025-03-21,03:00,Chennai,24.5,63,12.0,1013.0,0.0,0,65,27.1,Mild,March,3,Friday
2025-03-21,04:00,Hyderabad,27.6,56,3.5,1011.6,0.0,0,72,27.1,Warm,March,3,Friday
2025-03-21,05:00,Mumbai,25.3,76,10.1,1017.5,0.0,0,100,27.1,Warm,March,3,Friday
2025-03-21,06:00,Delhi,28.0,52,15.0,1019.8,0.0,0,171,27.1,Warm,March,3,Friday
2025-03-21,07:00,Bangalore,26.9,65,10.6,1013.0,0.0,0,46,27.1,Warm,March,3,Friday
2025-03-21,08:00,Chennai,34.2,57,13.7,1009.0,0.0,3,78,27.1,Warm,March,3,Friday
2025-03-21,09:00,Hyderabad,34.8,48,10.0,1007.7,0.0,5,96,27.1,Warm,March,3,Friday
2025-03-21,10:00,Mumbai,34.3,70,13.7,1009.5,0.0,5,85,27.1,Warm,March,3,Friday
2025-03-21,11:00,Delhi,29.2,39,10.4,1013.6,0.0,8,144,27.1,Warm,March,3,Friday
2025-03-21,12:00,Bangalore,27.8,66,3.5,1013.0,0.0,9,58,27.1,Warm,March,3,Friday
2025-03-21,13:00,Chennai,33.1,61,10.4,1013.4,0.0,8,61,27.1,Warm,March,3,Friday
2025-03-21,14:00,Hyderabad,35.0,49,12.9,1009.9,0.0,6,81,27.1,Hot,March,3,Friday
2025-03-21,15:00,Mumbai,30.0,65,9.8,1014.1,0.0,4,78,27.1,Warm,March,3,Friday
2025-03-21,16:00,Delhi,29.5,39,4.8,1016.4,0.0,2,151,27.1,Warm,March,3,Friday
2025-03-21,17:00,Bangalore,24.1,65,7.2,1016.3,0.0,1,81,27.1,Mild,March,3,Friday
2025-03-21,18:00,Chennai,28.5,71,13.6,1009.2,0.0,0,96,27.1,Warm,March,3,Friday
2025-03-21,19:00,Hyderabad,26.0,57,5.6,1017.3,0.0,0,104,27.1,Warm,March,3,Friday
2025-03-21,20:00,Mumbai,25.9,77,3.9,1013.4,0.0,0,92,27.1,Warm,March,3,Friday
2025-03-21,21:00,Delhi,20.1,60,7.5,1022.7,0.0,0,131,27.1,Mild,March,3,Friday
2025-03-21,22:00,Bangalore,20.2,72,8.1,1014.3,0.0,0,59,27.1,Mild,March,3,Friday
2025-03-21,23:00,Chennai,24.6,79,8.6,1017.5,0.0,0,49,27.1,Mild,March,3,Friday
2025-03-22,00:00,Hyderabad,26.6,67,15.1,1012.7,0.0,0,106,27.4,Warm,March,3,Saturday
2025-03-22,01:00,Mumbai,21.3,78,7.3,1017.3,0.0,0,97,27.4,Mild,March,3,Saturday
2025-03-22,02:00,Delhi,24.4,62,9.1,1010.4,0.0,0,141,27.4,Mild,March,3,Saturday
2025-03-22,03:00,Bangalore,23.7,67,7.6,1010.6,22.3,0,52,27.4,Mild,March,3,Saturday
2025-03-22,04:00,Chennai,27.0,71,9.2,1012.3,0.0,0,48,27.4,Warm,March,3,Saturday
2025-03-22,05:00,Hyderabad,29.7,44,8.4,1015.2,0.0,0,82,27.4,Warm,March,3,Saturday
2025-03-22,06:00,Mumbai,28.4,72,12.8,1014.7,0.0,0,91,27.4,Warm,March,3,Saturday
2025-03-22,07:00,Delhi,26.9,46,12.2,1013.4,0.0,2,151,27.4,Warm,March,3,Saturday
2025-03-22,08:00,Bangalore,28.8,58,12.4,1014.4,0.0,2,98,27.4,Warm,March,3,Saturday
2025-03-22,09:00,Chennai,35.0,57,5.7,1013.0,0.0,4,75,27.4,Hot,March,3,Saturday
2025-03-22,10:00,Hyderabad,33.8,52,13.8,1008.4,0.0,6,85,27.4,Warm,March,3,Saturday
2025-03-22,11:00,Mumbai,32.9,67,10.0,1007.1,0.0,8,95,27.4,Warm,March,3,Saturday
2025-03-22,12:00,Delhi,31.5,51,9.1,1006.7,0.4,9,127,27.4,Warm,March,3,Saturday
2025-03-22,13:00,Bangalore,27.8,59,3.7,1009.3,0.0,8,49,27.4,Warm,March,3,Saturday
2025-03-22,14:00,Chennai,33.2,67,7.4,1010.1,0.0,6,77,27.4,Warm,March,3,Saturday
2025-03-22,15:00,Hyderabad,32.7,52,8.6,1010.1,0.0,5,85,27.4,Warm,March,3,Saturday
2025-03-22,16:00,Mumbai,28.2,70,10.9,1022.0,0.0,3,99,27.4,Warm,March,3,Saturday
2025-03-22,17:00,Delhi,23.8,41,9.8,1015.6,4.5,1,171,27.4,Mild,March,3,Saturday
2025-03-22,18:00,Bangalore,18.9,65,6.6,1011.9,0.0,0,89,27.4,Mild,March,3,Saturday
2025-03-22,19:00,Chennai,27.5,69,5.3,1010.7,0.0,0,80,27.4,Warm,March,3,Saturday
2025-03-22,20:00,Hyderabad,26.5,49,10.5,1013.7,0.0,0,80,27.4,Warm,March,3,Saturday
2025-03-22,21:00,Mumbai,25.4,72,8.0,1013.3,0.0,0,79,27.4,Warm,March,3,Saturday
2025-03-22,22:00,Delhi,22.3,44,4.2,1019.8,0.0,0,159,27.4,Mild,March,3,Saturday
2025-03-22,23:00,Bangalore,21.6,67,11.4,1017.6,0.0,0,53,27.4,Mild,March,3,Saturday
2025-03-23,00:00,Chennai,26.1,70,7.0,1013.7,0.0,0,97,28.1,Warm,March,3,Sunday
2025-03-23,01:00,Hyderabad,25.8,52,2.9,1014.3,0.0,0,87,28.1,Warm,March,3,Sunday
2025-03-23,02:00,Mumbai,25.2,72,7.5,1012.4,0.0,0,100,28.1,Warm,March,3,Sunday
2025-03-23,03:00,Delhi,25.3,44,11.3,1013.8,0.0,0,143,28.1,Warm,March,3,Sunday
2025-03-23,04:00,Bangalore,23.2,65,4.9,1016.7,0.0,0,66,28.1,Mild,March,3,Sunday
2025-03-23,05:00,Chennai,31.3,66,7.6,1012.9,0.0,0,71,28.1,Warm,March,3,Sunday
2025-03-23,06:00,Hyderabad,30.7,51,6.9,1015.3,0.0,0,78,28.1,Warm,March,3,Sunday
2025-03-23,07:00,Mumbai,31.5,65,9.6,1016.2,0.0,1,70,28.1,Warm,March,3,Sunday
2025-03-23,08:00,Delhi,28.9,34,11.0,1017.6,0.0,4,169,28.1,Warm,March,3,Sunday
2025-03-23,09:00,Bangalore,28.4,58,11.1,1012.9,0.0,5,84,28.1,Warm,March,3,Sunday
2025-03-23,10:00,Chennai,32.6,70,8.2,1014.5,0.0,7,84,28.1,Warm,March,3,Sunday
2025-03-23,11:00,Hyderabad,35.5,53,9.8,1010.5,0.0,7,58,28.1,Hot,March,3,Sunday
2025-03-23,12:00,Mumbai,36.4,69,9.3,1009.3,0.0,9,92,28.1,Hot,March,3,Sunday
2025-03-23,13:00,Delhi,32.6,38,14.2,1017.4,0.0,7,140,28.1,Warm,March,3,Sunday
2025-03-23,14:00,Bangalore,27.1,63,9.5,1012.0,0.0,7,67,28.1,Warm,March,3,Sunday
2025-03-23,15:00,Chennai,33.7,65,13.5,1008.5,12.8,4,91,28.1,Warm,March,3,Sunday
2025-03-23,16:00,Hyderabad,32.9,51,7.1,1008.1,0.0,3,89,28.1,Warm,March,3,Sunday
2025-03-23,17:00,Mumbai,28.4,63,9.6,1014.1,0.0,1,107,28.1,Warm,March,3,Sunday
2025-03-23,18:00,Delhi,23.5,50,12.2,1012.3,0.0,0,170,28.1,Mild,March,3,Sunday
2025-03-23,19:00,Bangalore,22.7,59,15.9,1012.2,0.0,0,70,28.1,Mild,March,3,Sunday
2025-03-23,20:00,Chennai,23.4,63,6.8,1014.1,0.0,0,89,28.1,Mild,March,3,Sunday
2025-03-23,21:00,Hyderabad,24.9,60,5.7,1015.3,0.0,0,67,28.1,Mild,March,3,Sunday
2025-03-23,22:00,Mumbai,25.0,74,8.4,1015.0,0.0,0,90,28.1,Warm,March,3,Sunday
2025-03-23,23:00,Delhi,19.6,42,9.4,1018.6,0.0,0,163,28.1,Mild,March,3,Sunday
2025-03-24,00:00,Bangalore,17.4,65,9.9,1018.3,0.0,0,61,27.4,Mild,March,3,Monday
2025-03-24,01:00,Chennai,23.4,74,9.3,1016.5,0.0,0,73,27.4,Mild,March,3,Monday
2025-03-24,02:00,Hyderabad,25.4,57,6.1,1018.8,0.0,0,68,27.4,Warm,March,3,Monday
2025-03-24,03:00,Mumbai,24.7,70,9.6,1015.0,0.0,0,87,27.4,Mild,March,3,Monday
2025-03-24,04:00,Delhi,22.2,48,8.8,1014.7,0.0,0,152,27.4,Mild,March,3,Monday
2025-03-24,05:00,Bangalore,24.7,66,8.7,1007.5,0.0,0,60,27.4,Mild,March,3,Monday
2025-03-24,06:00,Chennai,30.7,54,6.4,1015.4,0.0,0,75,27.4,Warm,March,3,Monday
2025-03-24,07:00,Hyderabad,30.7,53,6.6,1013.8,0.0,1,67,27.4,Warm,March,3,Monday
2025-03-24,08:00,Mumbai,34.8,73,7.9,1013.8,0.0,3,103,27.4,Warm,March,3,Monday
2025-03-24,09:00,Delhi,30.2,41,10.0,1013.5,0.0,5,184,27.4,Warm,March,3,Monday
2025-03-24,10:00,Bangalore,27.8,61,8.2,1009.2,19.2,5,80,27.4,Warm,March,3,Monday
2025-03-24,11:00,Chennai,33.7,59,11.9,1012.9,0.0,8,74,27.4,Warm,March,3,Monday
2025-03-24,12:00,Hyderabad,34.5,45,3.7,1016.4,0.0,9,94,27.4,Warm,March,3,Monday
2025-03-24,13:00,Mumbai,35.3,61,7.2,1015.2,0.0,8,96,27.4,Hot,March,3,Monday
2025-03-24,14:00,Delhi,27.8,43,6.9,1015.7,0.0,6,152,27.4,Warm,March,3,Monday
2025-03-24,15:00,Bangalore,25.1,59,4.9,1014.2,0.0,5,70,27.4,Warm,March,3,Monday
2025-03-24,16:00,Chennai,30.5,57,9.2,1016.6,0.0,3,59,27.4,Warm,March,3,Monday
2025-03-24,17:00,Hyderabad,32.4,47,7.4,1013.0,0.0,0,84,27.4,Warm,March,3,Monday
2025-03-24,18:00,Mumbai,27.5,77,7.2,1015.7,0.0,0,117,27.4,Warm,March,3,Monday
2025-03-24,19:00,Delhi,22.4,43,5.1,1016.1,0.0,0,177,27.4,Mild,March,3,Monday
2025-03-24,20:00,Bangalore,20.0,60,4.9,1012.5,0.0,0,55,27.4,Mild,March,3,Monday
2025-03-24,21:00,Chennai,25.0,72,8.9,1014.7,6.9,0,88,27.4,Warm,March,3,Monday
2025-03-24,22:00,Hyderabad,25.5,56,0.4,1016.7,0.0,0,86,27.4,Warm,March,3,Monday
2025-03-24,23:00,Mumbai,26.2,71,6.3,1015.9,0.0,0,89,27.4,Warm,March,3,Monday
2025-03-25,00:00,Delhi,21.0,54,9.1,1009.0,0.0,0,157,27.7,Mild,March,3,Tuesday
2025-03-25,01:00,Bangalore,20.7,66,3.2,1010.2,0.0,0,85,27.7,Mild,March,3,Tuesday
2025-03-25,02:00,Chennai,23.5,74,9.3,1014.4,0.0,0,61,27.7,Mild,March,3,Tuesday
2025-03-25,03:00,Hyderabad,27.5,53,11.8,1014.3,0.0,0,77,27.7,Warm,March,3,Tuesday
2025-03-25,04:00,Mumbai,26.6,68,9.8,1017.1,0.0,0,92,27.7,Warm,March,3,Tuesday
2025-03-25,05:00,Delhi,25.5,49,11.5,1011.7,0.0,0,163,27.7,Warm,March,3,Tuesday
2025-03-25,06:00,Bangalore,24.1,64,6.0,1014.3,0.0,0,71,27.7,Mild,March,3,Tuesday
2025-03-25,07:00,Chennai,34.0,70,0.0,1015.5,0.0,1,57,27.7,Warm,March,3,Tuesday
2025-03-25,08:00,Hyderabad,33.1,54,3.4,1012.0,0.0,2,80,27.7,Warm,March,3,Tuesday
2025-03-25,09:00,Mumbai,35.3,61,7.2,1015.3,0.0,4,97,27.7,Hot,March,3,Tuesday
2025-03-25,10:00,Delhi,32.2,37,10.2,1006.4,0.0,7,175,27.7,Warm,March,3,Tuesday
2025-03-25,11:00,Bangalore,31.2,64,5.1,1006.2,0.0,8,64,27.7,Warm,March,3,Tuesday
2025-03-25,12:00,Chennai,35.1,70,6.0,1007.9,0.0,9,83,27.7,Hot,March,3,Tuesday
2025-03-25,13:00,Hyderabad,33.9,64,3.8,1013.5,0.0,8,79,27.7,Warm,March,3,Tuesday
2025-03-25,14:00,Mumbai,29.5,58,4.3,1014.6,0.0,5,101,27.7,Warm,March,3,Tuesday
2025-03-25,15:00,Delhi,25.1,55,7.8,1010.6,0.0,4,122,27.7,Warm,March,3,Tuesday
2025-03-25,16:00,Bangalore,24.6,63,3.5,1015.4,0.0,2,70,27.7,Mild,March,3,Tuesday
2025-03-25,17:00,Chennai,28.2,75,6.6,1014.4,0.0,1,73,27.7,Warm,March,3,Tuesday
2025-03-25,18:00,Hyderabad,30.5,60,10.7,1007.4,0.0,0,95,27.7,Warm,March,3,Tuesday
2025-03-25,19:00,Mumbai,26.5,74,4.6,1015.4,0.0,0,109,27.7,Warm,March,3,Tuesday
2025-03-25,20:00,Delhi,22.9,49,3.3,1018.2,0.0,0,183,27.7,Mild,March,3,Tuesday
2025-03-25,21:00,Bangalore,21.7,67,8.1,1016.9,0.0,0,70,27.7,Mild,March,3,Tuesday
2025-03-25,22:00,Chennai,25.6,73,11.0,1013.4,0.0,0,59,27.7,Warm,March,3,Tuesday
2025-03-25,23:00,Hyderabad,26.7,56,10.8,1014.8,0.0,0,92,27.7,Warm,March,3,Tuesday
2025-03-26,00:00,Mumbai,22.1,77,11.4,1016.3,0.0,0,88,27.7,Mild,March,3,Wednesday
2025-03-26,01:00,Delhi,21.5,48,2.3,1012.8,0.0,0,159,27.7,Mild,March,3,Wednesday
2025-03-26,02:00,Bangalore,20.2,61,3.3,1022.4,0.0,0,68,27.7,Mild,March,3,Wednesday
2025-03-26,03:00,Chennai,27.1,59,8.5,1010.2,0.0,0,77,27.7,Warm,March,3,Wednesday
2025-03-26,04:00,Hyderabad,28.8,48,10.9,1011.8,0.0,0,81,27.7,Warm,March,3,Wednesday
2025-03-26,05:00,Mumbai,33.3,71,8.6,1013.0,0.0,0,66,27.7,Warm,March,3,Wednesday
2025-03-26,06:00,Delhi,26.6,48,12.1,1018.3,0.0,0,144,27.7,Warm,March,3,Wednesday
2025-03-26,07:00,Bangalore,25.3,63,7.0,1011.6,0.0,1,61,27.7,Warm,March,3,Wednesday
2025-03-26,08:00,Chennai,31.1,63,1.5,1013.0,0.0,3,98,27.7,Warm,March,3,Wednesday
2025-03-26,09:00,Hyderabad,34.5,53,11.2,1016.4,0.0,4,95,27.7,Warm,March,3,Wednesday
2025-03-26,10:00,Mumbai,34.3,57,12.3,1008.8,0.0,6,114,27.7,Warm,March,3,Wednesday
2025-03-26,11:00,Delhi,29.3,36,8.4,1016.4,0.0,8,147,27.7,Warm,March,3,Wednesday
2025-03-26,12:00,Bangalore,30.9,65,11.6,1011.5,0.0,9,78,27.7,Warm,March,3,Wednesday
2025-03-26,13:00,Chennai,35.7,64,6.5,1007.3,0.0,7,76,27.7,Hot,March,3,Wednesday
2025-03-26,14:00,Hyderabad,32.6,51,10.1,1013.2,0.0,6,89,27.7,Warm,March,3,Wednesday
2025-03-26,15:00,Mumbai,34.4,61,9.1,1010.6,0.0,4,82,27.7,Warm,March,3,Wednesday
2025-03-26,16:00,Delhi,22.0,56,6.4,1017.1,0.0,3,142,27.7,Mild,March,3,Wednesday
2025-03-26,17:00,Bangalore,22.9,69,8.2,1016.8,0.0,1,78,27.7,Mild,March,3,Wednesday
2025-03-26,18:00,Chennai,30.7,70,11.4,1015.7,0.0,1,91,27.7,Warm,March,3,Wednesday
2025-03-26,19:00,Hyderabad,30.2,63,11.5,1008.8,0.0,0,81,27.7,Warm,March,3,Wednesday
2025-03-26,20:00,Mumbai,25.8,77,9.7,1011.8,0.0,0,93,27.7,Warm,March,3,Wednesday
2025-03-26,21:00,Delhi,21.7,53,2.0,1015.1,0.0,0,114,27.7,Mild,March,3,Wednesday
2025-03-26,22:00,Bangalore,19.3,65,7.1,1016.3,0.0,0,42,27.7,Mild,March,3,Wednesday
2025-03-26,23:00,Chennai,24.7,76,11.0,1015.8,0.0,0,75,27.7,Mild,March,3,Wednesday
2025-03-27,00:00,Hyderabad,25.4,53,1.9,1011.2,0.0,0,90,28.0,Warm,March,3,Thursday
2025-03-27,01:00,Mumbai,24.8,71,4.0,1011.1,0.0,0,77,28.0,Mild,March,3,Thursday
2025-03-27,02:00,Delhi,20.1,56,11.4,1014.8,0.0,0,170,28.0,Mild,March,3,Thursday
2025-03-27,03:00,Bangalore,22.7,66,13.4,1018.4,0.0,0,57,28.0,Mild,March,3,Thursday
2025-03-27,04:00,Chennai,27.2,65,10.1,1016.2,0.0,0,49,28.0,Warm,March,3,Thursday
2025-03-27,05:00,Hyderabad,29.3,54,5.4,1020.0,0.0,0,61,28.0,Warm,March,3,Thursday
2025-03-27,06:00,Mumbai,32.4,65,3.7,1015.9,0.0,0,77,28.0,Warm,March,3,Thursday
2025-03-27,07:00,Delhi,27.4,51,9.9,1011.8,0.0,2,149,28.0,Warm,March,3,Thursday
2025-03-27,08:00,Bangalore,29.3,60,10.5,1010.6,0.0,3,92,28.0,Warm,March,3,Thursday
2025-03-27,09:00,Chennai,32.9,63,10.1,1013.8,0.0,4,88,28.0,Warm,March,3,Thursday
2025-03-27,10:00,Hyderabad,37.0,44,3.7,1012.2,0.0,6,89,28.0,Hot,March,3,Thursday
2025-03-27,11:00,Mumbai,36.3,60,10.9,1008.8,0.0,9,98,28.0,Hot,March,3,Thursday
2025-03-27,12:00,Delhi,32.6,48,5.0,1013.7,0.0,10,157,28.0,Warm,March,3,Thursday
2025-03-27,13:00,Bangalore,30.9,55,8.0,1010.4,0.0,8,58,28.0,Warm,March,3,Thursday
2025-03-27,14:00,Chennai,33.0,62,6.6,1017.5,0.0,6,82,28.0,Warm,March,3,Thursday
2025-03-27,15:00,Hyderabad,33.1,63,5.2,1003.2,0.0,5,77,28.0,Warm,March,3,Thursday
2025-03-27,16:00,Mumbai,32.3,68,8.9,1004.7,0.0,3,78,28.0,Warm,March,3,Thursday
2025-03-27,17:00,Delhi,25.8,50,9.3,1010.8,0.0,2,170,28.0,Warm,March,3,Thursday
2025-03-27,18:00,Bangalore,22.3,62,7.3,1016.8,0.0,0,87,28.0,Mild,March,3,Thursday
2025-03-27,19:00,Chennai,30.2,67,7.8,1010.7,0.0,0,104,28.0,Warm,March,3,Thursday
2025-03-27,20:00,Hyderabad,26.1,59,5.1,1011.5,0.0,0,73,28.0,Warm,March,3,Thursday
2025-03-27,21:00,Mumbai,23.9,78,11.1,1014.0,0.0,0,97,28.0,Mild,March,3,Thursday
2025-03-27,22:00,Delhi,21.2,49,2.4,1010.7,0.0,0,148,28.0,Mild,March,3,Thursday
2025-03-27,23:00,Bangalore,15.5,70,11.4,1022.1,0.0,0,78,28.0,Mild,March,3,Thursday
2025-03-28,00:00,Chennai,24.0,73,9.0,1016.7,0.0,0,75,28.0,Mild,March,3,Friday
2025-03-28,01:00,Hyderabad,27.7,50,6.1,1012.1,0.0,0,85,28.0,Warm,March,3,Friday
2025-03-28,02:00,Mumbai,27.7,75,3.4,1015.4,0.0,0,81,28.0,Warm,March,3,Friday
2025-03-28,03:00,Delhi,22.3,47,7.4,1017.9,0.0,0,140,28.0,Mild,March,3,Friday
2025-03-28,04:00,Bangalore,22.1,65,3.9,1015.4,0.0,0,55,28.0,Mild,March,3,Friday
2025-03-28,05:00,Chennai,28.8,67,4.1,1012.4,0.0,0,63,28.0,Warm,March,3,Friday
2025-03-28,06:00,Hyderabad,32.4,57,6.1,1013.6,0.0,0,96,28.0,Warm,March,3,Friday
2025-03-28,07:00,Mumbai,31.4,69,10.1,1011.7,0.0,0,96,28.0,Warm,March,3,Friday
2025-03-28,08:00,Delhi,28.2,49,5.4,1015.9,0.0,3,162,28.0,Warm,March,3,Friday
2025-03-28,09:00,Bangalore,29.0,64,1.1,1020.9,0.0,5,100,28.0,Warm,March,3,Friday
2025-03-28,10:00,Chennai,33.3,60,10.1,1006.6,0.0,6,105,28.0,Warm,March,3,Friday
2025-03-28,11:00,Hyderabad,38.5,54,11.9,1013.0,0.0,9,93,28.0,Hot,March,3,Friday
2025-03-28,12:00,Mumbai,32.9,68,9.5,1010.2,0.0,9,100,28.0,Warm,March,3,Friday
2025-03-28,13:00,Delhi,29.0,45,8.8,1013.8,0.0,8,120,28.0,Warm,March,3,Friday
2025-03-28,14:00,Bangalore,29.1,59,1.2,1011.1,0.0,6,86,28.0,Warm,March,3,Friday
2025-03-28,15:00,Chennai,33.0,73,9.3,1012.7,0.0,5,80,28.0,Warm,March,3,Friday
2025-03-28,16:00,Hyderabad,29.5,57,7.7,1011.4,0.0,3,81,28.0,Warm,March,3,Friday
2025-03-28,17:00,Mumbai,30.8,62,7.4,1012.7,0.0,1,107,28.0,Warm,March,3,Friday
2025-03-28,18:00,Delhi,25.3,49,12.0,1018.8,0.0,0,160,28.0,Warm,March,3,Friday
2025-03-28,19:00,Bangalore,22.2,69,9.7,1016.8,0.0,0,80,28.0,Mild,March,3,Friday
2025-03-28,20:00,Chennai,25.6,71,8.1,1009.1,0.0,0,95,28.0,Warm,March,3,Friday
2025-03-28,21:00,Hyderabad,24.9,62,5.0,1016.6,0.0,0,90,28.0,Mild,March,3,Friday
2025-03-28,22:00,Mumbai,23.9,68,5.1,1014.8,0.0,0,69,28.0,Mild,March,3,Friday
2025-03-28,23:00,Delhi,19.2,56,2.6,1016.2,0.0,0,140,28.0,Mild,March,3,Friday
2025-03-29,00:00,Bangalore,19.2,66,11.9,1013.8,0.0,0,71,28.4,Mild,March,3,Saturday
2025-03-29,01:00,Chennai,25.1,74,11.2,1014.8,0.0,0,89,28.4,Warm,March,3,Saturday
2025-03-29,02:00,Hyderabad,29.7,57,3.2,1011.6,0.0,0,71,28.4,Warm,March,3,Saturday
2025-03-29,03:00,Mumbai,27.9,72,4.8,1014.9,0.0,0,65,28.4,Warm,March,3,Saturday
2025-03-29,04:00,Delhi,25.2,43,8.7,1021.4,0.0,0,159,28.4,Warm,March,3,Saturday
2025-03-29,05:00,Bangalore,25.9,61,11.2,1015.3,0.0,0,57,28.4,Warm,March,3,Saturday
2025-03-29,06:00,Chennai,29.8,64,6.4,1009.7,0.0,0,84,28.4,Warm,March,3,Saturday
2025-03-29,07:00,Hyderabad,32.1,51,9.6,1014.0,0.0,1,91,28.4,Warm,March,3,Saturday
2025-03-29,08:00,Mumbai,34.7,66,8.7,1012.3,10.1,3,108,28.4,Warm,March,3,Saturday
2025-03-29,09:00,Delhi,28.6,43,6.3,1016.9,0.0,5,152,28.4,Warm,March,3,Saturday
2025-03-29,10:00,Bangalore,30.3,59,7.2,1013.8,0.0,5,108,28.4,Warm,March,3,Saturday
2025-03-29,11:00,Chennai,36.4,67,6.8,1009.4,0.0,7,74,28.4,Hot,March,3,Saturday
2025-03-29,12:00,Hyderabad,36.5,51,7.3,1008.8,0.0,10,70,28.4,Hot,March,3,Saturday
2025-03-29,13:00,Mumbai,37.2,66,11.7,1006.0,0.0,8,81,28.4,Hot,March,3,Saturday
2025-03-29,14:00,Delhi,29.0,45,7.9,1018.7,0.0,7,145,28.4,Warm,March,3,Saturday
2025-03-29,15:00,Bangalore,27.4,48,9.7,1016.9,0.0,4,40,28.4,Warm,March,3,Saturday
2025-03-29,16:00,Chennai,31.9,56,2.4,1016.9,0.0,2,51,28.4,Warm,March,3,Saturday
2025-03-29,17:00,Hyderabad,29.7,57,5.5,1011.2,0.0,1,103,28.4,Warm,March,3,Saturday
2025-03-29,18:00,Mumbai,26.3,69,3.0,1014.5,0.0,0,96,28.4,Warm,March,3,Saturday
2025-03-29,19:00,Delhi,23.8,53,7.1,1024.0,0.0,0,158,28.4,Mild,March,3,Saturday
2025-03-29,20:00,Bangalore,19.0,63,7.7,1021.9,0.0,0,84,28.4,Mild,March,3,Saturday
2025-03-29,21:00,Chennai,24.6,77,7.1,1015.4,0.0,0,79,28.4,Mild,March,3,Saturday
2025-03-29,22:00,Hyderabad,24.4,65,5.6,1016.0,0.0,0,87,28.4,Mild,March,3,Saturday
2025-03-29,23:00,Mumbai,25.8,75,7.5,1011.8,0.0,0,113,28.4,Warm,March,3,Saturday
2025-03-30,00:00,Delhi,21.4,49,7.3,1015.7,0.0,0,156,27.4,Mild,March,3,Sunday
2025-03-30,01:00,Bangalore,21.3,71,5.6,1019.5,0.0,0,60,27.4,Mild,March,3,Sunday
2025-03-30,02:00,Chennai,27.1,66,6.6,1012.7,0.0,0,69,27.4,Warm,March,3,Sunday
2025-03-30,03:00,Hyderabad,29.7,57,8.6,1013.2,0.0,0,78,27.4,Warm,March,3,Sunday
2025-03-30,04:00,Mumbai,27.5,72,13.4,1012.7,0.0,0,90,27.4,Warm,March,3,Sunday
2025-03-30,05:00,Delhi,25.9,49,9.4,1017.1,0.0,0,148,27.4,Warm,March,3,Sunday
2025-03-30,06:00,Bangalore,26.9,58,7.2,1013.6,0.0,0,67,27.4,Warm,March,3,Sunday
2025-03-30,07:00,Chennai,28.5,61,3.8,1009.8,0.0,1,85,27.4,Warm,March,3,Sunday
2025-03-30,08:00,Hyderabad,35.2,50,4.5,1009.1,0.0,3,86,27.4,Hot,March,3,Sunday
2025-03-30,09:00,Mumbai,35.6,68,7.7,1015.6,0.0,5,114,27.4,Hot,March,3,Sunday
2025-03-30,10:00,Delhi,30.6,43,10.7,1009.3,0.0,6,154,27.4,Warm,March,3,Sunday
2025-03-30,11:00,Bangalore,28.7,60,7.2,1010.5,0.0,8,99,27.4,Warm,March,3,Sunday
2025-03-30,12:00,Chennai,34.3,68,8.1,1013.4,0.0,10,82,27.4,Warm,March,3,Sunday
2025-03-30,13:00,Hyderabad,35.8,51,6.4,1011.8,0.0,8,61,27.4,Hot,March,3,Sunday
2025-03-30,14:00,Mumbai,30.9,65,6.6,1013.3,0.0,7,84,27.4,Warm,March,3,Sunday
2025-03-30,15:00,Delhi,25.4,42,8.8,1017.7,0.0,5,156,27.4,Warm,March,3,Sunday
2025-03-30,16:00,Bangalore,26.6,63,9.4,1012.2,0.0,2,65,27.4,Warm,March,3,Sunday
2025-03-30,17:00,Chennai,28.0,74,7.3,1015.0,0.0,2,87,27.4,Warm,March,3,Sunday
2025-03-30,18:00,Hyderabad,28.3,66,3.7,1011.6,19.6,0,91,27.4,Warm,March,3,Sunday
2025-03-30,19:00,Mumbai,22.5,77,11.7,1020.2,0.0,0,81,27.4,Mild,March,3,Sunday
2025-03-30,20:00,Delhi,20.1,59,5.4,1011.5,0.0,0,175,27.4,Mild,March,3,Sunday
2025-03-30,21:00,Bangalore,19.9,59,7.8,1016.2,0.0,0,71,27.4,Mild,March,3,Sunday
2025-03-30,22:00,Chennai,23.5,74,10.6,1012.3,0.0,0,58,27.4,Mild,March,3,Sunday
2025-03-30,23:00,Hyderabad,22.8,58,12.1,1015.0,0.0,0,53,27.4,Mild,March,3,Sunday
2025-03-31,00:00,Mumbai,26.2,74,4.9,1013.4,0.0,0,75,27.9,Warm,March,3,Monday
2025-03-31,01:00,Delhi,21.7,50,6.5,1018.2,0.0,0,153,27.9,Mild,March,3,Monday
2025-03-31,02:00,Bangalore,19.8,76,3.2,1019.6,0.0,0,56,27.9,Mild,March,3,Monday
2025-03-31,03:00,Chennai,26.7,76,5.6,1014.8,0.0,0,83,27.9,Warm,March,3,Monday
2025-03-31,04:00,Hyderabad,30.0,58,6.7,1012.6,0.0,0,94,27.9,Warm,March,3,Monday
2025-03-31,05:00,Mumbai,31.1,67,5.5,1014.6,0.0,0,93,27.9,Warm,March,3,Monday
2025-03-31,06:00,Delhi,26.2,50,4.5,1011.1,0.0,0,154,27.9,Warm,March,3,Monday
2025-03-31,07:00,Bangalore,25.5,61,11.8,1022.9,0.0,2,59,27.9,Warm,March,3,Monday
2025-03-31,08:00,Chennai,32.5,68,9.5,1016.1,0.0,3,82,27.9,Warm,March,3,Monday
2025-03-31,09:00,Hyderabad,35.1,50,6.9,1007.1,3.3,4,94,27.9,Hot,March,3,Monday
2025-03-31,10:00,Mumbai,33.2,63,4.3,1006.4,0.0,7,107,27.9,Warm,March,3,Monday
2025-03-31,11:00,Delhi,31.6,47,6.9,1008.9,0.0,8,174,27.9,Warm,March,3,Monday
2025-03-31,12:00,Bangalore,29.5,60,7.8,1013.5,0.0,10,94,27.9,Warm,March,3,Monday
2025-03-31,13:00,Chennai,33.0,69,10.1,1015.8,0.0,8,69,27.9,Warm,March,3,Monday
2025-03-31,14:00,Hyderabad,34.7,49,5.9,1016.2,0.0,7,74,27.9,Warm,March,3,Monday
2025-03-31,15:00,Mumbai,32.7,75,6.4,1015.7,0.0,4,93,27.9,Warm,March,3,Monday
2025-03-31,16:00,Delhi,22.7,53,10.3,1010.6,0.0,3,170,27.9,Mild,March,3,Monday
2025-03-31,17:00,Bangalore,24.9,61,10.2,1010.7,0.0,2,58,27.9,Mild,March,3,Monday
2025-03-31,18:00,Chennai,28.5,69,9.9,1010.1,0.0,0,124,27.9,Warm,March,3,Monday
2025-03-31,19:00,Hyderabad,30.5,55,12.3,1015.8,0.0,0,87,27.9,Warm,March,3,Monday
2025-03-31,20:00,Mumbai,24.4,79,8.3,1015.5,0.0,0,116,27.9,Mild,March,3,Monday
2025-03-31,21:00,Delhi,21.7,63,7.5,1013.6,0.0,0,139,27.9,Mild,March,3,Monday
2025-03-31,22:00,Bangalore,23.1,63,13.0,1018.0,0.0,0,59,27.9,Mild,March,3,Monday
2025-03-31,23:00,Chennai,24.7,76,10.6,1019.4,0.0,0,74,27.9,Mild,March,3,Monday
2025-04-01,00:00,Hyderabad,26.0,57,9.3,1011.9,0.0,0,84,28.2,Warm,April,4,Tuesday
2025-04-01,01:00,Mumbai,24.2,75,7.2,1012.3,0.0,0,119,28.2,Mild,April,4,Tuesday
2025-04-01,02:00,Delhi,22.5,55,9.6,1017.5,0.0,0,163,28.2,Mild,April,4,Tuesday
2025-04-01,03:00,Bangalore,23.5,69,9.2,1014.8,0.0,0,67,28.2,Mild,April,4,Tuesday
2025-04-01,04:00,Chennai,27.7,76,12.7,1008.6,0.0,0,81,28.2,Warm,April,4,Tuesday
2025-04-01,05:00,Hyderabad,30.0,58,9.3,1009.8,0.0,0,101,28.2,Warm,April,4,Tuesday
2025-04-01,06:00,Mumbai,31.6,77,8.3,1014.9,0.0,0,85,28.2,Warm,April,4,Tuesday
2025-04-01,07:00,Delhi,30.4,37,4.2,1011.7,0.0,1,164,28.2,Warm,April,4,Tuesday
2025-04-01,08:00,Bangalore,27.7,71,8.0,1012.8,0.0,2,88,28.2,Warm,April,4,Tuesday
2025-04-01,09:00,Chennai,34.4,66,14.6,1014.7,0.0,5,98,28.2,Warm,April,4,Tuesday
2025-04-01,10:00,Hyderabad,34.6,52,5.7,1011.0,0.0,5,86,28.2,Warm,April,4,Tuesday
2025-04-01,11:00,Mumbai,35.4,67,5.7,1008.3,0.0,8,88,28.2,Hot,April,4,Tuesday
2025-04-01,12:00,Delhi,31.4,51,11.7,1019.2,0.0,8,147,28.2,Warm,April,4,Tuesday
2025-04-01,13:00,Bangalore,31.3,59,7.2,1017.9,0.0,8,78,28.2,Warm,April,4,Tuesday
2025-04-01,14:00,Chennai,34.6,65,7.0,1009.9,0.0,6,85,28.2,Warm,April,4,Tuesday
2025-04-01,15:00,Hyderabad,30.9,48,7.5,1014.9,0.0,5,88,28.2,Warm,April,4,Tuesday
2025-04-01,16:00,Mumbai,29.9,65,11.0,1012.6,0.0,3,96,28.2,Warm,April,4,Tuesday
2025-04-01,17:00,Delhi,27.0,53,11.3,1017.0,0.0,3,175,28.2,Warm,April,4,Tuesday
2025-04-01,18:00,Bangalore,23.8,56,7.4,1013.4,0.0,0,76,28.2,Mild,April,4,Tuesday
2025-04-01,19:00,Chennai,26.3,64,8.2,1013.7,0.0,0,91,28.2,Warm,April,4,Tuesday
2025-04-01,20:00,Hyderabad,28.4,54,2.8,1015.3,0.0,0,87,28.2,Warm,April,4,Tuesday
2025-04-01,21:00,Mumbai,24.1,68,6.1,1015.5,0.0,0,93,28.2,Mild,April,4,Tuesday
2025-04-01,22:00,Delhi,22.6,57,3.7,1013.4,0.0,0,138,28.2,Mild,April,4,Tuesday
2025-04-01,23:00,Bangalore,19.1,70,6.4,1017.0,0.0,0,75,28.2,Mild,April,4,Tuesday
2025-04-02,00:00,Chennai,23.2,70,7.7,1016.9,0.0,0,81,28.7,Mild,April,4,Wednesday
2025-04-02,01:00,Hyderabad,28.0,64,3.0,1014.5,0.0,0,70,28.7,Warm,April,4,Wednesday
2025-04-02,02:00,Mumbai,26.6,73,10.0,1017.8,0.0,0,72,28.7,Warm,April,4,Wednesday
2025-04-02,03:00,Delhi,23.5,55,6.5,1015.6,0.0,0,142,28.7,Mild,April,4,Wednesday
2025-04-02,04:00,Bangalore,22.8,72,7.7,1014.1,0.0,0,59,28.7,Mild,April,4,Wednesday
2025-04-02,05:00,Chennai,29.4,71,12.9,1016.7,0.0,0,70,28.7,Warm,April,4,Wednesday
2025-04-02,06:00,Hyderabad,33.9,63,10.9,1016.9,0.0,0,81,28.7,Warm,April,4,Wednesday
2025-04-02,07:00,Mumbai,36.0,74,5.5,1005.1,0.0,1,67,28.7,Hot,April,4,Wednesday
2025-04-02,08:00,Delhi,26.8,60,8.2,1011.8,0.0,4,164,28.7,Warm,April,4,Wednesday
2025-04-02,09:00,Bangalore,29.5,61,9.3,1011.4,0.0,5,85,28.7,Warm,April,4,Wednesday
2025-04-02,10:00,Chennai,33.2,60,4.8,1015.8,0.0,6,77,28.7,Warm,April,4,Wednesday
2025-04-02,11:00,Hyderabad,37.7,52,6.3,1012.5,0.0,8,66,28.7,Hot,April,4,Wednesday
2025-04-02,12:00,Mumbai,34.2,60,9.6,1011.2,0.0,9,92,28.7,Warm,April,4,Wednesday
2025-04-02,13:00,Delhi,33.6,43,11.0,1013.1,0.0,8,162,28.7,Warm,April,4,Wednesday
2025-04-02,14:00,Bangalore,28.5,66,11.7,1013.7,0.0,6,75,28.7,Warm,April,4,Wednesday
2025-04-02,15:00,Chennai,32.0,73,7.8,1017.3,0.0,4,89,28.7,Warm,April,4,Wednesday
2025-04-02,16:00,Hyderabad,31.6,56,9.3,1008.5,0.0,2,80,28.7,Warm,April,4,Wednesday
2025-04-02,17:00,Mumbai,31.4,68,9.8,1012.8,0.0,0,67,28.7,Warm,April,4,Wednesday
2025-04-02,18:00,Delhi,25.2,51,2.0,1017.3,0.0,0,164,28.7,Warm,April,4,Wednesday
2025-04-02,19:00,Bangalore,22.7,61,1.4,1015.3,0.0,0,64,28.7,Mild,April,4,Wednesday
2025-04-02,20:00,Chennai,26.4,56,4.0,1012.1,0.0,0,93,28.7,Warm,April,4,Wednesday
2025-04-02,21:00,Hyderabad,25.9,61,8.5,1015.2,0.0,0,72,28.7,Warm,April,4,Wednesday
2025-04-02,22:00,Mumbai,26.4,74,7.4,1013.6,0.0,0,88,28.7,Warm,April,4,Wednesday
2025-04-02,23:00,Delhi,19.8,53,2.9,1017.7,0.0,0,139,28.7,Mild,April,4,Wednesday
2025-04-03,00:00,Bangalore,20.9,64,6.7,1017.0,0.0,0,75,28.6,Mild,April,4,Thursday
2025-04-03,01:00,Chennai,28.6,67,8.6,1014.1,0.0,0,78,28.6,Warm,April,4,Thursday
2025-04-03,02:00,Hyderabad,25.7,61,10.4,1018.4,0.0,0,91,28.6,Warm,April,4,Thursday
2025-04-03,03:00,Mumbai,26.1,78,5.7,1018.0,0.0,0,86,28.6,Warm,April,4,Thursday
2025-04-03,04:00,Delhi,22.3,53,4.3,1012.8,0.0,0,142,28.6,Mild,April,4,Thursday
2025-04-03,05:00,Bangalore,25.6,66,5.2,1012.7,0.0,0,80,28.6,Warm,April,4,Thursday
2025-04-03,06:00,Chennai,32.5,56,8.8,1014.6,0.0,0,76,28.6,Warm,April,4,Thursday
2025-04-03,07:00,Hyderabad,31.5,49,8.7,1013.3,0.0,0,75,28.6,Warm,April,4,Thursday
2025-04-03,08:00,Mumbai,32.0,66,5.2,1008.6,0.0,3,107,28.6,Warm,April,4,Thursday
2025-04-03,09:00,Delhi,32.6,36,8.1,1013.2,0.0,4,163,28.6,Warm,April,4,Thursday
2025-04-03,10:00,Bangalore,29.6,59,6.7,1012.9,0.0,5,73,28.6,Warm,April,4,Thursday
2025-04-03,11:00,Chennai,37.0,63,8.9,1009.5,0.0,8,70,28.6,Hot,April,4,Thursday
2025-04-03,12:00,Hyderabad,37.1,53,4.2,1012.9,0.0,10,66,28.6,Hot,April,4,Thursday
2025-04-03,13:00,Mumbai,32.2,53,7.6,1013.0,0.8,8,87,28.6,Warm,April,4,Thursday
2025-04-03,14:00,Delhi,30.0,43,5.8,1017.5,0.0,6,147,28.6,Warm,April,4,Thursday
2025-04-03,15:00,Bangalore,29.2,72,12.3,1016.3,0.0,4,80,28.6,Warm,April,4,Thursday
2025-04-03,16:00,Chennai,31.6,59,6.3,1003.7,0.0,2,56,28.6,Warm,April,4,Thursday
2025-04-03,17:00,Hyderabad,30.1,54,7.5,1014.7,0.0,2,109,28.6,Warm,April,4,Thursday
2025-04-03,18:00,Mumbai,27.3,71,2.9,1013.1,0.0,0,96,28.6,Warm,April,4,Thursday
2025-04-03,19:00,Delhi,23.5,49,7.4,1015.5,0.0,0,181,28.6,Mild,April,4,Thursday
2025-04-03,20:00,Bangalore,22.1,70,8.0,1015.4,0.0,0,91,28.6,Mild,April,4,Thursday
2025-04-03,21:00,Chennai,24.8,76,5.0,1014.0,0.0,0,75,28.6,Mild,April,4,Thursday
2025-04-03,22:00,Hyderabad,27.4,56,10.1,1011.9,0.0,0,95,28.6,Warm,April,4,Thursday
2025-04-03,23:00,Mumbai,26.0,65,7.4,1014.8,0.0,0,87,28.6,Warm,April,4,Thursday
2025-04-04,00:00,Delhi,21.3,53,11.0,1018.0,0.0,0,137,28.8,Mild,April,4,Friday
2025-04-04,01:00,Bangalore,21.2,66,5.0,1012.6,0.0,0,71,28.8,Mild,April,4,Friday
2025-04-04,02:00,Chennai,26.5,74,8.9,1015.5,0.0,0,76,28.8,Warm,April,4,Friday
2025-04-04,03:00,Hyderabad,29.3,53,4.5,1011.9,15.7,0,78,28.8,Warm,April,4,Friday
2025-04-04,04:00,Mumbai,31.6,74,14.6,1005.6,0.0,0,90,28.8,Warm,April,4,Friday
2025-04-04,05:00,Delhi,24.6,55,6.9,1014.4,0.0,0,152,28.8,Mild,April,4,Friday
2025-04-04,06:00,Bangalore,27.2,59,4.1,1013.3,0.0,0,55,28.8,Warm,April,4,Friday
2025-04-04,07:00,Chennai,30.8,64,9.0,1012.9,0.0,2,61,28.8,Warm,April,4,Friday
2025-04-04,08:00,Hyderabad,36.7,46,7.6,1009.1,0.0,4,110,28.8,Hot,April,4,Friday
2025-04-04,09:00,Mumbai,32.3,64,16.2,1010.1,0.0,5,106,28.8,Warm,April,4,Friday
2025-04-04,10:00,Delhi,28.3,51,8.8,1014.1,0.0,7,160,28.8,Warm,April,4,Friday
2025-04-04,11:00,Bangalore,29.3,71,6.3,1014.5,0.0,8,56,28.8,Warm,April,4,Friday
2025-04-04,12:00,Chennai,35.9,61,11.8,1012.6,0.0,9,77,28.8,Hot,April,4,Friday
2025-04-04,13:00,Hyderabad,33.4,47,10.8,1010.1,0.0,8,64,28.8,Warm,April,4,Friday
2025-04-04,14:00,Mumbai,37.0,55,9.2,1015.1,0.0,7,88,28.8,Hot,April,4,Friday
2025-04-04,15:00,Delhi,28.5,48,6.2,1015.2,0.0,4,136,28.8,Warm,April,4,Friday
2025-04-04,16:00,Bangalore,29.0,60,10.6,1012.5,0.0,2,68,28.8,Warm,April,4,Friday
2025-04-04,17:00,Chennai,31.0,72,10.3,1008.0,0.0,1,74,28.8,Warm,April,4,Friday
2025-04-04,18:00,Hyderabad,29.6,57,11.8,1011.8,0.0,0,86,28.8,Warm,April,4,Friday
2025-04-04,19:00,Mumbai,28.2,73,14.1,1016.5,0.0,0,89,28.8,Warm,April,4,Friday
2025-04-04,20:00,Delhi,24.7,45,2.9,1014.4,0.0,0,154,28.8,Mild,April,4,Friday
2025-04-04,21:00,Bangalore,22.2,61,8.0,1009.7,0.0,0,57,28.8,Mild,April,4,Friday
2025-04-04,22:00,Chennai,26.6,70,12.4,1004.7,2.8,0,76,28.8,Warm,April,4,Friday
2025-04-04,23:00,Hyderabad,25.7,63,10.9,1016.3,0.0,0,75,28.8,Warm,April,4,Friday
2025-04-05,00:00,Mumbai,22.9,77,7.8,1017.6,0.0,0,104,28.3,Mild,April,4,Saturday
2025-04-05,01:00,Delhi,23.8,49,8.1,1013.4,0.0,0,144,28.3,Mild,April,4,Saturday
2025-04-05,02:00,Bangalore,22.2,63,10.4,1016.3,0.0,0,75,28.3,Mild,April,4,Saturday
2025-04-05,03:00,Chennai,29.3,69,5.6,1011.1,0.0,0,72,28.3,Warm,April,4,Saturday
2025-04-05,04:00,Hyderabad,27.4,58,3.7,1011.2,0.0,0,89,28.3,Warm,April,4,Saturday
2025-04-05,05:00,Mumbai,32.1,74,6.5,1011.2,0.0,0,89,28.3,Warm,April,4,Saturday
2025-04-05,06:00,Delhi,27.0,51,13.8,1017.7,0.0,0,142,28.3,Warm,April,4,Saturday
2025-04-05,07:00,Bangalore,26.5,62,7.9,1008.4,0.0,1,54,28.3,Warm,April,4,Saturday
2025-04-05,08:00,Chennai,32.6,66,3.1,1014.3,0.0,3,84,28.3,Warm,April,4,Saturday
2025-04-05,09:00,Hyderabad,37.7,55,8.9,1010.8,0.0,5,94,28.3,Hot,April,4,Saturday
2025-04-05,10:00,Mumbai,35.3,70,9.0,1010.6,0.0,7,106,28.3,Hot,April,4,Saturday
2025-04-05,11:00,Delhi,30.3,45,8.0,1011.5,0.0,8,175,28.3,Warm,April,4,Saturday
2025-04-05,12:00,Bangalore,28.7,68,6.1,1013.3,0.0,9,67,28.3,Warm,April,4,Saturday
2025-04-05,13:00,Chennai,33.1,68,11.4,1009.7,0.0,8,66,28.3,Warm,April,4,Saturday
2025-04-05,14:00,Hyderabad,35.8,49,6.7,1014.9,0.0,7,78,28.3,Hot,April,4,Saturday
2025-04-05,15:00,Mumbai,31.9,71,12.3,1007.4,0.0,4,87,28.3,Warm,April,4,Saturday
2025-04-05,16:00,Delhi,28.3,53,6.8,1012.5,0.0,2,163,28.3,Warm,April,4,Saturday
2025-04-05,17:00,Bangalore,28.3,62,0.0,1013.1,0.0,2,83,28.3,Warm,April,4,Saturday
2025-04-05,18:00,Chennai,26.1,65,7.3,1011.0,0.0,0,78,28.3,Warm,April,4,Saturday
2025-04-05,19:00,Hyderabad,27.4,53,10.9,1012.7,0.0,0,103,28.3,Warm,April,4,Saturday
2025-04-05,20:00,Mumbai,23.7,69,3.3,1011.7,0.0,0,89,28.3,Mild,April,4,Saturday
2025-04-05,21:00,Delhi,21.1,44,8.8,1014.6,0.0,0,162,28.3,Mild,April,4,Saturday
2025-04-05,22:00,Bangalore,22.8,59,6.0,1013.6,0.0,0,62,28.3,Mild,April,4,Saturday
2025-04-05,23:00,Chennai,24.8,80,11.0,1012.0,0.0,0,93,28.3,Mild,April,4,Saturday
2025-04-06,00:00,Hyderabad,23.9,61,7.1,1017.7,0.0,0,61,28.6,Mild,April,4,Sunday
2025-04-06,01:00,Mumbai,26.3,64,4.5,1015.8,0.0,0,105,28.6,Warm,April,4,Sunday
2025-04-06,02:00,Delhi,23.8,56,8.6,1017.3,0.0,0,164,28.6,Mild,April,4,Sunday
2025-04-06,03:00,Bangalore,20.4,72,6.8,1014.4,0.0,0,29,28.6,Mild,April,4,Sunday
2025-04-06,04:00,Chennai,27.5,70,12.1,1011.7,0.0,0,90,28.6,Warm,April,4,Sunday
2025-04-06,05:00,Hyderabad,29.7,46,3.6,1012.5,0.0,0,102,28.6,Warm,April,4,Sunday
2025-04-06,06:00,Mumbai,31.7,68,8.2,1010.8,0.0,0,115,28.6,Warm,April,4,Sunday
2025-04-06,07:00,Delhi,28.8,41,6.7,1018.7,0.0,1,133,28.6,Warm,April,4,Sunday
2025-04-06,08:00,Bangalore,30.6,56,7.5,1012.1,0.0,3,70,28.6,Warm,April,4,Sunday
2025-04-06,09:00,Chennai,34.4,56,3.0,1012.5,0.0,5,108,28.6,Warm,April,4,Sunday
2025-04-06,10:00,Hyderabad,38.1,54,4.6,1011.5,0.0,6,100,28.6,Hot,April,4,Sunday
2025-04-06,11:00,Mumbai,34.8,70,3.7,1010.2,0.0,8,93,28.6,Warm,April,4,Sunday
2025-04-06,12:00,Delhi,28.6,44,14.4,1016.9,0.0,9,150,28.6,Warm,April,4,Sunday
2025-04-06,13:00,Bangalore,29.9,57,4.9,1007.7,0.0,7,70,28.6,Warm,April,4,Sunday
2025-04-06,14:00,Chennai,34.2,69,7.6,1012.1,0.0,7,57,28.6,Warm,April,4,Sunday
2025-04-06,15:00,Hyderabad,32.3,53,7.4,1015.0,0.0,4,77,28.6,Warm,April,4,Sunday
2025-04-06,16:00,Mumbai,30.9,67,7.1,1012.7,0.0,3,97,28.6,Warm,April,4,Sunday
2025-04-06,17:00,Delhi,28.5,48,11.7,1010.6,0.0,1,163,28.6,Warm,April,4,Sunday
2025-04-06,18:00,Bangalore,23.3,65,8.5,1011.8,0.0,0,89,28.6,Mild,April,4,Sunday
2025-04-06,19:00,Chennai,30.2,65,8.5,1008.0,0.0,0,103,28.6,Warm,April,4,Sunday
2025-04-06,20:00,Hyderabad,27.0,54,6.8,1013.4,0.0,0,91,28.6,Warm,April,4,Sunday
2025-04-06,21:00,Mumbai,23.0,85,4.8,1018.9,0.0,0,88,28.6,Mild,April,4,Sunday
2025-04-06,22:00,Delhi,24.2,53,15.0,1015.7,0.0,0,147,28.6,Mild,April,4,Sunday
2025-04-06,23:00,Bangalore,24.6,66,11.1,1016.0,0.0,0,68,28.6,Mild,April,4,Sunday
2025-04-07,00:00,Chennai,23.7,82,10.0,1021.3,0.0,0,48,28.8,Mild,April,4,Monday
2025-04-07,01:00,Hyderabad,28.1,53,8.5,1020.1,0.0,0,79,28.8,Warm,April,4,Monday
2025-04-07,02:00,Mumbai,27.5,73,6.5,1015.2,0.0,0,105,28.8,Warm,April,4,Monday
2025-04-07,03:00,Delhi,20.5,50,11.1,1008.0,0.0,0,140,28.8,Mild,April,4,Monday
2025-04-07,04:00,Bangalore,25.0,69,10.9,1012.1,0.0,0,48,28.8,Warm,April,4,Monday
2025-04-07,05:00,Chennai,29.4,71,11.4,1018.9,0.0,0,82,28.8,Warm,April,4,Monday
2025-04-07,06:00,Hyderabad,35.7,52,5.8,1012.3,0.0,0,85,28.8,Hot,April,4,Monday
2025-04-07,07:00,Mumbai,33.5,62,1.3,1010.5,0.0,1,75,28.8,Warm,April,4,Monday
2025-04-07,08:00,Delhi,26.9,46,13.1,1016.5,0.0,4,147,28.8,Warm,April,4,Monday
2025-04-07,09:00,Bangalore,27.7,56,9.6,1014.9,0.0,5,78,28.8,Warm,April,4,Monday
2025-04-07,10:00,Chennai,33.2,63,3.1,1012.3,0.0,6,102,28.8,Warm,April,4,Monday
2025-04-07,11:00,Hyderabad,38.1,39,2.0,1009.1,0.0,8,96,28.8,Hot,April,4,Monday
2025-04-07,12:00,Mumbai,34.9,67,8.7,1016.5,0.0,11,93,28.8,Warm,April,4,Monday
2025-04-07,13:00,Delhi,29.0,41,3.9,1015.3,0.0,7,155,28.8,Warm,April,4,Monday
2025-04-07,14:00,Bangalore,26.4,69,8.3,1017.1,0.0,7,81,28.8,Warm,April,4,Monday
2025-04-07,15:00,Chennai,33.2,65,6.8,1011.7,0.0,5,90,28.8,Warm,April,4,Monday
2025-04-07,16:00,Hyderabad,32.6,55,12.5,1012.0,0.0,3,81,28.8,Warm,April,4,Monday
2025-04-07,17:00,Mumbai,33.8,66,6.8,1009.0,0.0,2,112,28.8,Warm,April,4,Monday
2025-04-07,18:00,Delhi,26.0,47,5.6,1013.1,0.0,0,169,28.8,Warm,April,4,Monday
2025-04-07,19:00,Bangalore,25.2,65,8.3,1012.1,0.0,0,72,28.8,Warm,April,4,Monday
2025-04-07,20:00,Chennai,26.4,70,7.8,1017.5,0.0,0,111,28.8,Warm,April,4,Monday
2025-04-07,21:00,Hyderabad,27.2,58,4.2,1010.9,0.0,0,48,28.8,Warm,April,4,Monday
2025-04-07,22:00,Mumbai,24.3,68,5.3,1012.2,0.0,0,89,28.8,Mild,April,4,Monday
2025-04-07,23:00,Delhi,22.7,47,7.7,1011.6,0.0,0,144,28.8,Mild,April,4,Monday
2025-04-08,00:00,Bangalore,20.0,62,9.1,1010.7,0.0,0,70,29.4,Mild,April,4,Tuesday
2025-04-08,01:00,Chennai,26.0,66,6.8,1015.7,0.0,0,65,29.4,Warm,April,4,Tuesday
2025-04-08,02:00,Hyderabad,29.2,58,12.8,1012.9,0.0,0,77,29.4,Warm,April,4,Tuesday
2025-04-08,03:00,Mumbai,27.4,80,9.1,1013.5,0.0,0,103,29.4,Warm,April,4,Tuesday
2025-04-08,04:00,Delhi,25.2,44,7.4,1016.9,0.0,0,163,29.4,Warm,April,4,Tuesday
2025-04-08,05:00,Bangalore,23.4,64,11.2,1019.7,0.0,0,52,29.4,Mild,April,4,Tuesday
2025-04-08,06:00,Chennai,31.3,66,2.7,1008.2,16.1,0,66,29.4,Warm,April,4,Tuesday
2025-04-08,07:00,Hyderabad,31.9,48,11.4,1015.7,0.0,1,80,29.4,Warm,April,4,Tuesday
2025-04-08,08:00,Mumbai,32.4,67,5.3,1011.5,0.0,3,117,29.4,Warm,April,4,Tuesday
2025-04-08,09:00,Delhi,34.0,45,12.4,1013.2,0.0,4,151,29.4,Warm,April,4,Tuesday
2025-04-08,10:00,Bangalore,30.4,57,9.0,1014.8,0.0,6,80,29.4,Warm,April,4,Tuesday
2025-04-08,11:00,Chennai,39.5,57,3.5,1013.2,0.0,7,79,29.4,Hot,April,4,Tuesday
2025-04-08,12:00,Hyderabad,40.2,36,6.2,1008.7,0.0,10,78,29.4,Hot,April,4,Tuesday
2025-04-08,13:00,Mumbai,36.9,67,7.0,1011.3,0.0,7,102,29.4,Hot,April,4,Tuesday
2025-04-08,14:00,Delhi,33.6,32,13.1,1015.3,0.0,7,146,29.4,Warm,April,4,Tuesday
2025-04-08,15:00,Bangalore,27.0,56,5.1,1018.7,0.0,5,79,29.4,Warm,April,4,Tuesday
2025-04-08,16:00,Chennai,33.6,64,8.5,1009.7,0.0,2,89,29.4,Warm,April,4,Tuesday
2025-04-08,17:00,Hyderabad,31.2,58,8.3,1008.1,0.0,1,96,29.4,Warm,April,4,Tuesday
2025-04-08,18:00,Mumbai,30.0,68,6.9,1011.4,0.0,0,110,29.4,Warm,April,4,Tuesday
2025-04-08,19:00,Delhi,24.0,44,8.4,1018.3,0.0,0,169,29.4,Mild,April,4,Tuesday
2025-04-08,20:00,Bangalore,21.3,65,13.6,1017.0,0.0,0,76,29.4,Mild,April,4,Tuesday
2025-04-08,21:00,Chennai,27.7,65,8.8,1013.0,0.0,0,80,29.4,Warm,April,4,Tuesday
2025-04-08,22:00,Hyderabad,24.9,66,9.4,1011.4,0.0,0,71,29.4,Mild,April,4,Tuesday
2025-04-08,23:00,Mumbai,25.2,65,10.6,1021.7,0.0,0,98,29.4,Warm,April,4,Tuesday
2025-04-09,00:00,Delhi,23.4,43,7.1,1013.8,0.0,0,150,29.0,Mild,April,4,Wednesday
2025-04-09,01:00,Bangalore,21.2,63,10.6,1010.2,0.0,0,45,29.0,Mild,April,4,Wednesday
2025-04-09,02:00,Chennai,26.0,68,12.5,1016.0,0.0,0,65,29.0,Warm,April,4,Wednesday
2025-04-09,03:00,Hyderabad,29.6,61,12.2,1007.3,0.0,0,76,29.0,Warm,April,4,Wednesday
2025-04-09,04:00,Mumbai,29.6,72,5.3,1017.9,0.0,0,86,29.0,Warm,April,4,Wednesday
2025-04-09,05:00,Delhi,27.2,43,12.6,1008.5,0.0,0,149,29.0,Warm,April,4,Wednesday
2025-04-09,06:00,Bangalore,26.0,64,9.7,1017.2,0.0,0,81,29.0,Warm,April,4,Wednesday
2025-04-09,07:00,Chennai,32.5,60,5.9,1015.6,0.0,1,64,29.0,Warm,April,4,Wednesday
2025-04-09,08:00,Hyderabad,35.0,44,8.7,1012.9,0.0,4,78,29.0,Hot,April,4,Wednesday
2025-04-09,09:00,Mumbai,35.4,60,7.2,1012.8,0.0,5,102,29.0,Hot,April,4,Wednesday
2025-04-09,10:00,Delhi,32.2,38,8.6,1016.6,0.0,7,163,29.0,Warm,April,4,Wednesday
2025-04-09,11:00,Bangalore,33.2,50,10.5,1007.3,0.0,8,65,29.0,Warm,April,4,Wednesday
2025-04-09,12:00,Chennai,35.5,64,9.2,1015.4,0.0,10,80,29.0,Hot,April,4,Wednesday
2025-04-09,13:00,Hyderabad,35.3,59,5.1,1011.0,0.0,9,79,29.0,Hot,April,4,Wednesday
2025-04-09,14:00,Mumbai,31.0,69,10.1,1012.6,0.0,6,80,29.0,Warm,April,4,Wednesday
2025-04-09,15:00,Delhi,31.5,41,8.2,1012.8,0.0,4,148,29.0,Warm,April,4,Wednesday
2025-04-09,16:00,Bangalore,27.9,65,9.9,1021.0,0.0,3,58,29.0,Warm,April,4,Wednesday
2025-04-09,17:00,Chennai,28.3,66,7.8,1011.6,0.0,1,96,29.0,Warm,April,4,Wednesday
2025-04-09,18:00,Hyderabad,30.7,53,7.6,1014.0,0.0,0,95,29.0,Warm,April,4,Wednesday
2025-04-09,19:00,Mumbai,28.0,75,10.6,1017.6,0.0,0,112,29.0,Warm,April,4,Wednesday
2025-04-09,20:00,Delhi,23.5,44,8.6,1017.8,0.0,0,171,29.0,Mild,April,4,Wednesday
2025-04-09,21:00,Bangalore,23.0,62,5.9,1019.6,0.0,0,55,29.0,Mild,April,4,Wednesday
2025-04-09,22:00,Chennai,24.9,64,12.1,1017.0,0.0,0,71,29.0,Mild,April,4,Wednesday
2025-04-09,23:00,Hyderabad,24.3,58,6.4,1011.8,0.0,0,61,29.0,Mild,April,4,Wednesday
2025-04-10,00:00,Mumbai,24.9,69,10.4,1015.9,0.0,0,101,28.8,Mild,April,4,Thursday
2025-04-10,01:00,Delhi,22.2,51,7.2,1013.5,0.0,0,146,28.8,Mild,April,4,Thursday
2025-04-10,02:00,Bangalore,19.1,61,1.5,1022.9,0.0,0,57,28.8,Mild,April,4,Thursday
2025-04-10,03:00,Chennai,29.4,74,4.2,1011.5,0.0,0,97,28.8,Warm,April,4,Thursday
2025-04-10,04:00,Hyderabad,28.2,55,2.7,1011.3,0.0,0,66,28.8,Warm,April,4,Thursday
2025-04-10,05:00,Mumbai,30.7,75,8.2,1014.6,0.0,0,87,28.8,Warm,April,4,Thursday
2025-04-10,06:00,Delhi,27.2,37,5.0,1014.9,0.0,0,137,28.8,Warm,April,4,Thursday
2025-04-10,07:00,Bangalore,29.4,55,4.1,1014.7,0.0,1,57,28.8,Warm,April,4,Thursday
2025-04-10,08:00,Chennai,38.0,58,7.0,1010.5,0.0,4,75,28.8,Hot,April,4,Thursday
2025-04-10,09:00,Hyderabad,34.8,53,11.0,1014.3,0.0,4,97,28.8,Warm,April,4,Thursday
2025-04-10,10:00,Mumbai,36.2,66,8.4,1011.3,0.0,8,91,28.8,Hot,April,4,Thursday
2025-04-10,11:00,Delhi,31.7,48,10.3,1014.6,0.0,8,125,28.8,Warm,April,4,Thursday
2025-04-10,12:00,Bangalore,29.7,60,9.7,1015.0,0.0,9,68,28.8,Warm,April,4,Thursday
2025-04-10,13:00,Chennai,33.9,67,2.2,1010.1,0.0,8,73,28.8,Warm,April,4,Thursday
2025-04-10,14:00,Hyderabad,37.5,39,3.6,1013.5,0.0,6,69,28.8,Hot,April,4,Thursday
2025-04-10,15:00,Mumbai,32.4,70,12.8,1011.5,0.0,4,96,28.8,Warm,April,4,Thursday
2025-04-10,16:00,Delhi,30.3,43,8.7,1015.5,0.0,2,150,28.8,Warm,April,4,Thursday
2025-04-10,17:00,Bangalore,25.0,63,10.5,1018.3,0.0,1,89,28.8,Warm,April,4,Thursday
2025-04-10,18:00,Chennai,28.2,70,8.7,1014.5,0.0,0,86,28.8,Warm,April,4,Thursday
2025-04-10,19:00,Hyderabad,26.3,58,7.5,1016.4,0.0,0,107,28.8,Warm,April,4,Thursday
2025-04-10,20:00,Mumbai,26.7,66,7.6,1014.5,0.0,0,87,28.8,Warm,April,4,Thursday
2025-04-10,21:00,Delhi,23.0,50,6.0,1013.6,10.4,0,144,28.8,Mild,April,4,Thursday
2025-04-10,22:00,Bangalore,20.2,68,6.9,1015.2,0.0,0,67,28.8,Mild,April,4,Thursday
2025-04-10,23:00,Chennai,26.4,72,9.4,1014.5,0.0,0,80,28.8,Warm,April,4,Thursday
2025-04-11,00:00,Hyderabad,26.8,52,3.7,1014.9,0.0,0,64,29.3,Warm,April,4,Friday
2025-04-11,01:00,Mumbai,24.8,76,8.8,1013.3,0.0,0,93,29.3,Mild,April,4,Friday
2025-04-11,02:00,Delhi,25.3,54,3.5,1016.0,0.0,0,168,29.3,Warm,April,4,Friday
2025-04-11,03:00,Bangalore,22.5,69,7.2,1011.8,0.0,0,51,29.3,Mild,April,4,Friday
2025-04-11,04:00,Chennai,28.4,66,6.1,1016.7,0.0,0,51,29.3,Warm,April,4,Friday
2025-04-11,05:00,Hyderabad,33.0,55,3.2,1016.2,0.0,0,92,29.3,Warm,April,4,Friday
2025-04-11,06:00,Mumbai,32.9,70,9.1,1007.7,0.0,0,98,29.3,Warm,April,4,Friday
2025-04-11,07:00,Delhi,31.8,43,9.7,1012.3,0.0,2,166,29.3,Warm,April,4,Friday
2025-04-11,08:00,Bangalore,27.7,57,2.7,1019.5,0.0,3,76,29.3,Warm,April,4,Friday
2025-04-11,09:00,Chennai,35.3,56,8.7,1009.4,0.0,5,86,29.3,Hot,April,4,Friday
2025-04-11,10:00,Hyderabad,36.4,44,9.3,1011.2,0.0,7,101,29.3,Hot,April,4,Friday
2025-04-11,11:00,Mumbai,34.4,68,6.7,1014.2,0.0,9,86,29.3,Warm,April,4,Friday
2025-04-11,12:00,Delhi,35.5,42,12.0,1008.0,24.8,10,144,29.3,Hot,April,4,Friday
2025-04-11,13:00,Bangalore,29.9,62,8.4,1016.5,0.0,8,62,29.3,Warm,April,4,Friday
2025-04-11,14:00,Chennai,33.9,52,2.6,1014.3,5.8,7,81,29.3,Warm,April,4,Friday
2025-04-11,15:00,Hyderabad,32.7,44,6.7,1014.1,0.0,5,63,29.3,Warm,April,4,Friday
2025-04-11,16:00,Mumbai,31.2,66,7.4,1010.3,0.0,3,101,29.3,Warm,April,4,Friday
2025-04-11,17:00,Delhi,28.4,43,1.4,1013.6,0.0,1,183,29.3,Warm,April,4,Friday
2025-04-11,18:00,Bangalore,24.6,66,3.8,1016.2,0.0,0,89,29.3,Mild,April,4,Friday
2025-04-11,19:00,Chennai,29.1,72,6.6,1013.5,0.0,0,89,29.3,Warm,April,4,Friday
2025-04-11,20:00,Hyderabad,30.2,59,10.4,1013.6,0.0,0,73,29.3,Warm,April,4,Friday
2025-04-11,21:00,Mumbai,26.6,73,12.5,1011.2,0.0,0,99,29.3,Warm,April,4,Friday
2025-04-11,22:00,Delhi,23.2,50,6.7,1016.9,0.0,0,162,29.3,Mild,April,4,Friday
2025-04-11,23:00,Bangalore,18.4,68,6.4,1013.6,0.0,0,83,29.3,Mild,April,4,Friday
2025-04-12,00:00,Chennai,26.8,78,7.2,1012.0,0.0,0,76,29.5,Warm,April,4,Saturday
2025-04-12,01:00,Hyderabad,26.8,58,5.9,1014.5,0.0,0,103,29.5,Warm,April,4,Saturday
2025-04-12,02:00,Mumbai,28.1,67,10.8,1013.2,0.0,0,100,29.5,Warm,April,4,Saturday
2025-04-12,03:00,Delhi,25.8,55,11.8,1014.9,0.0,0,135,29.5,Warm,April,4,Saturday
2025-04-12,04:00,Bangalore,24.6,61,10.5,1012.5,3.1,0,68,29.5,Mild,April,4,Saturday
2025-04-12,05:00,Chennai,32.2,66,5.1,1007.0,0.0,0,56,29.5,Warm,April,4,Saturday
2025-04-12,06:00,Hyderabad,35.1,55,6.4,1011.4,0.0,0,82,29.5,Hot,April,4,Saturday
2025-04-12,07:00,Mumbai,32.7,62,6.1,1014.4,0.0,1,122,29.5,Warm,April,4,Saturday
2025-04-12,08:00,Delhi,31.6,39,9.8,1011.5,0.0,3,165,29.5,Warm,April,4,Saturday
2025-04-12,09:00,Bangalore,27.9,68,9.2,1012.9,0.0,5,97,29.5,Warm,April,4,Saturday
2025-04-12,10:00,Chennai,36.3,57,6.1,1012.2,0.0,6,91,29.5,Hot,April,4,Saturday
2025-04-12,11:00,Hyderabad,34.3,48,6.3,1014.0,0.0,8,99,29.5,Warm,April,4,Saturday
2025-04-12,12:00,Mumbai,36.6,71,9.1,1005.6,0.0,10,100,29.5,Hot,April,4,Saturday
2025-04-12,13:00,Delhi,29.1,50,6.7,1006.1,0.0,7,145,29.5,Warm,April,4,Saturday
2025-04-12,14:00,Bangalore,29.0,54,5.5,1014.4,0.0,6,61,29.5,Warm,April,4,Saturday
2025-04-12,15:00,Chennai,35.2,62,8.9,1012.0,0.0,5,65,29.5,Hot,April,4,Saturday
2025-04-12,16:00,Hyderabad,33.7,52,9.8,1011.1,0.0,3,97,29.5,Warm,April,4,Saturday
2025-04-12,17:00,Mumbai,30.3,64,5.8,1021.3,0.0,0,123,29.5,Warm,April,4,Saturday
2025-04-12,18:00,Delhi,26.1,50,7.0,1006.1,0.0,0,178,29.5,Warm,April,4,Saturday
2025-04-12,19:00,Bangalore,24.0,55,7.5,1013.0,0.0,0,78,29.5,Mild,April,4,Saturday
2025-04-12,20:00,Chennai,28.5,70,7.6,1012.8,0.0,0,86,29.5,Warm,April,4,Saturday
2025-04-12,21:00,Hyderabad,27.4,67,5.0,1018.8,0.0,0,72,29.5,Warm,April,4,Saturday
2025-04-12,22:00,Mumbai,24.9,66,4.4,1012.8,0.0,0,92,29.5,Mild,April,4,Saturday
2025-04-12,23:00,Delhi,20.6,53,9.2,1023.4,0.0,0,145,29.5,Mild,April,4,Saturday
2025-04-13,00:00,Bangalore,19.4,66,14.7,1014.7,0.0,0,74,29.4,Mild,April,4,Sunday
2025-04-13,01:00,Chennai,24.3,83,6.7,1016.7,0.0,0,68,29.4,Mild,April,4,Sunday
2025-04-13,02:00,Hyderabad,28.9,50,10.1,1011.4,0.0,0,94,29.4,Warm,April,4,Sunday
2025-04-13,03:00,Mumbai,27.5,66,9.3,1013.3,0.0,0,90,29.4,Warm,April,4,Sunday
2025-04-13,04:00,Delhi,26.5,44,11.3,1015.0,0.0,0,169,29.4,Warm,April,4,Sunday
2025-04-13,05:00,Bangalore,27.9,64,5.5,1017.1,0.0,0,73,29.4,Warm,April,4,Sunday
2025-04-13,06:00,Chennai,32.2,64,11.5,1017.6,0.0,0,63,29.4,Warm,April,4,Sunday
2025-04-13,07:00,Hyderabad,33.5,49,9.4,1011.0,0.0,0,98,29.4,Warm,April,4,Sunday
2025-04-13,08:00,Mumbai,33.0,59,7.5,1011.3,0.0,3,120,29.4,Warm,April,4,Sunday
2025-04-13,09:00,Delhi,31.5,52,8.8,1009.5,0.0,6,172,29.4,Warm,April,4,Sunday
2025-04-13,10:00,Bangalore,30.6,57,6.6,1019.0,0.0,6,76,29.4,Warm,April,4,Sunday
2025-04-13,11:00,Chennai,35.8,65,11.6,1009.6,0.0,8,60,29.4,Hot,April,4,Sunday
2025-04-13,12:00,Hyderabad,38.0,55,13.1,1006.1,0.0,10,96,29.4,Hot,April,4,Sunday
2025-04-13,13:00,Mumbai,34.3,69,7.6,1015.8,11.4,8,94,29.4,Warm,April,4,Sunday
2025-04-13,14:00,Delhi,32.8,43,9.3,1013.2,0.0,6,165,29.4,Warm,April,4,Sunday
2025-04-13,15:00,Bangalore,29.5,55,6.5,1012.7,0.0,4,55,29.4,Warm,April,4,Sunday
2025-04-13,16:00,Chennai,32.9,71,4.5,1011.4,0.0,3,70,29.4,Warm,April,4,Sunday
2025-04-13,17:00,Hyderabad,32.2,58,13.0,1012.0,0.0,1,89,29.4,Warm,April,4,Sunday
2025-04-13,18:00,Mumbai,29.1,69,7.4,1015.3,0.0,0,94,29.4,Warm,April,4,Sunday
2025-04-13,19:00,Delhi,24.6,44,8.1,1010.6,0.0,0,189,29.4,Mild,April,4,Sunday
2025-04-13,20:00,Bangalore,22.8,65,6.6,1016.3,0.0,0,98,29.4,Mild,April,4,Sunday
2025-04-13,21:00,Chennai,24.7,84,10.2,1015.2,0.0,0,83,29.4,Mild,April,4,Sunday
2025-04-13,22:00,Hyderabad,28.2,56,7.4,1016.8,0.0,0,102,29.4,Warm,April,4,Sunday
2025-04-13,23:00,Mumbai,25.5,76,9.0,1015.3,0.0,0,97,29.4,Warm,April,4,Sunday
2025-04-14,00:00,Delhi,22.8,50,8.7,1012.4,0.0,0,145,30.2,Mild,April,4,Monday
2025-04-14,01:00,Bangalore,22.1,60,12.2,1012.7,0.0,0,71,30.2,Mild,April,4,Monday
2025-04-14,02:00,Chennai,28.7,60,6.8,1010.8,0.0,0,63,30.2,Warm,April,4,Monday
2025-04-14,03:00,Hyderabad,29.5,45,4.3,1014.1,0.0,0,88,30.2,Warm,April,4,Monday
2025-04-14,04:00,Mumbai,30.2,53,7.0,1014.3,0.0,0,67,30.2,Warm,April,4,Monday
2025-04-14,05:00,Delhi,29.2,42,11.6,1012.0,0.0,0,128,30.2,Warm,April,4,Monday
2025-04-14,06:00,Bangalore,27.1,62,16.2,1010.6,0.0,0,75,30.2,Warm,April,4,Monday
2025-04-14,07:00,Chennai,33.3,61,13.9,1014.3,0.0,2,68,30.2,Warm,April,4,Monday
2025-04-14,08:00,Hyderabad,38.0,53,10.7,1009.8,0.0,2,89,30.2,Hot,April,4,Monday
2025-04-14,09:00,Mumbai,33.7,62,11.5,1008.5,0.0,5,109,30.2,Warm,April,4,Monday
2025-04-14,10:00,Delhi,32.5,42,7.0,1014.1,0.0,6,167,30.2,Warm,April,4,Monday
2025-04-14,11:00,Bangalore,30.5,57,10.8,1012.5,0.0,8,64,30.2,Warm,April,4,Monday
2025-04-14,12:00,Chennai,37.7,67,9.2,1014.5,0.0,10,72,30.2,Hot,April,4,Monday
2025-04-14,13:00,Hyderabad,37.5,42,7.3,1011.8,0.0,9,63,30.2,Hot,April,4,Monday
2025-04-14,14:00,Mumbai,36.6,66,3.2,1008.0,0.0,6,110,30.2,Hot,April,4,Monday
2025-04-14,15:00,Delhi,30.7,44,8.5,1013.4,0.0,4,136,30.2,Warm,April,4,Monday
2025-04-14,16:00,Bangalore,29.6,54,13.4,1008.4,0.0,3,61,30.2,Warm,April,4,Monday
2025-04-14,17:00,Chennai,32.4,67,2.7,1013.8,0.0,1,75,30.2,Warm,April,4,Monday
2025-04-14,18:00,Hyderabad,33.1,58,4.3,1013.2,0.0,0,93,30.2,Warm,April,4,Monday
2025-04-14,19:00,Mumbai,27.9,68,9.6,1011.9,0.0,0,99,30.2,Warm,April,4,Monday
2025-04-14,20:00,Delhi,23.1,43,9.0,1016.7,0.0,0,156,30.2,Mild,April,4,Monday
2025-04-14,21:00,Bangalore,25.8,64,5.0,1017.7,0.0,0,52,30.2,Warm,April,4,Monday
2025-04-14,22:00,Chennai,24.5,77,5.7,1012.7,0.0,0,83,30.2,Mild,April,4,Monday
2025-04-14,23:00,Hyderabad,29.5,59,9.7,1016.6,0.0,0,77,30.2,Warm,April,4,Monday
2025-04-15,00:00,Mumbai,24.4,73,7.2,1015.4,0.0,0,92,29.5,Mild,April,4,Tuesday
2025-04-15,01:00,Delhi,23.1,44,8.6,1011.3,0.0,0,161,29.5,Mild,April,4,Tuesday
2025-04-15,02:00,Bangalore,25.1,71,9.9,1018.0,0.0,0,45,29.5,Warm,April,4,Tuesday
2025-04-15,03:00,Chennai,29.9,77,8.5,1003.9,0.0,0,87,29.5,Warm,April,4,Tuesday
2025-04-15,04:00,Hyderabad,31.1,57,8.5,1011.6,0.0,0,83,29.5,Warm,April,4,Tuesday
2025-04-15,05:00,Mumbai,30.8,65,7.6,1013.0,0.0,0,76,29.5,Warm,April,4,Tuesday
2025-04-15,06:00,Delhi,27.7,52,4.2,1017.0,0.0,0,139,29.5,Warm,April,4,Tuesday
2025-04-15,07:00,Bangalore,28.1,57,7.7,1017.2,0.0,2,75,29.5,Warm,April,4,Tuesday
2025-04-15,08:00,Chennai,35.1,58,10.1,1009.5,0.0,3,88,29.5,Hot,April,4,Tuesday
2025-04-15,09:00,Hyderabad,36.1,45,7.0,1013.9,0.0,5,100,29.5,Hot,April,4,Tuesday
2025-04-15,10:00,Mumbai,36.8,74,13.5,1015.6,0.0,6,92,29.5,Hot,April,4,Tuesday
2025-04-15,11:00,Delhi,32.8,35,7.3,1003.9,0.0,8,134,29.5,Warm,April,4,Tuesday
2025-04-15,12:00,Bangalore,32.7,60,8.8,1007.1,0.0,10,81,29.5,Warm,April,4,Tuesday
2025-04-15,13:00,Chennai,35.7,57,13.9,1012.4,0.0,8,80,29.5,Hot,April,4,Tuesday
2025-04-15,14:00,Hyderabad,37.6,51,7.0,1006.5,0.0,7,66,29.5,Hot,April,4,Tuesday
2025-04-15,15:00,Mumbai,32.6,70,10.6,1012.9,0.0,5,93,29.5,Warm,April,4,Tuesday
2025-04-15,16:00,Delhi,29.1,42,7.3,1009.8,0.0,3,143,29.5,Warm,April,4,Tuesday
2025-04-15,17:00,Bangalore,28.3,52,13.9,1013.9,0.0,1,60,29.5,Warm,April,4,Tuesday
2025-04-15,18:00,Chennai,27.8,69,5.3,1015.7,0.0,0,77,29.5,Warm,April,4,Tuesday
2025-04-15,19:00,Hyderabad,29.5,57,7.8,1019.8,0.0,0,94,29.5,Warm,April,4,Tuesday
2025-04-15,20:00,Mumbai,29.0,72,6.2,1010.5,0.0,0,102,29.5,Warm,April,4,Tuesday
2025-04-15,21:00,Delhi,22.3,49,6.9,1011.7,17.2,0,150,29.5,Mild,April,4,Tuesday
2025-04-15,22:00,Bangalore,19.0,67,6.1,1014.9,0.0,0,61,29.5,Mild,April,4,Tuesday
2025-04-15,23:00,Chennai,24.3,72,11.4,1011.2,0.0,0,63,29.5,Mild,April,4,Tuesday
2025-04-16,00:00,Hyderabad,27.1,52,6.1,1017.4,0.0,0,100,30.3,Warm,April,4,Wednesday
2025-04-16,01:00,Mumbai,31.2,74,6.4,1016.3,0.0,0,80,30.3,Warm,April,4,Wednesday
2025-04-16,02:00,Delhi,24.2,47,8.5,1014.2,0.0,0,152,30.3,Mild,April,4,Wednesday
2025-04-16,03:00,Bangalore,23.8,58,8.0,1011.9,0.0,0,62,30.3,Mild,April,4,Wednesday
2025-04-16,04:00,Chennai,33.5,68,4.2,1010.5,0.0,0,71,30.3,Warm,April,4,Wednesday
2025-04-16,05:00,Hyderabad,32.0,52,16.6,1011.1,0.0,0,68,30.3,Warm,April,4,Wednesday
2025-04-16,06:00,Mumbai,32.4,72,1.4,1004.4,0.0,0,86,30.3,Warm,April,4,Wednesday
2025-04-16,07:00,Delhi,30.1,34,4.8,1013.7,0.0,1,158,30.3,Warm,April,4,Wednesday
2025-04-16,08:00,Bangalore,30.2,60,7.7,1011.9,0.0,3,99,30.3,Warm,April,4,Wednesday
2025-04-16,09:00,Chennai,38.1,54,7.8,1008.8,0.0,4,78,30.3,Hot,April,4,Wednesday
2025-04-16,10:00,Hyderabad,37.6,51,8.1,1009.9,0.0,7,88,30.3,Hot,April,4,Wednesday
2025-04-16,11:00,Mumbai,39.3,63,11.8,1014.1,0.0,8,102,30.3,Hot,April,4,Wednesday
2025-04-16,12:00,Delhi,33.3,47,9.0,1007.6,0.0,11,145,30.3,Warm,April,4,Wednesday
2025-04-16,13:00,Bangalore,30.2,56,13.6,1008.1,0.0,8,72,30.3,Warm,April,4,Wednesday
2025-04-16,14:00,Chennai,35.3,63,7.5,1013.0,0.0,6,59,30.3,Hot,April,4,Wednesday
2025-04-16,15:00,Hyderabad,37.1,60,5.4,1008.1,0.0,5,98,30.3,Hot,April,4,Wednesday
2025-04-16,16:00,Mumbai,32.7,55,11.2,1010.6,0.0,3,107,30.3,Warm,April,4,Wednesday
2025-04-16,17:00,Delhi,27.8,50,6.7,1014.8,0.0,1,173,30.3,Warm,April,4,Wednesday
2025-04-16,18:00,Bangalore,25.3,61,13.3,1013.1,0.0,0,94,30.3,Warm,April,4,Wednesday
2025-04-16,19:00,Chennai,28.2,70,4.7,1013.0,0.0,0,89,30.3,Warm,April,4,Wednesday
2025-04-16,20:00,Hyderabad,29.2,50,5.6,1012.5,0.0,0,79,30.3,Warm,April,4,Wednesday
2025-04-16,21:00,Mumbai,26.4,70,6.8,1010.0,0.0,0,76,30.3,Warm,April,4,Wednesday
2025-04-16,22:00,Delhi,20.9,50,3.8,1015.2,0.0,0,132,30.3,Mild,April,4,Wednesday
2025-04-16,23:00,Bangalore,21.2,61,4.0,1016.3,0.0,0,66,30.3,Mild,April,4,Wednesday
2025-04-17,00:00,Chennai,25.6,73,10.2,1011.1,0.0,0,90,30.1,Warm,April,4,Thursday
2025-04-17,01:00,Hyderabad,28.7,64,13.1,1017.6,0.0,0,98,30.1,Warm,April,4,Thursday
2025-04-17,02:00,Mumbai,25.8,80,5.3,1011.4,0.0,0,90,30.1,Warm,April,4,Thursday
2025-04-17,03:00,Delhi,25.4,54,7.5,1021.6,0.0,0,151,30.1,Warm,April,4,Thursday
2025-04-17,04:00,Bangalore,24.8,66,11.0,1016.0,0.0,0,53,30.1,Mild,April,4,Thursday
2025-04-17,05:00,Chennai,35.2,58,8.8,1010.2,0.0,0,57,30.1,Hot,April,4,Thursday
2025-04-17,06:00,Hyderabad,33.4,58,8.3,1010.7,0.0,0,66,30.1,Warm,April,4,Thursday
2025-04-17,07:00,Mumbai,33.3,74,2.0,1008.1,0.0,1,95,30.1,Warm,April,4,Thursday
2025-04-17,08:00,Delhi,32.5,41,5.2,1010.5,0.0,4,147,30.1,Warm,April,4,Thursday
2025-04-17,09:00,Bangalore,30.8,67,7.8,1014.3,0.0,5,88,30.1,Warm,April,4,Thursday
2025-04-17,10:00,Chennai,33.7,65,5.8,1016.6,0.0,7,84,30.1,Warm,April,4,Thursday
2025-04-17,11:00,Hyderabad,38.5,44,10.3,1006.3,18.4,9,84,30.1,Hot,April,4,Thursday
2025-04-17,12:00,Mumbai,38.9,58,1.8,1014.3,0.0,10,96,30.1,Hot,April,4,Thursday
2025-04-17,13:00,Delhi,33.0,37,8.8,1013.7,0.0,8,166,30.1,Warm,April,4,Thursday
2025-04-17,14:00,Bangalore,30.3,59,11.1,1014.8,0.0,7,58,30.1,Warm,April,4,Thursday
2025-04-17,15:00,Chennai,33.3,57,8.1,1013.6,0.0,4,92,30.1,Warm,April,4,Thursday
2025-04-17,16:00,Hyderabad,36.4,45,5.6,1013.5,0.0,3,92,30.1,Hot,April,4,Thursday
2025-04-17,17:00,Mumbai,30.0,58,11.3,1015.1,0.0,1,90,30.1,Warm,April,4,Thursday
2025-04-17,18:00,Delhi,26.9,45,8.5,1012.8,0.0,0,177,30.1,Warm,April,4,Thursday
2025-04-17,19:00,Bangalore,24.1,61,10.2,1009.9,0.0,0,72,30.1,Mild,April,4,Thursday
2025-04-17,20:00,Chennai,27.7,71,8.2,1011.3,23.9,0,94,30.1,Warm,April,4,Thursday
2025-04-17,21:00,Hyderabad,28.3,64,9.3,1013.4,0.0,0,83,30.1,Warm,April,4,Thursday
2025-04-17,22:00,Mumbai,24.5,72,10.2,1015.3,0.0,0,83,30.1,Mild,April,4,Thursday
2025-04-17,23:00,Delhi,20.7,53,2.6,1013.1,0.0,0,156,30.1,Mild,April,4,Thursday
2025-04-18,00:00,Bangalore,22.8,73,6.6,1011.0,0.0,0,75,30.1,Mild,April,4,Friday
2025-04-18,01:00,Chennai,27.9,63,10.1,1016.3,0.0,0,76,30.1,Warm,April,4,Friday
2025-04-18,02:00,Hyderabad,28.7,62,5.2,1015.5,0.0,0,83,30.1,Warm,April,4,Friday
2025-04-18,03:00,Mumbai,27.6,77,6.4,1012.4,0.0,0,80,30.1,Warm,April,4,Friday
2025-04-18,04:00,Delhi,26.7,56,7.0,1013.6,0.0,0,137,30.1,Warm,April,4,Friday
2025-04-18,05:00,Bangalore,27.6,59,9.2,1012.5,0.0,0,57,30.1,Warm,April,4,Friday
2025-04-18,06:00,Chennai,33.7,63,7.8,1010.1,0.0,0,115,30.1,Warm,April,4,Friday
2025-04-18,07:00,Hyderabad,35.0,59,3.6,1007.7,0.0,1,76,30.1,Hot,April,4,Friday
2025-04-18,08:00,Mumbai,35.8,73,5.4,1007.3,0.0,2,107,30.1,Hot,April,4,Friday
2025-04-18,09:00,Delhi,32.5,40,10.8,1010.0,0.0,5,154,30.1,Warm,April,4,Friday
2025-04-18,10:00,Bangalore,33.2,54,10.3,1010.4,0.0,7,87,30.1,Warm,April,4,Friday
2025-04-18,11:00,Chennai,35.0,59,7.3,1011.6,0.0,8,68,30.1,Hot,April,4,Friday
2025-04-18,12:00,Hyderabad,35.3,47,4.5,1012.5,0.0,10,96,30.1,Hot,April,4,Friday
2025-04-18,13:00,Mumbai,37.1,66,7.5,1011.5,0.0,8,82,30.1,Hot,April,4,Friday
2025-04-18,14:00,Delhi,34.8,40,7.1,1011.0,18.0,6,143,30.1,Warm,April,4,Friday
2025-04-18,15:00,Bangalore,30.1,64,1.7,1012.6,0.0,5,69,30.1,Warm,April,4,Friday
2025-04-18,16:00,Chennai,33.1,69,10.4,1010.0,0.0,4,77,30.1,Warm,April,4,Friday
2025-04-18,17:00,Hyderabad,32.4,55,10.6,1014.9,0.0,0,101,30.1,Warm,April,4,Friday
2025-04-18,18:00,Mumbai,30.7,68,6.1,1018.4,0.0,0,101,30.1,Warm,April,4,Friday
2025-04-18,19:00,Delhi,24.2,45,4.9,1017.1,0.0,0,166,30.1,Mild,April,4,Friday
2025-04-18,20:00,Bangalore,20.7,67,6.4,1010.2,0.0,0,53,30.1,Mild,April,4,Friday
2025-04-18,21:00,Chennai,26.4,69,4.1,1013.6,0.0,0,77,30.1,Warm,April,4,Friday
2025-04-18,22:00,Hyderabad,28.0,54,11.0,1013.8,0.0,0,57,30.1,Warm,April,4,Friday
2025-04-18,23:00,Mumbai,23.5,75,7.5,1013.5,8.8,0,75,30.1,Mild,April,4,Friday
2025-04-19,00:00,Delhi,25.9,44,4.8,1015.8,0.0,0,150,30.3,Warm,April,4,Saturday
2025-04-19,01:00,Bangalore,22.0,59,6.9,1021.7,0.0,0,48,30.3,Mild,April,4,Saturday
2025-04-19,02:00,Chennai,27.3,76,13.9,1009.0,0.0,0,75,30.3,Warm,April,4,Saturday
2025-04-19,03:00,Hyderabad,29.3,51,10.8,1014.9,0.0,0,89,30.3,Warm,April,4,Saturday
2025-04-19,04:00,Mumbai,33.7,71,4.4,1010.2,0.0,0,79,30.3,Warm,April,4,Saturday
2025-04-19,05:00,Delhi,28.8,53,5.1,1016.9,0.0,0,155,30.3,Warm,April,4,Saturday
2025-04-19,06:00,Bangalore,27.7,62,7.3,1011.6,0.0,0,83,30.3,Warm,April,4,Saturday
2025-04-19,07:00,Chennai,33.6,52,6.0,1008.6,0.0,0,59,30.3,Warm,April,4,Saturday
2025-04-19,08:00,Hyderabad,35.7,52,11.5,1011.4,0.0,3,89,30.3,Hot,April,4,Saturday
2025-04-19,09:00,Mumbai,35.2,68,4.2,1007.3,0.0,5,116,30.3,Hot,April,4,Saturday
2025-04-19,10:00,Delhi,32.6,53,8.6,1013.5,0.0,7,168,30.3,Warm,April,4,Saturday
2025-04-19,11:00,Bangalore,33.3,68,7.5,1010.4,0.0,8,87,30.3,Warm,April,4,Saturday
2025-04-19,12:00,Chennai,38.9,64,8.8,1010.5,0.0,10,83,30.3,Hot,April,4,Saturday
2025-04-19,13:00,Hyderabad,37.1,49,8.3,1007.1,0.0,8,79,30.3,Hot,April,4,Saturday
2025-04-19,14:00,Mumbai,36.8,73,10.5,1012.5,0.0,7,110,30.3,Hot,April,4,Saturday
2025-04-19,15:00,Delhi,29.9,52,14.6,1011.2,0.0,5,110,30.3,Warm,April,4,Saturday
2025-04-19,16:00,Bangalore,24.2,59,2.4,1016.5,0.0,4,73,30.3,Mild,April,4,Saturday
2025-04-19,17:00,Chennai,30.6,64,8.5,1013.6,0.0,1,107,30.3,Warm,April,4,Saturday
2025-04-19,18:00,Hyderabad,33.6,46,9.2,1010.8,0.0,0,94,30.3,Warm,April,4,Saturday
2025-04-19,19:00,Mumbai,27.2,73,12.0,1014.5,11.2,0,114,30.3,Warm,April,4,Saturday
2025-04-19,20:00,Delhi,25.1,53,12.0,1012.7,0.0,0,162,30.3,Warm,April,4,Saturday
2025-04-19,21:00,Bangalore,23.2,64,9.4,1010.4,0.0,0,49,30.3,Mild,April,4,Saturday
2025-04-19,22:00,Chennai,29.7,69,4.4,1017.1,0.0,0,64,30.3,Warm,April,4,Saturday
2025-04-19,23:00,Hyderabad,26.4,55,8.5,1010.6,0.0,0,69,30.3,Warm,April,4,Saturday
2025-04-20,00:00,Mumbai,28.0,77,10.0,1011.7,0.0,0,108,30.1,Warm,April,4,Sunday
2025-04-20,01:00,Delhi,21.3,53,11.2,1017.7,0.0,0,185,30.1,Mild,April,4,Sunday
2025-04-20,02:00,Bangalore,24.9,62,9.9,1009.2,0.0,0,60,30.1,Mild,April,4,Sunday
2025-04-20,03:00,Chennai,29.9,74,2.9,1018.1,0.0,0,52,30.1,Warm,April,4,Sunday
2025-04-20,04:00,Hyderabad,30.1,56,5.7,1015.5,0.0,0,77,30.1,Warm,April,4,Sunday
2025-04-20,05:00,Mumbai,32.9,71,10.5,1016.5,0.0,0,104,30.1,Warm,April,4,Sunday
2025-04-20,06:00,Delhi,29.9,40,5.5,1009.0,0.0,0,146,30.1,Warm,April,4,Sunday
2025-04-20,07:00,Bangalore,28.7,60,10.4,1011.0,0.0,1,78,30.1,Warm,April,4,Sunday
2025-04-20,08:00,Chennai,37.3,59,7.8,1004.3,0.0,4,83,30.1,Hot,April,4,Sunday
2025-04-20,09:00,Hyderabad,36.7,52,8.1,1010.7,0.0,5,96,30.1,Hot,April,4,Sunday
2025-04-20,10:00,Mumbai,36.8,71,6.2,1011.3,0.0,7,81,30.1,Hot,April,4,Sunday
2025-04-20,11:00,Delhi,33.0,49,12.4,1012.3,0.0,9,151,30.1,Warm,April,4,Sunday
2025-04-20,12:00,Bangalore,31.0,62,9.5,1014.9,0.0,10,55,30.1,Warm,April,4,Sunday
2025-04-20,13:00,Chennai,33.7,60,12.4,1012.6,0.0,9,58,30.1,Warm,April,4,Sunday
2025-04-20,14:00,Hyderabad,39.0,52,10.1,1011.1,4.1,7,69,30.1,Hot,April,4,Sunday
2025-04-20,15:00,Mumbai,33.1,73,4.9,1011.9,0.0,4,71,30.1,Warm,April,4,Sunday
2025-04-20,16:00,Delhi,27.4,51,12.2,1012.3,0.0,3,148,30.1,Warm,April,4,Sunday
2025-04-20,17:00,Bangalore,29.8,59,2.4,1015.8,0.0,1,60,30.1,Warm,April,4,Sunday
2025-04-20,18:00,Chennai,29.6,69,9.4,1009.6,0.0,0,79,30.1,Warm,April,4,Sunday
2025-04-20,19:00,Hyderabad,30.0,60,3.2,1015.8,0.0,0,87,30.1,Warm,April,4,Sunday
2025-04-20,20:00,Mumbai,29.1,67,5.9,1006.7,0.0,0,93,30.1,Warm,April,4,Sunday
2025-04-20,21:00,Delhi,23.5,47,9.9,1013.8,0.0,0,169,30.1,Mild,April,4,Sunday
2025-04-20,22:00,Bangalore,21.2,62,0.4,1019.1,0.0,0,58,30.1,Mild,April,4,Sunday
2025-04-20,23:00,Chennai,26.4,71,11.1,1018.4,0.0,0,75,30.1,Warm,April,4,Sunday
2025-04-21,00:00,Hyderabad,27.5,57,8.8,1015.2,0.0,0,87,30.6,Warm,April,4,Monday
2025-04-21,01:00,Mumbai,28.1,73,9.7,1012.2,0.0,0,93,30.6,Warm,April,4,Monday
2025-04-21,02:00,Delhi,23.3,56,7.2,1012.8,0.0,0,139,30.6,Mild,April,4,Monday
2025-04-21,03:00,Bangalore,21.9,58,2.4,1012.0,0.0,0,62,30.6,Mild,April,4,Monday
2025-04-21,04:00,Chennai,32.7,63,7.6,1005.3,0.0,0,75,30.6,Warm,April,4,Monday
2025-04-21,05:00,Hyderabad,34.3,52,6.9,1008.0,0.0,0,69,30.6,Warm,April,4,Monday
2025-04-21,06:00,Mumbai,33.3,71,8.1,1013.6,0.0,1,88,30.6,Warm,April,4,Monday
2025-04-21,07:00,Delhi,31.5,43,7.3,1013.3,0.0,1,159,30.6,Warm,April,4,Monday
2025-04-21,08:00,Bangalore,31.4,67,8.8,1010.5,0.0,4,59,30.6,Warm,April,4,Monday
2025-04-21,09:00,Chennai,34.9,63,4.6,1014.9,0.0,4,93,30.6,Warm,April,4,Monday
2025-04-21,10:00,Hyderabad,39.6,44,7.7,1012.8,0.0,6,81,30.6,Hot,April,4,Monday
2025-04-21,11:00,Mumbai,36.9,60,8.9,1004.5,0.0,9,86,30.6,Hot,April,4,Monday
2025-04-21,12:00,Delhi,33.0,47,2.2,1013.1,0.0,11,143,30.6,Warm,April,4,Monday
2025-04-21,13:00,Bangalore,27.5,61,9.9,1014.5,0.0,9,70,30.6,Warm,April,4,Monday
2025-04-21,14:00,Chennai,34.3,69,11.3,1009.6,0.0,8,64,30.6,Warm,April,4,Monday
2025-04-21,15:00,Hyderabad,35.3,52,5.2,1015.7,0.0,4,105,30.6,Hot,April,4,Monday
2025-04-21,16:00,Mumbai,31.5,66,9.1,1011.0,0.0,3,103,30.6,Warm,April,4,Monday
2025-04-21,17:00,Delhi,28.9,45,4.8,1016.8,0.0,1,176,30.6,Warm,April,4,Monday
2025-04-21,18:00,Bangalore,26.9,60,15.4,1013.8,0.0,0,75,30.6,Warm,April,4,Monday
2025-04-21,19:00,Chennai,32.4,58,9.0,1010.0,0.0,0,83,30.6,Warm,April,4,Monday
2025-04-21,20:00,Hyderabad,31.7,59,9.3,1013.5,0.0,0,115,30.6,Warm,April,4,Monday
2025-04-21,21:00,Mumbai,29.4,68,11.7,1013.6,0.0,0,110,30.6,Warm,April,4,Monday
2025-04-21,22:00,Delhi,25.7,53,1.9,1015.2,0.0,0,154,30.6,Warm,April,4,Monday
2025-04-21,23:00,Bangalore,21.4,66,10.2,1014.6,0.0,0,44,30.6,Mild,April,4,Monday
2025-04-22,00:00,Chennai,30.3,65,14.3,1007.0,0.0,0,85,30.9,Warm,April,4,Tuesday
2025-04-22,01:00,Hyderabad,28.6,65,5.4,1009.8,0.0,0,62,30.9,Warm,April,4,Tuesday
2025-04-22,02:00,Mumbai,28.1,75,11.7,1013.8,0.0,0,87,30.9,Warm,April,4,Tuesday
2025-04-22,03:00,Delhi,26.5,38,8.9,1012.1,0.0,0,134,30.9,Warm,April,4,Tuesday
2025-04-22,04:00,Bangalore,26.4,59,9.6,1015.4,0.0,0,77,30.9,Warm,April,4,Tuesday
2025-04-22,05:00,Chennai,34.0,60,12.9,1013.3,0.0,0,83,30.9,Warm,April,4,Tuesday
2025-04-22,06:00,Hyderabad,31.9,55,7.6,1015.0,0.0,0,78,30.9,Warm,April,4,Tuesday
2025-04-22,07:00,Mumbai,33.8,69,8.3,1013.0,0.0,1,86,30.9,Warm,April,4,Tuesday
2025-04-22,08:00,Delhi,32.9,36,1.8,1012.6,0.0,3,183,30.9,Warm,April,4,Tuesday
2025-04-22,09:00,Bangalore,31.0,67,12.7,1013.0,0.0,4,112,30.9,Warm,April,4,Tuesday
2025-04-22,10:00,Chennai,39.4,63,6.9,1011.5,0.0,7,101,30.9,Hot,April,4,Tuesday
2025-04-22,11:00,Hyderabad,40.3,50,12.3,1008.4,0.0,8,92,30.9,Hot,April,4,Tuesday
2025-04-22,12:00,Mumbai,34.4,62,12.0,1014.4,0.0,10,85,30.9,Warm,April,4,Tuesday
2025-04-22,13:00,Delhi,31.6,44,9.8,1009.2,0.0,8,147,30.9,Warm,April,4,Tuesday
2025-04-22,14:00,Bangalore,29.8,53,7.4,1015.9,0.0,7,56,30.9,Warm,April,4,Tuesday
2025-04-22,15:00,Chennai,31.7,70,3.4,1012.8,0.0,5,42,30.9,Warm,April,4,Tuesday
2025-04-22,16:00,Hyderabad,34.3,49,8.3,1019.5,0.0,4,86,30.9,Warm,April,4,Tuesday
2025-04-22,17:00,Mumbai,33.5,67,6.5,1010.2,0.0,1,100,30.9,Warm,April,4,Tuesday
2025-04-22,18:00,Delhi,27.3,44,8.1,1017.3,0.0,0,173,30.9,Warm,April,4,Tuesday
2025-04-22,19:00,Bangalore,24.5,71,7.0,1013.4,0.0,0,74,30.9,Mild,April,4,Tuesday
2025-04-22,20:00,Chennai,30.0,62,9.7,1010.3,0.0,0,88,30.9,Warm,April,4,Tuesday
2025-04-22,21:00,Hyderabad,31.8,54,4.6,1010.2,0.0,0,97,30.9,Warm,April,4,Tuesday
2025-04-22,22:00,Mumbai,27.8,84,9.0,1018.2,0.0,0,115,30.9,Warm,April,4,Tuesday
2025-04-22,23:00,Delhi,22.1,44,7.8,1015.4,0.0,0,140,30.9,Mild,April,4,Tuesday
2025-04-23,00:00,Bangalore,19.8,80,10.4,1013.0,0.0,0,55,30.7,Mild,April,4,Wednesday
2025-04-23,01:00,Chennai,25.9,73,6.6,1017.2,0.0,0,71,30.7,Warm,April,4,Wednesday
2025-04-23,02:00,Hyderabad,30.6,48,10.1,1012.7,0.0,0,87,30.7,Warm,April,4,Wednesday
2025-04-23,03:00,Mumbai,28.6,78,4.8,1008.1,0.0,0,92,30.7,Warm,April,4,Wednesday
2025-04-23,04:00,Delhi,25.8,43,7.4,1018.8,0.0,0,156,30.7,Warm,April,4,Wednesday
2025-04-23,05:00,Bangalore,27.9,57,8.2,1018.2,0.0,0,42,30.7,Warm,April,4,Wednesday
2025-04-23,06:00,Chennai,32.8,62,12.4,1012.5,0.0,0,83,30.7,Warm,April,4,Wednesday
2025-04-23,07:00,Hyderabad,38.2,51,6.9,1008.7,0.0,1,81,30.7,Hot,April,4,Wednesday
2025-04-23,08:00,Mumbai,37.5,67,8.2,1009.9,0.0,2,96,30.7,Hot,April,4,Wednesday
2025-04-23,09:00,Delhi,34.6,38,5.9,1014.0,0.0,6,171,30.7,Warm,April,4,Wednesday
2025-04-23,10:00,Bangalore,33.3,55,7.5,1012.3,0.0,7,90,30.7,Warm,April,4,Wednesday
2025-04-23,11:00,Chennai,36.4,60,6.4,1014.5,0.0,9,87,30.7,Hot,April,4,Wednesday
2025-04-23,12:00,Hyderabad,38.9,47,7.9,1013.5,0.0,11,81,30.7,Hot,April,4,Wednesday
2025-04-23,13:00,Mumbai,35.7,63,7.8,1010.0,0.0,9,84,30.7,Hot,April,4,Wednesday
2025-04-23,14:00,Delhi,31.8,38,10.9,1011.5,0.0,6,140,30.7,Warm,April,4,Wednesday
2025-04-23,15:00,Bangalore,28.1,59,8.4,1015.3,0.0,5,65,30.7,Warm,April,4,Wednesday
2025-04-23,16:00,Chennai,31.5,61,10.9,1015.8,0.0,4,80,30.7,Warm,April,4,Wednesday
2025-04-23,17:00,Hyderabad,31.9,41,4.7,1011.7,0.0,1,113,30.7,Warm,April,4,Wednesday
2025-04-23,18:00,Mumbai,33.7,62,5.4,1006.0,0.0,0,110,30.7,Warm,April,4,Wednesday
2025-04-23,19:00,Delhi,27.9,51,7.1,1015.3,0.0,0,155,30.7,Warm,April,4,Wednesday
2025-04-23,20:00,Bangalore,21.4,64,6.6,1016.2,0.0,0,82,30.7,Mild,April,4,Wednesday
2025-04-23,21:00,Chennai,30.5,71,8.5,1009.4,0.0,0,90,30.7,Warm,April,4,Wednesday
2025-04-23,22:00,Hyderabad,28.3,45,9.8,1008.8,10.6,0,82,30.7,Warm,April,4,Wednesday
2025-04-23,23:00,Mumbai,25.3,71,6.4,1018.5,0.0,0,77,30.7,Warm,April,4,Wednesday
2025-04-24,00:00,Delhi,24.6,39,4.2,1015.6,0.0,0,146,30.4,Mild,April,4,Thursday
2025-04-24,01:00,Bangalore,21.9,69,7.7,1014.7,0.0,0,76,30.4,Mild,April,4,Thursday
2025-04-24,02:00,Chennai,29.1,64,11.7,1012.5,0.0,0,75,30.4,Warm,April,4,Thursday
2025-04-24,03:00,Hyderabad,32.7,51,2.3,1007.0,0.0,0,93,30.4,Warm,April,4,Thursday
2025-04-24,04:00,Mumbai,31.9,66,6.7,1011.7,0.0,0,81,30.4,Warm,April,4,Thursday
2025-04-24,05:00,Delhi,27.6,40,7.6,1011.9,0.0,0,153,30.4,Warm,April,4,Thursday
2025-04-24,06:00,Bangalore,29.4,57,9.1,1010.5,0.0,1,44,30.4,Warm,April,4,Thursday
2025-04-24,07:00,Chennai,32.6,61,5.4,1009.8,0.0,1,85,30.4,Warm,April,4,Thursday
2025-04-24,08:00,Hyderabad,36.1,46,9.0,1010.0,0.0,3,112,30.4,Hot,April,4,Thursday
2025-04-24,09:00,Mumbai,35.0,64,10.2,1017.2,0.0,5,83,30.4,Hot,April,4,Thursday
2025-04-24,10:00,Delhi,35.2,33,5.3,1011.7,0.0,8,162,30.4,Hot,April,4,Thursday
2025-04-24,11:00,Bangalore,33.9,58,14.1,1013.5,0.0,8,57,30.4,Warm,April,4,Thursday
2025-04-24,12:00,Chennai,35.2,61,7.4,1014.0,0.0,11,64,30.4,Hot,April,4,Thursday
2025-04-24,13:00,Hyderabad,36.6,63,4.5,1009.2,0.0,8,56,30.4,Hot,April,4,Thursday
2025-04-24,14:00,Mumbai,34.9,65,10.3,1011.8,0.0,7,84,30.4,Warm,April,4,Thursday
2025-04-24,15:00,Delhi,30.5,43,6.6,1012.0,0.0,5,161,30.4,Warm,April,4,Thursday
2025-04-24,16:00,Bangalore,27.5,64,12.0,1014.4,0.0,3,44,30.4,Warm,April,4,Thursday
2025-04-24,17:00,Chennai,30.8,69,9.6,1015.1,0.0,1,80,30.4,Warm,April,4,Thursday
2025-04-24,18:00,Hyderabad,35.3,54,11.3,1006.3,0.0,0,94,30.4,Hot,April,4,Thursday
2025-04-24,19:00,Mumbai,27.9,73,9.1,1013.3,0.0,0,91,30.4,Warm,April,4,Thursday
2025-04-24,20:00,Delhi,26.0,43,6.4,1013.1,0.0,0,149,30.4,Warm,April,4,Thursday
2025-04-24,21:00,Bangalore,20.9,73,7.1,1010.8,0.0,0,74,30.4,Mild,April,4,Thursday
2025-04-24,22:00,Chennai,24.7,64,7.8,1017.4,0.0,0,74,30.4,Mild,April,4,Thursday
2025-04-24,23:00,Hyderabad,29.6,53,8.8,1013.8,0.0,0,94,30.4,Warm,April,4,Thursday
2025-04-25,00:00,Mumbai,28.0,68,10.3,1018.8,0.0,0,86,30.7,Warm,April,4,Friday
2025-04-25,01:00,Delhi,23.4,52,6.5,1013.1,0.0,0,152,30.7,Mild,April,4,Friday
2025-04-25,02:00,Bangalore,23.7,64,8.4,1018.2,0.0,0,46,30.7,Mild,April,4,Friday
2025-04-25,03:00,Chennai,29.8,69,5.1,1015.5,0.0,0,54,30.7,Warm,April,4,Friday
2025-04-25,04:00,Hyderabad,33.3,37,5.2,1008.2,0.0,0,71,30.7,Warm,April,4,Friday
2025-04-25,05:00,Mumbai,31.4,69,0.4,1015.7,0.0,0,107,30.7,Warm,April,4,Friday
2025-04-25,06:00,Delhi,28.8,41,8.8,1012.7,0.0,0,149,30.7,Warm,April,4,Friday
2025-04-25,07:00,Bangalore,30.2,58,8.7,1018.2,0.0,2,62,30.7,Warm,April,4,Friday
2025-04-25,08:00,Chennai,36.8,56,7.4,1013.9,0.0,3,70,30.7,Hot,April,4,Friday
2025-04-25,09:00,Hyderabad,37.8,40,8.5,1012.2,0.0,5,88,30.7,Hot,April,4,Friday
2025-04-25,10:00,Mumbai,37.3,66,0.5,1016.2,0.0,7,98,30.7,Hot,April,4,Friday
2025-04-25,11:00,Delhi,33.6,45,6.9,1012.1,0.0,8,138,30.7,Warm,April,4,Friday
2025-04-25,12:00,Bangalore,28.9,64,13.9,1013.7,0.0,10,67,30.7,Warm,April,4,Friday
2025-04-25,13:00,Chennai,36.7,58,8.8,1010.4,0.0,9,77,30.7,Hot,April,4,Friday
2025-04-25,14:00,Hyderabad,37.8,47,8.5,1014.6,0.0,7,73,30.7,Hot,April,4,Friday
2025-04-25,15:00,Mumbai,35.6,66,12.6,1008.7,0.0,4,86,30.7,Hot,April,4,Friday
2025-04-25,16:00,Delhi,32.2,40,10.0,1007.4,0.0,4,151,30.7,Warm,April,4,Friday
2025-04-25,17:00,Bangalore,27.9,64,8.7,1011.2,0.0,2,87,30.7,Warm,April,4,Friday
2025-04-25,18:00,Chennai,30.5,56,7.7,1019.1,0.0,0,84,30.7,Warm,April,4,Friday
2025-04-25,19:00,Hyderabad,32.8,49,7.0,1009.7,0.0,0,111,30.7,Warm,April,4,Friday
2025-04-25,20:00,Mumbai,30.0,61,4.5,1013.9,0.0,0,103,30.7,Warm,April,4,Friday
2025-04-25,21:00,Delhi,22.3,49,9.5,1014.5,0.0,0,142,30.7,Mild,April,4,Friday
2025-04-25,22:00,Bangalore,21.6,67,7.2,1017.8,0.0,0,78,30.7,Mild,April,4,Friday
2025-04-25,23:00,Chennai,25.4,67,4.2,1017.7,0.0,0,74,30.7,Warm,April,4,Friday
2025-04-26,00:00,Hyderabad,30.4,53,0.7,1008.7,0.0,0,81,30.9,Warm,April,4,Saturday
2025-04-26,01:00,Mumbai,27.7,69,8.6,1015.1,0.0,0,104,30.9,Warm,April,4,Saturday
2025-04-26,02:00,Delhi,25.5,50,7.8,1011.6,0.0,0,117,30.9,Warm,April,4,Saturday
2025-04-26,03:00,Bangalore,25.9,55,14.4,1016.3,0.0,0,86,30.9,Warm,April,4,Saturday
2025-04-26,04:00,Chennai,32.5,69,5.4,1010.4,0.0,0,54,30.9,Warm,April,4,Saturday
2025-04-26,05:00,Hyderabad,32.3,50,4.4,1010.1,0.0,0,70,30.9,Warm,April,4,Saturday
2025-04-26,06:00,Mumbai,34.9,65,1.6,1012.6,0.0,0,113,30.9,Warm,April,4,Saturday
2025-04-26,07:00,Delhi,29.0,45,5.7,1011.5,21.4,1,153,30.9,Warm,April,4,Saturday
2025-04-26,08:00,Bangalore,31.6,62,12.0,1011.6,0.0,3,57,30.9,Warm,April,4,Saturday
2025-04-26,09:00,Chennai,39.4,67,5.3,1013.9,0.0,5,99,30.9,Hot,April,4,Saturday
2025-04-26,10:00,Hyderabad,38.1,38,10.3,1014.1,0.0,7,79,30.9,Hot,April,4,Saturday
2025-04-26,11:00,Mumbai,36.9,62,10.1,1012.7,0.0,9,81,30.9,Hot,April,4,Saturday
2025-04-26,12:00,Delhi,32.4,38,7.9,1007.6,0.0,10,144,30.9,Warm,April,4,Saturday
2025-04-26,13:00,Bangalore,30.2,52,3.4,1009.5,0.0,9,80,30.9,Warm,April,4,Saturday
2025-04-26,14:00,Chennai,35.4,62,10.0,1014.1,0.0,8,76,30.9,Hot,April,4,Saturday
2025-04-26,15:00,Hyderabad,35.1,49,9.3,1006.0,0.0,6,98,30.9,Hot,April,4,Saturday
2025-04-26,16:00,Mumbai,34.7,71,11.3,1005.4,0.0,3,88,30.9,Warm,April,4,Saturday
2025-04-26,17:00,Delhi,29.0,56,4.6,1013.5,0.0,1,156,30.9,Warm,April,4,Saturday
2025-04-26,18:00,Bangalore,28.5,59,5.1,1010.4,0.0,0,86,30.9,Warm,April,4,Saturday
2025-04-26,19:00,Chennai,31.3,70,3.7,1008.8,0.0,0,64,30.9,Warm,April,4,Saturday
2025-04-26,20:00,Hyderabad,29.0,58,7.8,1016.9,0.0,0,89,30.9,Warm,April,4,Saturday
2025-04-26,21:00,Mumbai,27.4,72,9.4,1010.9,0.0,0,73,30.9,Warm,April,4,Saturday
2025-04-26,22:00,Delhi,23.4,56,10.8,1011.2,0.0,0,152,30.9,Mild,April,4,Saturday
2025-04-26,23:00,Bangalore,21.9,67,6.9,1017.9,0.0,0,46,30.9,Mild,April,4,Saturday
2025-04-27,00:00,Chennai,27.1,77,11.5,1010.7,0.0,0,85,31.2,Warm,April,4,Sunday
2025-04-27,01:00,Hyderabad,27.9,41,5.9,1013.5,0.0,0,81,31.2,Warm,April,4,Sunday
2025-04-27,02:00,Mumbai,29.6,73,7.0,1012.8,0.0,0,87,31.2,Warm,April,4,Sunday
2025-04-27,03:00,Delhi,26.8,47,7.9,1014.5,0.0,0,142,31.2,Warm,April,4,Sunday
2025-04-27,04:00,Bangalore,27.8,58,5.8,1011.0,0.0,0,44,31.2,Warm,April,4,Sunday
2025-04-27,05:00,Chennai,32.2,73,6.9,1011.1,0.0,0,98,31.2,Warm,April,4,Sunday
2025-04-27,06:00,Hyderabad,35.0,48,6.5,1012.1,0.0,0,94,31.2,Hot,April,4,Sunday
2025-04-27,07:00,Mumbai,34.2,61,8.7,1012.7,0.0,1,94,31.2,Warm,April,4,Sunday
2025-04-27,08:00,Delhi,31.7,50,2.8,1011.4,0.0,3,136,31.2,Warm,April,4,Sunday
2025-04-27,09:00,Bangalore,33.6,53,11.9,1007.3,0.0,5,70,31.2,Warm,April,4,Sunday
2025-04-27,10:00,Chennai,38.1,56,1.6,1005.3,0.0,7,84,31.2,Hot,April,4,Sunday
2025-04-27,11:00,Hyderabad,39.8,53,10.9,1012.5,0.0,9,71,31.2,Hot,April,4,Sunday
2025-04-27,12:00,Mumbai,39.2,63,8.1,1010.4,23.4,11,75,31.2,Hot,April,4,Sunday
2025-04-27,13:00,Delhi,33.4,46,8.2,1011.8,0.0,9,156,31.2,Warm,April,4,Sunday
2025-04-27,14:00,Bangalore,31.2,65,8.4,1017.3,0.0,7,62,31.2,Warm,April,4,Sunday
2025-04-27,15:00,Chennai,32.7,70,10.5,1016.8,0.0,6,80,31.2,Warm,April,4,Sunday
2025-04-27,16:00,Hyderabad,33.3,51,10.2,1007.5,0.0,3,74,31.2,Warm,April,4,Sunday
2025-04-27,17:00,Mumbai,29.1,67,10.6,1010.9,0.0,1,82,31.2,Warm,April,4,Sunday
2025-04-27,18:00,Delhi,28.1,55,3.8,1016.3,0.0,0,146,31.2,Warm,April,4,Sunday
2025-04-27,19:00,Bangalore,28.3,58,8.0,1008.4,0.0,0,71,31.2,Warm,April,4,Sunday
2025-04-27,20:00,Chennai,29.3,56,5.5,1019.5,0.0,0,110,31.2,Warm,April,4,Sunday
2025-04-27,21:00,Hyderabad,27.9,49,8.6,1015.7,0.0,0,92,31.2,Warm,April,4,Sunday
2025-04-27,22:00,Mumbai,28.3,58,7.6,1012.4,0.0,0,96,31.2,Warm,April,4,Sunday
2025-04-27,23:00,Delhi,23.5,48,3.3,1015.6,0.0,0,152,31.2,Mild,April,4,Sunday
2025-04-28,00:00,Bangalore,22.7,71,7.0,1011.9,0.0,0,76,31.1,Mild,April,4,Monday
2025-04-28,01:00,Chennai,27.3,66,7.7,1013.6,0.0,0,69,31.1,Warm,April,4,Monday
2025-04-28,02:00,Hyderabad,30.0,52,6.1,1013.5,0.0,0,63,31.1,Warm,April,4,Monday
2025-04-28,03:00,Mumbai,28.2,73,4.6,1014.4,0.0,0,102,31.1,Warm,April,4,Monday
2025-04-28,04:00,Delhi,27.1,51,4.6,1011.4,0.0,0,147,31.1,Warm,April,4,Monday
2025-04-28,05:00,Bangalore,28.6,67,13.6,1013.1,0.0,0,56,31.1,Warm,April,4,Monday
2025-04-28,06:00,Chennai,34.9,68,7.1,1010.2,0.0,0,70,31.1,Warm,April,4,Monday
2025-04-28,07:00,Hyderabad,35.8,48,9.8,1008.3,0.0,1,85,31.1,Hot,April,4,Monday
2025-04-28,08:00,Mumbai,36.8,58,5.3,1010.7,0.0,3,103,31.1,Hot,April,4,Monday
2025-04-28,09:00,Delhi,33.8,42,7.5,1011.5,0.0,6,151,31.1,Warm,April,4,Monday
2025-04-28,10:00,Bangalore,33.5,59,8.0,1008.1,0.0,7,65,31.1,Warm,April,4,Monday
2025-04-28,11:00,Chennai,36.9,58,6.6,1009.9,0.0,8,63,31.1,Hot,April,4,Monday
2025-04-28,12:00,Hyderabad,37.2,47,8.7,1005.4,0.0,11,83,31.1,Hot,April,4,Monday
2025-04-28,13:00,Mumbai,35.9,61,8.6,1004.3,0.0,9,77,31.1,Hot,April,4,Monday
2025-04-28,14:00,Delhi,33.4,43,6.7,1008.2,0.0,7,149,31.1,Warm,April,4,Monday
2025-04-28,15:00,Bangalore,31.5,59,6.3,1009.1,0.0,4,61,31.1,Warm,April,4,Monday
2025-04-28,16:00,Chennai,34.8,71,0.4,1012.4,0.0,3,67,31.1,Warm,April,4,Monday
2025-04-28,17:00,Hyderabad,34.4,50,7.4,1012.7,0.0,1,94,31.1,Warm,April,4,Monday
2025-04-28,18:00,Mumbai,32.7,67,7.9,1015.0,0.0,0,103,31.1,Warm,April,4,Monday
2025-04-28,19:00,Delhi,25.8,40,8.5,1012.1,0.0,0,162,31.1,Warm,April,4,Monday
2025-04-28,20:00,Bangalore,21.3,68,7.9,1014.2,0.0,0,88,31.1,Mild,April,4,Monday
2025-04-28,21:00,Chennai,28.2,76,14.1,1015.1,0.0,0,49,31.1,Warm,April,4,Monday
2025-04-28,22:00,Hyderabad,29.3,62,7.1,1008.2,0.0,0,59,31.1,Warm,April,4,Monday
2025-04-28,23:00,Mumbai,25.5,67,5.5,1022.2,0.0,0,93,31.1,Warm,April,4,Monday
2025-04-29,00:00,Delhi,23.4,56,8.2,1013.0,0.0,0,127,31.1,Mild,April,4,Tuesday
2025-04-29,01:00,Bangalore,22.7,71,7.8,1012.0,0.0,0,59,31.1,Mild,April,4,Tuesday
2025-04-29,02:00,Chennai,29.1,67,10.5,1015.6,0.0,0,73,31.1,Warm,April,4,Tuesday
2025-04-29,03:00,Hyderabad,30.9,60,11.3,1007.1,0.0,0,91,31.1,Warm,April,4,Tuesday
2025-04-29,04:00,Mumbai,31.3,80,5.4,1020.1,0.0,0,87,31.1,Warm,April,4,Tuesday
2025-04-29,05:00,Delhi,28.5,38,8.4,1017.1,0.0,0,145,31.1,Warm,April,4,Tuesday
2025-04-29,06:00,Bangalore,29.6,55,7.7,1013.9,0.0,0,59,31.1,Warm,April,4,Tuesday
2025-04-29,07:00,Chennai,37.0,58,4.9,1012.2,0.0,1,78,31.1,Hot,April,4,Tuesday
2025-04-29,08:00,Hyderabad,38.1,47,5.9,1008.9,0.0,3,81,31.1,Hot,April,4,Tuesday
2025-04-29,09:00,Mumbai,36.2,65,4.6,1011.2,0.0,4,100,31.1,Hot,April,4,Tuesday
2025-04-29,10:00,Delhi,32.6,48,5.9,1010.6,0.0,7,157,31.1,Warm,April,4,Tuesday
2025-04-29,11:00,Bangalore,32.8,58,11.8,1005.2,0.0,9,56,31.1,Warm,April,4,Tuesday
2025-04-29,12:00,Chennai,39.0,68,8.8,1009.7,0.0,10,85,31.1,Hot,April,4,Tuesday
2025-04-29,13:00,Hyderabad,41.3,42,12.3,1011.6,0.0,9,72,31.1,Hot,April,4,Tuesday
2025-04-29,14:00,Mumbai,34.6,62,10.8,1015.9,0.0,7,87,31.1,Warm,April,4,Tuesday
2025-04-29,15:00,Delhi,30.5,48,6.3,1009.5,0.0,5,144,31.1,Warm,April,4,Tuesday
2025-04-29,16:00,Bangalore,28.4,57,7.4,1011.0,0.0,4,63,31.1,Warm,April,4,Tuesday
2025-04-29,17:00,Chennai,32.3,67,10.5,1013.4,0.0,1,87,31.1,Warm,April,4,Tuesday
2025-04-29,18:00,Hyderabad,32.2,55,5.6,1013.2,0.0,0,77,31.1,Warm,April,4,Tuesday
2025-04-29,19:00,Mumbai,29.2,72,4.6,1014.6,0.0,0,104,31.1,Warm,April,4,Tuesday
2025-04-29,20:00,Delhi,24.5,50,4.8,1013.1,0.0,0,172,31.1,Mild,April,4,Tuesday
2025-04-29,21:00,Bangalore,22.5,64,6.4,1021.5,0.0,0,58,31.1,Mild,April,4,Tuesday
2025-04-29,22:00,Chennai,29.4,65,7.5,1014.7,0.0,0,80,31.1,Warm,April,4,Tuesday
2025-04-29,23:00,Hyderabad,29.3,48,8.3,1017.5,0.0,0,92,31.1,Warm,April,4,Tuesday
2025-04-30,00:00,Mumbai,27.3,77,8.8,1012.0,0.0,0,88,31.1,Warm,April,4,Wednesday
2025-04-30,01:00,Delhi,26.9,51,4.6,1014.4,20.7,0,140,31.1,Warm,April,4,Wednesday
2025-04-30,02:00,Bangalore,24.8,67,8.7,1012.1,0.0,0,68,31.1,Mild,April,4,Wednesday
2025-04-30,03:00,Chennai,28.5,59,7.5,1010.0,0.0,0,69,31.1,Warm,April,4,Wednesday
2025-04-30,04:00,Hyderabad,32.5,50,7.4,1009.2,0.0,0,86,31.1,Warm,April,4,Wednesday
2025-04-30,05:00,Mumbai,33.5,62,7.7,1008.7,0.0,0,101,31.1,Warm,April,4,Wednesday
2025-04-30,06:00,Delhi,32.4,41,7.4,1011.5,0.0,0,136,31.1,Warm,April,4,Wednesday
2025-04-30,07:00,Bangalore,29.3,65,5.3,1006.0,0.0,2,52,31.1,Warm,April,4,Wednesday
2025-04-30,08:00,Chennai,35.1,65,3.6,1014.3,0.0,4,74,31.1,Hot,April,4,Wednesday
2025-04-30,09:00,Hyderabad,38.4,44,7.6,1014.8,0.0,5,90,31.1,Hot,April,4,Wednesday
2025-04-30,10:00,Mumbai,35.3,60,10.0,1012.9,0.0,7,100,31.1,Hot,April,4,Wednesday
2025-04-30,11:00,Delhi,37.3,39,5.5,1010.9,0.0,8,147,31.1,Hot,April,4,Wednesday
2025-04-30,12:00,Bangalore,30.7,53,9.5,1016.8,0.0,10,56,31.1,Warm,April,4,Wednesday
2025-04-30,13:00,Chennai,39.2,57,11.0,1014.9,0.0,8,81,31.1,Hot,April,4,Wednesday
2025-04-30,14:00,Hyderabad,37.6,42,9.4,1010.2,0.0,6,92,31.1,Hot,April,4,Wednesday
2025-04-30,15:00,Mumbai,32.5,69,5.7,1008.1,0.0,5,85,31.1,Warm,April,4,Wednesday
2025-04-30,16:00,Delhi,30.3,49,8.2,1010.7,0.0,3,169,31.1,Warm,April,4,Wednesday
2025-04-30,17:00,Bangalore,26.6,64,2.8,1015.0,0.0,2,68,31.1,Warm,April,4,Wednesday
2025-04-30,18:00,Chennai,31.3,64,7.8,1012.0,0.0,0,69,31.1,Warm,April,4,Wednesday
2025-04-30,19:00,Hyderabad,31.3,55,6.8,1014.6,0.0,0,99,31.1,Warm,April,4,Wednesday
2025-04-30,20:00,Mumbai,26.9,72,7.0,1020.5,0.0,0,106,31.1,Warm,April,4,Wednesday
2025-04-30,21:00,Delhi,24.3,51,3.8,1018.6,0.0,0,132,31.1,Mild,April,4,Wednesday
2025-04-30,22:00,Bangalore,24.6,56,4.3,1015.9,0.0,0,79,31.1,Mild,April,4,Wednesday
2025-04-30,23:00,Chennai,30.2,73,6.2,1013.9,0.0,0,95,31.1,Warm,April,4,Wednesday
2025-05-01,00:00,Hyderabad,29.7,51,3.0,1012.9,0.0,0,60,31.0,Warm,May,5,Thursday
2025-05-01,01:00,Mumbai,28.6,71,3.6,1014.9,18.6,0,106,31.0,Warm,May,5,Thursday
2025-05-01,02:00,Delhi,26.2,50,7.6,1013.9,0.0,0,127,31.0,Warm,May,5,Thursday
2025-05-01,03:00,Bangalore,24.8,68,7.8,1013.0,0.0,0,56,31.0,Mild,May,5,Thursday
2025-05-01,04:00,Chennai,31.5,65,11.4,1013.9,0.0,0,81,31.0,Warm,May,5,Thursday
2025-05-01,05:00,Hyderabad,31.1,53,7.1,1009.8,0.0,0,101,31.0,Warm,May,5,Thursday
2025-05-01,06:00,Mumbai,33.5,63,10.5,1013.1,0.0,0,76,31.0,Warm,May,5,Thursday
2025-05-01,07:00,Delhi,30.3,48,9.0,1012.3,0.0,1,149,31.0,Warm,May,5,Thursday
2025-05-01,08:00,Bangalore,30.5,58,8.2,1017.0,0.0,3,69,31.0,Warm,May,5,Thursday
2025-05-01,09:00,Chennai,41.3,56,9.7,1006.9,0.0,6,86,31.0,Hot,May,5,Thursday
2025-05-01,10:00,Hyderabad,38.8,55,11.6,1006.1,0.0,7,95,31.0,Hot,May,5,Thursday
2025-05-01,11:00,Mumbai,35.6,73,10.0,1012.8,0.0,9,86,31.0,Hot,May,5,Thursday
2025-05-01,12:00,Delhi,34.9,45,8.2,1015.0,0.0,11,138,31.0,Warm,May,5,Thursday
2025-05-01,13:00,Bangalore,30.0,64,7.8,1013.2,0.0,9,78,31.0,Warm,May,5,Thursday
2025-05-01,14:00,Chennai,35.6,66,12.3,1013.3,0.0,7,76,31.0,Hot,May,5,Thursday
2025-05-01,15:00,Hyderabad,38.1,48,12.0,1009.2,0.0,4,75,31.0,Hot,May,5,Thursday
2025-05-01,16:00,Mumbai,35.0,63,7.2,1019.6,0.0,4,94,31.0,Hot,May,5,Thursday
2025-05-01,17:00,Delhi,28.1,45,8.4,1013.5,0.0,1,171,31.0,Warm,May,5,Thursday
2025-05-01,18:00,Bangalore,28.2,59,11.4,1016.1,0.0,0,84,31.0,Warm,May,5,Thursday
2025-05-01,19:00,Chennai,28.6,65,9.9,1006.8,0.0,0,86,31.0,Warm,May,5,Thursday
2025-05-01,20:00,Hyderabad,30.1,51,8.1,1013.2,0.0,0,68,31.0,Warm,May,5,Thursday
2025-05-01,21:00,Mumbai,26.5,67,9.9,1014.1,0.0,0,90,31.0,Warm,May,5,Thursday
2025-05-01,22:00,Delhi,22.9,46,5.8,1014.8,0.0,0,160,31.0,Mild,May,5,Thursday
2025-05-01,23:00,Bangalore,24.7,69,10.5,1010.1,0.0,0,70,31.0,Mild,May,5,Thursday
2025-05-02,00:00,Chennai,27.6,64,8.2,1014.2,0.0,0,73,31.0,Warm,May,5,Friday
2025-05-02,01:00,Hyderabad,31.0,42,13.3,1012.2,0.0,0,91,31.0,Warm,May,5,Friday
2025-05-02,02:00,Mumbai,26.6,74,3.0,1016.5,0.0,0,92,31.0,Warm,May,5,Friday
2025-05-02,03:00,Delhi,24.6,49,11.2,1016.0,0.0,0,131,31.0,Mild,May,5,Friday
2025-05-02,04:00,Bangalore,27.5,65,7.5,1014.1,0.0,0,77,31.0,Warm,May,5,Friday
2025-05-02,05:00,Chennai,30.3,70,12.0,1015.6,0.0,0,70,31.0,Warm,May,5,Friday
2025-05-02,06:00,Hyderabad,34.8,54,7.4,1014.4,0.0,0,82,31.0,Warm,May,5,Friday
2025-05-02,07:00,Mumbai,35.7,68,9.7,1011.7,0.0,1,85,31.0,Hot,May,5,Friday
2025-05-02,08:00,Delhi,31.7,50,3.4,1008.8,0.0,3,163,31.0,Warm,May,5,Friday
2025-05-02,09:00,Bangalore,32.3,58,6.9,1016.6,0.0,5,85,31.0,Warm,May,5,Friday
2025-05-02,10:00,Chennai,36.8,59,7.3,1007.4,0.0,8,87,31.0,Hot,May,5,Friday
2025-05-02,11:00,Hyderabad,38.6,41,8.4,1013.9,0.0,9,80,31.0,Hot,May,5,Friday
2025-05-02,12:00,Mumbai,35.4,59,8.9,1011.1,0.0,10,113,31.0,Hot,May,5,Friday
2025-05-02,13:00,Delhi,33.0,39,7.1,1012.6,0.0,9,147,31.0,Warm,May,5,Friday
2025-05-02,14:00,Bangalore,32.3,57,10.3,1015.6,0.0,6,59,31.0,Warm,May,5,Friday
2025-05-02,15:00,Chennai,35.8,64,7.1,1012.3,0.0,6,71,31.0,Hot,May,5,Friday
2025-05-02,16:00,Hyderabad,34.3,48,8.3,1008.0,0.0,4,86,31.0,Warm,May,5,Friday
2025-05-02,17:00,Mumbai,32.1,74,8.9,1012.8,0.0,1,99,31.0,Warm,May,5,Friday
2025-05-02,18:00,Delhi,28.1,43,7.1,1017.4,11.7,0,162,31.0,Warm,May,5,Friday
2025-05-02,19:00,Bangalore,25.2,66,9.3,1011.8,0.0,0,98,31.0,Warm,May,5,Friday
2025-05-02,20:00,Chennai,31.1,68,7.0,1011.8,0.0,0,102,31.0,Warm,May,5,Friday
2025-05-02,21:00,Hyderabad,30.0,56,9.2,1010.2,0.0,0,77,31.0,Warm,May,5,Friday
2025-05-02,22:00,Mumbai,24.5,73,6.0,1011.7,0.0,0,112,31.0,Mild,May,5,Friday
2025-05-02,23:00,Delhi,24.4,44,14.2,1015.4,0.0,0,130,31.0,Mild,May,5,Friday
2025-05-03,00:00,Bangalore,23.9,64,10.7,1019.6,0.0,0,63,31.8,Mild,May,5,Saturday
2025-05-03,01:00,Chennai,28.7,68,10.2,1021.2,0.0,0,86,31.8,Warm,May,5,Saturday
2025-05-03,02:00,Hyderabad,30.6,50,9.5,1006.5,0.0,0,90,31.8,Warm,May,5,Saturday
2025-05-03,03:00,Mumbai,31.8,73,8.3,1013.3,0.0,0,105,31.8,Warm,May,5,Saturday
2025-05-03,04:00,Delhi,29.3,51,12.5,1011.3,0.0,0,142,31.8,Warm,May,5,Saturday
2025-05-03,05:00,Bangalore,30.7,61,4.7,1014.6,0.0,0,80,31.8,Warm,May,5,Saturday
2025-05-03,06:00,Chennai,35.2,70,7.2,1012.5,0.0,0,75,31.8,Hot,May,5,Saturday
2025-05-03,07:00,Hyderabad,33.8,53,7.9,1011.2,0.0,2,101,31.8,Warm,May,5,Saturday
2025-05-03,08:00,Mumbai,36.7,60,6.6,1010.6,0.0,4,114,31.8,Hot,May,5,Saturday
2025-05-03,09:00,Delhi,36.2,48,1.4,1009.6,0.0,5,150,31.8,Hot,May,5,Saturday
2025-05-03,10:00,Bangalore,30.8,64,7.1,1016.8,0.0,6,87,31.8,Warm,May,5,Saturday
2025-05-03,11:00,Chennai,35.3,68,12.5,1010.9,0.0,7,85,31.8,Hot,May,5,Saturday
2025-05-03,12:00,Hyderabad,40.4,43,7.6,1013.2,18.8,10,86,31.8,Hot,May,5,Saturday
2025-05-03,13:00,Mumbai,40.9,59,8.6,1010.2,0.0,9,84,31.8,Hot,May,5,Saturday
2025-05-03,14:00,Delhi,32.2,43,4.0,1015.1,0.0,8,141,31.8,Warm,May,5,Saturday
2025-05-03,15:00,Bangalore,31.5,57,4.2,1009.5,0.0,5,75,31.8,Warm,May,5,Saturday
2025-05-03,16:00,Chennai,34.6,70,5.6,1011.5,0.0,4,76,31.8,Warm,May,5,Saturday
2025-05-03,17:00,Hyderabad,34.7,64,6.0,1012.9,0.0,1,93,31.8,Warm,May,5,Saturday
2025-05-03,18:00,Mumbai,32.1,69,7.9,1008.9,0.0,0,106,31.8,Warm,May,5,Saturday
2025-05-03,19:00,Delhi,26.6,47,8.5,1016.1,0.0,0,179,31.8,Warm,May,5,Saturday
2025-05-03,20:00,Bangalore,24.7,64,10.5,1013.9,0.0,0,68,31.8,Mild,May,5,Saturday
2025-05-03,21:00,Chennai,28.8,69,4.1,1013.0,0.0,0,81,31.8,Warm,May,5,Saturday
2025-05-03,22:00,Hyderabad,29.2,62,11.7,1020.6,0.0,0,84,31.8,Warm,May,5,Saturday
2025-05-03,23:00,Mumbai,25.7,78,4.1,1010.3,0.0,0,62,31.8,Warm,May,5,Saturday
2025-05-04,00:00,Delhi,24.4,49,4.0,1009.6,0.0,0,145,32.1,Mild,May,5,Sunday
2025-05-04,01:00,Bangalore,23.7,58,5.1,1017.3,0.0,0,53,32.1,Mild,May,5,Sunday
2025-05-04,02:00,Chennai,33.9,76,5.8,1014.4,0.0,0,63,32.1,Warm,May,5,Sunday
2025-05-04,03:00,Hyderabad,31.6,57,14.4,1014.6,0.0,0,94,32.1,Warm,May,5,Sunday
2025-05-04,04:00,Mumbai,31.0,67,5.9,1013.7,0.0,0,93,32.1,Warm,May,5,Sunday
2025-05-04,05:00,Delhi,29.7,44,13.1,1016.6,0.0,0,141,32.1,Warm,May,5,Sunday
2025-05-04,06:00,Bangalore,27.8,59,9.7,1008.6,0.0,0,53,32.1,Warm,May,5,Sunday
2025-05-04,07:00,Chennai,39.4,61,10.2,1010.4,0.0,1,71,32.1,Hot,May,5,Sunday
2025-05-04,08:00,Hyderabad,38.6,47,8.4,1007.3,0.0,4,94,32.1,Hot,May,5,Sunday
2025-05-04,09:00,Mumbai,38.9,60,2.3,1008.8,0.0,5,111,32.1,Hot,May,5,Sunday
2025-05-04,10:00,Delhi,34.2,47,4.7,1013.5,0.0,6,176,32.1,Warm,May,5,Sunday
2025-05-04,11:00,Bangalore,34.1,63,5.9,1007.7,0.0,9,71,32.1,Warm,May,5,Sunday
2025-05-04,12:00,Chennai,37.8,63,7.0,1007.2,0.0,11,74,32.1,Hot,May,5,Sunday
2025-05-04,13:00,Hyderabad,39.8,49,9.6,1013.7,0.0,9,68,32.1,Hot,May,5,Sunday
2025-05-04,14:00,Mumbai,39.6,65,17.8,1012.6,0.0,7,107,32.1,Hot,May,5,Sunday
2025-05-04,15:00,Delhi,33.1,48,6.8,1010.2,0.0,6,165,32.1,Warm,May,5,Sunday
2025-05-04,16:00,Bangalore,28.6,64,0.1,1013.1,0.0,3,69,32.1,Warm,May,5,Sunday
2025-05-04,17:00,Chennai,32.7,71,8.7,1012.7,0.0,2,95,32.1,Warm,May,5,Sunday
2025-05-04,18:00,Hyderabad,32.9,47,6.6,1011.4,0.0,0,94,32.1,Warm,May,5,Sunday
2025-05-04,19:00,Mumbai,29.2,73,7.8,1012.6,0.0,0,77,32.1,Warm,May,5,Sunday
2025-05-04,20:00,Delhi,25.1,51,6.7,1012.5,0.0,0,155,32.1,Warm,May,5,Sunday
2025-05-04,21:00,Bangalore,25.0,56,10.1,1015.4,0.0,0,86,32.1,Warm,May,5,Sunday
2025-05-04,22:00,Chennai,30.4,63,6.2,1017.3,0.0,0,72,32.1,Warm,May,5,Sunday
2025-05-04,23:00,Hyderabad,30.0,58,10.5,1018.8,0.0,0,78,32.1,Warm,May,5,Sunday
2025-05-05,00:00,Mumbai,28.0,70,6.1,1011.7,12.5,0,89,31.3,Warm,May,5,Monday
2025-05-05,01:00,Delhi,22.8,53,12.7,1013.5,0.0,0,150,31.3,Mild,May,5,Monday
2025-05-05,02:00,Bangalore,23.2,63,4.9,1015.2,0.0,0,83,31.3,Mild,May,5,Monday
2025-05-05,03:00,Chennai,29.8,68,6.4,1005.9,0.0,0,82,31.3,Warm,May,5,Monday
2025-05-05,04:00,Hyderabad,34.7,50,10.7,1007.8,0.0,0,68,31.3,Warm,May,5,Monday
2025-05-05,05:00,Mumbai,34.6,63,9.0,1017.5,0.0,0,115,31.3,Warm,May,5,Monday
2025-05-05,06:00,Delhi,29.3,41,13.9,1013.1,0.0,0,142,31.3,Warm,May,5,Monday
2025-05-05,07:00,Bangalore,29.5,56,10.1,1009.3,0.0,1,56,31.3,Warm,May,5,Monday
2025-05-05,08:00,Chennai,40.7,62,10.8,1012.1,0.0,3,91,31.3,Hot,May,5,Monday
2025-05-05,09:00,Hyderabad,39.2,50,11.6,1006.1,0.0,5,106,31.3,Hot,May,5,Monday
2025-05-05,10:00,Mumbai,37.4,59,8.8,1012.0,0.0,7,92,31.3,Hot,May,5,Monday
2025-05-05,11:00,Delhi,34.2,49,6.3,1014.0,0.0,10,178,31.3,Warm,May,5,Monday
2025-05-05,12:00,Bangalore,32.4,54,6.9,1017.7,0.0,11,76,31.3,Warm,May,5,Monday
2025-05-05,13:00,Chennai,36.5,62,4.5,1009.9,0.0,10,75,31.3,Hot,May,5,Monday
2025-05-05,14:00,Hyderabad,37.8,52,5.7,1005.9,0.0,8,63,31.3,Hot,May,5,Monday
2025-05-05,15:00,Mumbai,34.9,60,7.1,1016.8,0.0,6,89,31.3,Warm,May,5,Monday
2025-05-05,16:00,Delhi,30.7,43,11.2,1008.3,0.0,3,156,31.3,Warm,May,5,Monday
2025-05-05,17:00,Bangalore,29.1,57,6.7,1011.3,0.0,2,102,31.3,Warm,May,5,Monday
2025-05-05,18:00,Chennai,33.0,69,6.1,1016.7,0.0,1,90,31.3,Warm,May,5,Monday
2025-05-05,19:00,Hyderabad,31.0,54,7.2,1006.7,0.0,0,103,31.3,Warm,May,5,Monday
2025-05-05,20:00,Mumbai,29.1,77,9.8,1015.8,0.0,0,113,31.3,Warm,May,5,Monday
2025-05-05,21:00,Delhi,22.5,43,9.2,1015.6,0.0,0,157,31.3,Mild,May,5,Monday
2025-05-05,22:00,Bangalore,23.0,70,6.3,1016.2,0.0,0,68,31.3,Mild,May,5,Monday
2025-05-05,23:00,Chennai,28.2,62,3.7,1014.4,0.0,0,76,31.3,Warm,May,5,Monday
2025-05-06,00:00,Hyderabad,28.7,52,5.8,1017.9,0.0,0,71,31.0,Warm,May,5,Tuesday
2025-05-06,01:00,Mumbai,27.6,65,8.0,1012.8,0.0,0,104,31.0,Warm,May,5,Tuesday
2025-05-06,02:00,Delhi,27.0,51,4.5,1015.1,0.0,0,140,31.0,Warm,May,5,Tuesday
2025-05-06,03:00,Bangalore,26.5,62,8.9,1017.1,0.0,0,46,31.0,Warm,May,5,Tuesday
2025-05-06,04:00,Chennai,31.5,77,9.0,1008.3,0.0,0,68,31.0,Warm,May,5,Tuesday
2025-05-06,05:00,Hyderabad,34.1,51,10.2,1014.3,0.0,0,77,31.0,Warm,May,5,Tuesday
2025-05-06,06:00,Mumbai,32.4,70,7.5,1016.8,0.0,0,65,31.0,Warm,May,5,Tuesday
2025-05-06,07:00,Delhi,29.1,51,13.2,1010.5,0.0,0,159,31.0,Warm,May,5,Tuesday
2025-05-06,08:00,Bangalore,31.7,56,8.1,1013.4,0.0,4,68,31.0,Warm,May,5,Tuesday
2025-05-06,09:00,Chennai,38.1,68,3.1,1015.9,0.0,5,81,31.0,Hot,May,5,Tuesday
2025-05-06,10:00,Hyderabad,37.0,46,10.1,1013.3,16.3,7,90,31.0,Hot,May,5,Tuesday
2025-05-06,11:00,Mumbai,36.7,65,6.5,1016.5,0.0,8,95,31.0,Hot,May,5,Tuesday
2025-05-06,12:00,Delhi,32.8,58,10.2,1008.1,0.0,10,155,31.0,Warm,May,5,Tuesday
2025-05-06,13:00,Bangalore,31.6,58,7.5,1013.9,0.0,8,48,31.0,Warm,May,5,Tuesday
2025-05-06,14:00,Chennai,37.7,62,13.8,1013.1,0.0,7,79,31.0,Hot,May,5,Tuesday
2025-05-06,15:00,Hyderabad,36.2,46,12.4,1014.5,0.0,4,79,31.0,Hot,May,5,Tuesday
2025-05-06,16:00,Mumbai,34.2,69,7.1,1006.3,0.0,4,77,31.0,Warm,May,5,Tuesday
2025-05-06,17:00,Delhi,27.2,49,6.9,1016.6,0.0,1,147,31.0,Warm,May,5,Tuesday
2025-05-06,18:00,Bangalore,24.9,60,6.8,1016.7,0.0,0,106,31.0,Mild,May,5,Tuesday
2025-05-06,19:00,Chennai,31.0,66,3.9,1014.7,0.0,0,69,31.0,Warm,May,5,Tuesday
2025-05-06,20:00,Hyderabad,30.8,57,7.2,1013.6,0.0,0,80,31.0,Warm,May,5,Tuesday
2025-05-06,21:00,Mumbai,30.5,64,7.1,1011.6,0.0,0,108,31.0,Warm,May,5,Tuesday
2025-05-06,22:00,Delhi,22.7,40,9.4,1013.5,0.0,0,158,31.0,Mild,May,5,Tuesday
2025-05-06,23:00,Bangalore,24.0,69,2.4,1014.2,0.0,0,78,31.0,Mild,May,5,Tuesday
2025-05-07,00:00,Chennai,30.3,67,9.7,1009.3,0.0,0,85,32.0,Warm,May,5,Wednesday
2025-05-07,01:00,Hyderabad,29.7,55,10.7,1012.9,0.0,0,53,32.0,Warm,May,5,Wednesday
2025-05-07,02:00,Mumbai,28.7,70,4.7,1014.5,0.0,0,100,32.0,Warm,May,5,Wednesday
2025-05-07,03:00,Delhi,28.3,46,4.5,1015.8,0.0,0,156,32.0,Warm,May,5,Wednesday
2025-05-07,04:00,Bangalore,28.4,55,8.4,1008.0,0.0,0,66,32.0,Warm,May,5,Wednesday
2025-05-07,05:00,Chennai,34.8,69,12.3,1007.1,0.0,0,82,32.0,Warm,May,5,Wednesday
2025-05-07,06:00,Hyderabad,35.8,45,6.4,1011.6,0.0,0,81,32.0,Hot,May,5,Wednesday
2025-05-07,07:00,Mumbai,36.1,74,5.2,1011.8,0.0,1,76,32.0,Hot,May,5,Wednesday
2025-05-07,08:00,Delhi,35.4,40,3.2,1011.9,0.0,3,165,32.0,Hot,May,5,Wednesday
2025-05-07,09:00,Bangalore,32.7,58,9.3,1015.2,0.0,5,68,32.0,Warm,May,5,Wednesday
2025-05-07,10:00,Chennai,37.4,67,8.4,1011.7,0.0,7,107,32.0,Hot,May,5,Wednesday
2025-05-07,11:00,Hyderabad,37.9,52,14.3,1009.9,0.0,9,78,32.0,Hot,May,5,Wednesday
2025-05-07,12:00,Mumbai,39.2,64,8.0,1010.7,0.0,11,95,32.0,Hot,May,5,Wednesday
2025-05-07,13:00,Delhi,33.1,42,9.0,1010.3,0.0,9,119,32.0,Warm,May,5,Wednesday
2025-05-07,14:00,Bangalore,30.6,62,10.6,1015.9,0.0,6,61,32.0,Warm,May,5,Wednesday
2025-05-07,15:00,Chennai,36.9,56,4.3,1013.4,0.0,5,101,32.0,Hot,May,5,Wednesday
2025-05-07,16:00,Hyderabad,34.2,50,7.2,1010.1,0.0,3,59,32.0,Warm,May,5,Wednesday
2025-05-07,17:00,Mumbai,32.8,72,11.6,1012.7,0.0,1,91,32.0,Warm,May,5,Wednesday
2025-05-07,18:00,Delhi,25.9,44,10.6,1013.5,0.0,0,168,32.0,Warm,May,5,Wednesday
2025-05-07,19:00,Bangalore,26.8,62,6.5,1011.8,0.0,0,78,32.0,Warm,May,5,Wednesday
2025-05-07,20:00,Chennai,28.0,73,5.6,1012.4,0.0,0,97,32.0,Warm,May,5,Wednesday
2025-05-07,21:00,Hyderabad,32.1,56,13.6,1013.3,0.0,0,84,32.0,Warm,May,5,Wednesday
2025-05-07,22:00,Mumbai,28.8,72,10.9,1015.1,0.0,0,78,32.0,Warm,May,5,Wednesday
2025-05-07,23:00,Delhi,25.2,49,9.6,1013.9,0.0,0,151,32.0,Warm,May,5,Wednesday
2025-05-08,00:00,Bangalore,20.7,70,4.2,1011.7,0.0,0,66,32.1,Mild,May,5,Thursday
2025-05-08,01:00,Chennai,29.8,70,8.3,1011.3,0.0,0,68,32.1,Warm,May,5,Thursday
2025-05-08,02:00,Hyderabad,31.8,56,5.4,1011.7,0.0,0,78,32.1,Warm,May,5,Thursday
2025-05-08,03:00,Mumbai,31.7,71,6.2,1011.5,0.0,0,91,32.1,Warm,May,5,Thursday
2025-05-08,04:00,Delhi,28.5,48,10.8,1017.2,0.0,0,146,32.1,Warm,May,5,Thursday
2025-05-08,05:00,Bangalore,31.9,66,7.5,1016.9,0.0,0,67,32.1,Warm,May,5,Thursday
2025-05-08,06:00,Chennai,34.2,54,6.3,1005.8,0.0,0,94,32.1,Warm,May,5,Thursday
2025-05-08,07:00,Hyderabad,35.6,60,11.3,1006.4,0.0,2,68,32.1,Hot,May,5,Thursday
2025-05-08,08:00,Mumbai,33.2,66,9.9,1014.3,0.0,4,115,32.1,Warm,May,5,Thursday
2025-05-08,09:00,Delhi,33.0,43,9.5,1012.7,0.0,5,133,32.1,Warm,May,5,Thursday
2025-05-08,10:00,Bangalore,34.7,56,7.8,1012.3,0.0,8,80,32.1,Warm,May,5,Thursday
2025-05-08,11:00,Chennai,37.1,71,10.3,1007.8,0.0,9,66,32.1,Hot,May,5,Thursday
2025-05-08,12:00,Hyderabad,41.3,47,12.0,1012.9,0.0,11,65,32.1,Hot,May,5,Thursday
2025-05-08,13:00,Mumbai,37.3,73,11.3,1013.0,0.0,9,121,32.1,Hot,May,5,Thursday
2025-05-08,14:00,Delhi,34.2,36,6.8,1014.0,0.0,7,141,32.1,Warm,May,5,Thursday
2025-05-08,15:00,Bangalore,31.7,63,13.3,1010.1,0.0,5,56,32.1,Warm,May,5,Thursday
2025-05-08,16:00,Chennai,34.1,64,4.0,1016.5,0.0,3,65,32.1,Warm,May,5,Thursday
2025-05-08,17:00,Hyderabad,34.0,60,8.1,1016.8,0.0,1,98,32.1,Warm,May,5,Thursday
2025-05-08,18:00,Mumbai,31.7,76,8.3,1018.6,0.0,0,99,32.1,Warm,May,5,Thursday
2025-05-08,19:00,Delhi,26.4,49,1.6,1015.3,0.0,0,136,32.1,Warm,May,5,Thursday
2025-05-08,20:00,Bangalore,24.9,65,7.8,1018.4,0.0,0,83,32.1,Mild,May,5,Thursday
2025-05-08,21:00,Chennai,32.3,64,9.6,1012.4,0.0,0,76,32.1,Warm,May,5,Thursday
2025-05-08,22:00,Hyderabad,29.3,56,10.4,1007.1,0.0,0,61,32.1,Warm,May,5,Thursday
2025-05-08,23:00,Mumbai,31.3,76,12.1,1013.0,0.0,0,100,32.1,Warm,May,5,Thursday
2025-05-09,00:00,Delhi,24.0,39,8.5,1017.8,0.0,0,135,31.6,Mild,May,5,Friday
2025-05-09,01:00,Bangalore,23.5,64,6.1,1016.7,0.0,0,84,31.6,Mild,May,5,Friday
2025-05-09,02:00,Chennai,31.5,75,6.6,1013.7,0.0,0,89,31.6,Warm,May,5,Friday
2025-05-09,03:00,Hyderabad,32.1,48,12.1,1008.2,0.0,0,75,31.6,Warm,May,5,Friday
2025-05-09,04:00,Mumbai,33.0,59,8.0,1010.8,0.0,0,109,31.6,Warm,May,5,Friday
2025-05-09,05:00,Delhi,30.4,44,5.0,1016.3,0.0,0,140,31.6,Warm,May,5,Friday
2025-05-09,06:00,Bangalore,30.5,58,8.2,1016.4,0.0,0,66,31.6,Warm,May,5,Friday
2025-05-09,07:00,Chennai,35.4,65,10.5,1009.7,0.0,2,62,31.6,Hot,May,5,Friday
2025-05-09,08:00,Hyderabad,35.1,46,3.2,1018.8,0.0,4,103,31.6,Hot,May,5,Friday
2025-05-09,09:00,Mumbai,38.3,65,5.8,1010.8,0.0,6,96,31.6,Hot,May,5,Friday
2025-05-09,10:00,Delhi,34.1,46,6.2,1008.7,0.0,7,170,31.6,Warm,May,5,Friday
2025-05-09,11:00,Bangalore,35.4,51,10.4,1009.4,0.0,9,62,31.6,Hot,May,5,Friday
2025-05-09,12:00,Chennai,37.5,60,7.8,1007.1,0.0,11,68,31.6,Hot,May,5,Friday
2025-05-09,13:00,Hyderabad,39.7,54,12.2,1011.9,0.0,9,88,31.6,Hot,May,5,Friday
2025-05-09,14:00,Mumbai,36.2,72,10.5,1014.2,0.0,7,112,31.6,Hot,May,5,Friday
2025-05-09,15:00,Delhi,30.4,44,10.9,1011.2,0.0,4,156,31.6,Warm,May,5,Friday
2025-05-09,16:00,Bangalore,28.0,67,9.1,1012.3,0.0,3,59,31.6,Warm,May,5,Friday
2025-05-09,17:00,Chennai,33.4,74,5.0,1018.2,0.0,1,79,31.6,Warm,May,5,Friday
2025-05-09,18:00,Hyderabad,34.4,50,4.6,1010.8,0.0,0,78,31.6,Warm,May,5,Friday
2025-05-09,19:00,Mumbai,30.8,72,8.2,1014.6,0.0,0,94,31.6,Warm,May,5,Friday
2025-05-09,20:00,Delhi,25.4,44,11.2,1016.9,0.0,0,168,31.6,Warm,May,5,Friday
2025-05-09,21:00,Bangalore,22.2,55,7.0,1021.5,0.0,0,43,31.6,Mild,May,5,Friday
2025-05-09,22:00,Chennai,28.6,68,4.3,1015.2,0.0,0,61,31.6,Warm,May,5,Friday
2025-05-09,23:00,Hyderabad,28.8,60,8.4,1011.8,0.0,0,94,31.6,Warm,May,5,Friday
2025-05-10,00:00,Mumbai,28.4,69,8.9,1011.9,0.0,0,86,32.0,Warm,May,5,Saturday
2025-05-10,01:00,Delhi,25.8,56,11.5,1010.8,0.0,0,143,32.0,Warm,May,5,Saturday
2025-05-10,02:00,Bangalore,24.5,66,9.6,1011.7,0.0,0,81,32.0,Mild,May,5,Saturday
2025-05-10,03:00,Chennai,29.4,75,10.8,1011.9,0.0,0,88,32.0,Warm,May,5,Saturday
2025-05-10,04:00,Hyderabad,33.1,49,7.4,1012.5,0.0,0,55,32.0,Warm,May,5,Saturday
2025-05-10,05:00,Mumbai,36.1,71,8.6,1009.0,0.0,0,86,32.0,Hot,May,5,Saturday
2025-05-10,06:00,Delhi,32.7,35,5.1,1008.7,0.0,0,156,32.0,Warm,May,5,Saturday
2025-05-10,07:00,Bangalore,29.6,63,10.3,1012.7,0.0,2,81,32.0,Warm,May,5,Saturday
2025-05-10,08:00,Chennai,33.8,62,9.5,1017.1,0.0,4,98,32.0,Warm,May,5,Saturday
2025-05-10,09:00,Hyderabad,39.0,55,10.2,1012.1,0.0,5,100,32.0,Hot,May,5,Saturday
2025-05-10,10:00,Mumbai,39.9,64,9.9,1008.8,0.0,7,104,32.0,Hot,May,5,Saturday
2025-05-10,11:00,Delhi,34.7,53,10.3,1013.1,0.0,9,161,32.0,Warm,May,5,Saturday
2025-05-10,12:00,Bangalore,33.7,47,12.0,1011.8,0.0,10,88,32.0,Warm,May,5,Saturday
2025-05-10,13:00,Chennai,37.4,59,9.3,1003.8,14.4,9,76,32.0,Hot,May,5,Saturday
2025-05-10,14:00,Hyderabad,39.0,47,9.3,1012.3,0.0,6,76,32.0,Hot,May,5,Saturday
2025-05-10,15:00,Mumbai,34.6,68,6.5,1011.2,0.0,5,82,32.0,Warm,May,5,Saturday
2025-05-10,16:00,Delhi,30.0,49,9.8,1014.3,0.0,4,135,32.0,Warm,May,5,Saturday
2025-05-10,17:00,Bangalore,31.2,56,14.5,1013.3,0.0,2,91,32.0,Warm,May,5,Saturday
2025-05-10,18:00,Chennai,31.1,61,8.5,1013.3,0.0,0,92,32.0,Warm,May,5,Saturday
2025-05-10,19:00,Hyderabad,33.2,50,12.0,1014.4,0.0,0,97,32.0,Warm,May,5,Saturday
2025-05-10,20:00,Mumbai,30.7,71,6.1,1015.8,0.0,0,127,32.0,Warm,May,5,Saturday
2025-05-10,21:00,Delhi,25.2,41,8.1,1015.4,0.0,0,159,32.0,Warm,May,5,Saturday
2025-05-10,22:00,Bangalore,24.6,61,8.5,1017.1,0.0,0,77,32.0,Mild,May,5,Saturday
2025-05-10,23:00,Chennai,29.4,69,10.7,1014.2,0.0,0,54,32.0,Warm,May,5,Saturday
2025-05-11,00:00,Hyderabad,28.9,58,0.0,1008.9,0.0,0,94,31.8,Warm,May,5,Sunday
2025-05-11,01:00,Mumbai,27.0,69,9.6,1014.8,0.0,0,84,31.8,Warm,May,5,Sunday
2025-05-11,02:00,Delhi,28.3,48,9.7,1016.7,0.0,0,148,31.8,Warm,May,5,Sunday
2025-05-11,03:00,Bangalore,28.3,61,8.0,1011.6,0.0,0,76,31.8,Warm,May,5,Sunday
2025-05-11,04:00,Chennai,33.6,61,9.7,1011.3,0.0,0,73,31.8,Warm,May,5,Sunday
2025-05-11,05:00,Hyderabad,35.9,49,7.7,1012.4,0.0,0,64,31.8,Hot,May,5,Sunday
2025-05-11,06:00,Mumbai,33.3,66,5.7,1013.1,0.0,0,75,31.8,Warm,May,5,Sunday
2025-05-11,07:00,Delhi,31.7,48,11.5,1011.5,0.0,1,153,31.8,Warm,May,5,Sunday
2025-05-11,08:00,Bangalore,30.8,63,3.8,1014.1,0.0,4,73,31.8,Warm,May,5,Sunday
2025-05-11,09:00,Chennai,36.5,65,6.7,1008.4,0.0,4,82,31.8,Hot,May,5,Sunday
2025-05-11,10:00,Hyderabad,40.0,46,4.6,1004.8,0.0,7,105,31.8,Hot,May,5,Sunday
2025-05-11,11:00,Mumbai,37.8,62,11.1,1011.9,0.0,10,110,31.8,Hot,May,5,Sunday
2025-05-11,12:00,Delhi,36.3,40,5.7,1015.1,0.0,11,139,31.8,Hot,May,5,Sunday
2025-05-11,13:00,Bangalore,32.7,61,2.7,1015.5,0.0,9,59,31.8,Warm,May,5,Sunday
2025-05-11,14:00,Chennai,37.2,66,4.8,1012.5,0.0,7,85,31.8,Hot,May,5,Sunday
2025-05-11,15:00,Hyderabad,37.0,48,4.2,1013.5,0.0,6,99,31.8,Hot,May,5,Sunday
2025-05-11,16:00,Mumbai,34.8,69,3.0,1014.7,0.0,3,73,31.8,Warm,May,5,Sunday
2025-05-11,17:00,Delhi,27.7,41,3.9,1015.0,0.0,2,184,31.8,Warm,May,5,Sunday
2025-05-11,18:00,Bangalore,26.1,54,11.2,1015.1,0.0,0,85,31.8,Warm,May,5,Sunday
2025-05-11,19:00,Chennai,32.0,59,5.9,1006.7,0.0,0,77,31.8,Warm,May,5,Sunday
2025-05-11,20:00,Hyderabad,31.3,53,5.4,1015.3,16.8,0,94,31.8,Warm,May,5,Sunday
2025-05-11,21:00,Mumbai,28.5,73,10.2,1009.4,0.0,0,80,31.8,Warm,May,5,Sunday
2025-05-11,22:00,Delhi,23.2,51,2.9,1012.1,0.0,0,146,31.8,Mild,May,5,Sunday
2025-05-11,23:00,Bangalore,25.1,64,8.4,1015.5,0.0,0,66,31.8,Warm,May,5,Sunday
2025-05-12,00:00,Chennai,26.9,80,6.5,1015.9,0.0,0,75,32.6,Warm,May,5,Monday
2025-05-12,01:00,Hyderabad,28.1,52,3.9,1013.3,0.0,0,66,32.6,Warm,May,5,Monday
2025-05-12,02:00,Mumbai,28.9,72,9.3,1016.0,0.0,0,105,32.6,Warm,May,5,Monday
2025-05-12,03:00,Delhi,27.5,38,8.1,1015.0,0.0,0,163,32.6,Warm,May,5,Monday
2025-05-12,04:00,Bangalore,26.5,64,5.7,1013.8,0.0,0,77,32.6,Warm,May,5,Monday
2025-05-12,05:00,Chennai,36.0,64,4.2,1008.7,0.0,0,80,32.6,Hot,May,5,Monday
2025-05-12,06:00,Hyderabad,35.9,51,0.5,1008.3,0.0,1,89,32.6,Hot,May,5,Monday
2025-05-12,07:00,Mumbai,35.8,66,3.9,1010.7,0.0,1,97,32.6,Hot,May,5,Monday
2025-05-12,08:00,Delhi,35.1,43,5.1,1013.8,0.0,3,189,32.6,Hot,May,5,Monday
2025-05-12,09:00,Bangalore,37.9,54,14.6,1010.5,0.0,5,87,32.6,Hot,May,5,Monday
2025-05-12,10:00,Chennai,36.4,64,3.5,1011.6,0.0,7,100,32.6,Hot,May,5,Monday
2025-05-12,11:00,Hyderabad,40.8,46,7.8,1004.8,0.0,8,81,32.6,Hot,May,5,Monday
2025-05-12,12:00,Mumbai,38.7,67,5.5,1013.7,0.0,10,103,32.6,Hot,May,5,Monday
2025-05-12,13:00,Delhi,35.3,40,13.2,1015.3,0.0,9,146,32.6,Hot,May,5,Monday
2025-05-12,14:00,Bangalore,31.7,70,8.1,1012.7,0.0,7,59,32.6,Warm,May,5,Monday
2025-05-12,15:00,Chennai,35.7,62,7.4,1012.8,0.0,5,60,32.6,Hot,May,5,Monday
2025-05-12,16:00,Hyderabad,35.5,60,3.4,1013.0,0.0,3,94,32.6,Hot,May,5,Monday
2025-05-12,17:00,Mumbai,36.3,58,6.6,1011.8,0.0,0,91,32.6,Hot,May,5,Monday
2025-05-12,18:00,Delhi,31.6,43,7.5,1014.7,0.0,0,156,32.6,Warm,May,5,Monday
2025-05-12,19:00,Bangalore,27.8,58,5.4,1013.5,0.0,0,84,32.6,Warm,May,5,Monday
2025-05-12,20:00,Chennai,28.4,72,11.1,1016.1,0.0,0,94,32.6,Warm,May,5,Monday
2025-05-12,21:00,Hyderabad,29.6,50,8.5,1013.9,0.0,0,80,32.6,Warm,May,5,Monday
2025-05-12,22:00,Mumbai,30.4,70,3.9,1014.0,0.0,0,102,32.6,Warm,May,5,Monday
2025-05-12,23:00,Delhi,24.6,44,2.5,1014.2,0.0,0,158,32.6,Mild,May,5,Monday
2025-05-13,00:00,Bangalore,22.3,71,6.3,1013.2,0.0,0,70,32.2,Mild,May,5,Tuesday
2025-05-13,01:00,Chennai,27.9,72,8.1,1013.4,0.0,0,65,32.2,Warm,May,5,Tuesday
2025-05-13,02:00,Hyderabad,30.5,51,6.4,1010.4,0.0,0,85,32.2,Warm,May,5,Tuesday
2025-05-13,03:00,Mumbai,30.8,80,4.6,1010.6,0.0,0,92,32.2,Warm,May,5,Tuesday
2025-05-13,04:00,Delhi,30.1,41,3.4,1016.1,0.0,0,150,32.2,Warm,May,5,Tuesday
2025-05-13,05:00,Bangalore,30.2,59,7.9,1015.1,0.0,0,60,32.2,Warm,May,5,Tuesday
2025-05-13,06:00,Chennai,36.8,68,7.7,1010.1,0.0,0,63,32.2,Hot,May,5,Tuesday
2025-05-13,07:00,Hyderabad,36.6,49,4.8,1010.4,0.0,2,73,32.2,Hot,May,5,Tuesday
2025-05-13,08:00,Mumbai,39.8,60,9.1,1007.9,0.0,3,104,32.2,Hot,May,5,Tuesday
2025-05-13,09:00,Delhi,32.6,49,4.6,1013.3,0.0,5,183,32.2,Warm,May,5,Tuesday
2025-05-13,10:00,Bangalore,28.8,70,10.1,1012.8,0.0,7,87,32.2,Warm,May,5,Tuesday
2025-05-13,11:00,Chennai,39.4,47,4.7,1012.4,0.0,9,67,32.2,Hot,May,5,Tuesday
2025-05-13,12:00,Hyderabad,36.3,51,12.9,1006.9,0.0,11,82,32.2,Hot,May,5,Tuesday
2025-05-13,13:00,Mumbai,36.4,61,9.6,1013.7,0.0,10,90,32.2,Hot,May,5,Tuesday
2025-05-13,14:00,Delhi,34.8,43,11.6,1009.9,0.0,8,142,32.2,Warm,May,5,Tuesday
2025-05-13,15:00,Bangalore,34.5,55,12.2,1010.2,0.0,6,56,32.2,Warm,May,5,Tuesday
2025-05-13,16:00,Chennai,36.8,60,9.1,1015.8,0.0,4,65,32.2,Hot,May,5,Tuesday
2025-05-13,17:00,Hyderabad,32.4,52,6.2,1012.9,0.0,1,99,32.2,Warm,May,5,Tuesday
2025-05-13,18:00,Mumbai,32.0,74,14.9,1014.6,0.0,0,91,32.2,Warm,May,5,Tuesday
2025-05-13,19:00,Delhi,28.1,48,6.1,1013.2,0.0,0,196,32.2,Warm,May,5,Tuesday
2025-05-13,20:00,Bangalore,27.5,61,8.4,1015.7,0.0,0,74,32.2,Warm,May,5,Tuesday
2025-05-13,21:00,Chennai,31.7,65,9.5,1011.8,0.0,0,74,32.2,Warm,May,5,Tuesday
2025-05-13,22:00,Hyderabad,29.4,57,3.2,1010.1,0.0,0,60,32.2,Warm,May,5,Tuesday
2025-05-13,23:00,Mumbai,28.0,65,8.3,1015.1,0.0,0,95,32.2,Warm,May,5,Tuesday
2025-05-14,00:00,Delhi,23.4,54,11.5,1013.4,0.0,0,148,31.5,Mild,May,5,Wednesday
2025-05-14,01:00,Bangalore,22.4,64,9.5,1012.7,0.0,0,71,31.5,Mild,May,5,Wednesday
2025-05-14,02:00,Chennai,26.8,77,12.9,1010.2,0.0,0,102,31.5,Warm,May,5,Wednesday
2025-05-14,03:00,Hyderabad,33.2,53,6.9,1013.9,0.0,0,67,31.5,Warm,May,5,Wednesday
2025-05-14,04:00,Mumbai,32.2,61,4.6,1010.7,0.0,0,83,31.5,Warm,May,5,Wednesday
2025-05-14,05:00,Delhi,27.1,53,0.5,1010.4,0.0,0,179,31.5,Warm,May,5,Wednesday
2025-05-14,06:00,Bangalore,28.1,76,9.9,1011.0,0.0,0,80,31.5,Warm,May,5,Wednesday
2025-05-14,07:00,Chennai,37.4,62,15.0,1007.9,0.0,2,59,31.5,Hot,May,5,Wednesday
2025-05-14,08:00,Hyderabad,38.0,51,7.8,1011.2,0.0,2,98,31.5,Hot,May,5,Wednesday
2025-05-14,09:00,Mumbai,34.7,70,8.1,1014.8,0.0,5,109,31.5,Warm,May,5,Wednesday
2025-05-14,10:00,Delhi,35.6,43,8.9,1009.9,0.0,7,179,31.5,Hot,May,5,Wednesday
2025-05-14,11:00,Bangalore,33.9,49,8.1,1020.0,0.0,10,65,31.5,Warm,May,5,Wednesday
2025-05-14,12:00,Chennai,39.3,53,6.0,1011.9,0.0,11,58,31.5,Hot,May,5,Wednesday
2025-05-14,13:00,Hyderabad,37.2,47,7.3,1011.9,0.0,10,89,31.5,Hot,May,5,Wednesday
2025-05-14,14:00,Mumbai,37.2,65,10.3,1013.2,0.0,7,89,31.5,Hot,May,5,Wednesday
2025-05-14,15:00,Delhi,32.3,42,11.2,1005.2,0.0,6,155,31.5,Warm,May,5,Wednesday
2025-05-14,16:00,Bangalore,30.9,70,7.4,1016.2,0.0,3,55,31.5,Warm,May,5,Wednesday
2025-05-14,17:00,Chennai,36.2,56,4.7,1005.5,0.0,0,109,31.5,Hot,May,5,Wednesday
2025-05-14,18:00,Hyderabad,30.3,61,10.5,1014.7,0.0,0,89,31.5,Warm,May,5,Wednesday
2025-05-14,19:00,Mumbai,31.8,58,13.4,1017.8,0.0,0,110,31.5,Warm,May,5,Wednesday
2025-05-14,20:00,Delhi,26.2,48,5.2,1018.2,0.0,0,168,31.5,Warm,May,5,Wednesday
2025-05-14,21:00,Bangalore,23.2,67,6.0,1014.2,0.0,0,48,31.5,Mild,May,5,Wednesday
2025-05-14,22:00,Chennai,29.0,76,8.8,1012.9,0.0,0,71,31.5,Warm,May,5,Wednesday
2025-05-14,23:00,Hyderabad,29.9,58,8.2,1013.3,0.0,0,78,31.5,Warm,May,5,Wednesday
2025-05-15,00:00,Mumbai,29.1,69,7.9,1013.8,0.0,0,73,32.5,Warm,May,5,Thursday
2025-05-15,01:00,Delhi,23.9,46,7.5,1015.1,0.0,0,147,32.5,Mild,May,5,Thursday
2025-05-15,02:00,Bangalore,23.4,71,8.5,1010.1,0.0,0,38,32.5,Mild,May,5,Thursday
2025-05-15,03:00,Chennai,31.1,62,7.2,1016.7,0.0,0,69,32.5,Warm,May,5,Thursday
2025-05-15,04:00,Hyderabad,35.2,51,6.3,1011.0,0.0,0,71,32.5,Hot,May,5,Thursday
2025-05-15,05:00,Mumbai,32.5,72,7.5,1010.6,0.0,0,72,32.5,Warm,May,5,Thursday
2025-05-15,06:00,Delhi,31.5,47,7.7,1011.0,0.0,0,182,32.5,Warm,May,5,Thursday
2025-05-15,07:00,Bangalore,30.5,68,4.4,1012.8,0.0,1,52,32.5,Warm,May,5,Thursday
2025-05-15,08:00,Chennai,39.7,62,5.3,1008.0,0.0,3,88,32.5,Hot,May,5,Thursday
2025-05-15,09:00,Hyderabad,38.9,45,7.6,1009.1,0.0,6,79,32.5,Hot,May,5,Thursday
2025-05-15,10:00,Mumbai,41.2,59,9.8,1010.6,0.0,8,114,32.5,Hot,May,5,Thursday
2025-05-15,11:00,Delhi,36.0,42,7.6,1013.9,0.0,9,160,32.5,Hot,May,5,Thursday
2025-05-15,12:00,Bangalore,34.0,59,5.5,1010.1,0.0,10,70,32.5,Warm,May,5,Thursday
2025-05-15,13:00,Chennai,39.0,60,6.4,1014.0,0.0,10,75,32.5,Hot,May,5,Thursday
2025-05-15,14:00,Hyderabad,38.1,56,6.6,1015.2,0.0,8,85,32.5,Hot,May,5,Thursday
2025-05-15,15:00,Mumbai,37.9,58,13.6,1007.5,0.0,5,80,32.5,Hot,May,5,Thursday
2025-05-15,16:00,Delhi,31.1,34,3.6,1010.5,0.0,3,160,32.5,Warm,May,5,Thursday
2025-05-15,17:00,Bangalore,30.6,43,10.1,1015.1,0.0,1,64,32.5,Warm,May,5,Thursday
2025-05-15,18:00,Chennai,33.8,62,9.6,1011.6,0.0,0,79,32.5,Warm,May,5,Thursday
2025-05-15,19:00,Hyderabad,33.6,56,4.9,1010.8,0.0,0,85,32.5,Warm,May,5,Thursday
2025-05-15,20:00,Mumbai,30.8,64,12.8,1012.1,0.0,0,107,32.5,Warm,May,5,Thursday
2025-05-15,21:00,Delhi,25.4,48,12.7,1015.7,0.0,0,164,32.5,Warm,May,5,Thursday
2025-05-15,22:00,Bangalore,25.2,63,8.4,1013.0,0.0,0,63,32.5,Warm,May,5,Thursday
2025-05-15,23:00,Chennai,27.2,66,9.0,1013.8,0.0,0,70,32.5,Warm,May,5,Thursday
2025-05-16,00:00,Hyderabad,29.5,59,11.1,1010.7,0.0,0,95,32.3,Warm,May,5,Friday
2025-05-16,01:00,Mumbai,27.7,73,4.0,1014.5,0.0,0,103,32.3,Warm,May,5,Friday
2025-05-16,02:00,Delhi,27.8,48,10.8,1018.2,0.0,0,155,32.3,Warm,May,5,Friday
2025-05-16,03:00,Bangalore,29.1,70,4.8,1017.8,0.0,0,62,32.3,Warm,May,5,Friday
2025-05-16,04:00,Chennai,33.9,70,0.1,1010.5,0.0,0,71,32.3,Warm,May,5,Friday
2025-05-16,05:00,Hyderabad,34.9,38,7.5,1013.9,0.0,0,73,32.3,Warm,May,5,Friday
2025-05-16,06:00,Mumbai,34.7,72,8.4,1010.8,0.0,0,85,32.3,Warm,May,5,Friday
2025-05-16,07:00,Delhi,33.3,49,4.2,1012.2,0.0,1,160,32.3,Warm,May,5,Friday
2025-05-16,08:00,Bangalore,31.0,58,6.4,1009.2,0.0,3,78,32.3,Warm,May,5,Friday
2025-05-16,09:00,Chennai,38.4,66,7.4,1012.6,0.0,4,78,32.3,Hot,May,5,Friday
2025-05-16,10:00,Hyderabad,40.5,43,13.7,1011.6,0.0,8,102,32.3,Hot,May,5,Friday
2025-05-16,11:00,Mumbai,38.5,63,7.0,1009.7,0.0,9,90,32.3,Hot,May,5,Friday
2025-05-16,12:00,Delhi,34.9,34,9.6,1010.7,0.0,11,160,32.3,Warm,May,5,Friday
2025-05-16,13:00,Bangalore,34.1,53,10.7,1013.2,0.0,9,73,32.3,Warm,May,5,Friday
2025-05-16,14:00,Chennai,38.0,59,10.9,1010.1,0.0,8,73,32.3,Hot,May,5,Friday
2025-05-16,15:00,Hyderabad,36.0,57,11.1,1008.2,0.0,4,98,32.3,Hot,May,5,Friday
2025-05-16,16:00,Mumbai,35.5,73,12.9,1015.1,0.0,4,79,32.3,Hot,May,5,Friday
2025-05-16,17:00,Delhi,29.2,57,6.4,1015.0,0.0,1,152,32.3,Warm,May,5,Friday
2025-05-16,18:00,Bangalore,30.4,56,7.3,1011.1,0.0,0,73,32.3,Warm,May,5,Friday
2025-05-16,19:00,Chennai,30.0,67,7.9,1012.6,0.0,0,86,32.3,Warm,May,5,Friday
2025-05-16,20:00,Hyderabad,31.5,62,4.6,1013.0,0.0,0,86,32.3,Warm,May,5,Friday
2025-05-16,21:00,Mumbai,28.8,78,8.2,1011.7,0.0,0,87,32.3,Warm,May,5,Friday
2025-05-16,22:00,Delhi,24.1,51,10.0,1019.9,0.0,0,139,32.3,Mild,May,5,Friday
2025-05-16,23:00,Bangalore,22.9,66,6.4,1009.7,0.0,0,55,32.3,Mild,May,5,Friday
2025-05-17,00:00,Chennai,32.1,68,10.3,1011.1,0.0,0,86,32.0,Warm,May,5,Saturday
2025-05-17,01:00,Hyderabad,27.4,61,6.0,1010.8,0.0,0,69,32.0,Warm,May,5,Saturday
2025-05-17,02:00,Mumbai,30.8,74,8.6,1019.7,0.0,0,85,32.0,Warm,May,5,Saturday
2025-05-17,03:00,Delhi,24.5,48,7.2,1014.8,0.0,0,157,32.0,Mild,May,5,Saturday
2025-05-17,04:00,Bangalore,27.7,77,11.8,1015.3,0.0,0,69,32.0,Warm,May,5,Saturday
2025-05-17,05:00,Chennai,32.3,65,10.0,1011.0,0.0,0,91,32.0,Warm,May,5,Saturday
2025-05-17,06:00,Hyderabad,33.2,50,12.5,1012.3,0.0,0,84,32.0,Warm,May,5,Saturday
2025-05-17,07:00,Mumbai,37.3,57,10.1,1012.9,0.0,1,94,32.0,Hot,May,5,Saturday
2025-05-17,08:00,Delhi,32.7,36,10.3,1019.4,0.0,4,165,32.0,Warm,May,5,Saturday
2025-05-17,09:00,Bangalore,34.4,42,8.4,1013.4,0.0,5,86,32.0,Warm,May,5,Saturday
2025-05-17,10:00,Chennai,39.4,49,4.6,1010.3,0.0,8,85,32.0,Hot,May,5,Saturday
2025-05-17,11:00,Hyderabad,39.6,39,11.0,1010.8,0.0,9,77,32.0,Hot,May,5,Saturday
2025-05-17,12:00,Mumbai,38.4,62,7.1,1010.1,0.0,12,93,32.0,Hot,May,5,Saturday
2025-05-17,13:00,Delhi,35.2,46,6.6,1015.4,0.0,9,134,32.0,Hot,May,5,Saturday
2025-05-17,14:00,Bangalore,32.8,53,14.0,1014.3,0.0,7,43,32.0,Warm,May,5,Saturday
2025-05-17,15:00,Chennai,34.0,66,4.8,1011.7,0.0,5,94,32.0,Warm,May,5,Saturday
2025-05-17,16:00,Hyderabad,37.1,44,11.1,1015.7,0.0,3,92,32.0,Hot,May,5,Saturday
2025-05-17,17:00,Mumbai,32.7,63,11.1,1007.7,0.0,2,102,32.0,Warm,May,5,Saturday
2025-05-17,18:00,Delhi,28.2,47,5.9,1012.5,0.0,0,158,32.0,Warm,May,5,Saturday
2025-05-17,19:00,Bangalore,25.4,63,3.6,1011.7,0.0,0,79,32.0,Warm,May,5,Saturday
2025-05-17,20:00,Chennai,27.6,67,2.4,1012.7,0.0,0,87,32.0,Warm,May,5,Saturday
2025-05-17,21:00,Hyderabad,30.2,49,4.5,1010.7,0.0,0,70,32.0,Warm,May,5,Saturday
2025-05-17,22:00,Mumbai,31.4,61,4.9,1014.1,0.0,0,111,32.0,Warm,May,5,Saturday
2025-05-17,23:00,Delhi,24.0,51,9.4,1016.4,0.0,0,154,32.0,Mild,May,5,Saturday
2025-05-18,00:00,Bangalore,23.8,71,10.8,1008.8,0.0,0,50,32.1,Mild,May,5,Sunday
2025-05-18,01:00,Chennai,28.4,63,10.3,1012.0,0.0,0,82,32.1,Warm,May,5,Sunday
2025-05-18,02:00,Hyderabad,31.1,61,8.5,1014.0,0.0,0,91,32.1,Warm,May,5,Sunday
2025-05-18,03:00,Mumbai,34.1,65,9.3,1013.3,0.0,0,63,32.1,Warm,May,5,Sunday
2025-05-18,04:00,Delhi,28.1,50,7.1,1016.8,0.0,0,125,32.1,Warm,May,5,Sunday
2025-05-18,05:00,Bangalore,27.7,65,4.5,1013.6,0.0,0,67,32.1,Warm,May,5,Sunday
2025-05-18,06:00,Chennai,33.5,67,7.1,1007.9,0.0,0,91,32.1,Warm,May,5,Sunday
2025-05-18,07:00,Hyderabad,38.3,52,7.6,1009.8,0.0,2,87,32.1,Hot,May,5,Sunday
2025-05-18,08:00,Mumbai,37.0,63,4.1,1009.1,0.0,4,91,32.1,Hot,May,5,Sunday
2025-05-18,09:00,Delhi,33.5,44,6.3,1016.4,0.0,5,158,32.1,Warm,May,5,Sunday
2025-05-18,10:00,Bangalore,31.9,50,5.8,1014.0,0.0,8,96,32.1,Warm,May,5,Sunday
2025-05-18,11:00,Chennai,39.1,63,7.1,1009.1,0.0,9,98,32.1,Hot,May,5,Sunday
2025-05-18,12:00,Hyderabad,41.0,41,9.5,1010.6,0.0,11,95,32.1,Hot,May,5,Sunday
2025-05-18,13:00,Mumbai,36.5,62,5.2,1010.4,0.0,10,100,32.1,Hot,May,5,Sunday
2025-05-18,14:00,Delhi,33.1,42,5.2,1010.7,0.0,7,149,32.1,Warm,May,5,Sunday
2025-05-18,15:00,Bangalore,33.1,59,8.0,1009.4,0.0,5,52,32.1,Warm,May,5,Sunday
2025-05-18,16:00,Chennai,36.3,68,11.4,1009.2,0.0,4,71,32.1,Hot,May,5,Sunday
2025-05-18,17:00,Hyderabad,35.8,58,4.2,1010.9,0.0,2,85,32.1,Hot,May,5,Sunday
2025-05-18,18:00,Mumbai,32.5,74,12.6,1013.4,0.0,0,107,32.1,Warm,May,5,Sunday
2025-05-18,19:00,Delhi,27.5,48,2.4,1016.3,0.0,0,143,32.1,Warm,May,5,Sunday
2025-05-18,20:00,Bangalore,21.9,70,7.2,1015.9,0.0,0,83,32.1,Mild,May,5,Sunday
2025-05-18,21:00,Chennai,28.6,74,6.2,1011.8,0.0,0,78,32.1,Warm,May,5,Sunday
2025-05-18,22:00,Hyderabad,30.0,56,5.2,1010.6,0.0,0,61,32.1,Warm,May,5,Sunday
2025-05-18,23:00,Mumbai,26.6,72,5.9,1013.8,0.0,0,88,32.1,Warm,May,5,Sunday
2025-05-19,00:00,Delhi,23.5,43,4.6,1015.5,0.0,0,156,32.1,Mild,May,5,Monday
2025-05-19,01:00,Bangalore,23.0,56,8.5,1014.2,0.0,0,70,32.1,Mild,May,5,Monday
2025-05-19,02:00,Chennai,30.9,72,7.9,1013.2,0.0,0,82,32.1,Warm,May,5,Monday
2025-05-19,03:00,Hyderabad,32.9,52,5.1,1011.2,0.0,0,70,32.1,Warm,May,5,Monday
2025-05-19,04:00,Mumbai,34.3,65,3.7,1011.8,0.0,0,89,32.1,Warm,May,5,Monday
2025-05-19,05:00,Delhi,30.4,39,12.8,1012.9,0.0,0,146,32.1,Warm,May,5,Monday
2025-05-19,06:00,Bangalore,29.6,61,6.2,1011.5,0.0,0,61,32.1,Warm,May,5,Monday
2025-05-19,07:00,Chennai,36.7,64,11.4,1008.8,0.0,1,83,32.1,Hot,May,5,Monday
2025-05-19,08:00,Hyderabad,38.8,47,8.9,1012.8,0.0,4,106,32.1,Hot,May,5,Monday
2025-05-19,09:00,Mumbai,37.1,59,4.7,1010.2,0.0,6,103,32.1,Hot,May,5,Monday
2025-05-19,10:00,Delhi,34.3,47,5.9,1012.8,0.0,7,163,32.1,Warm,May,5,Monday
2025-05-19,11:00,Bangalore,35.9,55,7.1,1005.6,0.0,9,46,32.1,Hot,May,5,Monday
2025-05-19,12:00,Chennai,38.0,53,7.4,1014.4,0.0,11,68,32.1,Hot,May,5,Monday
2025-05-19,13:00,Hyderabad,41.0,45,7.8,1006.9,0.0,9,60,32.1,Hot,May,5,Monday
2025-05-19,14:00,Mumbai,37.9,68,1.2,1011.5,0.0,8,79,32.1,Hot,May,5,Monday
2025-05-19,15:00,Delhi,32.1,38,9.7,1016.0,0.0,5,135,32.1,Warm,May,5,Monday
2025-05-19,16:00,Bangalore,27.5,72,1.8,1012.6,0.0,3,67,32.1,Warm,May,5,Monday
2025-05-19,17:00,Chennai,33.9,67,5.9,1013.8,0.0,1,105,32.1,Warm,May,5,Monday
2025-05-19,18:00,Hyderabad,33.5,51,6.5,1012.8,0.0,0,86,32.1,Warm,May,5,Monday
2025-05-19,19:00,Mumbai,29.5,71,4.1,1013.1,0.0,0,111,32.1,Warm,May,5,Monday
2025-05-19,20:00,Delhi,25.8,45,4.5,1019.6,0.0,0,169,32.1,Warm,May,5,Monday
2025-05-19,21:00,Bangalore,22.3,70,11.3,1011.9,0.0,0,48,32.1,Mild,May,5,Monday
2025-05-19,22:00,Chennai,30.0,59,6.2,1016.9,0.0,0,73,32.1,Warm,May,5,Monday
2025-05-19,23:00,Hyderabad,32.5,56,5.7,1013.5,0.0,0,44,32.1,Warm,May,5,Monday
2025-05-20,00:00,Mumbai,28.1,76,5.4,1013.0,0.0,0,87,32.2,Warm,May,5,Tuesday
2025-05-20,01:00,Delhi,26.3,53,7.3,1015.0,0.0,0,164,32.2,Warm,May,5,Tuesday
2025-05-20,02:00,Bangalore,26.3,52,14.5,1014.4,0.0,0,48,32.2,Warm,May,5,Tuesday
2025-05-20,03:00,Chennai,32.1,63,7.7,1015.9,0.0,0,51,32.2,Warm,May,5,Tuesday
2025-05-20,04:00,Hyderabad,33.4,59,6.9,1010.6,0.0,0,84,32.2,Warm,May,5,Tuesday
2025-05-20,05:00,Mumbai,33.3,64,12.8,1009.9,0.0,0,82,32.2,Warm,May,5,Tuesday
2025-05-20,06:00,Delhi,30.4,53,11.2,1011.2,0.0,0,153,32.2,Warm,May,5,Tuesday
2025-05-20,07:00,Bangalore,29.9,54,10.9,1013.3,0.0,1,71,32.2,Warm,May,5,Tuesday
2025-05-20,08:00,Chennai,35.7,52,8.5,1007.4,0.0,4,95,32.2,Hot,May,5,Tuesday
2025-05-20,09:00,Hyderabad,39.7,44,8.4,1008.4,0.0,5,82,32.2,Hot,May,5,Tuesday
2025-05-20,10:00,Mumbai,39.8,62,10.4,1008.9,0.0,7,96,32.2,Hot,May,5,Tuesday
2025-05-20,11:00,Delhi,33.4,40,8.3,1011.8,0.0,9,133,32.2,Warm,May,5,Tuesday
2025-05-20,12:00,Bangalore,34.5,62,4.0,1018.3,0.0,10,57,32.2,Warm,May,5,Tuesday
2025-05-20,13:00,Chennai,39.8,61,4.9,1009.7,0.0,8,61,32.2,Hot,May,5,Tuesday
2025-05-20,14:00,Hyderabad,36.1,53,9.6,1008.1,0.0,7,55,32.2,Hot,May,5,Tuesday
2025-05-20,15:00,Mumbai,37.4,59,11.4,1006.7,0.0,5,89,32.2,Hot,May,5,Tuesday
2025-05-20,16:00,Delhi,29.6,44,5.6,1015.9,0.0,4,158,32.2,Warm,May,5,Tuesday
2025-05-20,17:00,Bangalore,33.0,55,10.4,1011.1,0.0,1,85,32.2,Warm,May,5,Tuesday
2025-05-20,18:00,Chennai,33.4,66,12.3,1011.6,0.0,0,95,32.2,Warm,May,5,Tuesday
2025-05-20,19:00,Hyderabad,32.6,49,5.8,1015.6,0.0,0,89,32.2,Warm,May,5,Tuesday
2025-05-20,20:00,Mumbai,32.2,69,10.4,1010.1,0.0,0,128,32.2,Warm,May,5,Tuesday
2025-05-20,21:00,Delhi,26.8,49,16.0,1015.4,0.0,0,134,32.2,Warm,May,5,Tuesday
2025-05-20,22:00,Bangalore,23.2,65,11.9,1014.5,0.0,0,96,32.2,Mild,May,5,Tuesday
2025-05-20,23:00,Chennai,26.8,72,5.1,1018.6,0.0,0,51,32.2,Warm,May,5,Tuesday
2025-05-21,00:00,Hyderabad,31.3,55,9.7,1014.6,0.0,0,62,32.3,Warm,May,5,Wednesday
2025-05-21,01:00,Mumbai,29.4,73,5.9,1015.9,0.0,0,86,32.3,Warm,May,5,Wednesday
2025-05-21,02:00,Delhi,28.4,55,5.9,1009.6,0.0,0,119,32.3,Warm,May,5,Wednesday
2025-05-21,03:00,Bangalore,26.5,63,6.0,1017.8,0.0,0,68,32.3,Warm,May,5,Wednesday
2025-05-21,04:00,Chennai,29.8,64,5.7,1009.4,0.0,0,76,32.3,Warm,May,5,Wednesday
2025-05-21,05:00,Hyderabad,36.1,58,11.2,1011.1,0.0,0,75,32.3,Hot,May,5,Wednesday
2025-05-21,06:00,Mumbai,34.9,59,3.4,1008.9,11.7,0,99,32.3,Warm,May,5,Wednesday
2025-05-21,07:00,Delhi,31.4,47,7.9,1014.4,0.0,1,134,32.3,Warm,May,5,Wednesday
2025-05-21,08:00,Bangalore,30.7,57,11.1,1011.2,0.0,4,72,32.3,Warm,May,5,Wednesday
2025-05-21,09:00,Chennai,37.1,64,4.2,1017.1,0.0,6,98,32.3,Hot,May,5,Wednesday
2025-05-21,10:00,Hyderabad,38.5,51,3.6,1004.8,0.0,8,107,32.3,Hot,May,5,Wednesday
2025-05-21,11:00,Mumbai,38.3,67,3.4,1011.1,0.0,8,78,32.3,Hot,May,5,Wednesday
2025-05-21,12:00,Delhi,35.5,46,7.3,1011.6,0.0,11,139,32.3,Hot,May,5,Wednesday
2025-05-21,13:00,Bangalore,34.6,59,2.8,1002.9,0.0,9,62,32.3,Warm,May,5,Wednesday
2025-05-21,14:00,Chennai,40.0,70,2.7,1004.1,0.0,7,67,32.3,Hot,May,5,Wednesday
2025-05-21,15:00,Hyderabad,35.6,56,12.7,1015.5,0.0,5,81,32.3,Hot,May,5,Wednesday
2025-05-21,16:00,Mumbai,34.9,50,1.7,1015.3,24.9,3,63,32.3,Warm,May,5,Wednesday
2025-05-21,17:00,Delhi,29.7,54,9.4,1012.3,0.0,2,178,32.3,Warm,May,5,Wednesday
2025-05-21,18:00,Bangalore,29.1,60,7.3,1012.8,0.0,0,92,32.3,Warm,May,5,Wednesday
2025-05-21,19:00,Chennai,30.8,68,5.5,1014.1,0.0,0,109,32.3,Warm,May,5,Wednesday
2025-05-21,20:00,Hyderabad,33.3,49,6.2,1010.4,0.0,0,87,32.3,Warm,May,5,Wednesday
2025-05-21,21:00,Mumbai,29.3,71,9.2,1015.1,0.0,0,99,32.3,Warm,May,5,Wednesday
2025-05-21,22:00,Delhi,25.9,44,9.7,1015.4,0.0,0,145,32.3,Warm,May,5,Wednesday
2025-05-21,23:00,Bangalore,24.5,62,5.4,1017.0,0.0,0,68,32.3,Mild,May,5,Wednesday
2025-05-22,00:00,Chennai,31.3,67,5.2,1015.0,0.0,0,68,32.9,Warm,May,5,Thursday
2025-05-22,01:00,Hyderabad,29.9,60,9.0,1014.6,0.0,0,62,32.9,Warm,May,5,Thursday
2025-05-22,02:00,Mumbai,32.4,69,5.7,1014.3,0.0,0,92,32.9,Warm,May,5,Thursday
2025-05-22,03:00,Delhi,28.5,37,4.4,1020.7,0.0,0,147,32.9,Warm,May,5,Thursday
2025-05-22,04:00,Bangalore,28.4,60,6.0,1020.8,0.0,0,52,32.9,Warm,May,5,Thursday
2025-05-22,05:00,Chennai,35.3,62,4.7,1010.4,0.0,0,82,32.9,Hot,May,5,Thursday
2025-05-22,06:00,Hyderabad,36.0,55,8.0,1011.3,0.0,0,72,32.9,Hot,May,5,Thursday
2025-05-22,07:00,Mumbai,37.4,63,6.7,1009.8,0.0,1,93,32.9,Hot,May,5,Thursday
2025-05-22,08:00,Delhi,34.3,40,13.2,1008.2,0.0,4,163,32.9,Warm,May,5,Thursday
2025-05-22,09:00,Bangalore,34.1,57,7.7,1014.4,0.0,5,67,32.9,Warm,May,5,Thursday
2025-05-22,10:00,Chennai,39.1,63,9.1,1008.5,0.0,6,107,32.9,Hot,May,5,Thursday
2025-05-22,11:00,Hyderabad,41.1,33,6.3,1011.4,0.0,9,83,32.9,Hot,May,5,Thursday
2025-05-22,12:00,Mumbai,38.9,63,11.4,1006.7,0.0,12,111,32.9,Hot,May,5,Thursday
2025-05-22,13:00,Delhi,34.8,46,9.6,1015.9,0.0,9,145,32.9,Warm,May,5,Thursday
2025-05-22,14:00,Bangalore,33.9,54,10.9,1015.9,0.0,8,88,32.9,Warm,May,5,Thursday
2025-05-22,15:00,Chennai,36.8,65,4.1,1011.2,0.0,6,82,32.9,Hot,May,5,Thursday
2025-05-22,16:00,Hyderabad,36.2,50,7.5,1013.0,0.0,3,92,32.9,Hot,May,5,Thursday
2025-05-22,17:00,Mumbai,33.3,63,11.7,1018.2,8.2,1,108,32.9,Warm,May,5,Thursday
2025-05-22,18:00,Delhi,28.2,46,6.7,1013.7,0.0,0,175,32.9,Warm,May,5,Thursday
2025-05-22,19:00,Bangalore,27.1,62,12.9,1013.3,0.0,0,79,32.9,Warm,May,5,Thursday
2025-05-22,20:00,Chennai,28.1,75,9.4,1018.3,0.0,0,94,32.9,Warm,May,5,Thursday
2025-05-22,21:00,Hyderabad,31.5,68,10.1,1013.5,0.0,0,112,32.9,Warm,May,5,Thursday
2025-05-22,22:00,Mumbai,28.7,69,4.9,1016.4,0.0,0,81,32.9,Warm,May,5,Thursday
2025-05-22,23:00,Delhi,23.5,52,8.3,1015.1,0.0,0,140,32.9,Mild,May,5,Thursday
2025-05-23,00:00,Bangalore,24.6,66,8.3,1016.5,0.0,0,41,32.7,Mild,May,5,Friday
2025-05-23,01:00,Chennai,32.8,66,6.3,1011.9,0.0,0,65,32.7,Warm,May,5,Friday
2025-05-23,02:00,Hyderabad,30.7,56,9.8,1014.6,0.0,0,73,32.7,Warm,May,5,Friday
2025-05-23,03:00,Mumbai,33.9,62,6.0,1014.2,0.0,0,90,32.7,Warm,May,5,Friday
2025-05-23,04:00,Delhi,27.9,48,7.9,1008.8,0.0,0,142,32.7,Warm,May,5,Friday
2025-05-23,05:00,Bangalore,30.6,52,9.3,1008.6,0.0,0,47,32.7,Warm,May,5,Friday
2025-05-23,06:00,Chennai,34.6,58,6.7,1010.3,0.0,0,87,32.7,Warm,May,5,Friday
2025-05-23,07:00,Hyderabad,38.0,44,9.3,1013.3,0.0,1,87,32.7,Hot,May,5,Friday
2025-05-23,08:00,Mumbai,38.0,60,8.3,1007.6,0.0,4,81,32.7,Hot,May,5,Friday
2025-05-23,09:00,Delhi,32.6,42,5.8,1013.5,0.0,5,153,32.7,Warm,May,5,Friday
2025-05-23,10:00,Bangalore,34.1,66,7.4,1010.1,0.0,8,51,32.7,Warm,May,5,Friday
2025-05-23,11:00,Chennai,40.6,57,7.2,1005.5,0.0,9,68,32.7,Hot,May,5,Friday
2025-05-23,12:00,Hyderabad,39.7,42,8.5,1003.9,0.0,12,67,32.7,Hot,May,5,Friday
2025-05-23,13:00,Mumbai,38.7,65,12.3,1007.7,0.0,10,86,32.7,Hot,May,5,Friday
2025-05-23,14:00,Delhi,35.2,44,9.8,1014.2,0.0,8,138,32.7,Hot,May,5,Friday
2025-05-23,15:00,Bangalore,31.7,52,8.4,1014.8,0.0,5,79,32.7,Warm,May,5,Friday
2025-05-23,16:00,Chennai,34.0,64,7.7,1011.2,0.0,3,84,32.7,Warm,May,5,Friday
2025-05-23,17:00,Hyderabad,34.8,56,5.3,1008.4,0.0,2,73,32.7,Warm,May,5,Friday
2025-05-23,18:00,Mumbai,33.1,68,10.9,1008.6,0.0,0,120,32.7,Warm,May,5,Friday
2025-05-23,19:00,Delhi,26.8,47,7.3,1014.1,20.2,0,153,32.7,Warm,May,5,Friday
2025-05-23,20:00,Bangalore,26.0,60,8.3,1014.3,0.0,0,79,32.7,Warm,May,5,Friday
2025-05-23,21:00,Chennai,28.4,68,4.2,1013.9,0.0,0,68,32.7,Warm,May,5,Friday
2025-05-23,22:00,Hyderabad,30.2,54,4.1,1019.1,0.0,0,102,32.7,Warm,May,5,Friday
2025-05-23,23:00,Mumbai,28.0,73,8.6,1008.4,0.0,0,96,32.7,Warm,May,5,Friday
2025-05-24,00:00,Delhi,27.5,51,3.8,1018.0,0.0,0,149,32.2,Warm,May,5,Saturday
2025-05-24,01:00,Bangalore,24.6,59,2.5,1018.4,0.0,0,70,32.2,Mild,May,5,Saturday
2025-05-24,02:00,Chennai,31.3,75,5.5,1007.2,9.9,0,61,32.2,Warm,May,5,Saturday
2025-05-24,03:00,Hyderabad,31.3,51,3.2,1004.4,0.0,0,68,32.2,Warm,May,5,Saturday
2025-05-24,04:00,Mumbai,30.7,66,9.7,1008.7,0.0,0,94,32.2,Warm,May,5,Saturday
2025-05-24,05:00,Delhi,29.6,40,9.6,1011.7,0.0,0,147,32.2,Warm,May,5,Saturday
2025-05-24,06:00,Bangalore,30.4,61,7.6,1009.8,10.1,0,61,32.2,Warm,May,5,Saturday
2025-05-24,07:00,Chennai,34.9,63,11.9,1011.6,0.0,1,73,32.2,Warm,May,5,Saturday
2025-05-24,08:00,Hyderabad,40.1,39,8.7,1012.2,0.0,3,89,32.2,Hot,May,5,Saturday
2025-05-24,09:00,Mumbai,36.5,66,8.5,1006.1,0.0,5,100,32.2,Hot,May,5,Saturday
2025-05-24,10:00,Delhi,31.5,47,5.4,1012.8,0.0,8,159,32.2,Warm,May,5,Saturday
2025-05-24,11:00,Bangalore,34.2,60,8.2,1009.5,0.0,9,65,32.2,Warm,May,5,Saturday
2025-05-24,12:00,Chennai,38.7,57,13.9,1013.9,0.0,12,52,32.2,Hot,May,5,Saturday
2025-05-24,13:00,Hyderabad,38.5,55,2.5,1007.3,0.0,10,103,32.2,Hot,May,5,Saturday
2025-05-24,14:00,Mumbai,36.7,61,6.6,1015.6,0.0,8,88,32.2,Hot,May,5,Saturday
2025-05-24,15:00,Delhi,36.0,44,7.0,1011.1,0.0,6,148,32.2,Hot,May,5,Saturday
2025-05-24,16:00,Bangalore,31.2,64,9.3,1014.0,0.0,3,69,32.2,Warm,May,5,Saturday
2025-05-24,17:00,Chennai,34.1,69,6.6,1016.4,0.0,2,88,32.2,Warm,May,5,Saturday
2025-05-24,18:00,Hyderabad,33.4,48,8.1,1015.1,0.0,0,86,32.2,Warm,May,5,Saturday
2025-05-24,19:00,Mumbai,34.1,69,8.2,1015.5,24.3,0,95,32.2,Warm,May,5,Saturday
2025-05-24,20:00,Delhi,24.1,48,9.1,1015.5,0.0,0,142,32.2,Mild,May,5,Saturday
2025-05-24,21:00,Bangalore,24.4,63,9.6,1010.1,0.0,0,66,32.2,Mild,May,5,Saturday
2025-05-24,22:00,Chennai,26.4,62,4.5,1014.6,0.0,0,71,32.2,Warm,May,5,Saturday
2025-05-24,23:00,Hyderabad,31.9,50,6.6,1012.7,0.0,0,75,32.2,Warm,May,5,Saturday
2025-05-25,00:00,Mumbai,27.0,72,14.7,1019.5,0.0,0,81,32.7,Warm,May,5,Sunday
2025-05-25,01:00,Delhi,25.5,48,9.7,1010.8,0.0,0,170,32.7,Warm,May,5,Sunday
2025-05-25,02:00,Bangalore,26.1,74,8.2,1015.1,0.0,0,48,32.7,Warm,May,5,Sunday
2025-05-25,03:00,Chennai,32.8,61,10.0,1012.1,0.0,0,86,32.7,Warm,May,5,Sunday
2025-05-25,04:00,Hyderabad,33.0,60,5.4,1012.2,0.0,0,87,32.7,Warm,May,5,Sunday
2025-05-25,05:00,Mumbai,35.0,56,8.5,1014.6,0.0,0,84,32.7,Hot,May,5,Sunday
2025-05-25,06:00,Delhi,31.4,40,1.5,1011.5,0.0,0,141,32.7,Warm,May,5,Sunday
2025-05-25,07:00,Bangalore,33.9,56,8.7,1011.7,0.0,2,63,32.7,Warm,May,5,Sunday
2025-05-25,08:00,Chennai,37.0,67,14.2,1008.4,0.0,3,100,32.7,Hot,May,5,Sunday
2025-05-25,09:00,Hyderabad,41.9,39,9.7,1013.3,0.0,6,105,32.7,Hot,May,5,Sunday
2025-05-25,10:00,Mumbai,38.8,58,6.4,1012.1,0.0,7,107,32.7,Hot,May,5,Sunday
2025-05-25,11:00,Delhi,38.0,43,6.6,1008.6,0.0,10,150,32.7,Hot,May,5,Sunday
2025-05-25,12:00,Bangalore,30.5,58,6.3,1013.8,0.0,11,52,32.7,Warm,May,5,Sunday
2025-05-25,13:00,Chennai,39.8,50,12.3,1010.2,0.0,9,83,32.7,Hot,May,5,Sunday
2025-05-25,14:00,Hyderabad,36.8,36,8.5,1009.7,0.0,8,90,32.7,Hot,May,5,Sunday
2025-05-25,15:00,Mumbai,37.3,69,10.1,1012.6,0.0,6,97,32.7,Hot,May,5,Sunday
2025-05-25,16:00,Delhi,30.8,43,5.7,1011.9,0.0,2,154,32.7,Warm,May,5,Sunday
2025-05-25,17:00,Bangalore,28.0,60,4.8,1011.1,0.0,1,83,32.7,Warm,May,5,Sunday
2025-05-25,18:00,Chennai,33.1,61,6.8,1011.2,0.0,0,71,32.7,Warm,May,5,Sunday
2025-05-25,19:00,Hyderabad,34.2,49,13.8,1012.8,0.0,0,105,32.7,Warm,May,5,Sunday
2025-05-25,20:00,Mumbai,34.0,77,5.6,1014.0,0.0,0,119,32.7,Warm,May,5,Sunday
2025-05-25,21:00,Delhi,26.2,47,10.2,1013.1,0.0,0,160,32.7,Warm,May,5,Sunday
2025-05-25,22:00,Bangalore,24.0,50,8.6,1012.1,0.0,0,57,32.7,Mild,May,5,Sunday
2025-05-25,23:00,Chennai,30.7,71,8.4,1012.3,0.0,0,56,32.7,Warm,May,5,Sunday
2025-05-26,00:00,Hyderabad,28.3,55,5.4,1012.2,0.0,0,95,32.8,Warm,May,5,Monday
2025-05-26,01:00,Mumbai,31.4,74,8.1,1011.2,0.0,0,86,32.8,Warm,May,5,Monday
2025-05-26,02:00,Delhi,28.8,47,5.6,1014.5,0.0,0,145,32.8,Warm,May,5,Monday
2025-05-26,03:00,Bangalore,28.5,64,4.1,1012.0,5.6,0,46,32.8,Warm,May,5,Monday
2025-05-26,04:00,Chennai,36.7,55,6.3,1020.7,0.0,0,81,32.8,Hot,May,5,Monday
2025-05-26,05:00,Hyderabad,34.8,49,9.3,1013.2,0.0,0,77,32.8,Warm,May,5,Monday
2025-05-26,06:00,Mumbai,32.9,67,14.7,1012.4,0.0,0,111,32.8,Warm,May,5,Monday
2025-05-26,07:00,Delhi,33.2,30,5.6,1016.6,0.0,1,142,32.8,Warm,May,5,Monday
2025-05-26,08:00,Bangalore,35.4,51,7.3,1007.0,0.0,3,69,32.8,Hot,May,5,Monday
2025-05-26,09:00,Chennai,37.8,56,4.5,1009.6,0.0,6,88,32.8,Hot,May,5,Monday
2025-05-26,10:00,Hyderabad,40.2,48,8.4,1008.3,0.0,8,95,32.8,Hot,May,5,Monday
2025-05-26,11:00,Mumbai,37.5,65,7.2,1009.4,0.0,10,93,32.8,Hot,May,5,Monday
2025-05-26,12:00,Delhi,37.5,45,9.7,1009.2,0.0,11,159,32.8,Hot,May,5,Monday
2025-05-26,13:00,Bangalore,33.9,51,8.4,1008.6,0.0,9,62,32.8,Warm,May,5,Monday
2025-05-26,14:00,Chennai,39.2,61,4.5,1012.5,0.0,7,84,32.8,Hot,May,5,Monday
2025-05-26,15:00,Hyderabad,38.0,51,12.5,1012.1,0.0,5,83,32.8,Hot,May,5,Monday
2025-05-26,16:00,Mumbai,35.2,72,10.3,1009.7,0.0,4,101,32.8,Hot,May,5,Monday
2025-05-26,17:00,Delhi,29.9,49,10.3,1012.1,0.0,2,175,32.8,Warm,May,5,Monday
2025-05-26,18:00,Bangalore,27.5,65,4.7,1012.5,0.0,0,71,32.8,Warm,May,5,Monday
2025-05-26,19:00,Chennai,32.3,66,5.9,1015.6,0.0,0,106,32.8,Warm,May,5,Monday
2025-05-26,20:00,Hyderabad,31.7,56,8.2,1013.7,0.0,0,100,32.8,Warm,May,5,Monday
2025-05-26,21:00,Mumbai,29.2,69,8.6,1018.8,0.0,0,92,32.8,Warm,May,5,Monday
2025-05-26,22:00,Delhi,23.1,57,6.5,1011.3,0.0,0,158,32.8,Mild,May,5,Monday
2025-05-26,23:00,Bangalore,25.2,65,9.4,1016.2,0.0,0,72,32.8,Warm,May,5,Monday
2025-05-27,00:00,Chennai,27.2,68,10.3,1012.3,0.0,0,80,33.0,Warm,May,5,Tuesday
2025-05-27,01:00,Hyderabad,32.5,48,5.9,1012.5,0.0,0,79,33.0,Warm,May,5,Tuesday
2025-05-27,02:00,Mumbai,31.4,72,10.0,1013.0,0.0,0,77,33.0,Warm,May,5,Tuesday
2025-05-27,03:00,Delhi,27.1,44,12.9,1014.0,0.0,0,148,33.0,Warm,May,5,Tuesday
2025-05-27,04:00,Bangalore,26.2,66,11.7,1015.3,0.0,0,68,33.0,Warm,May,5,Tuesday
2025-05-27,05:00,Chennai,36.5,57,8.2,1010.9,0.0,0,74,33.0,Hot,May,5,Tuesday
2025-05-27,06:00,Hyderabad,37.6,54,7.3,1011.9,0.0,0,70,33.0,Hot,May,5,Tuesday
2025-05-27,07:00,Mumbai,36.2,61,4.4,1011.3,0.0,2,88,33.0,Hot,May,5,Tuesday
2025-05-27,08:00,Delhi,33.7,35,3.4,1007.4,0.0,3,185,33.0,Warm,May,5,Tuesday
2025-05-27,09:00,Bangalore,33.2,43,9.4,1013.7,0.0,5,69,33.0,Warm,May,5,Tuesday
2025-05-27,10:00,Chennai,40.9,56,10.4,1011.0,0.0,7,67,33.0,Hot,May,5,Tuesday
2025-05-27,11:00,Hyderabad,38.0,51,9.8,1012.3,0.0,10,95,33.0,Hot,May,5,Tuesday
2025-05-27,12:00,Mumbai,41.7,54,4.1,1002.4,0.0,11,96,33.0,Hot,May,5,Tuesday
2025-05-27,13:00,Delhi,35.7,41,1.7,1012.5,0.0,10,164,33.0,Hot,May,5,Tuesday
2025-05-27,14:00,Bangalore,33.4,59,7.2,1009.5,0.0,7,67,33.0,Warm,May,5,Tuesday
2025-05-27,15:00,Chennai,36.9,60,8.8,1011.8,0.0,5,77,33.0,Hot,May,5,Tuesday
2025-05-27,16:00,Hyderabad,37.1,48,5.6,1008.4,0.0,3,85,33.0,Hot,May,5,Tuesday
2025-05-27,17:00,Mumbai,34.5,71,4.1,1010.7,0.0,2,121,33.0,Warm,May,5,Tuesday
2025-05-27,18:00,Delhi,28.0,46,4.9,1013.4,0.0,0,169,33.0,Warm,May,5,Tuesday
2025-05-27,19:00,Bangalore,27.7,65,8.7,1013.8,0.0,0,69,33.0,Warm,May,5,Tuesday
2025-05-27,20:00,Chennai,31.3,72,5.9,1006.2,0.0,0,83,33.0,Warm,May,5,Tuesday
2025-05-27,21:00,Hyderabad,31.3,61,8.6,1014.9,0.0,0,72,33.0,Warm,May,5,Tuesday
2025-05-27,22:00,Mumbai,27.7,66,10.8,1016.1,0.0,0,99,33.0,Warm,May,5,Tuesday
2025-05-27,23:00,Delhi,25.3,46,6.9,1012.7,0.0,0,136,33.0,Warm,May,5,Tuesday
2025-05-28,00:00,Bangalore,25.7,66,6.2,1015.2,0.0,0,79,33.4,Warm,May,5,Wednesday
2025-05-28,01:00,Chennai,31.2,69,11.8,1008.6,0.0,0,81,33.4,Warm,May,5,Wednesday
2025-05-28,02:00,Hyderabad,33.3,50,11.1,1016.1,0.0,0,61,33.4,Warm,May,5,Wednesday
2025-05-28,03:00,Mumbai,29.7,76,0.0,1013.8,0.0,0,72,33.4,Warm,May,5,Wednesday
2025-05-28,04:00,Delhi,32.4,47,6.1,1014.5,0.0,0,134,33.4,Warm,May,5,Wednesday
2025-05-28,05:00,Bangalore,29.5,53,10.3,1012.8,0.0,0,61,33.4,Warm,May,5,Wednesday
2025-05-28,06:00,Chennai,37.3,66,12.7,1006.7,0.0,0,87,33.4,Hot,May,5,Wednesday
2025-05-28,07:00,Hyderabad,38.2,48,8.2,1009.2,0.0,2,73,33.4,Hot,May,5,Wednesday
2025-05-28,08:00,Mumbai,39.2,61,9.3,1010.7,0.0,3,114,33.4,Hot,May,5,Wednesday
2025-05-28,09:00,Delhi,36.0,35,9.7,1009.4,0.0,5,177,33.4,Hot,May,5,Wednesday
2025-05-28,10:00,Bangalore,34.6,56,5.7,1015.9,0.0,7,70,33.4,Warm,May,5,Wednesday
2025-05-28,11:00,Chennai,38.9,65,4.8,1011.9,0.0,9,71,33.4,Hot,May,5,Wednesday
2025-05-28,12:00,Hyderabad,42.0,36,6.2,1013.7,0.0,11,106,33.4,Hot,May,5,Wednesday
2025-05-28,13:00,Mumbai,38.5,71,7.2,1004.5,0.0,10,96,33.4,Hot,May,5,Wednesday
2025-05-28,14:00,Delhi,33.1,39,5.2,1013.3,0.0,8,160,33.4,Warm,May,5,Wednesday
2025-05-28,15:00,Bangalore,32.9,52,1.4,1013.8,0.0,5,46,33.4,Warm,May,5,Wednesday
2025-05-28,16:00,Chennai,36.6,63,8.8,1006.8,0.0,3,72,33.4,Hot,May,5,Wednesday
2025-05-28,17:00,Hyderabad,34.1,45,10.8,1013.8,0.0,1,83,33.4,Warm,May,5,Wednesday
2025-05-28,18:00,Mumbai,30.2,71,2.7,1012.7,0.0,0,118,33.4,Warm,May,5,Wednesday
2025-05-28,19:00,Delhi,30.1,50,12.5,1016.4,0.0,0,143,33.4,Warm,May,5,Wednesday
2025-05-28,20:00,Bangalore,24.2,63,7.7,1017.7,0.0,0,94,33.4,Mild,May,5,Wednesday
2025-05-28,21:00,Chennai,29.8,70,12.8,1010.2,0.0,0,81,33.4,Warm,May,5,Wednesday
2025-05-28,22:00,Hyderabad,33.3,53,12.1,1019.2,0.0,0,64,33.4,Warm,May,5,Wednesday
2025-05-28,23:00,Mumbai,30.4,64,4.5,1008.6,0.0,0,105,33.4,Warm,May,5,Wednesday
2025-05-29,00:00,Delhi,25.7,59,12.7,1010.4,0.0,0,184,32.5,Warm,May,5,Thursday
2025-05-29,01:00,Bangalore,25.9,66,6.8,1014.0,0.0,0,61,32.5,Warm,May,5,Thursday
2025-05-29,02:00,Chennai,32.3,71,8.1,1011.0,0.0,0,75,32.5,Warm,May,5,Thursday
2025-05-29,03:00,Hyderabad,33.5,46,2.8,1013.4,0.0,0,80,32.5,Warm,May,5,Thursday
2025-05-29,04:00,Mumbai,31.4,72,8.9,1009.0,0.0,0,88,32.5,Warm,May,5,Thursday
2025-05-29,05:00,Delhi,30.1,47,6.5,1009.4,0.0,0,147,32.5,Warm,May,5,Thursday
2025-05-29,06:00,Bangalore,30.8,58,8.0,1013.9,0.0,0,69,32.5,Warm,May,5,Thursday
2025-05-29,07:00,Chennai,34.4,70,5.6,1015.5,0.0,2,90,32.5,Warm,May,5,Thursday
2025-05-29,08:00,Hyderabad,40.5,50,8.5,1012.4,0.0,3,94,32.5,Hot,May,5,Thursday
2025-05-29,09:00,Mumbai,38.2,62,11.2,1008.8,0.0,5,110,32.5,Hot,May,5,Thursday
2025-05-29,10:00,Delhi,36.3,35,7.9,1012.4,0.0,8,170,32.5,Hot,May,5,Thursday
2025-05-29,11:00,Bangalore,35.1,48,4.6,1013.8,0.0,9,58,32.5,Hot,May,5,Thursday
2025-05-29,12:00,Chennai,38.9,55,10.8,1012.6,0.0,12,73,32.5,Hot,May,5,Thursday
2025-05-29,13:00,Hyderabad,39.3,48,2.9,1007.8,0.0,9,95,32.5,Hot,May,5,Thursday
2025-05-29,14:00,Mumbai,35.4,64,8.6,1012.3,0.0,7,66,32.5,Hot,May,5,Thursday
2025-05-29,15:00,Delhi,31.0,56,8.5,1014.6,0.0,5,146,32.5,Warm,May,5,Thursday
2025-05-29,16:00,Bangalore,29.4,63,9.7,1015.5,0.0,3,74,32.5,Warm,May,5,Thursday
2025-05-29,17:00,Chennai,33.1,58,5.6,1011.9,0.0,1,85,32.5,Warm,May,5,Thursday
2025-05-29,18:00,Hyderabad,36.2,45,7.5,1011.9,0.0,0,92,32.5,Hot,May,5,Thursday
2025-05-29,19:00,Mumbai,29.9,72,6.4,1011.8,0.0,0,105,32.5,Warm,May,5,Thursday
2025-05-29,20:00,Delhi,26.9,48,5.3,1017.0,0.0,0,183,32.5,Warm,May,5,Thursday
2025-05-29,21:00,Bangalore,25.3,58,4.0,1012.8,0.0,0,75,32.5,Warm,May,5,Thursday
2025-05-29,22:00,Chennai,30.3,67,6.9,1010.3,0.0,0,97,32.5,Warm,May,5,Thursday
2025-05-29,23:00,Hyderabad,30.3,57,8.4,1018.3,0.0,0,89,32.5,Warm,May,5,Thursday
2025-05-30,00:00,Mumbai,32.4,61,7.2,1006.1,0.0,0,94,33.0,Warm,May,5,Friday
2025-05-30,01:00,Delhi,24.6,42,9.0,1020.5,0.0,0,170,33.0,Mild,May,5,Friday
2025-05-30,02:00,Bangalore,25.2,52,9.3,1015.9,0.0,0,63,33.0,Warm,May,5,Friday
2025-05-30,03:00,Chennai,31.3,66,11.4,1016.1,0.0,0,82,33.0,Warm,May,5,Friday
2025-05-30,04:00,Hyderabad,33.8,52,7.0,1010.7,0.0,0,81,33.0,Warm,May,5,Friday
2025-05-30,05:00,Mumbai,35.2,58,7.6,1013.4,0.0,0,64,33.0,Hot,May,5,Friday
2025-05-30,06:00,Delhi,32.1,47,7.4,1009.2,0.0,0,137,33.0,Warm,May,5,Friday
2025-05-30,07:00,Bangalore,32.7,58,2.3,1013.6,0.0,0,58,33.0,Warm,May,5,Friday
2025-05-30,08:00,Chennai,36.4,58,8.5,1010.3,0.0,3,79,33.0,Hot,May,5,Friday
2025-05-30,09:00,Hyderabad,40.9,44,11.9,1009.2,0.0,5,102,33.0,Hot,May,5,Friday
2025-05-30,10:00,Mumbai,41.4,67,8.4,1008.4,0.0,8,103,33.0,Hot,May,5,Friday
2025-05-30,11:00,Delhi,36.4,36,4.0,1007.6,0.0,10,157,33.0,Hot,May,5,Friday
2025-05-30,12:00,Bangalore,34.2,60,4.6,1011.9,0.0,11,67,33.0,Warm,May,5,Friday
2025-05-30,13:00,Chennai,39.0,58,4.8,1010.3,0.0,10,57,33.0,Hot,May,5,Friday
2025-05-30,14:00,Hyderabad,39.2,55,12.3,1007.9,0.0,8,97,33.0,Hot,May,5,Friday
2025-05-30,15:00,Mumbai,37.6,68,6.3,1011.5,0.0,5,72,33.0,Hot,May,5,Friday
2025-05-30,16:00,Delhi,31.0,39,2.9,1016.1,0.0,3,157,33.0,Warm,May,5,Friday
2025-05-30,17:00,Bangalore,29.1,58,11.2,1012.6,0.0,1,75,33.0,Warm,May,5,Friday
2025-05-30,18:00,Chennai,32.9,60,6.5,1014.1,0.0,0,101,33.0,Warm,May,5,Friday
2025-05-30,19:00,Hyderabad,32.0,47,10.2,1015.1,0.0,0,80,33.0,Warm,May,5,Friday
2025-05-30,20:00,Mumbai,32.3,76,16.2,1017.6,0.0,0,116,33.0,Warm,May,5,Friday
2025-05-30,21:00,Delhi,28.0,44,8.8,1011.0,0.0,0,148,33.0,Warm,May,5,Friday
2025-05-30,22:00,Bangalore,24.5,74,15.3,1009.5,0.0,0,65,33.0,Mild,May,5,Friday
2025-05-30,23:00,Chennai,29.7,71,3.7,1012.7,9.8,0,57,33.0,Warm,May,5,Friday
2025-05-31,00:00,Hyderabad,32.0,54,7.9,1007.1,0.0,0,66,33.2,Warm,May,5,Saturday
2025-05-31,01:00,Mumbai,28.8,69,9.7,1017.2,0.0,0,109,33.2,Warm,May,5,Saturday
2025-05-31,02:00,Delhi,25.7,41,11.4,1011.1,0.0,0,152,33.2,Warm,May,5,Saturday
2025-05-31,03:00,Bangalore,30.3,65,2.6,1009.4,0.0,0,77,33.2,Warm,May,5,Saturday
2025-05-31,04:00,Chennai,33.4,66,8.9,1011.4,0.0,0,96,33.2,Warm,May,5,Saturday
2025-05-31,05:00,Hyderabad,36.5,48,7.4,1009.7,23.5,0,82,33.2,Hot,May,5,Saturday
2025-05-31,06:00,Mumbai,36.6,59,11.5,1012.0,0.0,0,108,33.2,Hot,May,5,Saturday
2025-05-31,07:00,Delhi,32.9,47,11.0,1009.4,0.0,1,134,33.2,Warm,May,5,Saturday
2025-05-31,08:00,Bangalore,33.6,68,6.8,1007.8,0.0,4,90,33.2,Warm,May,5,Saturday
2025-05-31,09:00,Chennai,37.5,65,5.8,1007.9,0.0,6,95,33.2,Hot,May,5,Saturday
2025-05-31,10:00,Hyderabad,39.3,43,3.0,1017.2,0.0,7,107,33.2,Hot,May,5,Saturday
2025-05-31,11:00,Mumbai,38.8,59,7.7,1010.4,0.0,9,85,33.2,Hot,May,5,Saturday
2025-05-31,12:00,Delhi,38.0,23,10.7,1011.2,0.0,12,170,33.2,Hot,May,5,Saturday
2025-05-31,13:00,Bangalore,34.1,66,1.7,1014.6,0.0,9,58,33.2,Warm,May,5,Saturday
2025-05-31,14:00,Chennai,39.4,65,13.0,1009.8,0.0,7,79,33.2,Hot,May,5,Saturday
2025-05-31,15:00,Hyderabad,40.6,46,7.6,1010.4,0.0,5,87,33.2,Hot,May,5,Saturday
2025-05-31,16:00,Mumbai,32.4,69,4.6,1012.1,0.0,4,100,33.2,Warm,May,5,Saturday
2025-05-31,17:00,Delhi,31.0,40,10.9,1011.3,0.0,1,155,33.2,Warm,May,5,Saturday
2025-05-31,18:00,Bangalore,30.2,63,11.8,1009.3,0.0,0,76,33.2,Warm,May,5,Saturday
2025-05-31,19:00,Chennai,33.0,70,4.7,1013.5,0.0,0,108,33.2,Warm,May,5,Saturday
2025-05-31,20:00,Hyderabad,32.3,55,12.1,1014.9,0.0,0,101,33.2,Warm,May,5,Saturday
2025-05-31,21:00,Mumbai,30.7,74,5.1,1009.3,0.0,0,90,33.2,Warm,May,5,Saturday
2025-05-31,22:00,Delhi,25.8,46,11.8,1015.7,0.0,0,135,33.2,Warm,May,5,Saturday
2025-05-31,23:00,Bangalore,23.7,71,6.3,1015.1,0.0,0,53,33.2,Mild,May,5,Saturday
2025-06-01,00:00,Chennai,28.8,87,17.6,1014.8,0.0,0,64,33.2,Warm,June,6,Sunday
2025-06-01,01:00,Hyderabad,30.1,74,20.0,1009.9,0.0,0,49,33.2,Warm,June,6,Sunday
2025-06-01,02:00,Mumbai,33.1,96,18.6,1009.4,0.0,0,73,33.2,Warm,June,6,Sunday
2025-06-01,03:00,Delhi,24.8,63,18.8,1020.3,0.0,0,132,33.2,Mild,June,6,Sunday
2025-06-01,04:00,Bangalore,27.3,87,16.0,1015.1,0.0,0,42,33.2,Warm,June,6,Sunday
2025-06-01,05:00,Chennai,34.3,84,16.0,1009.7,18.0,0,53,33.2,Warm,June,6,Sunday
2025-06-01,06:00,Hyderabad,38.1,67,12.2,1014.2,0.0,0,47,33.2,Hot,June,6,Sunday
2025-06-01,07:00,Mumbai,38.0,87,14.7,1012.2,3.2,1,64,33.2,Hot,June,6,Sunday
2025-06-01,08:00,Delhi,33.4,61,13.2,1006.3,7.0,2,111,33.2,Warm,June,6,Sunday
2025-06-01,09:00,Bangalore,32.3,72,16.5,1006.8,21.3,4,48,33.2,Warm,June,6,Sunday
2025-06-01,10:00,Chennai,40.1,84,16.6,1005.3,23.8,5,63,33.2,Hot,June,6,Sunday
2025-06-01,11:00,Hyderabad,40.4,69,15.8,1011.3,0.0,6,66,33.2,Hot,June,6,Sunday
2025-06-01,12:00,Mumbai,40.8,77,12.7,1004.5,0.0,7,83,33.2,Hot,June,6,Sunday
2025-06-01,13:00,Delhi,34.9,56,19.5,1009.5,0.0,5,115,33.2,Warm,June,6,Sunday
2025-06-01,14:00,Bangalore,36.6,79,13.3,1006.7,0.0,5,51,33.2,Hot,June,6,Sunday
2025-06-01,15:00,Chennai,37.6,89,11.0,1009.1,0.0,3,52,33.2,Hot,June,6,Sunday
2025-06-01,16:00,Hyderabad,38.3,72,15.2,1007.1,0.0,2,59,33.2,Hot,June,6,Sunday
2025-06-01,17:00,Mumbai,32.9,90,12.6,1012.1,7.5,0,79,33.2,Warm,June,6,Sunday
2025-06-01,18:00,Delhi,28.3,70,13.0,1010.5,10.5,0,127,33.2,Warm,June,6,Sunday
2025-06-01,19:00,Bangalore,27.2,78,15.6,1013.2,0.0,0,61,33.2,Warm,June,6,Sunday
2025-06-01,20:00,Chennai,31.8,81,13.7,1012.4,0.0,0,58,33.2,Warm,June,6,Sunday
2025-06-01,21:00,Hyderabad,30.6,75,9.7,1013.4,20.7,0,38,33.2,Warm,June,6,Sunday
2025-06-01,22:00,Mumbai,29.3,94,17.1,1012.7,0.0,0,57,33.2,Warm,June,6,Sunday
2025-06-01,23:00,Delhi,27.3,61,18.0,1014.5,24.9,0,114,33.2,Warm,June,6,Sunday
2025-06-02,00:00,Bangalore,25.8,83,13.6,1017.6,0.0,0,53,33.5,Warm,June,6,Monday
2025-06-02,01:00,Chennai,30.5,85,20.6,1013.1,0.0,0,29,33.5,Warm,June,6,Monday
2025-06-02,02:00,Hyderabad,31.6,68,17.0,1010.7,24.3,0,48,33.5,Warm,June,6,Monday
2025-06-02,03:00,Mumbai,33.7,93,11.9,1012.2,0.0,0,64,33.5,Warm,June,6,Monday
2025-06-02,04:00,Delhi,31.0,65,9.2,1020.8,1.1,0,137,33.5,Warm,June,6,Monday
2025-06-02,05:00,Bangalore,31.4,94,14.3,1014.5,0.0,0,41,33.5,Warm,June,6,Monday
2025-06-02,06:00,Chennai,35.5,87,15.2,1010.3,0.0,0,68,33.5,Hot,June,6,Monday
2025-06-02,07:00,Hyderabad,37.7,65,14.6,1014.1,0.0,1,47,33.5,Hot,June,6,Monday
2025-06-02,08:00,Mumbai,38.5,75,15.3,1011.4,0.0,2,75,33.5,Hot,June,6,Monday
2025-06-02,09:00,Delhi,36.1,56,15.3,1014.2,0.0,2,132,33.5,Hot,June,6,Monday
2025-06-02,10:00,Bangalore,33.8,79,13.3,1010.6,9.2,4,62,33.5,Warm,June,6,Monday
2025-06-02,11:00,Chennai,39.4,75,12.0,1017.4,0.0,5,20,33.5,Hot,June,6,Monday
2025-06-02,12:00,Hyderabad,41.4,56,11.2,1006.8,0.0,7,63,33.5,Hot,June,6,Monday
2025-06-02,13:00,Mumbai,39.8,80,10.9,1014.0,11.4,6,68,33.5,Hot,June,6,Monday
2025-06-02,14:00,Delhi,34.9,63,15.8,1009.0,11.1,3,152,33.5,Warm,June,6,Monday
2025-06-02,15:00,Bangalore,32.6,79,12.6,1015.3,0.0,3,20,33.5,Warm,June,6,Monday
2025-06-02,16:00,Chennai,36.0,74,13.9,1012.6,0.0,2,51,33.5,Hot,June,6,Monday
2025-06-02,17:00,Hyderabad,38.7,77,12.3,1007.9,15.6,1,75,33.5,Hot,June,6,Monday
2025-06-02,18:00,Mumbai,35.4,90,14.3,1016.7,15.5,0,84,33.5,Hot,June,6,Monday
2025-06-02,19:00,Delhi,28.1,54,13.7,1014.3,0.0,0,128,33.5,Warm,June,6,Monday
2025-06-02,20:00,Bangalore,24.8,89,18.3,1018.6,0.0,0,45,33.5,Mild,June,6,Monday
2025-06-02,21:00,Chennai,30.8,96,21.0,1010.4,19.6,0,56,33.5,Warm,June,6,Monday
2025-06-02,22:00,Hyderabad,29.2,63,11.4,1012.2,0.0,0,65,33.5,Warm,June,6,Monday
2025-06-02,23:00,Mumbai,28.0,85,16.7,1014.6,0.0,0,55,33.5,Warm,June,6,Monday
2025-06-03,00:00,Delhi,26.7,69,12.7,1016.2,6.5,0,142,33.4,Warm,June,6,Tuesday
2025-06-03,01:00,Bangalore,22.9,87,10.9,1016.3,0.0,0,57,33.4,Mild,June,6,Tuesday
2025-06-03,02:00,Chennai,32.1,86,14.6,1011.9,0.0,0,59,33.4,Warm,June,6,Tuesday
2025-06-03,03:00,Hyderabad,30.9,73,12.6,1010.9,0.0,0,36,33.4,Warm,June,6,Tuesday
2025-06-03,04:00,Mumbai,35.3,86,14.4,1010.4,0.0,0,59,33.4,Hot,June,6,Tuesday
2025-06-03,05:00,Delhi,30.0,65,12.4,1010.9,0.0,0,122,33.4,Warm,June,6,Tuesday
2025-06-03,06:00,Bangalore,30.4,77,11.0,1017.4,0.0,0,49,33.4,Warm,June,6,Tuesday
2025-06-03,07:00,Chennai,34.2,85,15.7,1014.2,0.0,1,53,33.4,Warm,June,6,Tuesday
2025-06-03,08:00,Hyderabad,39.5,63,14.0,1008.9,0.0,2,70,33.4,Hot,June,6,Tuesday
2025-06-03,09:00,Mumbai,40.5,85,15.2,1010.5,0.0,4,82,33.4,Hot,June,6,Tuesday
2025-06-03,10:00,Delhi,35.8,64,16.7,1011.1,0.0,4,130,33.4,Hot,June,6,Tuesday
2025-06-03,11:00,Bangalore,36.4,68,10.7,1009.7,0.0,6,39,33.4,Hot,June,6,Tuesday
2025-06-03,12:00,Chennai,39.8,80,14.0,1010.5,0.0,6,50,33.4,Hot,June,6,Tuesday
2025-06-03,13:00,Hyderabad,41.8,57,9.9,1009.4,0.0,5,70,33.4,Hot,June,6,Tuesday
2025-06-03,14:00,Mumbai,38.5,77,13.9,1008.7,0.0,4,62,33.4,Hot,June,6,Tuesday
2025-06-03,15:00,Delhi,35.3,60,12.0,1007.6,0.0,3,123,33.4,Hot,June,6,Tuesday
2025-06-03,16:00,Bangalore,31.6,78,12.4,1013.4,2.0,1,40,33.4,Warm,June,6,Tuesday
2025-06-03,17:00,Chennai,36.6,84,15.4,1015.8,6.2,1,61,33.4,Hot,June,6,Tuesday
2025-06-03,18:00,Hyderabad,34.9,70,15.6,1014.6,0.0,0,64,33.4,Warm,June,6,Tuesday
2025-06-03,19:00,Mumbai,32.6,94,14.7,1013.8,0.0,0,98,33.4,Warm,June,6,Tuesday
2025-06-03,20:00,Delhi,26.3,62,13.3,1009.9,21.0,0,141,33.4,Warm,June,6,Tuesday
2025-06-03,21:00,Bangalore,27.3,81,12.9,1017.0,9.6,0,34,33.4,Warm,June,6,Tuesday
2025-06-03,22:00,Chennai,32.4,86,11.9,1010.9,0.0,0,46,33.4,Warm,June,6,Tuesday
2025-06-03,23:00,Hyderabad,30.8,76,14.2,1012.6,0.0,0,74,33.4,Warm,June,6,Tuesday
2025-06-04,00:00,Mumbai,32.7,85,10.9,1013.0,9.2,0,70,33.0,Warm,June,6,Wednesday
2025-06-04,01:00,Delhi,23.9,65,9.0,1014.0,0.0,0,131,33.0,Mild,June,6,Wednesday
2025-06-04,02:00,Bangalore,25.6,83,18.0,1017.7,0.0,0,24,33.0,Warm,June,6,Wednesday
2025-06-04,03:00,Chennai,30.4,86,16.2,1010.2,9.9,0,62,33.0,Warm,June,6,Wednesday
2025-06-04,04:00,Hyderabad,33.0,80,11.3,1010.2,0.0,0,56,33.0,Warm,June,6,Wednesday
2025-06-04,05:00,Mumbai,35.9,84,12.6,1011.3,0.0,0,50,33.0,Hot,June,6,Wednesday
2025-06-04,06:00,Delhi,33.1,66,11.4,1010.5,10.1,0,101,33.0,Warm,June,6,Wednesday
2025-06-04,07:00,Bangalore,31.3,80,16.8,1013.1,2.6,0,33,33.0,Warm,June,6,Wednesday
2025-06-04,08:00,Chennai,37.1,82,15.8,1010.8,17.2,3,56,33.0,Hot,June,6,Wednesday
2025-06-04,09:00,Hyderabad,39.7,71,16.3,1011.1,0.0,3,79,33.0,Hot,June,6,Wednesday
2025-06-04,10:00,Mumbai,39.4,85,12.7,1014.5,11.5,4,62,33.0,Hot,June,6,Wednesday
2025-06-04,11:00,Delhi,36.8,66,12.2,1012.7,15.1,6,123,33.0,Hot,June,6,Wednesday
2025-06-04,12:00,Bangalore,35.5,86,13.9,1012.1,7.9,6,36,33.0,Hot,June,6,Wednesday
2025-06-04,13:00,Chennai,36.4,76,15.9,1010.2,0.0,6,41,33.0,Hot,June,6,Wednesday
2025-06-04,14:00,Hyderabad,41.1,67,9.9,1010.0,0.0,4,59,33.0,Hot,June,6,Wednesday
2025-06-04,15:00,Mumbai,38.2,76,12.3,1009.7,0.0,3,46,33.0,Hot,June,6,Wednesday
2025-06-04,16:00,Delhi,32.8,61,11.9,1009.5,8.3,2,129,33.0,Warm,June,6,Wednesday
2025-06-04,17:00,Bangalore,30.2,78,13.8,1008.4,0.0,1,61,33.0,Warm,June,6,Wednesday
2025-06-04,18:00,Chennai,34.1,86,10.4,1012.2,13.5,0,70,33.0,Warm,June,6,Wednesday
2025-06-04,19:00,Hyderabad,34.8,70,19.3,1013.4,0.0,0,54,33.0,Warm,June,6,Wednesday
2025-06-04,20:00,Mumbai,31.4,90,9.3,1009.4,0.0,0,61,33.0,Warm,June,6,Wednesday
2025-06-04,21:00,Delhi,26.0,74,13.3,1013.5,21.7,0,129,33.0,Warm,June,6,Wednesday
2025-06-04,22:00,Bangalore,25.4,81,19.8,1016.6,18.5,0,20,33.0,Warm,June,6,Wednesday
2025-06-04,23:00,Chennai,28.0,87,19.7,1017.9,0.0,0,37,33.0,Warm,June,6,Wednesday
2025-06-05,00:00,Hyderabad,31.7,68,10.6,1017.0,0.0,0,50,33.6,Warm,June,6,Thursday
2025-06-05,01:00,Mumbai,30.2,100,14.4,1014.2,0.0,0,76,33.6,Warm,June,6,Thursday
2025-06-05,02:00,Delhi,27.1,61,18.4,1013.7,15.0,0,104,33.6,Warm,June,6,Thursday
2025-06-05,03:00,Bangalore,26.5,80,17.1,1012.2,21.0,0,45,33.6,Warm,June,6,Thursday
2025-06-05,04:00,Chennai,36.4,81,9.8,1011.8,0.0,0,47,33.6,Hot,June,6,Thursday
2025-06-05,05:00,Hyderabad,38.0,66,15.5,1011.9,0.0,0,42,33.6,Hot,June,6,Thursday
2025-06-05,06:00,Mumbai,35.6,82,14.1,1010.6,0.0,0,70,33.6,Hot,June,6,Thursday
2025-06-05,07:00,Delhi,31.1,61,14.7,1013.3,0.0,1,115,33.6,Warm,June,6,Thursday
2025-06-05,08:00,Bangalore,33.1,86,15.3,1010.6,12.0,3,60,33.6,Warm,June,6,Thursday
2025-06-05,09:00,Chennai,40.3,78,17.5,1008.8,0.0,3,83,33.6,Hot,June,6,Thursday
2025-06-05,10:00,Hyderabad,39.0,68,18.0,1006.0,12.1,4,66,33.6,Hot,June,6,Thursday
2025-06-05,11:00,Mumbai,41.7,78,12.9,1013.9,0.0,5,82,33.6,Hot,June,6,Thursday
2025-06-05,12:00,Delhi,37.3,65,15.7,1010.6,0.0,6,142,33.6,Hot,June,6,Thursday
2025-06-05,13:00,Bangalore,35.1,88,13.2,1011.4,0.0,6,52,33.6,Hot,June,6,Thursday
2025-06-05,14:00,Chennai,41.5,85,5.6,1008.7,17.4,4,37,33.6,Hot,June,6,Thursday
2025-06-05,15:00,Hyderabad,39.5,67,16.3,1012.3,0.0,2,52,33.6,Hot,June,6,Thursday
2025-06-05,16:00,Mumbai,36.2,78,17.3,1010.8,0.0,2,53,33.6,Hot,June,6,Thursday
2025-06-05,17:00,Delhi,31.1,61,11.7,1013.6,0.0,1,136,33.6,Warm,June,6,Thursday
2025-06-05,18:00,Bangalore,27.3,87,11.3,1009.7,0.0,0,89,33.6,Warm,June,6,Thursday
2025-06-05,19:00,Chennai,33.2,77,10.1,1011.1,0.0,0,52,33.6,Warm,June,6,Thursday
2025-06-05,20:00,Hyderabad,33.3,69,20.4,1009.7,0.0,0,65,33.6,Warm,June,6,Thursday
2025-06-05,21:00,Mumbai,29.9,93,21.4,1006.1,0.0,0,70,33.6,Warm,June,6,Thursday
2025-06-05,22:00,Delhi,25.2,69,11.9,1014.7,0.0,0,151,33.6,Warm,June,6,Thursday
2025-06-05,23:00,Bangalore,25.0,81,18.1,1011.5,0.0,0,24,33.6,Warm,June,6,Thursday
2025-06-06,00:00,Chennai,31.7,90,18.2,1008.6,20.3,0,27,33.6,Warm,June,6,Friday
2025-06-06,01:00,Hyderabad,33.2,73,16.0,1009.6,13.7,0,78,33.6,Warm,June,6,Friday
2025-06-06,02:00,Mumbai,30.0,86,13.7,1015.5,0.0,0,71,33.6,Warm,June,6,Friday
2025-06-06,03:00,Delhi,27.5,63,10.1,1015.1,0.0,0,133,33.6,Warm,June,6,Friday
2025-06-06,04:00,Bangalore,28.5,80,11.4,1011.5,0.0,0,44,33.6,Warm,June,6,Friday
2025-06-06,05:00,Chennai,34.4,81,10.9,1007.1,0.0,0,21,33.6,Warm,June,6,Friday
2025-06-06,06:00,Hyderabad,36.8,76,12.8,1010.3,0.0,0,68,33.6,Hot,June,6,Friday
2025-06-06,07:00,Mumbai,36.0,74,11.4,1011.7,0.0,1,82,33.6,Hot,June,6,Friday
2025-06-06,08:00,Delhi,36.6,59,11.4,1008.5,0.0,2,143,33.6,Hot,June,6,Friday
2025-06-06,09:00,Bangalore,36.3,69,16.0,1011.5,0.0,3,49,33.6,Hot,June,6,Friday
2025-06-06,10:00,Chennai,35.6,76,21.3,1013.0,9.6,4,75,33.6,Hot,June,6,Friday
2025-06-06,11:00,Hyderabad,42.3,63,14.8,1010.9,0.0,6,66,33.6,Hot,June,6,Friday
2025-06-06,12:00,Mumbai,38.5,82,19.1,1012.7,0.0,7,81,33.6,Hot,June,6,Friday
2025-06-06,13:00,Delhi,36.5,52,14.5,1008.5,0.0,5,120,33.6,Hot,June,6,Friday
2025-06-06,14:00,Bangalore,34.9,76,16.2,1016.0,0.0,5,60,33.6,Warm,June,6,Friday
2025-06-06,15:00,Chennai,36.5,77,14.3,1013.2,9.3,4,42,33.6,Hot,June,6,Friday
2025-06-06,16:00,Hyderabad,34.7,78,14.0,1012.4,0.0,2,34,33.6,Warm,June,6,Friday
2025-06-06,17:00,Mumbai,34.8,89,11.3,1010.4,0.0,1,87,33.6,Warm,June,6,Friday
2025-06-06,18:00,Delhi,30.7,64,11.0,1017.6,0.0,0,166,33.6,Warm,June,6,Friday
2025-06-06,19:00,Bangalore,28.6,75,19.0,1011.3,0.0,0,35,33.6,Warm,June,6,Friday
2025-06-06,20:00,Chennai,29.3,97,11.3,1014.7,0.0,0,58,33.6,Warm,June,6,Friday
2025-06-06,21:00,Hyderabad,34.0,66,11.6,1013.1,0.0,0,74,33.6,Warm,June,6,Friday
2025-06-06,22:00,Mumbai,31.2,87,14.5,1007.4,0.0,0,70,33.6,Warm,June,6,Friday
2025-06-06,23:00,Delhi,28.4,66,14.8,1010.9,12.8,0,98,33.6,Warm,June,6,Friday
2025-06-07,00:00,Bangalore,26.0,91,13.6,1011.9,0.0,0,32,33.2,Warm,June,6,Saturday
2025-06-07,01:00,Chennai,32.1,85,10.5,1010.2,0.5,0,45,33.2,Warm,June,6,Saturday
2025-06-07,02:00,Hyderabad,30.7,78,10.6,1017.0,0.0,0,37,33.2,Warm,June,6,Saturday
2025-06-07,03:00,Mumbai,34.6,89,9.3,1007.1,24.1,0,68,33.2,Warm,June,6,Saturday
2025-06-07,04:00,Delhi,31.3,67,6.9,1015.6,0.0,0,119,33.2,Warm,June,6,Saturday
2025-06-07,05:00,Bangalore,28.4,81,11.6,1014.6,0.0,0,57,33.2,Warm,June,6,Saturday
2025-06-07,06:00,Chennai,37.3,81,14.3,1013.7,14.1,0,48,33.2,Hot,June,6,Saturday
2025-06-07,07:00,Hyderabad,37.4,68,16.0,1014.8,0.0,1,41,33.2,Hot,June,6,Saturday
2025-06-07,08:00,Mumbai,38.6,96,15.0,1012.8,0.0,2,67,33.2,Hot,June,6,Saturday
2025-06-07,09:00,Delhi,33.1,55,16.6,1012.6,0.0,3,161,33.2,Warm,June,6,Saturday
2025-06-07,10:00,Bangalore,35.5,75,11.6,1013.0,20.8,5,47,33.2,Hot,June,6,Saturday
2025-06-07,11:00,Chennai,39.6,77,16.8,1009.9,1.5,6,65,33.2,Hot,June,6,Saturday
2025-06-07,12:00,Hyderabad,38.4,58,12.5,1013.7,9.5,7,62,33.2,Hot,June,6,Saturday
2025-06-07,13:00,Mumbai,37.1,86,9.9,1011.0,0.0,5,46,33.2,Hot,June,6,Saturday
2025-06-07,14:00,Delhi,33.3,57,16.1,1014.8,0.0,4,123,33.2,Warm,June,6,Saturday
2025-06-07,15:00,Bangalore,32.6,78,13.5,1016.7,0.0,3,25,33.2,Warm,June,6,Saturday
2025-06-07,16:00,Chennai,35.2,91,16.7,1011.3,23.0,2,54,33.2,Hot,June,6,Saturday
2025-06-07,17:00,Hyderabad,35.2,76,10.5,1007.9,0.0,1,77,33.2,Hot,June,6,Saturday
2025-06-07,18:00,Mumbai,33.4,85,15.5,1016.7,7.7,0,76,33.2,Warm,June,6,Saturday
2025-06-07,19:00,Delhi,30.4,64,17.6,1008.8,0.0,0,128,33.2,Warm,June,6,Saturday
2025-06-07,20:00,Bangalore,26.5,88,13.2,1012.5,11.0,0,42,33.2,Warm,June,6,Saturday
2025-06-07,21:00,Chennai,31.3,92,8.6,1010.6,11.2,0,52,33.2,Warm,June,6,Saturday
2025-06-07,22:00,Hyderabad,30.8,78,10.9,1013.5,0.0,0,64,33.2,Warm,June,6,Saturday
2025-06-07,23:00,Mumbai,28.4,96,12.9,1013.1,0.0,0,68,33.2,Warm,June,6,Saturday
2025-06-08,00:00,Delhi,28.8,59,9.7,1010.0,0.0,0,104,33.4,Warm,June,6,Sunday
2025-06-08,01:00,Bangalore,25.6,80,15.7,1013.8,0.0,0,48,33.4,Warm,June,6,Sunday
2025-06-08,02:00,Chennai,30.0,87,9.0,1010.0,0.0,0,41,33.4,Warm,June,6,Sunday
2025-06-08,03:00,Hyderabad,33.7,72,13.4,1011.9,0.0,0,46,33.4,Warm,June,6,Sunday
2025-06-08,04:00,Mumbai,31.6,91,20.0,1013.5,21.7,0,55,33.4,Warm,June,6,Sunday
2025-06-08,05:00,Delhi,31.5,61,17.0,1013.0,0.0,0,129,33.4,Warm,June,6,Sunday
2025-06-08,06:00,Bangalore,30.2,80,14.2,1011.9,0.0,0,23,33.4,Warm,June,6,Sunday
2025-06-08,07:00,Chennai,40.2,82,13.6,1004.6,9.0,0,49,33.4,Hot,June,6,Sunday
2025-06-08,08:00,Hyderabad,39.1,71,14.3,1018.8,0.0,2,59,33.4,Hot,June,6,Sunday
2025-06-08,09:00,Mumbai,38.8,95,19.1,1007.3,10.3,4,78,33.4,Hot,June,6,Sunday
2025-06-08,10:00,Delhi,37.6,55,21.5,1011.4,0.0,6,148,33.4,Hot,June,6,Sunday
2025-06-08,11:00,Bangalore,34.8,74,13.5,1006.1,0.0,5,28,33.4,Warm,June,6,Sunday
2025-06-08,12:00,Chennai,39.2,81,12.5,1006.5,0.0,7,27,33.4,Hot,June,6,Sunday
2025-06-08,13:00,Hyderabad,40.8,66,19.0,1013.5,0.0,5,41,33.4,Hot,June,6,Sunday
2025-06-08,14:00,Mumbai,39.3,80,18.3,1012.5,0.0,4,67,33.4,Hot,June,6,Sunday
2025-06-08,15:00,Delhi,32.0,57,9.6,1012.1,0.0,2,128,33.4,Warm,June,6,Sunday
2025-06-08,16:00,Bangalore,29.4,84,14.6,1010.3,0.0,2,37,33.4,Warm,June,6,Sunday
2025-06-08,17:00,Chennai,34.3,86,7.2,1016.4,0.0,1,66,33.4,Warm,June,6,Sunday
2025-06-08,18:00,Hyderabad,36.7,72,12.6,1006.6,4.6,0,56,33.4,Hot,June,6,Sunday
2025-06-08,19:00,Mumbai,34.3,81,11.7,1017.0,0.0,0,71,33.4,Warm,June,6,Sunday
2025-06-08,20:00,Delhi,26.2,69,13.4,1015.2,0.0,0,141,33.4,Warm,June,6,Sunday
2025-06-08,21:00,Bangalore,24.1,83,13.1,1017.2,0.0,0,43,33.4,Mild,June,6,Sunday
2025-06-08,22:00,Chennai,32.0,91,15.8,1012.2,7.6,0,39,33.4,Warm,June,6,Sunday
2025-06-08,23:00,Hyderabad,30.6,76,15.6,1016.6,0.0,0,80,33.4,Warm,June,6,Sunday
2025-06-09,00:00,Mumbai,29.9,92,12.7,1012.1,0.0,0,44,33.4,Warm,June,6,Monday
2025-06-09,01:00,Delhi,26.8,72,19.8,1017.3,0.0,0,125,33.4,Warm,June,6,Monday
2025-06-09,02:00,Bangalore,24.8,80,19.6,1012.0,24.2,0,40,33.4,Mild,June,6,Monday
2025-06-09,03:00,Chennai,32.9,84,13.8,1011.8,9.4,0,46,33.4,Warm,June,6,Monday
2025-06-09,04:00,Hyderabad,38.2,64,15.3,1011.6,0.0,0,44,33.4,Hot,June,6,Monday
2025-06-09,05:00,Mumbai,36.8,81,12.8,1012.3,13.8,0,53,33.4,Hot,June,6,Monday
2025-06-09,06:00,Delhi,34.9,61,13.0,1009.3,0.0,0,126,33.4,Warm,June,6,Monday
2025-06-09,07:00,Bangalore,31.8,86,23.3,1015.1,0.0,1,57,33.4,Warm,June,6,Monday
2025-06-09,08:00,Chennai,35.0,88,16.1,1011.6,0.0,2,70,33.4,Hot,June,6,Monday
2025-06-09,09:00,Hyderabad,40.0,68,17.6,1011.3,0.0,3,71,33.4,Hot,June,6,Monday
2025-06-09,10:00,Mumbai,36.8,97,13.7,1013.1,0.0,4,78,33.4,Hot,June,6,Monday
2025-06-09,11:00,Delhi,38.2,61,13.8,1011.7,0.0,5,115,33.4,Hot,June,6,Monday
2025-06-09,12:00,Bangalore,35.9,82,7.0,1014.5,0.0,6,43,33.4,Hot,June,6,Monday
2025-06-09,13:00,Chennai,39.5,78,17.1,1010.6,18.1,6,57,33.4,Hot,June,6,Monday
2025-06-09,14:00,Hyderabad,40.0,63,17.7,1006.2,0.0,5,53,33.4,Hot,June,6,Monday
2025-06-09,15:00,Mumbai,37.3,88,14.9,1014.0,17.8,3,78,33.4,Hot,June,6,Monday
2025-06-09,16:00,Delhi,30.9,68,12.0,1010.8,0.0,2,119,33.4,Warm,June,6,Monday
2025-06-09,17:00,Bangalore,31.3,81,11.3,1012.6,0.0,0,48,33.4,Warm,June,6,Monday
2025-06-09,18:00,Chennai,36.1,82,12.1,1009.8,0.0,0,75,33.4,Hot,June,6,Monday
2025-06-09,19:00,Hyderabad,31.8,72,14.8,1012.0,0.0,0,74,33.4,Warm,June,6,Monday
2025-06-09,20:00,Mumbai,30.8,87,12.8,1013.4,0.0,0,67,33.4,Warm,June,6,Monday
2025-06-09,21:00,Delhi,28.0,65,12.8,1018.3,0.0,0,132,33.4,Warm,June,6,Monday
2025-06-09,22:00,Bangalore,24.5,78,17.0,1017.9,18.5,0,34,33.4,Mild,June,6,Monday
2025-06-09,23:00,Chennai,30.4,92,7.9,1013.6,0.0,0,54,33.4,Warm,June,6,Monday
2025-06-10,00:00,Hyderabad,29.8,80,16.5,1017.7,0.0,0,44,32.6,Warm,June,6,Tuesday
2025-06-10,01:00,Mumbai,29.5,94,16.9,1010.8,0.0,0,54,32.6,Warm,June,6,Tuesday
2025-06-10,02:00,Delhi,26.7,59,17.9,1014.3,20.0,0,106,32.6,Warm,June,6,Tuesday
2025-06-10,03:00,Bangalore,24.8,80,11.4,1014.8,0.0,0,24,32.6,Mild,June,6,Tuesday
2025-06-10,04:00,Chennai,33.4,82,21.5,1013.4,0.0,0,58,32.6,Warm,June,6,Tuesday
2025-06-10,05:00,Hyderabad,35.3,67,17.0,1015.2,0.0,0,70,32.6,Hot,June,6,Tuesday
2025-06-10,06:00,Mumbai,36.5,83,12.5,1013.1,18.0,0,69,32.6,Hot,June,6,Tuesday
2025-06-10,07:00,Delhi,30.0,64,11.1,1009.3,15.8,1,124,32.6,Warm,June,6,Tuesday
2025-06-10,08:00,Bangalore,32.5,80,19.2,1013.2,0.0,2,67,32.6,Warm,June,6,Tuesday
2025-06-10,09:00,Chennai,38.4,84,10.7,1011.0,0.0,3,49,32.6,Hot,June,6,Tuesday
2025-06-10,10:00,Hyderabad,39.4,74,20.0,1011.1,0.0,5,67,32.6,Hot,June,6,Tuesday
2025-06-10,11:00,Mumbai,38.7,87,13.2,1008.5,9.8,5,56,32.6,Hot,June,6,Tuesday
2025-06-10,12:00,Delhi,36.1,56,10.6,1009.8,0.0,6,133,32.6,Hot,June,6,Tuesday
2025-06-10,13:00,Bangalore,32.9,84,17.5,1009.9,0.0,6,45,32.6,Warm,June,6,Tuesday
2025-06-10,14:00,Chennai,39.9,78,18.8,1015.0,0.0,4,50,32.6,Hot,June,6,Tuesday
2025-06-10,15:00,Hyderabad,40.4,71,15.0,1012.6,0.0,2,56,32.6,Hot,June,6,Tuesday
2025-06-10,16:00,Mumbai,34.9,81,17.7,1008.1,0.0,2,67,32.6,Warm,June,6,Tuesday
2025-06-10,17:00,Delhi,29.7,72,13.3,1007.2,0.0,1,120,32.6,Warm,June,6,Tuesday
2025-06-10,18:00,Bangalore,28.4,74,17.7,1012.3,0.0,0,44,32.6,Warm,June,6,Tuesday
2025-06-10,19:00,Chennai,32.2,95,13.1,1004.9,11.1,0,50,32.6,Warm,June,6,Tuesday
2025-06-10,20:00,Hyderabad,31.6,83,8.9,1010.8,14.2,0,74,32.6,Warm,June,6,Tuesday
2025-06-10,21:00,Mumbai,30.0,87,13.6,1009.5,0.0,0,64,32.6,Warm,June,6,Tuesday
2025-06-10,22:00,Delhi,27.9,57,13.4,1008.6,0.0,0,121,32.6,Warm,June,6,Tuesday
2025-06-10,23:00,Bangalore,23.8,91,17.7,1020.0,16.6,0,30,32.6,Mild,June,6,Tuesday
2025-06-11,00:00,Chennai,28.2,91,12.7,1017.5,0.0,0,39,33.2,Warm,June,6,Wednesday
2025-06-11,01:00,Hyderabad,31.6,71,14.4,1014.7,11.0,0,44,33.2,Warm,June,6,Wednesday
2025-06-11,02:00,Mumbai,30.8,85,13.4,1015.7,0.0,0,60,33.2,Warm,June,6,Wednesday
2025-06-11,03:00,Delhi,27.3,62,11.7,1011.9,0.0,0,112,33.2,Warm,June,6,Wednesday
2025-06-11,04:00,Bangalore,28.1,81,16.4,1011.8,2.1,0,53,33.2,Warm,June,6,Wednesday
2025-06-11,05:00,Chennai,34.3,87,16.4,1010.7,19.7,0,41,33.2,Warm,June,6,Wednesday
2025-06-11,06:00,Hyderabad,39.1,74,11.9,1006.6,0.0,0,49,33.2,Hot,June,6,Wednesday
2025-06-11,07:00,Mumbai,40.8,87,15.7,1012.7,0.0,1,76,33.2,Hot,June,6,Wednesday
2025-06-11,08:00,Delhi,33.8,60,15.4,1011.8,0.0,2,130,33.2,Warm,June,6,Wednesday
2025-06-11,09:00,Bangalore,34.3,77,18.1,1010.1,0.0,3,57,33.2,Warm,June,6,Wednesday
2025-06-11,10:00,Chennai,38.2,86,11.3,1006.8,18.1,5,68,33.2,Hot,June,6,Wednesday
2025-06-11,11:00,Hyderabad,40.7,70,13.2,1007.9,0.0,5,48,33.2,Hot,June,6,Wednesday
2025-06-11,12:00,Mumbai,39.8,90,15.2,1008.5,0.0,7,69,33.2,Hot,June,6,Wednesday
2025-06-11,13:00,Delhi,36.3,62,15.7,1006.3,0.0,5,121,33.2,Hot,June,6,Wednesday
2025-06-11,14:00,Bangalore,32.7,73,16.6,1008.9,0.0,4,37,33.2,Warm,June,6,Wednesday
2025-06-11,15:00,Chennai,37.0,88,16.1,1010.1,5.2,3,62,33.2,Hot,June,6,Wednesday
2025-06-11,16:00,Hyderabad,36.2,78,16.6,1013.4,19.9,2,43,33.2,Hot,June,6,Wednesday
2025-06-11,17:00,Mumbai,34.2,86,12.6,1010.4,0.0,1,88,33.2,Warm,June,6,Wednesday
2025-06-11,18:00,Delhi,29.7,68,16.5,1010.7,0.0,0,160,33.2,Warm,June,6,Wednesday
2025-06-11,19:00,Bangalore,26.3,76,16.7,1013.2,0.0,0,55,33.2,Warm,June,6,Wednesday
2025-06-11,20:00,Chennai,32.3,97,15.5,1010.3,0.0,0,79,33.2,Warm,June,6,Wednesday
2025-06-11,21:00,Hyderabad,33.0,70,8.6,1010.2,0.0,0,65,33.2,Warm,June,6,Wednesday
2025-06-11,22:00,Mumbai,28.5,82,13.4,1014.1,0.0,0,86,33.2,Warm,June,6,Wednesday
2025-06-11,23:00,Delhi,23.4,78,13.1,1017.5,0.0,0,110,33.2,Mild,June,6,Wednesday
2025-06-12,00:00,Bangalore,22.3,82,12.5,1012.4,0.0,0,35,33.4,Mild,June,6,Thursday
2025-06-12,01:00,Chennai,30.4,89,15.6,1012.4,12.0,0,78,33.4,Warm,June,6,Thursday
2025-06-12,02:00,Hyderabad,31.2,73,11.4,1014.6,0.0,0,66,33.4,Warm,June,6,Thursday
2025-06-12,03:00,Mumbai,29.5,91,12.9,1013.9,0.0,0,49,33.4,Warm,June,6,Thursday
2025-06-12,04:00,Delhi,31.1,67,11.2,1013.5,14.4,0,121,33.4,Warm,June,6,Thursday
2025-06-12,05:00,Bangalore,28.8,82,10.1,1014.4,22.9,0,47,33.4,Warm,June,6,Thursday
2025-06-12,06:00,Chennai,35.5,81,14.3,1006.3,0.0,0,36,33.4,Hot,June,6,Thursday
2025-06-12,07:00,Hyderabad,36.8,70,11.3,1012.1,0.0,1,46,33.4,Hot,June,6,Thursday
2025-06-12,08:00,Mumbai,37.2,87,10.7,1008.0,0.0,2,72,33.4,Hot,June,6,Thursday
2025-06-12,09:00,Delhi,36.9,58,10.6,1011.6,0.0,3,148,33.4,Hot,June,6,Thursday
2025-06-12,10:00,Bangalore,37.1,71,15.1,1008.8,0.0,5,46,33.4,Hot,June,6,Thursday
2025-06-12,11:00,Chennai,42.1,75,13.6,1010.8,14.9,4,58,33.4,Hot,June,6,Thursday
2025-06-12,12:00,Hyderabad,40.4,64,18.1,1008.5,0.0,7,39,33.4,Hot,June,6,Thursday
2025-06-12,13:00,Mumbai,37.9,81,11.1,1005.9,0.0,5,52,33.4,Hot,June,6,Thursday
2025-06-12,14:00,Delhi,36.1,70,10.5,1011.9,0.0,5,131,33.4,Hot,June,6,Thursday
2025-06-12,15:00,Bangalore,31.0,72,12.7,1012.8,0.0,3,31,33.4,Warm,June,6,Thursday
2025-06-12,16:00,Chennai,36.7,89,17.5,1015.8,0.0,2,47,33.4,Hot,June,6,Thursday
2025-06-12,17:00,Hyderabad,38.5,69,14.0,1005.2,0.0,0,71,33.4,Hot,June,6,Thursday
2025-06-12,18:00,Mumbai,33.9,82,9.6,1011.8,0.0,0,101,33.4,Warm,June,6,Thursday
2025-06-12,19:00,Delhi,25.2,66,13.0,1013.4,4.3,0,144,33.4,Warm,June,6,Thursday
2025-06-12,20:00,Bangalore,28.8,82,9.8,1011.0,0.0,0,58,33.4,Warm,June,6,Thursday
2025-06-12,21:00,Chennai,30.6,96,17.3,1012.8,0.0,0,49,33.4,Warm,June,6,Thursday
2025-06-12,22:00,Hyderabad,35.3,67,11.0,1013.4,7.3,0,34,33.4,Hot,June,6,Thursday
2025-06-12,23:00,Mumbai,27.2,89,5.3,1009.6,0.0,0,70,33.4,Warm,June,6,Thursday
2025-06-13,00:00,Delhi,29.6,59,17.7,1016.4,20.6,0,128,33.2,Warm,June,6,Friday
2025-06-13,01:00,Bangalore,26.1,84,11.4,1017.9,0.0,0,45,33.2,Warm,June,6,Friday
2025-06-13,02:00,Chennai,31.6,86,6.9,1007.4,0.9,0,55,33.2,Warm,June,6,Friday
2025-06-13,03:00,Hyderabad,31.2,71,15.6,1016.0,0.0,0,76,33.2,Warm,June,6,Friday
2025-06-13,04:00,Mumbai,35.0,90,18.1,1007.9,13.8,0,81,33.2,Hot,June,6,Friday
2025-06-13,05:00,Delhi,31.5,57,9.8,1014.1,0.0,0,129,33.2,Warm,June,6,Friday
2025-06-13,06:00,Bangalore,32.7,82,14.0,1010.9,0.0,0,28,33.2,Warm,June,6,Friday
2025-06-13,07:00,Chennai,38.4,78,14.5,1008.2,5.4,1,56,33.2,Hot,June,6,Friday
2025-06-13,08:00,Hyderabad,36.9,69,9.9,1012.7,0.0,2,78,33.2,Hot,June,6,Friday
2025-06-13,09:00,Mumbai,38.1,79,14.1,1008.2,0.0,3,89,33.2,Hot,June,6,Friday
2025-06-13,10:00,Delhi,35.2,58,9.3,1007.0,0.0,5,149,33.2,Hot,June,6,Friday
2025-06-13,11:00,Bangalore,34.6,79,13.5,1012.5,0.0,4,26,33.2,Warm,June,6,Friday
2025-06-13,12:00,Chennai,36.9,80,12.1,1008.2,0.0,7,43,33.2,Hot,June,6,Friday
2025-06-13,13:00,Hyderabad,40.0,69,10.8,1012.7,0.0,5,50,33.2,Hot,June,6,Friday
2025-06-13,14:00,Mumbai,37.0,83,8.6,1015.3,0.0,4,73,33.2,Hot,June,6,Friday
2025-06-13,15:00,Delhi,34.8,61,11.0,1012.9,0.0,3,110,33.2,Warm,June,6,Friday
2025-06-13,16:00,Bangalore,27.9,82,12.3,1013.2,4.1,3,20,33.2,Warm,June,6,Friday
2025-06-13,17:00,Chennai,37.3,74,11.3,1005.6,8.4,0,57,33.2,Hot,June,6,Friday
2025-06-13,18:00,Hyderabad,33.8,80,13.3,1009.6,0.0,0,61,33.2,Warm,June,6,Friday
2025-06-13,19:00,Mumbai,33.0,88,16.8,1013.1,0.0,0,71,33.2,Warm,June,6,Friday
2025-06-13,20:00,Delhi,27.9,68,14.5,1010.0,0.0,0,149,33.2,Warm,June,6,Friday
2025-06-13,21:00,Bangalore,24.9,86,20.6,1017.5,0.0,0,68,33.2,Mild,June,6,Friday
2025-06-13,22:00,Chennai,30.8,90,16.0,1008.9,14.9,0,22,33.2,Warm,June,6,Friday
2025-06-13,23:00,Hyderabad,32.2,69,15.1,1016.6,0.0,0,67,33.2,Warm,June,6,Friday
2025-06-14,00:00,Mumbai,29.0,90,12.8,1014.4,2.0,0,60,33.1,Warm,June,6,Saturday
2025-06-14,01:00,Delhi,25.7,68,16.4,1015.6,4.3,0,126,33.1,Warm,June,6,Saturday
2025-06-14,02:00,Bangalore,26.8,87,15.2,1017.3,0.0,0,32,33.1,Warm,June,6,Saturday
2025-06-14,03:00,Chennai,33.2,86,13.5,1003.7,0.0,0,33,33.1,Warm,June,6,Saturday
2025-06-14,04:00,Hyderabad,34.0,72,9.0,1010.4,0.0,0,54,33.1,Warm,June,6,Saturday
2025-06-14,05:00,Mumbai,33.0,80,14.5,1011.7,0.0,0,60,33.1,Warm,June,6,Saturday
2025-06-14,06:00,Delhi,34.0,60,17.6,1012.8,0.0,0,127,33.1,Warm,June,6,Saturday
2025-06-14,07:00,Bangalore,31.9,84,14.8,1010.5,20.7,1,59,33.1,Warm,June,6,Saturday
2025-06-14,08:00,Chennai,37.0,75,13.9,1014.1,0.0,2,62,33.1,Hot,June,6,Saturday
2025-06-14,09:00,Hyderabad,42.6,66,13.1,1007.2,0.0,2,87,33.1,Hot,June,6,Saturday
2025-06-14,10:00,Mumbai,39.9,75,18.7,1009.0,0.0,4,73,33.1,Hot,June,6,Saturday
2025-06-14,11:00,Delhi,37.8,65,18.7,1010.6,0.0,5,119,33.1,Hot,June,6,Saturday
2025-06-14,12:00,Bangalore,37.5,78,12.7,1010.3,0.0,6,35,33.1,Hot,June,6,Saturday
2025-06-14,13:00,Chennai,39.1,80,13.7,1011.8,0.0,6,66,33.1,Hot,June,6,Saturday
2025-06-14,14:00,Hyderabad,38.5,64,17.9,1015.1,0.0,4,55,33.1,Hot,June,6,Saturday
2025-06-14,15:00,Mumbai,37.7,88,13.5,1005.7,0.0,3,64,33.1,Hot,June,6,Saturday
2025-06-14,16:00,Delhi,32.2,63,18.5,1007.2,19.3,2,131,33.1,Warm,June,6,Saturday
2025-06-14,17:00,Bangalore,28.7,80,12.3,1009.6,10.3,0,62,33.1,Warm,June,6,Saturday
2025-06-14,18:00,Chennai,33.4,87,11.5,1018.2,0.0,0,82,33.1,Warm,June,6,Saturday
2025-06-14,19:00,Hyderabad,33.3,73,14.6,1013.1,20.2,0,92,33.1,Warm,June,6,Saturday
2025-06-14,20:00,Mumbai,32.7,87,15.3,1010.4,0.0,0,92,33.1,Warm,June,6,Saturday
2025-06-14,21:00,Delhi,26.1,61,16.1,1014.3,0.0,0,133,33.1,Warm,June,6,Saturday
2025-06-14,22:00,Bangalore,23.9,79,14.2,1017.7,8.7,0,25,33.1,Mild,June,6,Saturday
2025-06-14,23:00,Chennai,26.7,90,16.0,1012.4,22.8,0,49,33.1,Warm,June,6,Saturday
2025-06-15,00:00,Hyderabad,31.0,78,15.7,1010.6,0.0,0,52,32.9,Warm,June,6,Sunday
2025-06-15,01:00,Mumbai,28.9,89,14.2,1016.3,18.9,0,43,32.9,Warm,June,6,Sunday
2025-06-15,02:00,Delhi,28.3,56,15.6,1012.5,0.0,0,126,32.9,Warm,June,6,Sunday
2025-06-15,03:00,Bangalore,27.7,86,19.5,1012.1,0.0,0,44,32.9,Warm,June,6,Sunday
2025-06-15,04:00,Chennai,32.1,79,9.7,1014.7,0.0,0,35,32.9,Warm,June,6,Sunday
2025-06-15,05:00,Hyderabad,36.1,73,15.7,1014.7,0.0,0,64,32.9,Hot,June,6,Sunday
2025-06-15,06:00,Mumbai,33.6,82,18.4,1003.5,0.0,0,53,32.9,Warm,June,6,Sunday
2025-06-15,07:00,Delhi,35.7,59,16.3,1010.4,0.0,1,134,32.9,Hot,June,6,Sunday
2025-06-15,08:00,Bangalore,32.4,81,8.5,1003.4,0.0,2,69,32.9,Warm,June,6,Sunday
2025-06-15,09:00,Chennai,37.0,83,14.8,1006.1,0.0,3,54,32.9,Hot,June,6,Sunday
2025-06-15,10:00,Hyderabad,42.3,72,10.5,1008.0,12.2,4,83,32.9,Hot,June,6,Sunday
2025-06-15,11:00,Mumbai,39.4,80,17.1,1009.0,0.0,6,51,32.9,Hot,June,6,Sunday
2025-06-15,12:00,Delhi,36.2,60,12.3,1008.2,0.0,7,109,32.9,Hot,June,6,Sunday
2025-06-15,13:00,Bangalore,37.4,70,9.4,1007.2,0.0,5,34,32.9,Hot,June,6,Sunday
2025-06-15,14:00,Chennai,36.8,79,16.5,1012.6,0.0,4,27,32.9,Hot,June,6,Sunday
2025-06-15,15:00,Hyderabad,36.5,77,12.6,1009.3,10.3,3,51,32.9,Hot,June,6,Sunday
2025-06-15,16:00,Mumbai,35.7,86,10.8,1008.2,0.0,2,45,32.9,Hot,June,6,Sunday
2025-06-15,17:00,Delhi,31.5,65,17.7,1013.3,11.8,0,148,32.9,Warm,June,6,Sunday
2025-06-15,18:00,Bangalore,31.0,79,10.8,1012.1,0.0,0,57,32.9,Warm,June,6,Sunday
2025-06-15,19:00,Chennai,28.0,94,16.7,1011.9,0.0,0,68,32.9,Warm,June,6,Sunday
2025-06-15,20:00,Hyderabad,29.2,82,13.0,1011.7,5.9,0,61,32.9,Warm,June,6,Sunday
2025-06-15,21:00,Mumbai,27.8,94,14.5,1008.5,9.5,0,46,32.9,Warm,June,6,Sunday
2025-06-15,22:00,Delhi,26.8,58,18.4,1010.3,0.0,0,99,32.9,Warm,June,6,Sunday
2025-06-15,23:00,Bangalore,28.0,81,16.1,1016.2,3.3,0,33,32.9,Warm,June,6,Sunday
2025-06-16,00:00,Chennai,29.1,93,9.9,1016.5,0.0,0,62,33.7,Warm,June,6,Monday
2025-06-16,01:00,Hyderabad,32.6,73,18.8,1017.2,0.0,0,61,33.7,Warm,June,6,Monday
2025-06-16,02:00,Mumbai,30.8,95,15.3,1010.4,0.0,0,67,33.7,Warm,June,6,Monday
2025-06-16,03:00,Delhi,27.1,77,18.8,1010.4,0.0,0,109,33.7,Warm,June,6,Monday
2025-06-16,04:00,Bangalore,29.6,80,12.5,1015.2,20.1,0,25,33.7,Warm,June,6,Monday
2025-06-16,05:00,Chennai,38.6,67,19.1,1013.2,0.0,0,47,33.7,Hot,June,6,Monday
2025-06-16,06:00,Hyderabad,34.3,72,17.6,1010.6,0.0,0,58,33.7,Warm,June,6,Monday
2025-06-16,07:00,Mumbai,36.8,83,12.7,1003.7,6.3,1,71,33.7,Hot,June,6,Monday
2025-06-16,08:00,Delhi,35.1,59,20.4,1010.2,0.0,3,133,33.7,Hot,June,6,Monday
2025-06-16,09:00,Bangalore,36.8,71,12.0,1007.8,0.0,3,52,33.7,Hot,June,6,Monday
2025-06-16,10:00,Chennai,41.4,75,15.6,1014.7,20.1,5,50,33.7,Hot,June,6,Monday
2025-06-16,11:00,Hyderabad,41.3,63,15.4,1006.5,0.0,5,61,33.7,Hot,June,6,Monday
2025-06-16,12:00,Mumbai,38.3,84,14.2,1006.8,0.0,7,65,33.7,Hot,June,6,Monday
2025-06-16,13:00,Delhi,35.7,61,11.4,1010.9,0.0,6,127,33.7,Hot,June,6,Monday
2025-06-16,14:00,Bangalore,32.5,70,13.9,1012.0,0.0,4,40,33.7,Warm,June,6,Monday
2025-06-16,15:00,Chennai,38.0,80,13.4,1014.1,21.6,4,60,33.7,Hot,June,6,Monday
2025-06-16,16:00,Hyderabad,37.1,74,15.9,1009.0,0.0,2,43,33.7,Hot,June,6,Monday
2025-06-16,17:00,Mumbai,32.6,92,11.7,1013.0,0.0,1,99,33.7,Warm,June,6,Monday
2025-06-16,18:00,Delhi,31.4,65,14.3,1010.1,0.0,0,137,33.7,Warm,June,6,Monday
2025-06-16,19:00,Bangalore,31.4,79,10.5,1012.4,0.0,0,51,33.7,Warm,June,6,Monday
2025-06-16,20:00,Chennai,30.5,80,13.1,1008.1,0.0,0,74,33.7,Warm,June,6,Monday
2025-06-16,21:00,Hyderabad,29.5,87,14.9,1014.5,0.0,0,53,33.7,Warm,June,6,Monday
2025-06-16,22:00,Mumbai,31.9,84,17.9,1010.0,1.2,0,55,33.7,Warm,June,6,Monday
2025-06-16,23:00,Delhi,27.2,70,9.5,1010.2,0.0,0,136,33.7,Warm,June,6,Monday
2025-06-17,00:00,Bangalore,26.7,78,17.2,1019.6,18.1,0,46,32.9,Warm,June,6,Tuesday
2025-06-17,01:00,Chennai,30.0,90,11.8,1005.4,0.0,0,59,32.9,Warm,June,6,Tuesday
2025-06-17,02:00,Hyderabad,32.5,71,12.4,1009.5,22.7,0,56,32.9,Warm,June,6,Tuesday
2025-06-17,03:00,Mumbai,29.8,100,12.0,1010.9,3.2,0,57,32.9,Warm,June,6,Tuesday
2025-06-17,04:00,Delhi,30.1,60,12.0,1012.6,19.7,0,132,32.9,Warm,June,6,Tuesday
2025-06-17,05:00,Bangalore,28.2,91,12.1,1019.2,0.0,0,65,32.9,Warm,June,6,Tuesday
2025-06-17,06:00,Chennai,35.5,80,19.2,1013.2,3.3,0,38,32.9,Hot,June,6,Tuesday
2025-06-17,07:00,Hyderabad,37.4,61,12.7,1012.7,0.0,1,81,32.9,Hot,June,6,Tuesday
2025-06-17,08:00,Mumbai,37.4,83,11.8,1013.6,0.0,2,55,32.9,Hot,June,6,Tuesday
2025-06-17,09:00,Delhi,35.7,60,16.0,1009.8,0.0,4,131,32.9,Hot,June,6,Tuesday
2025-06-17,10:00,Bangalore,37.8,70,13.8,1013.5,0.0,4,48,32.9,Hot,June,6,Tuesday
2025-06-17,11:00,Chennai,41.3,77,11.5,1014.4,0.0,5,58,32.9,Hot,June,6,Tuesday
2025-06-17,12:00,Hyderabad,39.0,60,11.8,1011.3,0.0,8,51,32.9,Hot,June,6,Tuesday
2025-06-17,13:00,Mumbai,38.2,73,15.1,1014.6,0.0,5,63,32.9,Hot,June,6,Tuesday
2025-06-17,14:00,Delhi,34.4,68,15.9,1008.3,22.0,4,109,32.9,Warm,June,6,Tuesday
2025-06-17,15:00,Bangalore,33.8,86,12.9,1013.5,0.9,3,26,32.9,Warm,June,6,Tuesday
2025-06-17,16:00,Chennai,37.3,90,15.7,1010.3,0.0,2,76,32.9,Hot,June,6,Tuesday
2025-06-17,17:00,Hyderabad,35.5,69,12.5,1011.7,11.6,2,75,32.9,Hot,June,6,Tuesday
2025-06-17,18:00,Mumbai,31.8,91,12.8,1015.1,0.0,0,85,32.9,Warm,June,6,Tuesday
2025-06-17,19:00,Delhi,25.5,64,11.3,1017.2,24.5,0,151,32.9,Warm,June,6,Tuesday
2025-06-17,20:00,Bangalore,23.1,76,13.2,1020.4,14.4,0,40,32.9,Mild,June,6,Tuesday
2025-06-17,21:00,Chennai,28.5,96,13.0,1012.1,0.0,0,61,32.9,Warm,June,6,Tuesday
2025-06-17,22:00,Hyderabad,30.2,66,14.4,1011.8,0.0,0,56,32.9,Warm,June,6,Tuesday
2025-06-17,23:00,Mumbai,29.3,93,16.8,1017.4,0.0,0,54,32.9,Warm,June,6,Tuesday
2025-06-18,00:00,Delhi,26.4,62,18.8,1014.4,14.1,0,108,33.3,Warm,June,6,Wednesday
2025-06-18,01:00,Bangalore,24.6,80,11.6,1016.3,0.0,0,29,33.3,Mild,June,6,Wednesday
2025-06-18,02:00,Chennai,30.7,84,10.7,1013.8,0.0,0,47,33.3,Warm,June,6,Wednesday
2025-06-18,03:00,Hyderabad,32.2,72,13.2,1014.0,10.1,0,51,33.3,Warm,June,6,Wednesday
2025-06-18,04:00,Mumbai,32.4,88,13.7,1011.3,0.0,0,85,33.3,Warm,June,6,Wednesday
2025-06-18,05:00,Delhi,30.2,64,17.9,1011.1,14.4,0,117,33.3,Warm,June,6,Wednesday
2025-06-18,06:00,Bangalore,30.3,77,17.0,1009.0,0.0,0,24,33.3,Warm,June,6,Wednesday
2025-06-18,07:00,Chennai,37.1,79,9.5,1011.8,0.0,1,71,33.3,Hot,June,6,Wednesday
2025-06-18,08:00,Hyderabad,39.8,65,14.1,1010.6,0.0,2,78,33.3,Hot,June,6,Wednesday
2025-06-18,09:00,Mumbai,40.6,77,22.3,1012.5,0.0,3,84,33.3,Hot,June,6,Wednesday
2025-06-18,10:00,Delhi,35.4,66,13.9,1015.6,0.0,5,160,33.3,Hot,June,6,Wednesday
2025-06-18,11:00,Bangalore,35.6,78,12.5,1013.5,1.3,6,46,33.3,Hot,June,6,Wednesday
2025-06-18,12:00,Chennai,40.1,80,13.3,1007.2,0.0,6,46,33.3,Hot,June,6,Wednesday
2025-06-18,13:00,Hyderabad,41.6,53,12.9,1019.9,3.9,6,41,33.3,Hot,June,6,Wednesday
2025-06-18,14:00,Mumbai,36.4,74,13.1,1011.8,0.0,5,83,33.3,Hot,June,6,Wednesday
2025-06-18,15:00,Delhi,34.0,59,14.6,1017.2,12.2,2,123,33.3,Warm,June,6,Wednesday
2025-06-18,16:00,Bangalore,32.8,70,13.3,1005.9,0.0,1,56,33.3,Warm,June,6,Wednesday
2025-06-18,17:00,Chennai,34.8,79,20.7,1009.9,0.0,0,48,33.3,Warm,June,6,Wednesday
2025-06-18,18:00,Hyderabad,36.5,74,15.6,1009.0,0.0,0,89,33.3,Hot,June,6,Wednesday
2025-06-18,19:00,Mumbai,31.0,90,18.1,1011.6,7.0,0,80,33.3,Warm,June,6,Wednesday
2025-06-18,20:00,Delhi,30.3,57,16.1,1016.8,0.0,0,157,33.3,Warm,June,6,Wednesday
2025-06-18,21:00,Bangalore,27.2,76,17.7,1010.8,3.4,0,40,33.3,Warm,June,6,Wednesday
2025-06-18,22:00,Chennai,30.1,86,14.5,1014.6,14.1,0,51,33.3,Warm,June,6,Wednesday
2025-06-18,23:00,Hyderabad,28.9,81,12.5,1010.6,0.0,0,62,33.3,Warm,June,6,Wednesday
2025-06-19,00:00,Mumbai,28.8,87,9.8,1007.5,0.0,0,77,32.9,Warm,June,6,Thursday
2025-06-19,01:00,Delhi,26.6,61,14.9,1014.8,0.0,0,125,32.9,Warm,June,6,Thursday
2025-06-19,02:00,Bangalore,24.0,89,10.0,1012.0,0.0,0,31,32.9,Mild,June,6,Thursday
2025-06-19,03:00,Chennai,31.8,86,13.3,1012.0,0.0,0,63,32.9,Warm,June,6,Thursday
2025-06-19,04:00,Hyderabad,33.4,69,15.5,1008.9,0.0,0,53,32.9,Warm,June,6,Thursday
2025-06-19,05:00,Mumbai,33.9,79,18.7,1014.8,0.0,0,50,32.9,Warm,June,6,Thursday
2025-06-19,06:00,Delhi,33.3,69,13.8,1010.4,0.0,0,125,32.9,Warm,June,6,Thursday
2025-06-19,07:00,Bangalore,30.6,82,16.9,1012.4,0.0,1,38,32.9,Warm,June,6,Thursday
2025-06-19,08:00,Chennai,37.7,88,14.0,1006.5,0.0,2,63,32.9,Hot,June,6,Thursday
2025-06-19,09:00,Hyderabad,41.2,67,15.9,1009.1,0.0,3,67,32.9,Hot,June,6,Thursday
2025-06-19,10:00,Mumbai,37.0,90,14.7,1013.8,0.0,4,95,32.9,Hot,June,6,Thursday
2025-06-19,11:00,Delhi,34.3,48,9.5,1008.7,0.0,6,121,32.9,Warm,June,6,Thursday
2025-06-19,12:00,Bangalore,36.7,65,17.3,1010.8,0.0,7,50,32.9,Hot,June,6,Thursday
2025-06-19,13:00,Chennai,38.8,75,13.7,1006.2,0.0,6,44,32.9,Hot,June,6,Thursday
2025-06-19,14:00,Hyderabad,39.6,63,15.3,1014.4,0.0,5,58,32.9,Hot,June,6,Thursday
2025-06-19,15:00,Mumbai,36.1,81,20.5,1012.0,0.0,3,50,32.9,Hot,June,6,Thursday
2025-06-19,16:00,Delhi,33.0,67,17.8,1014.5,0.0,2,106,32.9,Warm,June,6,Thursday
2025-06-19,17:00,Bangalore,31.1,81,19.0,1011.7,17.0,0,66,32.9,Warm,June,6,Thursday
2025-06-19,18:00,Chennai,34.7,81,13.5,1012.8,7.2,0,58,32.9,Warm,June,6,Thursday
2025-06-19,19:00,Hyderabad,33.6,73,12.7,1011.1,0.0,0,64,32.9,Warm,June,6,Thursday
2025-06-19,20:00,Mumbai,31.5,84,15.0,1012.7,14.8,0,117,32.9,Warm,June,6,Thursday
2025-06-19,21:00,Delhi,27.6,65,9.6,1010.5,21.2,0,117,32.9,Warm,June,6,Thursday
2025-06-19,22:00,Bangalore,23.8,88,10.6,1014.4,2.5,0,41,32.9,Mild,June,6,Thursday
2025-06-19,23:00,Chennai,31.0,88,11.6,1007.6,0.8,0,46,32.9,Warm,June,6,Thursday
2025-06-20,00:00,Hyderabad,32.1,75,15.4,1014.5,0.0,0,68,33.0,Warm,June,6,Friday
2025-06-20,01:00,Mumbai,30.0,93,13.6,1009.4,0.0,0,70,33.0,Warm,June,6,Friday
2025-06-20,02:00,Delhi,23.6,78,11.5,1016.5,0.0,0,117,33.0,Mild,June,6,Friday
2025-06-20,03:00,Bangalore,27.5,87,16.4,1012.5,19.5,0,44,33.0,Warm,June,6,Friday
2025-06-20,04:00,Chennai,33.4,84,15.1,1013.9,22.4,0,47,33.0,Warm,June,6,Friday
2025-06-20,05:00,Hyderabad,37.4,68,10.7,1015.1,2.1,0,30,33.0,Hot,June,6,Friday
2025-06-20,06:00,Mumbai,34.5,91,16.3,1012.3,0.0,0,59,33.0,Warm,June,6,Friday
2025-06-20,07:00,Delhi,35.5,52,15.1,1011.4,0.0,1,129,33.0,Hot,June,6,Friday
2025-06-20,08:00,Bangalore,34.2,78,10.9,1010.1,0.0,2,41,33.0,Warm,June,6,Friday
2025-06-20,09:00,Chennai,37.8,77,12.6,1012.0,3.6,3,71,33.0,Hot,June,6,Friday
2025-06-20,10:00,Hyderabad,38.2,65,15.6,1008.6,3.7,4,61,33.0,Hot,June,6,Friday
2025-06-20,11:00,Mumbai,38.4,81,11.1,1009.7,0.0,6,78,33.0,Hot,June,6,Friday
2025-06-20,12:00,Delhi,34.6,62,20.9,1013.5,0.0,7,105,33.0,Warm,June,6,Friday
2025-06-20,13:00,Bangalore,35.2,76,12.2,1007.6,0.0,6,29,33.0,Hot,June,6,Friday
2025-06-20,14:00,Chennai,37.6,79,13.7,1010.6,6.7,5,41,33.0,Hot,June,6,Friday
2025-06-20,15:00,Hyderabad,39.9,62,13.8,1004.4,0.0,3,39,33.0,Hot,June,6,Friday
2025-06-20,16:00,Mumbai,35.5,75,10.8,1014.4,0.0,3,52,33.0,Hot,June,6,Friday
2025-06-20,17:00,Delhi,29.4,68,14.4,1010.7,0.0,1,144,33.0,Warm,June,6,Friday
2025-06-20,18:00,Bangalore,30.8,84,12.6,1012.6,0.0,0,41,33.0,Warm,June,6,Friday
2025-06-20,19:00,Chennai,31.1,98,13.3,1013.7,0.0,0,74,33.0,Warm,June,6,Friday
2025-06-20,20:00,Hyderabad,34.2,65,15.4,1014.3,9.1,0,70,33.0,Warm,June,6,Friday
2025-06-20,21:00,Mumbai,32.6,87,15.4,1007.0,0.0,0,55,33.0,Warm,June,6,Friday
2025-06-20,22:00,Delhi,26.5,70,11.0,1014.2,20.3,0,127,33.0,Warm,June,6,Friday
2025-06-20,23:00,Bangalore,23.0,94,13.5,1018.5,0.0,0,46,33.0,Mild,June,6,Friday
2025-06-21,00:00,Chennai,31.3,93,13.4,1013.4,5.6,0,37,33.6,Warm,June,6,Saturday
2025-06-21,01:00,Hyderabad,33.9,62,13.6,1016.0,0.0,0,67,33.6,Warm,June,6,Saturday
2025-06-21,02:00,Mumbai,30.1,100,14.2,1013.0,18.7,0,70,33.6,Warm,June,6,Saturday
2025-06-21,03:00,Delhi,29.7,65,15.7,1017.0,0.0,0,145,33.6,Warm,June,6,Saturday
2025-06-21,04:00,Bangalore,29.9,83,14.2,1013.2,1.7,0,26,33.6,Warm,June,6,Saturday
2025-06-21,05:00,Chennai,34.7,83,6.7,1012.1,17.2,0,52,33.6,Warm,June,6,Saturday
2025-06-21,06:00,Hyderabad,37.4,64,13.4,1009.3,8.1,0,45,33.6,Hot,June,6,Saturday
2025-06-21,07:00,Mumbai,37.9,83,15.0,1003.8,0.0,1,45,33.6,Hot,June,6,Saturday
2025-06-21,08:00,Delhi,32.7,57,16.9,1009.1,0.0,2,139,33.6,Warm,June,6,Saturday
2025-06-21,09:00,Bangalore,34.9,83,14.3,1010.4,0.0,3,66,33.6,Warm,June,6,Saturday
2025-06-21,10:00,Chennai,39.0,72,15.0,1003.4,0.0,5,67,33.6,Hot,June,6,Saturday
2025-06-21,11:00,Hyderabad,42.7,60,12.8,1009.8,0.0,6,69,33.6,Hot,June,6,Saturday
2025-06-21,12:00,Mumbai,39.8,90,18.0,1006.4,0.0,7,83,33.6,Hot,June,6,Saturday
2025-06-21,13:00,Delhi,31.2,63,14.6,1014.7,0.0,5,145,33.6,Warm,June,6,Saturday
2025-06-21,14:00,Bangalore,32.6,74,17.5,1010.2,16.6,4,34,33.6,Warm,June,6,Saturday
2025-06-21,15:00,Chennai,39.3,74,16.6,1006.3,24.6,4,32,33.6,Hot,June,6,Saturday
2025-06-21,16:00,Hyderabad,37.6,72,9.6,1006.5,0.0,3,55,33.6,Hot,June,6,Saturday
2025-06-21,17:00,Mumbai,33.2,85,10.3,1013.8,0.0,1,82,33.6,Warm,June,6,Saturday
2025-06-21,18:00,Delhi,31.1,70,17.2,1007.1,24.9,0,143,33.6,Warm,June,6,Saturday
2025-06-21,19:00,Bangalore,29.4,78,17.0,1015.2,0.0,0,50,33.6,Warm,June,6,Saturday
2025-06-21,20:00,Chennai,30.9,75,15.7,1017.4,0.0,0,56,33.6,Warm,June,6,Saturday
2025-06-21,21:00,Hyderabad,33.2,80,7.8,1012.2,0.0,0,71,33.6,Warm,June,6,Saturday
2025-06-21,22:00,Mumbai,28.9,86,12.7,1013.7,0.0,0,95,33.6,Warm,June,6,Saturday
2025-06-21,23:00,Delhi,25.8,67,16.0,1017.9,0.0,0,139,33.6,Warm,June,6,Saturday
2025-06-22,00:00,Bangalore,22.4,93,11.4,1016.5,0.0,0,59,33.4,Mild,June,6,Sunday
2025-06-22,01:00,Chennai,32.5,88,11.0,1016.6,3.5,0,67,33.4,Warm,June,6,Sunday
2025-06-22,02:00,Hyderabad,34.8,72,10.5,1009.4,0.0,0,48,33.4,Warm,June,6,Sunday
2025-06-22,03:00,Mumbai,32.8,86,15.9,1008.3,0.0,0,54,33.4,Warm,June,6,Sunday
2025-06-22,04:00,Delhi,30.7,66,18.3,1012.2,0.0,0,149,33.4,Warm,June,6,Sunday
2025-06-22,05:00,Bangalore,30.1,76,12.7,1011.2,0.0,0,28,33.4,Warm,June,6,Sunday
2025-06-22,06:00,Chennai,37.8,85,8.1,1015.2,0.0,0,58,33.4,Hot,June,6,Sunday
2025-06-22,07:00,Hyderabad,36.2,64,14.6,1011.4,0.0,1,57,33.4,Hot,June,6,Sunday
2025-06-22,08:00,Mumbai,38.6,83,19.4,1009.0,0.0,2,74,33.4,Hot,June,6,Sunday
2025-06-22,09:00,Delhi,35.1,62,17.6,1013.2,6.5,3,160,33.4,Hot,June,6,Sunday
2025-06-22,10:00,Bangalore,33.5,72,14.8,1012.9,1.3,4,40,33.4,Warm,June,6,Sunday
2025-06-22,11:00,Chennai,39.4,77,16.7,1006.6,0.0,5,48,33.4,Hot,June,6,Sunday
2025-06-22,12:00,Hyderabad,39.3,56,18.7,1007.3,0.0,6,56,33.4,Hot,June,6,Sunday
2025-06-22,13:00,Mumbai,39.4,81,13.8,1012.5,16.9,6,60,33.4,Hot,June,6,Sunday
2025-06-22,14:00,Delhi,33.1,57,8.5,1015.4,0.0,4,136,33.4,Warm,June,6,Sunday
2025-06-22,15:00,Bangalore,31.9,76,22.3,1016.5,0.0,3,38,33.4,Warm,June,6,Sunday
2025-06-22,16:00,Chennai,36.4,84,13.6,1008.1,12.1,3,56,33.4,Hot,June,6,Sunday
2025-06-22,17:00,Hyderabad,37.1,68,15.9,1011.2,0.0,1,81,33.4,Hot,June,6,Sunday
2025-06-22,18:00,Mumbai,32.0,85,16.5,1018.6,0.0,0,89,33.4,Warm,June,6,Sunday
2025-06-22,19:00,Delhi,28.3,66,14.1,1015.7,0.0,0,154,33.4,Warm,June,6,Sunday
2025-06-22,20:00,Bangalore,27.3,82,15.9,1010.9,0.0,0,72,33.4,Warm,June,6,Sunday
2025-06-22,21:00,Chennai,32.3,81,11.3,1014.2,9.6,0,39,33.4,Warm,June,6,Sunday
2025-06-22,22:00,Hyderabad,30.2,74,19.8,1007.7,4.7,0,45,33.4,Warm,June,6,Sunday
2025-06-22,23:00,Mumbai,30.3,96,14.2,1010.6,0.0,0,59,33.4,Warm,June,6,Sunday
2025-06-23,00:00,Delhi,29.9,67,9.3,1008.8,0.0,0,133,33.4,Warm,June,6,Monday
2025-06-23,01:00,Bangalore,22.6,85,14.9,1014.4,0.0,0,40,33.4,Mild,June,6,Monday
2025-06-23,02:00,Chennai,31.9,86,18.1,1009.8,0.0,0,48,33.4,Warm,June,6,Monday
2025-06-23,03:00,Hyderabad,34.7,73,12.8,1007.7,0.0,0,47,33.4,Warm,June,6,Monday
2025-06-23,04:00,Mumbai,30.8,95,11.5,1014.5,0.0,0,76,33.4,Warm,June,6,Monday
2025-06-23,05:00,Delhi,30.3,62,13.2,1014.0,17.9,0,123,33.4,Warm,June,6,Monday
2025-06-23,06:00,Bangalore,32.8,78,15.8,1006.8,0.0,0,37,33.4,Warm,June,6,Monday
2025-06-23,07:00,Chennai,37.7,84,16.1,1009.6,15.6,1,40,33.4,Hot,June,6,Monday
2025-06-23,08:00,Hyderabad,41.3,60,12.6,1010.2,0.0,1,72,33.4,Hot,June,6,Monday
2025-06-23,09:00,Mumbai,37.9,90,6.8,1012.2,14.2,3,75,33.4,Hot,June,6,Monday
2025-06-23,10:00,Delhi,35.2,60,11.7,1012.4,0.0,4,170,33.4,Hot,June,6,Monday
2025-06-23,11:00,Bangalore,34.7,72,14.6,1009.9,0.0,5,52,33.4,Warm,June,6,Monday
2025-06-23,12:00,Chennai,39.4,78,14.6,1007.7,0.0,7,54,33.4,Hot,June,6,Monday
2025-06-23,13:00,Hyderabad,41.2,67,10.4,1004.8,23.7,6,50,33.4,Hot,June,6,Monday
2025-06-23,14:00,Mumbai,36.2,86,16.0,1010.1,0.0,4,87,33.4,Hot,June,6,Monday
2025-06-23,15:00,Delhi,32.8,63,15.3,1015.6,0.0,3,127,33.4,Warm,June,6,Monday
2025-06-23,16:00,Bangalore,32.2,70,15.7,1017.4,0.0,2,35,33.4,Warm,June,6,Monday
2025-06-23,17:00,Chennai,35.8,82,14.1,1007.0,0.0,0,73,33.4,Hot,June,6,Monday
2025-06-23,18:00,Hyderabad,36.0,71,13.0,1010.5,0.0,0,47,33.4,Hot,June,6,Monday
2025-06-23,19:00,Mumbai,33.3,84,12.1,1014.7,8.4,0,96,33.4,Warm,June,6,Monday
2025-06-23,20:00,Delhi,27.3,66,20.0,1012.1,3.0,0,135,33.4,Warm,June,6,Monday
2025-06-23,21:00,Bangalore,27.4,81,15.6,1012.1,0.0,0,43,33.4,Warm,June,6,Monday
2025-06-23,22:00,Chennai,31.7,87,15.6,1012.4,1.1,0,49,33.4,Warm,June,6,Monday
2025-06-23,23:00,Hyderabad,29.2,86,14.1,1011.0,0.0,0,39,33.4,Warm,June,6,Monday
2025-06-24,00:00,Mumbai,29.0,88,8.8,1014.8,0.0,0,85,33.0,Warm,June,6,Tuesday
2025-06-24,01:00,Delhi,26.3,75,19.8,1018.1,0.0,0,128,33.0,Warm,June,6,Tuesday
2025-06-24,02:00,Bangalore,26.2,79,8.3,1017.2,0.0,0,28,33.0,Warm,June,6,Tuesday
2025-06-24,03:00,Chennai,33.8,84,11.5,1011.9,7.0,0,73,33.0,Warm,June,6,Tuesday
2025-06-24,04:00,Hyderabad,34.6,83,11.5,1013.7,11.7,0,69,33.0,Warm,June,6,Tuesday
2025-06-24,05:00,Mumbai,34.8,84,18.7,1010.3,0.0,0,63,33.0,Warm,June,6,Tuesday
2025-06-24,06:00,Delhi,33.6,64,18.5,1017.6,0.0,0,125,33.0,Warm,June,6,Tuesday
2025-06-24,07:00,Bangalore,32.9,79,12.3,1014.2,15.3,1,24,33.0,Warm,June,6,Tuesday
2025-06-24,08:00,Chennai,40.1,79,13.4,1004.8,20.9,2,53,33.0,Hot,June,6,Tuesday
2025-06-24,09:00,Hyderabad,39.6,60,17.6,1014.1,0.0,4,74,33.0,Hot,June,6,Tuesday
2025-06-24,10:00,Mumbai,35.2,81,11.4,1008.0,23.0,4,50,33.0,Hot,June,6,Tuesday
2025-06-24,11:00,Delhi,36.7,56,15.9,1010.9,0.0,6,119,33.0,Hot,June,6,Tuesday
2025-06-24,12:00,Bangalore,33.1,83,19.7,1015.5,0.0,7,30,33.0,Warm,June,6,Tuesday
2025-06-24,13:00,Chennai,38.2,72,9.4,1011.6,0.0,6,53,33.0,Hot,June,6,Tuesday
2025-06-24,14:00,Hyderabad,40.9,68,13.4,1009.6,6.4,5,50,33.0,Hot,June,6,Tuesday
2025-06-24,15:00,Mumbai,34.4,84,19.1,1011.9,0.0,3,54,33.0,Warm,June,6,Tuesday
2025-06-24,16:00,Delhi,33.2,53,11.6,1018.0,24.8,2,154,33.0,Warm,June,6,Tuesday
2025-06-24,17:00,Bangalore,28.9,87,12.6,1018.0,0.0,1,64,33.0,Warm,June,6,Tuesday
2025-06-24,18:00,Chennai,34.2,78,11.0,1012.9,0.0,0,64,33.0,Warm,June,6,Tuesday
2025-06-24,19:00,Hyderabad,32.4,65,19.3,1011.9,17.7,0,70,33.0,Warm,June,6,Tuesday
2025-06-24,20:00,Mumbai,29.3,95,13.4,1013.2,0.0,0,100,33.0,Warm,June,6,Tuesday
2025-06-24,21:00,Delhi,27.9,69,6.1,1011.1,0.0,0,140,33.0,Warm,June,6,Tuesday
2025-06-24,22:00,Bangalore,24.8,85,13.6,1014.8,0.0,0,20,33.0,Mild,June,6,Tuesday
2025-06-24,23:00,Chennai,30.9,86,14.3,1010.7,0.0,0,40,33.0,Warm,June,6,Tuesday
2025-06-25,00:00,Hyderabad,30.3,80,14.2,1012.5,0.0,0,67,33.2,Warm,June,6,Wednesday
2025-06-25,01:00,Mumbai,31.4,93,10.8,1010.9,0.0,0,67,33.2,Warm,June,6,Wednesday
2025-06-25,02:00,Delhi,29.7,68,12.8,1017.1,0.0,0,113,33.2,Warm,June,6,Wednesday
2025-06-25,03:00,Bangalore,27.2,75,14.1,1010.4,0.0,0,43,33.2,Warm,June,6,Wednesday
2025-06-25,04:00,Chennai,33.0,94,18.0,1010.7,19.6,0,60,33.2,Warm,June,6,Wednesday
2025-06-25,05:00,Hyderabad,36.6,66,11.8,1006.6,0.0,0,43,33.2,Hot,June,6,Wednesday
2025-06-25,06:00,Mumbai,33.0,90,16.3,1007.6,0.0,0,50,33.2,Warm,June,6,Wednesday
2025-06-25,07:00,Delhi,33.3,69,17.2,1011.9,0.0,1,117,33.2,Warm,June,6,Wednesday
2025-06-25,08:00,Bangalore,34.2,74,7.8,1012.0,14.7,2,29,33.2,Warm,June,6,Wednesday
2025-06-25,09:00,Chennai,36.5,89,8.2,1009.6,11.6,3,79,33.2,Hot,June,6,Wednesday
2025-06-25,10:00,Hyderabad,39.5,70,12.1,1016.1,0.0,5,50,33.2,Hot,June,6,Wednesday
2025-06-25,11:00,Mumbai,38.1,83,12.4,1006.2,5.9,5,67,33.2,Hot,June,6,Wednesday
2025-06-25,12:00,Delhi,33.0,65,13.9,1006.6,0.0,7,125,33.2,Warm,June,6,Wednesday
2025-06-25,13:00,Bangalore,36.3,77,13.0,1009.1,0.0,5,36,33.2,Hot,June,6,Wednesday
2025-06-25,14:00,Chennai,36.6,91,15.8,1009.9,0.0,4,39,33.2,Hot,June,6,Wednesday
2025-06-25,15:00,Hyderabad,38.4,64,13.9,1009.2,0.0,3,56,33.2,Hot,June,6,Wednesday
2025-06-25,16:00,Mumbai,35.2,81,14.4,1015.6,0.0,1,35,33.2,Hot,June,6,Wednesday
2025-06-25,17:00,Delhi,31.2,68,23.7,1011.9,0.0,1,110,33.2,Warm,June,6,Wednesday
2025-06-25,18:00,Bangalore,29.5,89,17.8,1011.9,0.0,0,54,33.2,Warm,June,6,Wednesday
2025-06-25,19:00,Chennai,32.4,82,13.9,1010.8,17.8,0,61,33.2,Warm,June,6,Wednesday
2025-06-25,20:00,Hyderabad,32.3,73,16.5,1010.6,0.0,0,54,33.2,Warm,June,6,Wednesday
2025-06-25,21:00,Mumbai,33.3,83,18.4,1011.7,0.0,0,56,33.2,Warm,June,6,Wednesday
2025-06-25,22:00,Delhi,29.5,62,12.8,1010.4,11.5,0,118,33.2,Warm,June,6,Wednesday
2025-06-25,23:00,Bangalore,27.0,81,15.3,1012.7,0.0,0,35,33.2,Warm,June,6,Wednesday
2025-06-26,00:00,Chennai,30.9,88,15.6,1014.4,0.0,0,44,33.9,Warm,June,6,Thursday
2025-06-26,01:00,Hyderabad,34.2,71,14.7,1011.9,0.0,0,66,33.9,Warm,June,6,Thursday
2025-06-26,02:00,Mumbai,29.4,76,22.2,1015.4,10.3,0,60,33.9,Warm,June,6,Thursday
2025-06-26,03:00,Delhi,28.6,62,15.3,1018.3,0.0,0,116,33.9,Warm,June,6,Thursday
2025-06-26,04:00,Bangalore,29.5,71,15.4,1014.3,0.0,0,40,33.9,Warm,June,6,Thursday
2025-06-26,05:00,Chennai,37.2,88,16.4,1006.0,0.0,0,52,33.9,Hot,June,6,Thursday
2025-06-26,06:00,Hyderabad,38.0,64,11.2,1011.8,0.0,0,60,33.9,Hot,June,6,Thursday
2025-06-26,07:00,Mumbai,39.1,81,11.6,1006.7,7.5,0,73,33.9,Hot,June,6,Thursday
2025-06-26,08:00,Delhi,34.5,61,13.9,1014.5,0.0,2,149,33.9,Warm,June,6,Thursday
2025-06-26,09:00,Bangalore,35.4,79,13.1,1008.3,0.0,2,56,33.9,Hot,June,6,Thursday
2025-06-26,10:00,Chennai,40.2,75,14.6,1007.8,10.3,5,63,33.9,Hot,June,6,Thursday
2025-06-26,11:00,Hyderabad,40.0,64,14.4,1009.3,0.0,5,33,33.9,Hot,June,6,Thursday
2025-06-26,12:00,Mumbai,38.1,86,11.0,1005.9,24.0,7,55,33.9,Hot,June,6,Thursday
2025-06-26,13:00,Delhi,36.2,66,16.3,1014.3,0.0,5,127,33.9,Hot,June,6,Thursday
2025-06-26,14:00,Bangalore,35.6,80,18.2,1012.3,0.0,5,42,33.9,Hot,June,6,Thursday
2025-06-26,15:00,Chennai,39.6,78,14.5,1011.0,0.0,3,59,33.9,Hot,June,6,Thursday
2025-06-26,16:00,Hyderabad,38.8,69,12.2,1010.6,4.6,3,62,33.9,Hot,June,6,Thursday
2025-06-26,17:00,Mumbai,33.5,79,15.7,1008.3,0.0,1,63,33.9,Warm,June,6,Thursday
2025-06-26,18:00,Delhi,31.5,73,14.9,1008.5,21.3,0,153,33.9,Warm,June,6,Thursday
2025-06-26,19:00,Bangalore,29.3,90,15.0,1013.5,0.0,0,65,33.9,Warm,June,6,Thursday
2025-06-26,20:00,Chennai,30.2,84,11.3,1012.3,7.2,0,77,33.9,Warm,June,6,Thursday
2025-06-26,21:00,Hyderabad,30.0,72,7.9,1011.4,0.0,0,76,33.9,Warm,June,6,Thursday
2025-06-26,22:00,Mumbai,27.4,95,14.7,1016.2,0.0,0,79,33.9,Warm,June,6,Thursday
2025-06-26,23:00,Delhi,26.0,67,22.9,1019.1,0.0,0,121,33.9,Warm,June,6,Thursday
2025-06-27,00:00,Bangalore,24.9,82,17.0,1011.4,18.5,0,46,33.6,Mild,June,6,Friday
2025-06-27,01:00,Chennai,30.4,92,15.7,1010.3,0.0,0,62,33.6,Warm,June,6,Friday
2025-06-27,02:00,Hyderabad,32.6,74,11.9,1014.6,0.0,0,68,33.6,Warm,June,6,Friday
2025-06-27,03:00,Mumbai,32.9,87,10.8,1012.9,0.0,0,64,33.6,Warm,June,6,Friday
2025-06-27,04:00,Delhi,31.4,67,12.7,1007.5,0.0,0,132,33.6,Warm,June,6,Friday
2025-06-27,05:00,Bangalore,29.8,84,8.9,1014.1,10.9,0,50,33.6,Warm,June,6,Friday
2025-06-27,06:00,Chennai,37.9,76,14.0,1013.9,13.1,0,51,33.6,Hot,June,6,Friday
2025-06-27,07:00,Hyderabad,37.7,69,12.4,1006.8,0.0,1,55,33.6,Hot,June,6,Friday
2025-06-27,08:00,Mumbai,36.8,84,14.1,1012.1,0.0,2,82,33.6,Hot,June,6,Friday
2025-06-27,09:00,Delhi,35.1,54,17.1,1011.0,17.3,3,151,33.6,Hot,June,6,Friday
2025-06-27,10:00,Bangalore,34.4,74,17.2,1015.6,0.0,4,64,33.6,Warm,June,6,Friday
2025-06-27,11:00,Chennai,41.5,79,15.4,1011.9,0.0,6,39,33.6,Hot,June,6,Friday
2025-06-27,12:00,Hyderabad,40.3,74,13.5,1009.2,0.0,8,69,33.6,Hot,June,6,Friday
2025-06-27,13:00,Mumbai,39.8,88,13.5,1010.0,0.0,6,70,33.6,Hot,June,6,Friday
2025-06-27,14:00,Delhi,34.2,67,14.0,1011.2,0.0,4,130,33.6,Warm,June,6,Friday
2025-06-27,15:00,Bangalore,33.0,70,14.6,1011.9,0.0,3,48,33.6,Warm,June,6,Friday
2025-06-27,16:00,Chennai,36.6,77,15.7,1008.8,0.0,2,44,33.6,Hot,June,6,Friday
2025-06-27,17:00,Hyderabad,33.9,71,15.2,1019.5,23.2,1,69,33.6,Warm,June,6,Friday
2025-06-27,18:00,Mumbai,33.1,86,13.1,1015.1,18.2,0,83,33.6,Warm,June,6,Friday
2025-06-27,19:00,Delhi,28.5,63,16.0,1008.9,0.0,0,143,33.6,Warm,June,6,Friday
2025-06-27,20:00,Bangalore,26.7,90,14.6,1015.1,0.0,0,67,33.6,Warm,June,6,Friday
2025-06-27,21:00,Chennai,33.5,74,15.2,1012.8,0.0,0,36,33.6,Warm,June,6,Friday
2025-06-27,22:00,Hyderabad,30.1,68,15.7,1010.9,15.0,0,44,33.6,Warm,June,6,Friday
2025-06-27,23:00,Mumbai,32.2,96,13.6,1012.2,9.7,0,85,33.6,Warm,June,6,Friday
2025-06-28,00:00,Delhi,25.2,62,13.8,1010.0,7.1,0,120,33.0,Warm,June,6,Saturday
2025-06-28,01:00,Bangalore,26.0,83,12.0,1012.3,0.0,0,67,33.0,Warm,June,6,Saturday
2025-06-28,02:00,Chennai,31.8,84,15.6,1011.3,0.0,0,53,33.0,Warm,June,6,Saturday
2025-06-28,03:00,Hyderabad,31.4,74,17.2,1008.1,0.0,0,64,33.0,Warm,June,6,Saturday
2025-06-28,04:00,Mumbai,33.5,79,10.5,1013.2,0.0,0,81,33.0,Warm,June,6,Saturday
2025-06-28,05:00,Delhi,29.4,71,14.1,1010.3,0.0,0,142,33.0,Warm,June,6,Saturday
2025-06-28,06:00,Bangalore,29.3,82,16.7,1014.0,18.1,0,39,33.0,Warm,June,6,Saturday
2025-06-28,07:00,Chennai,37.2,89,11.9,1010.6,0.0,0,60,33.0,Hot,June,6,Saturday
2025-06-28,08:00,Hyderabad,39.4,68,12.6,1012.0,0.0,1,63,33.0,Hot,June,6,Saturday
2025-06-28,09:00,Mumbai,37.9,84,12.4,1012.2,11.1,3,77,33.0,Hot,June,6,Saturday
2025-06-28,10:00,Delhi,37.5,64,18.4,1012.4,0.0,4,135,33.0,Hot,June,6,Saturday
2025-06-28,11:00,Bangalore,33.4,76,10.8,1013.6,0.0,6,39,33.0,Warm,June,6,Saturday
2025-06-28,12:00,Chennai,39.9,83,14.3,1015.6,0.0,6,49,33.0,Hot,June,6,Saturday
2025-06-28,13:00,Hyderabad,41.0,61,12.5,1005.6,0.0,6,53,33.0,Hot,June,6,Saturday
2025-06-28,14:00,Mumbai,38.2,73,17.6,1015.3,0.0,4,90,33.0,Hot,June,6,Saturday
2025-06-28,15:00,Delhi,30.0,65,19.9,1013.3,0.0,4,105,33.0,Warm,June,6,Saturday
2025-06-28,16:00,Bangalore,28.1,80,8.7,1014.1,0.0,2,33,33.0,Warm,June,6,Saturday
2025-06-28,17:00,Chennai,37.3,85,12.4,1018.7,18.2,1,75,33.0,Hot,June,6,Saturday
2025-06-28,18:00,Hyderabad,35.6,70,14.0,1014.6,18.1,0,61,33.0,Hot,June,6,Saturday
2025-06-28,19:00,Mumbai,35.0,85,16.8,1013.0,0.0,0,65,33.0,Hot,June,6,Saturday
2025-06-28,20:00,Delhi,27.4,68,11.4,1017.3,11.2,0,157,33.0,Warm,June,6,Saturday
2025-06-28,21:00,Bangalore,27.1,80,17.2,1012.1,0.0,0,27,33.0,Warm,June,6,Saturday
2025-06-28,22:00,Chennai,29.1,83,14.8,1012.6,11.4,0,60,33.0,Warm,June,6,Saturday
2025-06-28,23:00,Hyderabad,30.8,76,13.7,1014.2,0.0,0,74,33.0,Warm,June,6,Saturday
2025-06-29,00:00,Mumbai,29.5,83,11.8,1015.4,0.0,0,102,33.3,Warm,June,6,Sunday
2025-06-29,01:00,Delhi,25.2,56,9.8,1016.3,0.0,0,160,33.3,Warm,June,6,Sunday
2025-06-29,02:00,Bangalore,26.1,79,12.9,1017.0,3.9,0,31,33.3,Warm,June,6,Sunday
2025-06-29,03:00,Chennai,31.7,100,13.4,1014.9,0.0,0,31,33.3,Warm,June,6,Sunday
2025-06-29,04:00,Hyderabad,35.9,68,15.2,1017.6,0.0,0,32,33.3,Hot,June,6,Sunday
2025-06-29,05:00,Mumbai,34.7,83,18.6,1016.6,0.0,0,91,33.3,Warm,June,6,Sunday
2025-06-29,06:00,Delhi,33.6,54,14.9,1010.8,8.0,0,126,33.3,Warm,June,6,Sunday
2025-06-29,07:00,Bangalore,33.9,78,15.2,1010.2,5.4,0,23,33.3,Warm,June,6,Sunday
2025-06-29,08:00,Chennai,39.3,84,7.8,1008.8,10.4,1,59,33.3,Hot,June,6,Sunday
2025-06-29,09:00,Hyderabad,39.3,57,15.6,1005.0,0.0,4,83,33.3,Hot,June,6,Sunday
2025-06-29,10:00,Mumbai,40.6,83,18.5,1004.0,0.0,4,59,33.3,Hot,June,6,Sunday
2025-06-29,11:00,Delhi,36.1,64,14.9,1015.3,0.0,6,114,33.3,Hot,June,6,Sunday
2025-06-29,12:00,Bangalore,33.5,72,13.8,1010.3,0.0,7,64,33.3,Warm,June,6,Sunday
2025-06-29,13:00,Chennai,40.9,84,19.1,1008.9,23.5,5,62,33.3,Hot,June,6,Sunday
2025-06-29,14:00,Hyderabad,38.5,63,13.2,1017.1,0.0,5,45,33.3,Hot,June,6,Sunday
2025-06-29,15:00,Mumbai,36.0,91,12.1,1011.3,0.0,3,75,33.3,Hot,June,6,Sunday
2025-06-29,16:00,Delhi,34.1,57,13.5,1013.8,2.1,2,128,33.3,Warm,June,6,Sunday
2025-06-29,17:00,Bangalore,32.1,80,10.6,1014.6,0.0,0,55,33.3,Warm,June,6,Sunday
2025-06-29,18:00,Chennai,32.7,85,7.3,1013.0,0.0,0,55,33.3,Warm,June,6,Sunday
2025-06-29,19:00,Hyderabad,33.9,74,7.3,1011.8,23.6,0,54,33.3,Warm,June,6,Sunday
2025-06-29,20:00,Mumbai,30.1,81,14.7,1014.5,0.0,0,77,33.3,Warm,June,6,Sunday
2025-06-29,21:00,Delhi,26.9,67,14.3,1017.4,0.0,0,124,33.3,Warm,June,6,Sunday
2025-06-29,22:00,Bangalore,25.9,78,18.3,1016.6,0.0,0,35,33.3,Warm,June,6,Sunday
2025-06-29,23:00,Chennai,29.0,90,18.2,1009.8,0.0,0,69,33.3,Warm,June,6,Sunday
2025-06-30,00:00,Hyderabad,33.3,70,11.3,1012.3,0.0,0,61,33.4,Warm,June,6,Monday
2025-06-30,01:00,Mumbai,32.1,94,9.5,1008.2,0.0,0,70,33.4,Warm,June,6,Monday
2025-06-30,02:00,Delhi,28.6,67,12.5,1015.8,0.0,0,130,33.4,Warm,June,6,Monday
2025-06-30,03:00,Bangalore,30.9,79,11.9,1009.1,8.7,0,23,33.4,Warm,June,6,Monday
2025-06-30,04:00,Chennai,35.1,81,16.2,1010.1,6.4,0,52,33.4,Hot,June,6,Monday
2025-06-30,05:00,Hyderabad,31.9,71,16.4,1015.5,0.0,0,47,33.4,Warm,June,6,Monday
2025-06-30,06:00,Mumbai,35.4,82,11.1,1009.8,0.0,0,65,33.4,Hot,June,6,Monday
2025-06-30,07:00,Delhi,34.6,64,17.7,1010.9,0.0,0,137,33.4,Warm,June,6,Monday
2025-06-30,08:00,Bangalore,31.5,71,10.5,1015.1,9.8,2,31,33.4,Warm,June,6,Monday
2025-06-30,09:00,Chennai,39.1,81,16.4,1009.7,0.0,4,53,33.4,Hot,June,6,Monday
2025-06-30,10:00,Hyderabad,38.5,71,15.3,1015.0,0.0,5,77,33.4,Hot,June,6,Monday
2025-06-30,11:00,Mumbai,39.0,89,12.0,1013.0,0.0,6,68,33.4,Hot,June,6,Monday
2025-06-30,12:00,Delhi,35.0,62,13.0,1009.4,0.0,7,109,33.4,Hot,June,6,Monday
2025-06-30,13:00,Bangalore,34.1,79,13.5,1015.2,13.9,5,43,33.4,Warm,June,6,Monday
2025-06-30,14:00,Chennai,40.1,85,15.2,1017.4,0.0,5,51,33.4,Hot,June,6,Monday
2025-06-30,15:00,Hyderabad,38.1,62,18.3,1013.3,5.7,3,66,33.4,Hot,June,6,Monday
2025-06-30,16:00,Mumbai,38.7,86,3.8,1007.2,16.9,2,61,33.4,Hot,June,6,Monday
2025-06-30,17:00,Delhi,31.2,69,15.0,1010.9,0.0,1,142,33.4,Warm,June,6,Monday
2025-06-30,18:00,Bangalore,27.8,82,14.1,1012.5,9.6,0,43,33.4,Warm,June,6,Monday
2025-06-30,19:00,Chennai,30.8,93,8.4,1009.6,12.4,0,49,33.4,Warm,June,6,Monday
2025-06-30,20:00,Hyderabad,31.5,70,16.1,1014.6,0.0,0,63,33.4,Warm,June,6,Monday
2025-06-30,21:00,Mumbai,29.5,85,10.1,1011.5,0.0,0,61,33.4,Warm,June,6,Monday
2025-06-30,22:00,Delhi,27.4,74,10.3,1016.9,0.0,0,115,33.4,Warm,June,6,Monday
2025-06-30,23:00,Bangalore,27.1,79,18.0,1018.2,0.0,0,57,33.4,Warm,June,6,Monday
2025-07-01,00:00,Chennai,32.8,95,11.7,1012.8,0.0,0,32,33.6,Warm,July,7,Tuesday
2025-07-01,01:00,Hyderabad,31.7,71,13.2,1011.4,15.8,0,59,33.6,Warm,July,7,Tuesday
2025-07-01,02:00,Mumbai,32.0,93,12.1,1011.8,5.2,0,54,33.6,Warm,July,7,Tuesday
2025-07-01,03:00,Delhi,28.9,58,11.1,1013.8,0.0,0,124,33.6,Warm,July,7,Tuesday
2025-07-01,04:00,Bangalore,29.6,71,13.6,1017.8,18.2,0,62,33.6,Warm,July,7,Tuesday
2025-07-01,05:00,Chennai,34.4,81,13.8,1010.4,24.8,0,57,33.6,Warm,July,7,Tuesday
2025-07-01,06:00,Hyderabad,36.3,69,12.2,1012.7,16.1,0,55,33.6,Hot,July,7,Tuesday
2025-07-01,07:00,Mumbai,36.6,84,15.9,1009.9,0.0,0,50,33.6,Hot,July,7,Tuesday
2025-07-01,08:00,Delhi,36.6,62,16.9,1009.4,0.0,2,135,33.6,Hot,July,7,Tuesday
2025-07-01,09:00,Bangalore,36.9,71,12.6,1015.3,3.9,4,54,33.6,Hot,July,7,Tuesday
2025-07-01,10:00,Chennai,39.9,73,12.7,1015.1,7.6,4,97,33.6,Hot,July,7,Tuesday
2025-07-01,11:00,Hyderabad,40.0,66,17.5,1009.2,19.2,6,41,33.6,Hot,July,7,Tuesday
2025-07-01,12:00,Mumbai,37.6,88,12.0,1009.1,20.5,7,69,33.6,Hot,July,7,Tuesday
2025-07-01,13:00,Delhi,35.7,63,14.3,1015.3,2.2,6,125,33.6,Hot,July,7,Tuesday
2025-07-01,14:00,Bangalore,34.1,73,12.6,1015.8,0.0,4,54,33.6,Warm,July,7,Tuesday
2025-07-01,15:00,Chennai,38.0,79,13.8,1008.3,0.0,3,53,33.6,Hot,July,7,Tuesday
2025-07-01,16:00,Hyderabad,37.8,62,12.0,1011.2,16.8,2,59,33.6,Hot,July,7,Tuesday
2025-07-01,17:00,Mumbai,35.8,76,11.9,1012.1,19.0,1,92,33.6,Hot,July,7,Tuesday
2025-07-01,18:00,Delhi,28.2,50,14.6,1018.2,0.0,0,152,33.6,Warm,July,7,Tuesday
2025-07-01,19:00,Bangalore,28.1,88,14.3,1011.2,3.0,0,30,33.6,Warm,July,7,Tuesday
2025-07-01,20:00,Chennai,28.8,88,13.3,1015.9,0.0,0,79,33.6,Warm,July,7,Tuesday
2025-07-01,21:00,Hyderabad,33.1,72,13.4,1013.8,0.0,0,49,33.6,Warm,July,7,Tuesday
2025-07-01,22:00,Mumbai,29.4,95,17.4,1013.8,13.0,0,66,33.6,Warm,July,7,Tuesday
2025-07-01,23:00,Delhi,24.5,72,10.9,1012.0,0.0,0,140,33.6,Mild,July,7,Tuesday
2025-07-02,00:00,Bangalore,26.1,78,14.8,1019.7,0.0,0,43,33.4,Warm,July,7,Wednesday
2025-07-02,01:00,Chennai,32.0,90,10.2,1015.8,16.3,0,46,33.4,Warm,July,7,Wednesday
2025-07-02,02:00,Hyderabad,33.8,65,14.3,1009.3,0.0,0,56,33.4,Warm,July,7,Wednesday
2025-07-02,03:00,Mumbai,27.8,100,12.7,1013.9,0.0,0,49,33.4,Warm,July,7,Wednesday
2025-07-02,04:00,Delhi,29.7,63,11.3,1015.1,14.9,0,119,33.4,Warm,July,7,Wednesday
2025-07-02,05:00,Bangalore,33.1,86,8.0,1008.8,0.0,0,49,33.4,Warm,July,7,Wednesday
2025-07-02,06:00,Chennai,37.8,88,14.7,1013.9,2.8,0,36,33.4,Hot,July,7,Wednesday
2025-07-02,07:00,Hyderabad,38.7,68,7.4,1010.6,0.0,1,58,33.4,Hot,July,7,Wednesday
2025-07-02,08:00,Mumbai,37.9,87,14.2,1011.4,0.0,2,92,33.4,Hot,July,7,Wednesday
2025-07-02,09:00,Delhi,34.0,62,12.5,1007.5,0.0,3,127,33.4,Warm,July,7,Wednesday
2025-07-02,10:00,Bangalore,34.8,80,13.4,1005.8,0.0,5,73,33.4,Warm,July,7,Wednesday
2025-07-02,11:00,Chennai,39.0,86,12.4,1006.0,0.0,5,58,33.4,Hot,July,7,Wednesday
2025-07-02,12:00,Hyderabad,39.5,76,15.2,1015.1,0.0,8,49,33.4,Hot,July,7,Wednesday
2025-07-02,13:00,Mumbai,42.0,77,12.2,1009.2,0.0,5,71,33.4,Hot,July,7,Wednesday
2025-07-02,14:00,Delhi,36.0,56,11.0,1011.4,0.0,4,119,33.4,Hot,July,7,Wednesday
2025-07-02,15:00,Bangalore,32.4,79,13.9,1014.5,0.0,3,47,33.4,Warm,July,7,Wednesday
2025-07-02,16:00,Chennai,33.8,89,9.1,1011.3,0.0,2,61,33.4,Warm,July,7,Wednesday
2025-07-02,17:00,Hyderabad,35.2,70,16.1,1012.0,0.0,1,76,33.4,Hot,July,7,Wednesday
2025-07-02,18:00,Mumbai,31.7,90,16.0,1014.4,12.9,0,93,33.4,Warm,July,7,Wednesday
2025-07-02,19:00,Delhi,28.4,68,10.5,1014.9,0.0,0,135,33.4,Warm,July,7,Wednesday
2025-07-02,20:00,Bangalore,24.1,86,13.3,1013.3,22.9,0,53,33.4,Mild,July,7,Wednesday
2025-07-02,21:00,Chennai,32.5,78,17.2,1013.9,18.7,0,60,33.4,Warm,July,7,Wednesday
2025-07-02,22:00,Hyderabad,31.2,70,17.6,1010.6,0.0,0,62,33.4,Warm,July,7,Wednesday
2025-07-02,23:00,Mumbai,29.3,84,14.1,1016.8,21.2,0,69,33.4,Warm,July,7,Wednesday
2025-07-03,00:00,Delhi,23.2,71,17.3,1020.5,21.9,0,123,32.9,Mild,July,7,Thursday
2025-07-03,01:00,Bangalore,24.6,77,10.3,1023.2,0.0,0,32,32.9,Mild,July,7,Thursday
2025-07-03,02:00,Chennai,32.5,85,14.2,1018.1,23.9,0,48,32.9,Warm,July,7,Thursday
2025-07-03,03:00,Hyderabad,32.8,70,12.3,1012.2,13.1,0,59,32.9,Warm,July,7,Thursday
2025-07-03,04:00,Mumbai,31.5,88,15.5,1017.4,0.0,0,78,32.9,Warm,July,7,Thursday
2025-07-03,05:00,Delhi,28.0,70,15.4,1018.8,9.3,0,125,32.9,Warm,July,7,Thursday
2025-07-03,06:00,Bangalore,30.7,71,11.2,1012.4,0.0,0,41,32.9,Warm,July,7,Thursday
2025-07-03,07:00,Chennai,37.7,80,10.2,1005.1,0.0,1,45,32.9,Hot,July,7,Thursday
2025-07-03,08:00,Hyderabad,39.2,61,16.4,1009.9,0.0,3,79,32.9,Hot,July,7,Thursday
2025-07-03,09:00,Mumbai,38.8,79,13.6,1009.5,0.0,4,81,32.9,Hot,July,7,Thursday
2025-07-03,10:00,Delhi,35.3,59,12.3,1007.5,0.0,4,118,32.9,Hot,July,7,Thursday
2025-07-03,11:00,Bangalore,33.4,83,17.9,1009.6,18.7,5,30,32.9,Warm,July,7,Thursday
2025-07-03,12:00,Chennai,40.3,81,15.0,1009.7,0.0,6,46,32.9,Hot,July,7,Thursday
2025-07-03,13:00,Hyderabad,38.9,62,15.3,1010.5,10.4,6,77,32.9,Hot,July,7,Thursday
2025-07-03,14:00,Mumbai,36.6,90,10.9,1019.6,7.7,5,46,32.9,Hot,July,7,Thursday
2025-07-03,15:00,Delhi,32.1,61,11.5,1013.4,10.3,3,126,32.9,Warm,July,7,Thursday
2025-07-03,16:00,Bangalore,32.2,80,16.1,1011.9,0.0,1,32,32.9,Warm,July,7,Thursday
2025-07-03,17:00,Chennai,32.8,87,14.4,1016.0,0.0,1,78,32.9,Warm,July,7,Thursday
2025-07-03,18:00,Hyderabad,36.2,68,18.3,1004.1,0.0,0,71,32.9,Hot,July,7,Thursday
2025-07-03,19:00,Mumbai,34.8,92,10.3,1013.9,17.5,0,76,32.9,Warm,July,7,Thursday
2025-07-03,20:00,Delhi,27.9,64,12.8,1009.5,0.0,0,140,32.9,Warm,July,7,Thursday
2025-07-03,21:00,Bangalore,27.9,82,8.8,1018.4,5.4,0,23,32.9,Warm,July,7,Thursday
2025-07-03,22:00,Chennai,30.9,92,11.2,1013.2,0.0,0,20,32.9,Warm,July,7,Thursday
2025-07-03,23:00,Hyderabad,31.1,76,15.4,1015.4,0.0,0,48,32.9,Warm,July,7,Thursday
2025-07-04,00:00,Mumbai,29.3,96,13.7,1011.9,13.0,0,78,33.5,Warm,July,7,Friday
2025-07-04,01:00,Delhi,28.3,75,13.4,1018.6,0.0,0,102,33.5,Warm,July,7,Friday
2025-07-04,02:00,Bangalore,25.5,78,13.0,1013.7,0.0,0,59,33.5,Warm,July,7,Friday
2025-07-04,03:00,Chennai,32.4,96,20.2,1014.1,0.0,0,56,33.5,Warm,July,7,Friday
2025-07-04,04:00,Hyderabad,34.5,79,15.2,1012.3,0.0,0,50,33.5,Warm,July,7,Friday
2025-07-04,05:00,Mumbai,34.3,82,12.7,1010.1,23.0,0,83,33.5,Warm,July,7,Friday
2025-07-04,06:00,Delhi,32.7,70,14.4,1008.6,0.0,0,116,33.5,Warm,July,7,Friday
2025-07-04,07:00,Bangalore,32.1,74,18.5,1012.4,0.0,0,31,33.5,Warm,July,7,Friday
2025-07-04,08:00,Chennai,38.1,76,17.6,1011.9,0.0,2,56,33.5,Hot,July,7,Friday
2025-07-04,09:00,Hyderabad,41.8,75,16.8,1013.6,0.0,3,68,33.5,Hot,July,7,Friday
2025-07-04,10:00,Mumbai,41.6,79,10.8,1011.7,0.0,4,68,33.5,Hot,July,7,Friday
2025-07-04,11:00,Delhi,35.6,61,11.3,1010.6,0.0,6,161,33.5,Hot,July,7,Friday
2025-07-04,12:00,Bangalore,35.7,69,13.3,1012.1,0.0,7,22,33.5,Hot,July,7,Friday
2025-07-04,13:00,Chennai,39.6,82,12.8,1004.6,24.8,5,53,33.5,Hot,July,7,Friday
2025-07-04,14:00,Hyderabad,39.4,57,14.9,1010.3,13.1,5,61,33.5,Hot,July,7,Friday
2025-07-04,15:00,Mumbai,36.9,79,12.8,1006.0,0.0,3,61,33.5,Hot,July,7,Friday
2025-07-04,16:00,Delhi,34.7,63,15.3,1007.1,0.0,2,115,33.5,Warm,July,7,Friday
2025-07-04,17:00,Bangalore,29.7,84,16.6,1016.9,0.0,1,40,33.5,Warm,July,7,Friday
2025-07-04,18:00,Chennai,35.9,74,15.4,1014.0,11.9,0,88,33.5,Hot,July,7,Friday
2025-07-04,19:00,Hyderabad,33.9,67,11.0,1013.0,0.0,0,67,33.5,Warm,July,7,Friday
2025-07-04,20:00,Mumbai,30.2,87,13.0,1021.4,12.0,0,105,33.5,Warm,July,7,Friday
2025-07-04,21:00,Delhi,24.8,77,14.7,1012.7,0.0,0,129,33.5,Mild,July,7,Friday
2025-07-04,22:00,Bangalore,25.6,88,21.5,1006.9,5.5,0,62,33.5,Warm,July,7,Friday
2025-07-04,23:00,Chennai,30.7,83,16.2,1012.1,23.2,0,58,33.5,Warm,July,7,Friday
2025-07-05,00:00,Hyderabad,30.7,85,14.4,1013.4,0.0,0,20,32.9,Warm,July,7,Saturday
2025-07-05,01:00,Mumbai,30.2,86,14.3,1008.1,2.3,0,58,32.9,Warm,July,7,Saturday
2025-07-05,02:00,Delhi,27.2,70,16.7,1013.7,17.7,0,113,32.9,Warm,July,7,Saturday
2025-07-05,03:00,Bangalore,28.1,89,6.3,1009.7,20.0,0,53,32.9,Warm,July,7,Saturday
2025-07-05,04:00,Chennai,30.9,78,18.0,1006.9,12.4,0,65,32.9,Warm,July,7,Saturday
2025-07-05,05:00,Hyderabad,36.4,85,16.5,1013.8,10.1,0,58,32.9,Hot,July,7,Saturday
2025-07-05,06:00,Mumbai,33.1,87,15.6,1013.4,16.9,0,72,32.9,Warm,July,7,Saturday
2025-07-05,07:00,Delhi,35.6,60,14.8,1013.1,0.0,0,123,32.9,Hot,July,7,Saturday
2025-07-05,08:00,Bangalore,31.0,85,15.2,1011.3,23.4,2,74,32.9,Warm,July,7,Saturday
2025-07-05,09:00,Chennai,39.7,83,14.1,1010.6,0.0,4,54,32.9,Hot,July,7,Saturday
2025-07-05,10:00,Hyderabad,39.3,68,12.1,1009.6,0.0,5,79,32.9,Hot,July,7,Saturday
2025-07-05,11:00,Mumbai,40.0,75,14.3,1012.1,2.6,5,46,32.9,Hot,July,7,Saturday
2025-07-05,12:00,Delhi,35.3,54,10.4,1010.8,0.0,6,114,32.9,Hot,July,7,Saturday
2025-07-05,13:00,Bangalore,33.5,90,14.9,1010.2,0.0,5,33,32.9,Warm,July,7,Saturday
2025-07-05,14:00,Chennai,39.3,81,12.5,1007.2,0.0,5,52,32.9,Hot,July,7,Saturday
2025-07-05,15:00,Hyderabad,40.4,68,16.1,1007.8,0.0,4,38,32.9,Hot,July,7,Saturday
2025-07-05,16:00,Mumbai,36.3,91,13.8,1008.3,18.2,2,90,32.9,Hot,July,7,Saturday
2025-07-05,17:00,Delhi,34.3,63,19.3,1015.7,0.0,1,119,32.9,Warm,July,7,Saturday
2025-07-05,18:00,Bangalore,26.4,80,10.8,1014.5,0.0,0,62,32.9,Warm,July,7,Saturday
2025-07-05,19:00,Chennai,32.4,82,12.4,1008.4,0.0,0,56,32.9,Warm,July,7,Saturday
2025-07-05,20:00,Hyderabad,33.0,64,12.0,1007.7,0.4,0,47,32.9,Warm,July,7,Saturday
2025-07-05,21:00,Mumbai,31.2,88,10.4,1009.3,0.0,0,49,32.9,Warm,July,7,Saturday
2025-07-05,22:00,Delhi,21.6,75,10.6,1015.6,0.0,0,132,32.9,Mild,July,7,Saturday
2025-07-05,23:00,Bangalore,23.1,81,13.6,1012.4,0.0,0,35,32.9,Mild,July,7,Saturday
2025-07-06,00:00,Chennai,30.0,87,12.1,1012.7,11.8,0,52,33.3,Warm,July,7,Sunday
2025-07-06,01:00,Hyderabad,32.1,68,18.0,1012.6,0.0,0,73,33.3,Warm,July,7,Sunday
2025-07-06,02:00,Mumbai,26.8,86,14.6,1018.0,0.0,0,73,33.3,Warm,July,7,Sunday
2025-07-06,03:00,Delhi,27.7,68,17.7,1011.6,0.0,0,142,33.3,Warm,July,7,Sunday
2025-07-06,04:00,Bangalore,26.5,85,13.2,1014.9,12.3,0,46,33.3,Warm,July,7,Sunday
2025-07-06,05:00,Chennai,34.9,84,13.6,1014.8,0.0,0,67,33.3,Warm,July,7,Sunday
2025-07-06,06:00,Hyderabad,37.7,75,14.9,1015.6,18.4,0,43,33.3,Hot,July,7,Sunday
2025-07-06,07:00,Mumbai,36.3,75,16.3,1015.4,0.0,0,64,33.3,Hot,July,7,Sunday
2025-07-06,08:00,Delhi,35.3,74,11.3,1012.7,0.0,2,138,33.3,Hot,July,7,Sunday
2025-07-06,09:00,Bangalore,36.0,75,9.7,1013.2,0.0,3,46,33.3,Hot,July,7,Sunday
2025-07-06,10:00,Chennai,40.2,77,11.5,1016.3,0.0,4,40,33.3,Hot,July,7,Sunday
2025-07-06,11:00,Hyderabad,40.1,64,11.2,1010.5,0.0,6,53,33.3,Hot,July,7,Sunday
2025-07-06,12:00,Mumbai,41.8,80,15.0,1005.4,5.0,7,72,33.3,Hot,July,7,Sunday
2025-07-06,13:00,Delhi,37.3,54,12.4,1008.4,0.0,6,131,33.3,Hot,July,7,Sunday
2025-07-06,14:00,Bangalore,33.3,68,13.3,1009.0,0.0,4,32,33.3,Warm,July,7,Sunday
2025-07-06,15:00,Chennai,36.2,83,16.1,1010.6,0.0,3,48,33.3,Hot,July,7,Sunday
2025-07-06,16:00,Hyderabad,37.5,58,13.6,1009.2,0.0,2,57,33.3,Hot,July,7,Sunday
2025-07-06,17:00,Mumbai,31.2,93,15.7,1013.7,0.0,1,67,33.3,Warm,July,7,Sunday
2025-07-06,18:00,Delhi,27.6,69,17.3,1012.0,11.2,0,149,33.3,Warm,July,7,Sunday
2025-07-06,19:00,Bangalore,30.0,82,9.8,1012.8,0.0,0,39,33.3,Warm,July,7,Sunday
2025-07-06,20:00,Chennai,32.8,89,14.8,1008.3,0.0,0,63,33.3,Warm,July,7,Sunday
2025-07-06,21:00,Hyderabad,30.9,70,16.4,1005.7,23.3,0,47,33.3,Warm,July,7,Sunday
2025-07-06,22:00,Mumbai,32.4,84,16.9,1010.7,20.5,0,60,33.3,Warm,July,7,Sunday
2025-07-06,23:00,Delhi,25.2,64,15.6,1011.2,13.1,0,135,33.3,Warm,July,7,Sunday
2025-07-07,00:00,Bangalore,25.3,81,17.9,1014.3,20.1,0,40,33.5,Warm,July,7,Monday
2025-07-07,01:00,Chennai,30.8,92,10.9,1014.0,0.0,0,34,33.5,Warm,July,7,Monday
2025-07-07,02:00,Hyderabad,31.1,77,11.9,1013.3,0.0,0,60,33.5,Warm,July,7,Monday
2025-07-07,03:00,Mumbai,32.9,87,10.0,1010.1,0.0,0,80,33.5,Warm,July,7,Monday
2025-07-07,04:00,Delhi,29.2,60,15.9,1014.3,0.0,0,122,33.5,Warm,July,7,Monday
2025-07-07,05:00,Bangalore,29.5,79,14.7,1011.8,0.0,0,41,33.5,Warm,July,7,Monday
2025-07-07,06:00,Chennai,37.1,86,16.8,1009.9,20.4,0,39,33.5,Hot,July,7,Monday
2025-07-07,07:00,Hyderabad,38.1,78,14.0,1011.9,0.0,1,60,33.5,Hot,July,7,Monday
2025-07-07,08:00,Mumbai,39.5,90,17.8,1012.0,8.9,2,49,33.5,Hot,July,7,Monday
2025-07-07,09:00,Delhi,35.9,64,15.6,1015.9,0.0,3,148,33.5,Hot,July,7,Monday
2025-07-07,10:00,Bangalore,35.3,69,12.4,1012.5,0.0,5,37,33.5,Hot,July,7,Monday
2025-07-07,11:00,Chennai,41.9,75,17.4,1007.1,0.0,5,57,33.5,Hot,July,7,Monday
2025-07-07,12:00,Hyderabad,38.9,65,13.8,1006.3,0.3,7,65,33.5,Hot,July,7,Monday
2025-07-07,13:00,Mumbai,38.7,89,12.7,1010.9,0.0,6,79,33.5,Hot,July,7,Monday
2025-07-07,14:00,Delhi,33.8,60,8.9,1014.5,0.0,4,129,33.5,Warm,July,7,Monday
2025-07-07,15:00,Bangalore,31.9,75,14.8,1010.7,19.1,3,37,33.5,Warm,July,7,Monday
2025-07-07,16:00,Chennai,37.4,83,13.8,1014.9,0.0,1,53,33.5,Hot,July,7,Monday
2025-07-07,17:00,Hyderabad,35.9,73,13.9,1012.0,0.0,1,55,33.5,Hot,July,7,Monday
2025-07-07,18:00,Mumbai,33.0,85,15.4,1008.5,0.0,0,94,33.5,Warm,July,7,Monday
2025-07-07,19:00,Delhi,29.7,76,8.9,1017.5,0.0,0,128,33.5,Warm,July,7,Monday
2025-07-07,20:00,Bangalore,25.8,76,22.4,1009.4,0.0,0,68,33.5,Warm,July,7,Monday
2025-07-07,21:00,Chennai,27.3,84,15.5,1015.0,0.0,0,53,33.5,Warm,July,7,Monday
2025-07-07,22:00,Hyderabad,33.0,74,7.8,1010.4,0.0,0,67,33.5,Warm,July,7,Monday
2025-07-07,23:00,Mumbai,30.9,87,12.3,1010.3,0.0,0,44,33.5,Warm,July,7,Monday
2025-07-08,00:00,Delhi,26.2,71,10.2,1018.9,0.0,0,105,32.4,Warm,July,7,Tuesday
2025-07-08,01:00,Bangalore,25.5,87,16.4,1015.2,16.6,0,44,32.4,Warm,July,7,Tuesday
2025-07-08,02:00,Chennai,29.6,84,12.2,1008.8,0.0,0,59,32.4,Warm,July,7,Tuesday
2025-07-08,03:00,Hyderabad,30.6,80,10.8,1010.2,0.0,0,43,32.4,Warm,July,7,Tuesday
2025-07-08,04:00,Mumbai,29.2,86,12.3,1015.4,3.6,0,73,32.4,Warm,July,7,Tuesday
2025-07-08,05:00,Delhi,31.0,58,15.7,1010.7,17.3,0,130,32.4,Warm,July,7,Tuesday
2025-07-08,06:00,Bangalore,30.8,79,13.8,1018.1,0.0,0,43,32.4,Warm,July,7,Tuesday
2025-07-08,07:00,Chennai,39.1,83,15.9,1009.0,0.0,0,47,32.4,Hot,July,7,Tuesday
2025-07-08,08:00,Hyderabad,38.1,70,12.8,1016.6,10.2,1,58,32.4,Hot,July,7,Tuesday
2025-07-08,09:00,Mumbai,38.4,73,14.7,1010.1,0.0,3,67,32.4,Hot,July,7,Tuesday
2025-07-08,10:00,Delhi,34.7,65,9.7,1010.0,0.0,5,134,32.4,Warm,July,7,Tuesday
2025-07-08,11:00,Bangalore,33.7,72,19.4,1018.5,3.7,5,38,32.4,Warm,July,7,Tuesday
2025-07-08,12:00,Chennai,38.4,77,16.8,1007.1,0.0,7,71,32.4,Hot,July,7,Tuesday
2025-07-08,13:00,Hyderabad,39.1,61,13.3,1013.2,0.0,6,63,32.4,Hot,July,7,Tuesday
2025-07-08,14:00,Mumbai,37.5,85,9.4,1014.5,3.6,5,63,32.4,Hot,July,7,Tuesday
2025-07-08,15:00,Delhi,32.0,64,12.5,1006.3,0.0,3,121,32.4,Warm,July,7,Tuesday
2025-07-08,16:00,Bangalore,31.5,71,17.7,1016.5,0.0,3,50,32.4,Warm,July,7,Tuesday
2025-07-08,17:00,Chennai,32.8,91,10.9,1011.4,0.0,0,78,32.4,Warm,July,7,Tuesday
2025-07-08,18:00,Hyderabad,34.0,83,16.9,1009.0,0.0,0,57,32.4,Warm,July,7,Tuesday
2025-07-08,19:00,Mumbai,31.3,86,12.8,1013.9,0.0,0,61,32.4,Warm,July,7,Tuesday
2025-07-08,20:00,Delhi,27.3,68,14.3,1009.2,0.0,0,161,32.4,Warm,July,7,Tuesday
2025-07-08,21:00,Bangalore,26.0,90,15.0,1015.6,5.2,0,53,32.4,Warm,July,7,Tuesday
2025-07-08,22:00,Chennai,32.2,85,14.5,1007.4,0.0,0,47,32.4,Warm,July,7,Tuesday
2025-07-08,23:00,Hyderabad,29.2,71,16.4,1011.0,23.9,0,74,32.4,Warm,July,7,Tuesday
2025-07-09,00:00,Mumbai,30.3,94,14.1,1012.7,2.3,0,56,32.9,Warm,July,7,Wednesday
2025-07-09,01:00,Delhi,26.0,62,11.9,1016.4,0.0,0,141,32.9,Warm,July,7,Wednesday
2025-07-09,02:00,Bangalore,25.6,82,15.7,1017.2,0.0,0,55,32.9,Warm,July,7,Wednesday
2025-07-09,03:00,Chennai,32.8,85,17.7,1017.1,6.5,0,49,32.9,Warm,July,7,Wednesday
2025-07-09,04:00,Hyderabad,32.0,74,11.7,1010.7,0.0,0,34,32.9,Warm,July,7,Wednesday
2025-07-09,05:00,Mumbai,37.4,86,17.1,1009.2,17.4,0,67,32.9,Hot,July,7,Wednesday
2025-07-09,06:00,Delhi,31.0,67,11.2,1014.7,0.0,0,121,32.9,Warm,July,7,Wednesday
2025-07-09,07:00,Bangalore,31.0,79,12.6,1017.9,2.4,1,20,32.9,Warm,July,7,Wednesday
2025-07-09,08:00,Chennai,38.4,88,9.2,1007.0,0.0,2,85,32.9,Hot,July,7,Wednesday
2025-07-09,09:00,Hyderabad,39.3,64,13.3,1007.2,0.0,4,49,32.9,Hot,July,7,Wednesday
2025-07-09,10:00,Mumbai,39.6,82,10.8,1010.7,0.0,5,70,32.9,Hot,July,7,Wednesday
2025-07-09,11:00,Delhi,36.1,64,13.0,1012.6,0.0,6,95,32.9,Hot,July,7,Wednesday
2025-07-09,12:00,Bangalore,34.5,81,17.9,1017.2,7.8,7,39,32.9,Warm,July,7,Wednesday
2025-07-09,13:00,Chennai,38.2,79,16.4,1013.6,0.0,6,42,32.9,Hot,July,7,Wednesday
2025-07-09,14:00,Hyderabad,38.9,69,14.1,1010.3,18.4,5,66,32.9,Hot,July,7,Wednesday
2025-07-09,15:00,Mumbai,40.2,89,21.4,1006.8,0.0,3,62,32.9,Hot,July,7,Wednesday
2025-07-09,16:00,Delhi,32.3,67,16.7,1009.7,0.0,2,120,32.9,Warm,July,7,Wednesday
2025-07-09,17:00,Bangalore,29.7,79,13.1,1011.1,0.0,1,63,32.9,Warm,July,7,Wednesday
2025-07-09,18:00,Chennai,31.3,83,15.8,1013.7,0.0,0,69,32.9,Warm,July,7,Wednesday
2025-07-09,19:00,Hyderabad,33.8,71,13.3,1014.4,0.0,0,54,32.9,Warm,July,7,Wednesday
2025-07-09,20:00,Mumbai,30.5,100,14.8,1017.0,20.2,0,103,32.9,Warm,July,7,Wednesday
2025-07-09,21:00,Delhi,28.0,62,17.2,1015.6,0.0,0,116,32.9,Warm,July,7,Wednesday
2025-07-09,22:00,Bangalore,24.5,80,15.9,1013.8,0.0,0,29,32.9,Mild,July,7,Wednesday
2025-07-09,23:00,Chennai,28.6,91,9.8,1012.0,7.0,0,56,32.9,Warm,July,7,Wednesday
2025-07-10,00:00,Hyderabad,29.4,72,9.9,1009.2,0.0,0,71,33.2,Warm,July,7,Thursday
2025-07-10,01:00,Mumbai,31.2,88,8.7,1011.8,0.0,0,74,33.2,Warm,July,7,Thursday
2025-07-10,02:00,Delhi,24.7,69,11.3,1013.8,0.0,0,121,33.2,Mild,July,7,Thursday
2025-07-10,03:00,Bangalore,27.4,76,13.3,1015.6,0.0,0,28,33.2,Warm,July,7,Thursday
2025-07-10,04:00,Chennai,38.1,76,14.6,1009.1,0.0,0,38,33.2,Hot,July,7,Thursday
2025-07-10,05:00,Hyderabad,34.7,71,17.3,1013.7,22.6,0,53,33.2,Warm,July,7,Thursday
2025-07-10,06:00,Mumbai,35.1,85,15.8,1010.5,4.7,0,57,33.2,Hot,July,7,Thursday
2025-07-10,07:00,Delhi,29.9,61,11.7,1014.0,3.0,0,151,33.2,Warm,July,7,Thursday
2025-07-10,08:00,Bangalore,32.9,66,14.6,1015.1,0.0,1,59,33.2,Warm,July,7,Thursday
2025-07-10,09:00,Chennai,38.8,80,17.0,1010.7,0.0,4,64,33.2,Hot,July,7,Thursday
2025-07-10,10:00,Hyderabad,40.4,66,16.9,1009.3,0.0,5,101,33.2,Hot,July,7,Thursday
2025-07-10,11:00,Mumbai,39.6,80,19.2,1009.0,0.0,6,76,33.2,Hot,July,7,Thursday
2025-07-10,12:00,Delhi,38.2,54,8.0,1010.4,0.0,6,127,33.2,Hot,July,7,Thursday
2025-07-10,13:00,Bangalore,34.1,74,13.6,1017.1,0.0,5,41,33.2,Warm,July,7,Thursday
2025-07-10,14:00,Chennai,37.4,90,7.4,1002.4,0.0,5,67,33.2,Hot,July,7,Thursday
2025-07-10,15:00,Hyderabad,39.4,64,14.8,1010.0,0.0,3,61,33.2,Hot,July,7,Thursday
2025-07-10,16:00,Mumbai,35.9,88,15.7,1010.2,20.3,2,89,33.2,Hot,July,7,Thursday
2025-07-10,17:00,Delhi,30.0,64,11.4,1012.7,0.0,0,142,33.2,Warm,July,7,Thursday
2025-07-10,18:00,Bangalore,29.3,79,16.9,1013.8,14.0,0,65,33.2,Warm,July,7,Thursday
2025-07-10,19:00,Chennai,34.1,85,13.7,1009.6,0.0,0,54,33.2,Warm,July,7,Thursday
2025-07-10,20:00,Hyderabad,30.8,78,15.5,1011.3,0.0,0,79,33.2,Warm,July,7,Thursday
2025-07-10,21:00,Mumbai,31.7,88,12.0,1010.4,0.0,0,73,33.2,Warm,July,7,Thursday
2025-07-10,22:00,Delhi,27.6,58,14.0,1015.5,0.0,0,121,33.2,Warm,July,7,Thursday
2025-07-10,23:00,Bangalore,25.5,90,12.2,1017.4,0.0,0,25,33.2,Warm,July,7,Thursday
2025-07-11,00:00,Chennai,30.2,83,14.4,1014.3,0.0,0,70,33.3,Warm,July,7,Friday
2025-07-11,01:00,Hyderabad,32.0,81,16.0,1013.6,0.0,0,47,33.3,Warm,July,7,Friday
2025-07-11,02:00,Mumbai,30.0,92,10.5,1017.2,0.0,0,60,33.3,Warm,July,7,Friday
2025-07-11,03:00,Delhi,29.3,73,15.2,1011.7,0.0,0,146,33.3,Warm,July,7,Friday
2025-07-11,04:00,Bangalore,28.6,82,12.8,1013.9,5.7,0,37,33.3,Warm,July,7,Friday
2025-07-11,05:00,Chennai,35.6,86,16.5,1010.8,5.1,0,63,33.3,Hot,July,7,Friday
2025-07-11,06:00,Hyderabad,36.6,70,15.0,1015.1,21.6,0,43,33.3,Hot,July,7,Friday
2025-07-11,07:00,Mumbai,36.4,86,11.2,1013.4,0.0,0,64,33.3,Hot,July,7,Friday
2025-07-11,08:00,Delhi,33.9,69,6.9,1009.7,24.5,1,125,33.3,Warm,July,7,Friday
2025-07-11,09:00,Bangalore,34.2,80,12.6,1008.8,0.0,3,56,33.3,Warm,July,7,Friday
2025-07-11,10:00,Chennai,41.1,85,13.4,1009.0,4.9,4,69,33.3,Hot,July,7,Friday
2025-07-11,11:00,Hyderabad,41.8,64,13.1,1006.5,0.0,5,80,33.3,Hot,July,7,Friday
2025-07-11,12:00,Mumbai,38.6,89,11.8,1006.1,0.0,7,47,33.3,Hot,July,7,Friday
2025-07-11,13:00,Delhi,37.5,55,14.7,1011.1,3.0,5,115,33.3,Hot,July,7,Friday
2025-07-11,14:00,Bangalore,35.1,86,18.4,1010.6,0.0,4,37,33.3,Hot,July,7,Friday
2025-07-11,15:00,Chennai,34.2,97,14.2,1009.3,0.0,3,40,33.3,Warm,July,7,Friday
2025-07-11,16:00,Hyderabad,34.1,69,11.1,1018.1,0.0,2,48,33.3,Warm,July,7,Friday
2025-07-11,17:00,Mumbai,32.6,93,12.7,1015.6,0.0,1,94,33.3,Warm,July,7,Friday
2025-07-11,18:00,Delhi,28.4,72,7.6,1021.6,0.0,0,138,33.3,Warm,July,7,Friday
2025-07-11,19:00,Bangalore,28.9,82,15.7,1007.6,0.0,0,56,33.3,Warm,July,7,Friday
2025-07-11,20:00,Chennai,33.0,79,12.2,1014.5,0.0,0,64,33.3,Warm,July,7,Friday
2025-07-11,21:00,Hyderabad,32.6,65,15.7,1010.5,0.0,0,61,33.3,Warm,July,7,Friday
2025-07-11,22:00,Mumbai,29.1,96,16.5,1014.6,0.0,0,64,33.3,Warm,July,7,Friday
2025-07-11,23:00,Delhi,24.4,65,14.8,1014.3,0.0,0,127,33.3,Mild,July,7,Friday
2025-07-12,00:00,Bangalore,24.7,92,14.2,1018.1,0.0,0,59,33.5,Mild,July,7,Saturday
2025-07-12,01:00,Chennai,30.3,84,9.5,1010.9,15.6,0,43,33.5,Warm,July,7,Saturday
2025-07-12,02:00,Hyderabad,31.9,74,8.9,1014.4,0.0,0,57,33.5,Warm,July,7,Saturday
2025-07-12,03:00,Mumbai,31.3,94,13.3,1010.0,13.4,0,75,33.5,Warm,July,7,Saturday
2025-07-12,04:00,Delhi,31.1,61,15.6,1016.4,15.1,0,118,33.5,Warm,July,7,Saturday
2025-07-12,05:00,Bangalore,31.9,89,15.8,1012.7,5.3,0,37,33.5,Warm,July,7,Saturday
2025-07-12,06:00,Chennai,38.9,78,14.1,1010.4,0.0,0,71,33.5,Hot,July,7,Saturday
2025-07-12,07:00,Hyderabad,37.3,59,13.6,1011.7,0.0,1,63,33.5,Hot,July,7,Saturday
2025-07-12,08:00,Mumbai,37.8,89,11.8,1008.3,7.4,2,85,33.5,Hot,July,7,Saturday
2025-07-12,09:00,Delhi,32.9,66,21.4,1012.0,0.0,3,141,33.5,Warm,July,7,Saturday
2025-07-12,10:00,Bangalore,35.0,85,16.3,1014.1,0.0,4,49,33.5,Hot,July,7,Saturday
2025-07-12,11:00,Chennai,41.1,83,15.0,1005.1,0.0,5,71,33.5,Hot,July,7,Saturday
2025-07-12,12:00,Hyderabad,41.0,66,15.5,1012.8,20.1,7,70,33.5,Hot,July,7,Saturday
2025-07-12,13:00,Mumbai,37.7,88,16.3,1010.3,0.0,5,67,33.5,Hot,July,7,Saturday
2025-07-12,14:00,Delhi,34.4,64,14.5,1017.3,0.0,4,133,33.5,Warm,July,7,Saturday
2025-07-12,15:00,Bangalore,30.8,88,10.8,1016.2,0.0,2,27,33.5,Warm,July,7,Saturday
2025-07-12,16:00,Chennai,38.6,82,11.2,1014.6,0.0,2,52,33.5,Hot,July,7,Saturday
2025-07-12,17:00,Hyderabad,35.6,69,11.0,1013.4,0.0,1,65,33.5,Hot,July,7,Saturday
2025-07-12,18:00,Mumbai,35.3,90,12.6,1007.1,4.1,0,102,33.5,Hot,July,7,Saturday
2025-07-12,19:00,Delhi,27.5,68,14.3,1015.2,11.6,0,128,33.5,Warm,July,7,Saturday
2025-07-12,20:00,Bangalore,27.7,77,13.7,1011.5,0.0,0,38,33.5,Warm,July,7,Saturday
2025-07-12,21:00,Chennai,31.2,84,11.0,1014.5,22.9,0,20,33.5,Warm,July,7,Saturday
2025-07-12,22:00,Hyderabad,30.6,72,14.1,1018.0,0.0,0,61,33.5,Warm,July,7,Saturday
2025-07-12,23:00,Mumbai,28.6,89,17.1,1014.0,1.0,0,57,33.5,Warm,July,7,Saturday
2025-07-13,00:00,Delhi,26.0,61,13.0,1009.7,0.0,0,132,32.3,Warm,July,7,Sunday
2025-07-13,01:00,Bangalore,25.3,84,13.8,1020.2,5.4,0,49,32.3,Warm,July,7,Sunday
2025-07-13,02:00,Chennai,30.4,86,18.4,1017.0,0.0,0,31,32.3,Warm,July,7,Sunday
2025-07-13,03:00,Hyderabad,31.3,74,12.5,1011.3,0.0,0,34,32.3,Warm,July,7,Sunday
2025-07-13,04:00,Mumbai,31.8,88,18.4,1005.7,23.7,0,87,32.3,Warm,July,7,Sunday
2025-07-13,05:00,Delhi,28.3,69,12.1,1017.2,0.0,0,161,32.3,Warm,July,7,Sunday
2025-07-13,06:00,Bangalore,29.3,85,11.6,1009.7,0.0,0,37,32.3,Warm,July,7,Sunday
2025-07-13,07:00,Chennai,36.9,95,13.8,1015.0,0.2,1,47,32.3,Hot,July,7,Sunday
2025-07-13,08:00,Hyderabad,37.7,62,15.9,1015.4,20.9,2,54,32.3,Hot,July,7,Sunday
2025-07-13,09:00,Mumbai,35.8,80,11.5,1009.1,24.0,3,83,32.3,Hot,July,7,Sunday
2025-07-13,10:00,Delhi,34.6,61,19.8,1009.7,6.2,4,123,32.3,Warm,July,7,Sunday
2025-07-13,11:00,Bangalore,35.3,79,15.9,1013.4,0.0,5,36,32.3,Hot,July,7,Sunday
2025-07-13,12:00,Chennai,38.4,82,15.3,1013.3,2.4,6,60,32.3,Hot,July,7,Sunday
2025-07-13,13:00,Hyderabad,39.7,69,14.2,1016.5,1.1,6,78,32.3,Hot,July,7,Sunday
2025-07-13,14:00,Mumbai,37.5,86,13.4,1012.9,0.0,4,65,32.3,Hot,July,7,Sunday
2025-07-13,15:00,Delhi,32.7,63,21.8,1014.5,0.0,3,122,32.3,Warm,July,7,Sunday
2025-07-13,16:00,Bangalore,29.8,74,13.7,1014.9,0.0,1,27,32.3,Warm,July,7,Sunday
2025-07-13,17:00,Chennai,33.6,85,11.6,1011.0,13.2,0,83,32.3,Warm,July,7,Sunday
2025-07-13,18:00,Hyderabad,36.1,64,13.2,1012.4,0.0,0,87,32.3,Hot,July,7,Sunday
2025-07-13,19:00,Mumbai,34.2,90,10.8,1012.7,21.8,0,75,32.3,Warm,July,7,Sunday
2025-07-13,20:00,Delhi,25.9,72,10.8,1016.0,0.0,0,138,32.3,Warm,July,7,Sunday
2025-07-13,21:00,Bangalore,23.9,84,14.7,1018.2,0.0,0,44,32.3,Mild,July,7,Sunday
2025-07-13,22:00,Chennai,29.3,78,9.8,1009.2,0.0,0,38,32.3,Warm,July,7,Sunday
2025-07-13,23:00,Hyderabad,30.5,72,11.6,1015.1,0.0,0,36,32.3,Warm,July,7,Sunday
2025-07-14,00:00,Mumbai,28.7,99,18.3,1009.6,0.0,0,58,32.2,Warm,July,7,Monday
2025-07-14,01:00,Delhi,26.1,67,17.1,1013.6,0.0,0,133,32.2,Warm,July,7,Monday
2025-07-14,02:00,Bangalore,23.2,88,11.7,1013.4,0.0,0,22,32.2,Mild,July,7,Monday
2025-07-14,03:00,Chennai,30.4,92,12.8,1011.1,0.0,0,62,32.2,Warm,July,7,Monday
2025-07-14,04:00,Hyderabad,31.8,73,12.3,1009.7,0.0,0,48,32.2,Warm,July,7,Monday
2025-07-14,05:00,Mumbai,36.4,79,15.0,1008.2,0.0,0,65,32.2,Hot,July,7,Monday
2025-07-14,06:00,Delhi,29.7,72,15.6,1014.5,0.0,0,109,32.2,Warm,July,7,Monday
2025-07-14,07:00,Bangalore,32.4,74,10.6,1009.9,1.6,1,50,32.2,Warm,July,7,Monday
2025-07-14,08:00,Chennai,35.2,94,11.5,1010.7,0.0,1,77,32.2,Hot,July,7,Monday
2025-07-14,09:00,Hyderabad,42.4,60,16.5,1011.2,14.1,3,52,32.2,Hot,July,7,Monday
2025-07-14,10:00,Mumbai,38.0,83,12.6,1012.2,0.0,5,71,32.2,Hot,July,7,Monday
2025-07-14,11:00,Delhi,34.4,63,13.9,1011.1,0.0,6,99,32.2,Warm,July,7,Monday
2025-07-14,12:00,Bangalore,36.1,74,12.7,1008.4,1.7,6,51,32.2,Hot,July,7,Monday
2025-07-14,13:00,Chennai,40.4,84,13.4,1013.3,0.0,5,46,32.2,Hot,July,7,Monday
2025-07-14,14:00,Hyderabad,38.7,72,9.0,1008.6,0.0,4,47,32.2,Hot,July,7,Monday
2025-07-14,15:00,Mumbai,38.2,73,16.4,1003.4,0.0,2,53,32.2,Hot,July,7,Monday
2025-07-14,16:00,Delhi,32.1,68,18.3,1011.5,0.0,2,115,32.2,Warm,July,7,Monday
2025-07-14,17:00,Bangalore,27.6,81,14.6,1011.0,24.7,1,49,32.2,Warm,July,7,Monday
2025-07-14,18:00,Chennai,30.7,87,15.9,1013.4,0.0,0,72,32.2,Warm,July,7,Monday
2025-07-14,19:00,Hyderabad,31.7,74,16.3,1016.0,0.0,0,62,32.2,Warm,July,7,Monday
2025-07-14,20:00,Mumbai,29.9,80,11.8,1013.8,0.0,0,63,32.2,Warm,July,7,Monday
2025-07-14,21:00,Delhi,27.7,61,10.8,1015.4,0.0,0,150,32.2,Warm,July,7,Monday
2025-07-14,22:00,Bangalore,21.8,79,12.8,1016.7,0.0,0,40,32.2,Mild,July,7,Monday
2025-07-14,23:00,Chennai,30.0,81,12.9,1012.2,5.2,0,61,32.2,Warm,July,7,Monday
2025-07-15,00:00,Hyderabad,31.0,80,15.2,1014.4,5.5,0,71,32.8,Warm,July,7,Tuesday
2025-07-15,01:00,Mumbai,28.6,89,12.4,1012.4,16.8,0,66,32.8,Warm,July,7,Tuesday
2025-07-15,02:00,Delhi,28.8,63,14.6,1009.2,0.0,0,100,32.8,Warm,July,7,Tuesday
2025-07-15,03:00,Bangalore,25.6,79,12.5,1021.3,0.0,0,40,32.8,Warm,July,7,Tuesday
2025-07-15,04:00,Chennai,31.6,81,14.9,1012.5,0.0,0,40,32.8,Warm,July,7,Tuesday
2025-07-15,05:00,Hyderabad,35.6,70,14.4,1014.9,7.4,0,54,32.8,Hot,July,7,Tuesday
2025-07-15,06:00,Mumbai,33.7,85,16.3,1011.5,0.8,0,50,32.8,Warm,July,7,Tuesday
2025-07-15,07:00,Delhi,33.4,63,8.9,1012.3,0.0,0,126,32.8,Warm,July,7,Tuesday
2025-07-15,08:00,Bangalore,35.0,72,11.1,1010.0,0.0,1,60,32.8,Hot,July,7,Tuesday
2025-07-15,09:00,Chennai,37.8,77,12.9,1006.3,0.0,3,76,32.8,Hot,July,7,Tuesday
2025-07-15,10:00,Hyderabad,39.8,56,8.6,1005.8,20.3,4,63,32.8,Hot,July,7,Tuesday
2025-07-15,11:00,Mumbai,40.4,80,15.6,1009.6,9.5,5,70,32.8,Hot,July,7,Tuesday
2025-07-15,12:00,Delhi,32.9,69,8.2,1012.9,0.0,6,115,32.8,Warm,July,7,Tuesday
2025-07-15,13:00,Bangalore,34.8,82,13.9,1013.0,0.0,5,42,32.8,Warm,July,7,Tuesday
2025-07-15,14:00,Chennai,38.7,81,12.3,1008.2,0.0,4,44,32.8,Hot,July,7,Tuesday
2025-07-15,15:00,Hyderabad,37.0,66,13.4,1012.7,12.2,3,46,32.8,Hot,July,7,Tuesday
2025-07-15,16:00,Mumbai,34.8,93,13.5,1014.9,0.0,2,57,32.8,Warm,July,7,Tuesday
2025-07-15,17:00,Delhi,33.4,57,13.7,1011.0,0.0,1,132,32.8,Warm,July,7,Tuesday
2025-07-15,18:00,Bangalore,29.9,75,7.9,1010.7,0.0,0,44,32.8,Warm,July,7,Tuesday
2025-07-15,19:00,Chennai,30.2,89,11.2,1014.1,0.0,0,51,32.8,Warm,July,7,Tuesday
2025-07-15,20:00,Hyderabad,35.1,71,11.0,1016.5,10.0,0,69,32.8,Hot,July,7,Tuesday
2025-07-15,21:00,Mumbai,27.5,91,16.3,1012.1,0.0,0,60,32.8,Warm,July,7,Tuesday
2025-07-15,22:00,Delhi,25.9,73,13.0,1015.3,0.0,0,109,32.8,Warm,July,7,Tuesday
2025-07-15,23:00,Bangalore,26.9,83,12.2,1015.5,0.0,0,42,32.8,Warm,July,7,Tuesday
2025-07-16,00:00,Chennai,28.0,89,12.7,1014.0,1.4,0,42,32.9,Warm,July,7,Wednesday
2025-07-16,01:00,Hyderabad,33.0,83,18.4,1008.0,8.6,0,78,32.9,Warm,July,7,Wednesday
2025-07-16,02:00,Mumbai,29.9,91,15.0,1019.1,0.0,0,69,32.9,Warm,July,7,Wednesday
2025-07-16,03:00,Delhi,28.1,66,15.9,1014.3,0.0,0,132,32.9,Warm,July,7,Wednesday
2025-07-16,04:00,Bangalore,29.3,76,9.8,1015.4,21.4,0,31,32.9,Warm,July,7,Wednesday
2025-07-16,05:00,Chennai,32.4,89,14.7,1013.3,1.1,0,64,32.9,Warm,July,7,Wednesday
2025-07-16,06:00,Hyderabad,39.4,66,13.1,1009.4,0.0,0,58,32.9,Hot,July,7,Wednesday
2025-07-16,07:00,Mumbai,36.9,85,13.6,1014.2,0.0,1,38,32.9,Hot,July,7,Wednesday
2025-07-16,08:00,Delhi,31.7,59,11.4,1015.6,0.0,2,141,32.9,Warm,July,7,Wednesday
2025-07-16,09:00,Bangalore,34.6,82,7.2,1014.9,0.0,3,80,32.9,Warm,July,7,Wednesday
2025-07-16,10:00,Chennai,38.3,81,11.7,1016.1,0.0,3,68,32.9,Hot,July,7,Wednesday
2025-07-16,11:00,Hyderabad,40.3,64,15.2,1010.2,0.0,6,75,32.9,Hot,July,7,Wednesday
2025-07-16,12:00,Mumbai,39.7,86,11.9,1008.8,0.0,7,77,32.9,Hot,July,7,Wednesday
2025-07-16,13:00,Delhi,34.4,66,15.7,1011.3,0.0,6,128,32.9,Warm,July,7,Wednesday
2025-07-16,14:00,Bangalore,32.4,86,15.4,1015.1,21.4,4,47,32.9,Warm,July,7,Wednesday
2025-07-16,15:00,Chennai,38.2,84,11.8,1013.4,0.0,3,60,32.9,Hot,July,7,Wednesday
2025-07-16,16:00,Hyderabad,36.3,72,12.4,1011.5,6.1,1,45,32.9,Hot,July,7,Wednesday
2025-07-16,17:00,Mumbai,35.5,87,13.9,1011.7,0.0,0,95,32.9,Hot,July,7,Wednesday
2025-07-16,18:00,Delhi,30.4,58,10.8,1014.2,0.0,0,140,32.9,Warm,July,7,Wednesday
2025-07-16,19:00,Bangalore,27.4,82,16.0,1018.0,9.6,0,66,32.9,Warm,July,7,Wednesday
2025-07-16,20:00,Chennai,29.4,93,6.6,1009.6,0.0,0,81,32.9,Warm,July,7,Wednesday
2025-07-16,21:00,Hyderabad,31.4,81,14.5,1016.8,13.3,0,53,32.9,Warm,July,7,Wednesday
2025-07-16,22:00,Mumbai,26.8,100,12.8,1011.0,11.1,0,71,32.9,Warm,July,7,Wednesday
2025-07-16,23:00,Delhi,25.2,71,16.9,1016.8,6.9,0,117,32.9,Warm,July,7,Wednesday
2025-07-17,00:00,Bangalore,25.3,83,8.7,1011.3,0.0,0,26,32.7,Warm,July,7,Thursday
2025-07-17,01:00,Chennai,29.3,87,15.1,1013.5,0.0,0,58,32.7,Warm,July,7,Thursday
2025-07-17,02:00,Hyderabad,31.1,72,17.3,1012.9,0.0,0,49,32.7,Warm,July,7,Thursday
2025-07-17,03:00,Mumbai,31.9,93,12.5,1014.1,0.0,0,67,32.7,Warm,July,7,Thursday
2025-07-17,04:00,Delhi,30.1,61,18.3,1011.2,0.0,0,132,32.7,Warm,July,7,Thursday
2025-07-17,05:00,Bangalore,29.5,80,16.7,1007.3,19.3,0,38,32.7,Warm,July,7,Thursday
2025-07-17,06:00,Chennai,37.3,75,15.4,1014.0,24.2,0,49,32.7,Hot,July,7,Thursday
2025-07-17,07:00,Hyderabad,38.4,70,11.5,1009.2,0.0,0,45,32.7,Hot,July,7,Thursday
2025-07-17,08:00,Mumbai,35.0,93,8.9,1008.8,0.0,1,58,32.7,Hot,July,7,Thursday
2025-07-17,09:00,Delhi,35.6,55,13.3,1013.6,0.0,3,155,32.7,Hot,July,7,Thursday
2025-07-17,10:00,Bangalore,34.7,68,14.2,1016.7,19.1,4,58,32.7,Warm,July,7,Thursday
2025-07-17,11:00,Chennai,39.6,77,16.3,1010.7,0.0,5,50,32.7,Hot,July,7,Thursday
2025-07-17,12:00,Hyderabad,39.2,67,12.9,1002.0,0.0,6,53,32.7,Hot,July,7,Thursday
2025-07-17,13:00,Mumbai,37.9,76,10.7,1010.5,0.0,5,61,32.7,Hot,July,7,Thursday
2025-07-17,14:00,Delhi,31.8,72,11.4,1016.4,0.0,3,131,32.7,Warm,July,7,Thursday
2025-07-17,15:00,Bangalore,34.6,69,14.9,1017.1,0.0,2,49,32.7,Warm,July,7,Thursday
2025-07-17,16:00,Chennai,35.7,83,14.4,1007.1,0.0,2,38,32.7,Hot,July,7,Thursday
2025-07-17,17:00,Hyderabad,33.4,66,15.2,1013.3,0.0,0,92,32.7,Warm,July,7,Thursday
2025-07-17,18:00,Mumbai,32.2,83,9.6,1012.8,0.0,0,56,32.7,Warm,July,7,Thursday
2025-07-17,19:00,Delhi,27.6,66,13.3,1008.1,21.0,0,122,32.7,Warm,July,7,Thursday
2025-07-17,20:00,Bangalore,25.4,82,13.3,1018.2,0.0,0,67,32.7,Warm,July,7,Thursday
2025-07-17,21:00,Chennai,30.7,90,14.6,1015.8,0.0,0,63,32.7,Warm,July,7,Thursday
2025-07-17,22:00,Hyderabad,29.2,74,16.5,1009.5,0.0,0,33,32.7,Warm,July,7,Thursday
2025-07-17,23:00,Mumbai,29.5,95,9.8,1017.0,0.0,0,74,32.7,Warm,July,7,Thursday
2025-07-18,00:00,Delhi,24.9,63,15.0,1013.6,0.0,0,109,32.6,Mild,July,7,Friday
2025-07-18,01:00,Bangalore,26.0,82,7.5,1014.0,0.0,0,42,32.6,Warm,July,7,Friday
2025-07-18,02:00,Chennai,31.2,91,11.5,1011.0,0.0,0,35,32.6,Warm,July,7,Friday
2025-07-18,03:00,Hyderabad,28.6,77,12.4,1010.1,0.0,0,72,32.6,Warm,July,7,Friday
2025-07-18,04:00,Mumbai,33.9,86,14.4,1018.7,0.0,0,81,32.6,Warm,July,7,Friday
2025-07-18,05:00,Delhi,29.4,67,9.4,1014.0,0.0,0,108,32.6,Warm,July,7,Friday
2025-07-18,06:00,Bangalore,32.0,79,9.6,1014.7,0.0,0,27,32.6,Warm,July,7,Friday
2025-07-18,07:00,Chennai,35.4,84,15.2,1012.5,18.2,1,63,32.6,Hot,July,7,Friday
2025-07-18,08:00,Hyderabad,40.6,65,11.7,1008.0,0.0,3,62,32.6,Hot,July,7,Friday
2025-07-18,09:00,Mumbai,40.2,79,12.7,1013.4,0.0,2,70,32.6,Hot,July,7,Friday
2025-07-18,10:00,Delhi,35.2,57,14.5,1012.1,5.1,4,116,32.6,Hot,July,7,Friday
2025-07-18,11:00,Bangalore,32.6,80,17.2,1016.6,2.3,5,47,32.6,Warm,July,7,Friday
2025-07-18,12:00,Chennai,39.7,84,13.1,1008.2,19.1,6,51,32.6,Hot,July,7,Friday
2025-07-18,13:00,Hyderabad,39.0,72,17.6,1014.3,0.0,5,56,32.6,Hot,July,7,Friday
2025-07-18,14:00,Mumbai,36.7,88,12.4,1011.8,16.9,4,35,32.6,Hot,July,7,Friday
2025-07-18,15:00,Delhi,32.8,68,16.9,1014.7,0.0,3,112,32.6,Warm,July,7,Friday
2025-07-18,16:00,Bangalore,30.3,84,10.3,1014.1,3.3,2,37,32.6,Warm,July,7,Friday
2025-07-18,17:00,Chennai,33.2,80,10.4,1018.0,0.0,0,61,32.6,Warm,July,7,Friday
2025-07-18,18:00,Hyderabad,33.5,62,10.5,1015.6,0.0,0,98,32.6,Warm,July,7,Friday
2025-07-18,19:00,Mumbai,30.7,83,8.2,1013.4,7.6,0,85,32.6,Warm,July,7,Friday
2025-07-18,20:00,Delhi,27.1,65,16.4,1012.7,0.0,0,150,32.6,Warm,July,7,Friday
2025-07-18,21:00,Bangalore,24.8,82,12.6,1017.0,0.0,0,60,32.6,Mild,July,7,Friday
2025-07-18,22:00,Chennai,32.6,89,17.5,1007.4,14.8,0,48,32.6,Warm,July,7,Friday
2025-07-18,23:00,Hyderabad,31.3,69,12.1,1015.1,0.0,0,54,32.6,Warm,July,7,Friday
2025-07-19,00:00,Mumbai,30.0,95,16.2,1017.1,0.0,0,51,32.9,Warm,July,7,Saturday
2025-07-19,01:00,Delhi,26.6,61,12.6,1016.7,0.0,0,128,32.9,Warm,July,7,Saturday
2025-07-19,02:00,Bangalore,29.1,78,12.1,1013.6,0.0,0,35,32.9,Warm,July,7,Saturday
2025-07-19,03:00,Chennai,32.6,86,9.0,1012.6,0.0,0,42,32.9,Warm,July,7,Saturday
2025-07-19,04:00,Hyderabad,33.0,74,12.6,1012.2,0.0,0,54,32.9,Warm,July,7,Saturday
2025-07-19,05:00,Mumbai,34.3,80,17.0,1008.8,0.0,0,80,32.9,Warm,July,7,Saturday
2025-07-19,06:00,Delhi,30.8,65,15.7,1015.2,11.3,0,132,32.9,Warm,July,7,Saturday
2025-07-19,07:00,Bangalore,31.5,76,17.3,1011.6,0.0,0,20,32.9,Warm,July,7,Saturday
2025-07-19,08:00,Chennai,37.8,80,16.7,1011.9,0.0,2,45,32.9,Hot,July,7,Saturday
2025-07-19,09:00,Hyderabad,41.1,68,12.8,1011.8,0.0,4,64,32.9,Hot,July,7,Saturday
2025-07-19,10:00,Mumbai,40.0,87,19.6,1015.5,6.3,4,65,32.9,Hot,July,7,Saturday
2025-07-19,11:00,Delhi,36.8,63,17.9,1010.7,0.0,5,136,32.9,Hot,July,7,Saturday
2025-07-19,12:00,Bangalore,34.9,74,12.1,1006.6,0.0,7,48,32.9,Warm,July,7,Saturday
2025-07-19,13:00,Chennai,35.4,85,12.0,1009.5,1.4,5,57,32.9,Hot,July,7,Saturday
2025-07-19,14:00,Hyderabad,35.5,56,12.6,1015.1,0.0,4,61,32.9,Hot,July,7,Saturday
2025-07-19,15:00,Mumbai,36.9,87,15.7,1011.0,22.8,3,73,32.9,Hot,July,7,Saturday
2025-07-19,16:00,Delhi,33.4,57,14.2,1011.3,0.0,2,108,32.9,Warm,July,7,Saturday
2025-07-19,17:00,Bangalore,30.1,86,16.5,1015.0,16.9,0,44,32.9,Warm,July,7,Saturday
2025-07-19,18:00,Chennai,33.6,86,12.4,1008.1,0.0,1,88,32.9,Warm,July,7,Saturday
2025-07-19,19:00,Hyderabad,34.1,68,8.2,1008.7,0.0,0,65,32.9,Warm,July,7,Saturday
2025-07-19,20:00,Mumbai,29.0,83,10.3,1012.1,0.0,0,89,32.9,Warm,July,7,Saturday
2025-07-19,21:00,Delhi,28.4,63,13.0,1015.8,0.0,0,103,32.9,Warm,July,7,Saturday
2025-07-19,22:00,Bangalore,25.4,86,8.0,1011.6,2.9,0,41,32.9,Warm,July,7,Saturday
2025-07-19,23:00,Chennai,29.4,96,16.8,1017.7,0.0,0,45,32.9,Warm,July,7,Saturday
2025-07-20,00:00,Hyderabad,29.5,73,18.3,1017.2,0.0,0,69,32.2,Warm,July,7,Sunday
2025-07-20,01:00,Mumbai,32.1,92,9.1,1015.6,0.0,0,67,32.2,Warm,July,7,Sunday
2025-07-20,02:00,Delhi,27.9,72,11.5,1013.5,0.0,0,114,32.2,Warm,July,7,Sunday
2025-07-20,03:00,Bangalore,25.5,88,13.3,1012.7,13.6,0,47,32.2,Warm,July,7,Sunday
2025-07-20,04:00,Chennai,29.5,91,12.2,1011.8,0.0,0,58,32.2,Warm,July,7,Sunday
2025-07-20,05:00,Hyderabad,34.4,69,13.1,1005.2,0.0,0,70,32.2,Warm,July,7,Sunday
2025-07-20,06:00,Mumbai,30.6,81,15.9,1012.4,2.9,0,44,32.2,Warm,July,7,Sunday
2025-07-20,07:00,Delhi,33.2,63,13.4,1013.5,10.1,1,110,32.2,Warm,July,7,Sunday
2025-07-20,08:00,Bangalore,33.6,74,14.9,1014.0,0.0,2,55,32.2,Warm,July,7,Sunday
2025-07-20,09:00,Chennai,40.8,72,16.6,1008.3,0.0,3,65,32.2,Hot,July,7,Sunday
2025-07-20,10:00,Hyderabad,40.2,75,15.6,1010.0,20.9,4,60,32.2,Hot,July,7,Sunday
2025-07-20,11:00,Mumbai,38.8,88,15.7,1005.1,0.0,6,68,32.2,Hot,July,7,Sunday
2025-07-20,12:00,Delhi,33.3,56,11.5,1008.5,0.0,6,117,32.2,Warm,July,7,Sunday
2025-07-20,13:00,Bangalore,31.5,70,11.3,1013.9,0.0,6,44,32.2,Warm,July,7,Sunday
2025-07-20,14:00,Chennai,39.9,73,12.4,1010.2,16.3,4,58,32.2,Hot,July,7,Sunday
2025-07-20,15:00,Hyderabad,37.6,67,16.3,1006.7,0.0,3,58,32.2,Hot,July,7,Sunday
2025-07-20,16:00,Mumbai,34.0,78,14.1,1007.1,0.0,2,60,32.2,Warm,July,7,Sunday
2025-07-20,17:00,Delhi,26.3,71,12.9,1015.7,0.0,1,131,32.2,Warm,July,7,Sunday
2025-07-20,18:00,Bangalore,29.6,66,12.3,1012.0,25.0,0,62,32.2,Warm,July,7,Sunday
2025-07-20,19:00,Chennai,31.8,78,11.7,1011.2,13.9,0,77,32.2,Warm,July,7,Sunday
2025-07-20,20:00,Hyderabad,32.8,74,10.6,1013.2,16.8,0,80,32.2,Warm,July,7,Sunday
2025-07-20,21:00,Mumbai,30.8,97,11.0,1011.8,22.1,0,64,32.2,Warm,July,7,Sunday
2025-07-20,22:00,Delhi,25.0,73,19.6,1010.5,0.0,0,146,32.2,Warm,July,7,Sunday
2025-07-20,23:00,Bangalore,24.4,90,10.8,1012.3,2.1,0,25,32.2,Mild,July,7,Sunday
2025-07-21,00:00,Chennai,30.2,88,15.1,1013.8,0.0,0,58,33.5,Warm,July,7,Monday
2025-07-21,01:00,Hyderabad,30.6,69,17.4,1004.9,0.0,0,68,33.5,Warm,July,7,Monday
2025-07-21,02:00,Mumbai,30.2,96,14.1,1018.6,0.0,0,52,33.5,Warm,July,7,Monday
2025-07-21,03:00,Delhi,26.6,61,14.8,1011.1,0.0,0,111,33.5,Warm,July,7,Monday
2025-07-21,04:00,Bangalore,28.4,79,11.0,1013.7,0.0,0,31,33.5,Warm,July,7,Monday
2025-07-21,05:00,Chennai,35.4,73,11.4,1014.6,0.0,0,31,33.5,Hot,July,7,Monday
2025-07-21,06:00,Hyderabad,35.7,69,15.8,1014.5,0.0,0,62,33.5,Hot,July,7,Monday
2025-07-21,07:00,Mumbai,38.9,83,14.7,1009.8,14.6,1,69,33.5,Hot,July,7,Monday
2025-07-21,08:00,Delhi,35.9,66,17.2,1012.4,0.0,2,129,33.5,Hot,July,7,Monday
2025-07-21,09:00,Bangalore,33.5,70,6.7,1013.1,0.0,3,44,33.5,Warm,July,7,Monday
2025-07-21,10:00,Chennai,40.6,83,13.0,1010.9,22.1,4,70,33.5,Hot,July,7,Monday
2025-07-21,11:00,Hyderabad,39.7,66,17.1,1008.4,0.0,4,25,33.5,Hot,July,7,Monday
2025-07-21,12:00,Mumbai,39.3,90,15.2,1014.4,15.9,6,58,33.5,Hot,July,7,Monday
2025-07-21,13:00,Delhi,34.3,63,14.5,1012.7,0.0,5,121,33.5,Warm,July,7,Monday
2025-07-21,14:00,Bangalore,30.2,73,18.7,1010.7,0.0,3,37,33.5,Warm,July,7,Monday
2025-07-21,15:00,Chennai,37.4,82,13.0,1013.4,0.0,4,32,33.5,Hot,July,7,Monday
2025-07-21,16:00,Hyderabad,37.6,59,14.1,1013.0,0.0,2,65,33.5,Hot,July,7,Monday
2025-07-21,17:00,Mumbai,38.1,84,14.3,1007.6,0.0,1,92,33.5,Hot,July,7,Monday
2025-07-21,18:00,Delhi,29.4,66,8.8,1011.2,0.0,0,161,33.5,Warm,July,7,Monday
2025-07-21,19:00,Bangalore,27.1,76,13.3,1018.5,0.0,0,57,33.5,Warm,July,7,Monday
2025-07-21,20:00,Chennai,32.9,83,11.1,1006.1,12.6,0,58,33.5,Warm,July,7,Monday
2025-07-21,21:00,Hyderabad,33.1,74,14.2,1015.5,0.0,0,59,33.5,Warm,July,7,Monday
2025-07-21,22:00,Mumbai,30.8,92,10.8,1013.4,0.0,0,72,33.5,Warm,July,7,Monday
2025-07-21,23:00,Delhi,27.5,65,18.0,1007.2,16.7,0,128,33.5,Warm,July,7,Monday
2025-07-22,00:00,Bangalore,25.5,82,11.3,1010.9,18.1,0,37,32.7,Warm,July,7,Tuesday
2025-07-22,01:00,Chennai,30.5,92,14.8,1016.6,9.9,0,34,32.7,Warm,July,7,Tuesday
2025-07-22,02:00,Hyderabad,33.5,75,15.2,1012.9,0.0,0,45,32.7,Warm,July,7,Tuesday
2025-07-22,03:00,Mumbai,33.3,84,13.3,1011.1,0.0,0,45,32.7,Warm,July,7,Tuesday
2025-07-22,04:00,Delhi,28.5,63,14.9,1021.0,0.0,0,136,32.7,Warm,July,7,Tuesday
2025-07-22,05:00,Bangalore,27.4,83,14.9,1010.0,0.0,0,54,32.7,Warm,July,7,Tuesday
2025-07-22,06:00,Chennai,36.1,76,14.4,1004.0,0.0,0,24,32.7,Hot,July,7,Tuesday
2025-07-22,07:00,Hyderabad,38.4,63,10.8,1011.0,0.0,1,60,32.7,Hot,July,7,Tuesday
2025-07-22,08:00,Mumbai,36.6,85,15.0,1007.1,24.3,2,93,32.7,Hot,July,7,Tuesday
2025-07-22,09:00,Delhi,33.9,59,13.4,1015.2,9.1,3,134,32.7,Warm,July,7,Tuesday
2025-07-22,10:00,Bangalore,33.9,71,8.4,1011.5,0.0,4,33,32.7,Warm,July,7,Tuesday
2025-07-22,11:00,Chennai,39.2,83,9.7,1008.7,0.0,6,47,32.7,Hot,July,7,Tuesday
2025-07-22,12:00,Hyderabad,40.4,58,18.1,1010.9,0.0,6,66,32.7,Hot,July,7,Tuesday
2025-07-22,13:00,Mumbai,37.4,88,15.4,1014.4,0.0,5,62,32.7,Hot,July,7,Tuesday
2025-07-22,14:00,Delhi,32.4,56,20.3,1013.6,0.0,3,112,32.7,Warm,July,7,Tuesday
2025-07-22,15:00,Bangalore,30.2,77,12.8,1010.6,10.3,2,37,32.7,Warm,July,7,Tuesday
2025-07-22,16:00,Chennai,35.6,83,18.9,1010.6,0.0,2,55,32.7,Hot,July,7,Tuesday
2025-07-22,17:00,Hyderabad,33.0,74,15.8,1016.3,0.0,0,59,32.7,Warm,July,7,Tuesday
2025-07-22,18:00,Mumbai,31.8,91,13.0,1014.7,0.0,0,84,32.7,Warm,July,7,Tuesday
2025-07-22,19:00,Delhi,29.7,61,12.5,1010.1,0.0,0,125,32.7,Warm,July,7,Tuesday
2025-07-22,20:00,Bangalore,25.6,90,13.3,1017.4,0.0,0,42,32.7,Warm,July,7,Tuesday
2025-07-22,21:00,Chennai,32.5,96,19.4,1016.5,0.0,0,43,32.7,Warm,July,7,Tuesday
2025-07-22,22:00,Hyderabad,30.5,68,8.1,1017.8,0.0,0,57,32.7,Warm,July,7,Tuesday
2025-07-22,23:00,Mumbai,28.7,89,15.3,1014.7,0.0,0,60,32.7,Warm,July,7,Tuesday
2025-07-23,00:00,Delhi,23.9,62,14.2,1016.7,0.0,0,118,32.8,Mild,July,7,Wednesday
2025-07-23,01:00,Bangalore,27.0,83,12.8,1016.8,0.0,0,30,32.8,Warm,July,7,Wednesday
2025-07-23,02:00,Chennai,30.4,85,21.5,1014.6,0.0,0,57,32.8,Warm,July,7,Wednesday
2025-07-23,03:00,Hyderabad,33.1,72,13.8,1015.8,0.0,0,56,32.8,Warm,July,7,Wednesday
2025-07-23,04:00,Mumbai,32.5,92,16.3,1012.6,11.6,0,56,32.8,Warm,July,7,Wednesday
2025-07-23,05:00,Delhi,31.2,65,12.6,1017.7,6.2,0,120,32.8,Warm,July,7,Wednesday
2025-07-23,06:00,Bangalore,31.7,73,15.7,1018.6,0.0,0,39,32.8,Warm,July,7,Wednesday
2025-07-23,07:00,Chennai,39.3,76,9.5,1009.6,0.0,1,54,32.8,Hot,July,7,Wednesday
2025-07-23,08:00,Hyderabad,42.8,66,10.9,1005.1,0.0,1,61,32.8,Hot,July,7,Wednesday
2025-07-23,09:00,Mumbai,37.4,85,12.5,1008.4,0.0,3,102,32.8,Hot,July,7,Wednesday
2025-07-23,10:00,Delhi,37.1,60,15.2,1003.5,6.3,5,150,32.8,Hot,July,7,Wednesday
2025-07-23,11:00,Bangalore,31.0,75,8.9,1017.0,9.2,6,59,32.8,Warm,July,7,Wednesday
2025-07-23,12:00,Chennai,40.2,83,14.8,1010.2,18.2,7,64,32.8,Hot,July,7,Wednesday
2025-07-23,13:00,Hyderabad,42.0,67,10.8,1014.8,0.0,5,51,32.8,Hot,July,7,Wednesday
2025-07-23,14:00,Mumbai,36.2,86,15.0,1010.1,20.6,4,64,32.8,Hot,July,7,Wednesday
2025-07-23,15:00,Delhi,34.7,68,17.7,1015.1,0.4,3,140,32.8,Warm,July,7,Wednesday
2025-07-23,16:00,Bangalore,31.8,76,12.4,1013.1,2.0,1,35,32.8,Warm,July,7,Wednesday
2025-07-23,17:00,Chennai,33.0,82,11.5,1016.0,0.0,0,64,32.8,Warm,July,7,Wednesday
2025-07-23,18:00,Hyderabad,32.3,74,16.2,1015.7,20.8,0,84,32.8,Warm,July,7,Wednesday
2025-07-23,19:00,Mumbai,32.5,84,10.4,1011.7,0.0,0,69,32.8,Warm,July,7,Wednesday
2025-07-23,20:00,Delhi,24.5,73,8.3,1013.4,0.0,0,145,32.8,Mild,July,7,Wednesday
2025-07-23,21:00,Bangalore,27.2,86,13.9,1016.8,16.1,0,37,32.8,Warm,July,7,Wednesday
2025-07-23,22:00,Chennai,28.0,94,13.5,1017.7,0.0,0,32,32.8,Warm,July,7,Wednesday
2025-07-23,23:00,Hyderabad,26.8,78,15.8,1015.3,0.0,0,69,32.8,Warm,July,7,Wednesday
2025-07-24,00:00,Mumbai,29.5,85,11.5,1006.3,0.0,0,48,31.5,Warm,July,7,Thursday
2025-07-24,01:00,Delhi,23.5,73,17.2,1011.4,0.0,0,148,31.5,Mild,July,7,Thursday
2025-07-24,02:00,Bangalore,27.2,83,13.3,1012.7,0.0,0,57,31.5,Warm,July,7,Thursday
2025-07-24,03:00,Chennai,29.8,89,11.4,1014.4,0.0,0,28,31.5,Warm,July,7,Thursday
2025-07-24,04:00,Hyderabad,33.0,75,12.9,1008.8,0.0,0,49,31.5,Warm,July,7,Thursday
2025-07-24,05:00,Mumbai,36.7,81,13.1,1010.3,0.0,0,63,31.5,Hot,July,7,Thursday
2025-07-24,06:00,Delhi,31.5,62,17.9,1012.8,0.0,0,119,31.5,Warm,July,7,Thursday
2025-07-24,07:00,Bangalore,30.8,78,13.8,1009.4,0.0,1,26,31.5,Warm,July,7,Thursday
2025-07-24,08:00,Chennai,35.4,78,15.5,1007.8,0.0,2,51,31.5,Hot,July,7,Thursday
2025-07-24,09:00,Hyderabad,37.9,73,14.4,1011.1,0.0,3,71,31.5,Hot,July,7,Thursday
2025-07-24,10:00,Mumbai,36.6,91,12.8,1012.6,0.0,5,87,31.5,Hot,July,7,Thursday
2025-07-24,11:00,Delhi,30.9,57,17.4,1008.4,15.8,5,128,31.5,Warm,July,7,Thursday
2025-07-24,12:00,Bangalore,32.5,76,16.9,1015.6,0.0,7,48,31.5,Warm,July,7,Thursday
2025-07-24,13:00,Chennai,39.0,88,14.3,1008.2,16.3,5,67,31.5,Hot,July,7,Thursday
2025-07-24,14:00,Hyderabad,37.8,62,14.1,1014.9,0.0,3,49,31.5,Hot,July,7,Thursday
2025-07-24,15:00,Mumbai,37.6,81,12.4,1009.9,0.0,2,74,31.5,Hot,July,7,Thursday
2025-07-24,16:00,Delhi,28.0,66,9.6,1011.5,0.0,2,109,31.5,Warm,July,7,Thursday
2025-07-24,17:00,Bangalore,29.0,76,9.9,1009.3,0.0,1,49,31.5,Warm,July,7,Thursday
2025-07-24,18:00,Chennai,32.3,78,7.9,1012.6,0.0,0,48,31.5,Warm,July,7,Thursday
2025-07-24,19:00,Hyderabad,31.9,74,14.8,1018.2,0.0,0,69,31.5,Warm,July,7,Thursday
2025-07-24,20:00,Mumbai,30.3,92,21.6,1009.4,9.7,0,90,31.5,Warm,July,7,Thursday
2025-07-24,21:00,Delhi,22.4,73,13.9,1016.0,0.0,0,134,31.5,Mild,July,7,Thursday
2025-07-24,22:00,Bangalore,24.0,88,12.7,1014.0,0.0,0,43,31.5,Mild,July,7,Thursday
2025-07-24,23:00,Chennai,29.1,90,14.4,1013.6,3.5,0,54,31.5,Warm,July,7,Thursday
2025-07-25,00:00,Hyderabad,29.5,74,12.3,1008.8,0.0,0,57,31.9,Warm,July,7,Friday
2025-07-25,01:00,Mumbai,28.4,95,15.9,1006.8,0.0,0,77,31.9,Warm,July,7,Friday
2025-07-25,02:00,Delhi,25.9,73,12.7,1011.9,5.3,0,126,31.9,Warm,July,7,Friday
2025-07-25,03:00,Bangalore,26.1,79,14.1,1008.6,0.0,0,21,31.9,Warm,July,7,Friday
2025-07-25,04:00,Chennai,33.3,88,16.4,1016.0,0.0,0,46,31.9,Warm,July,7,Friday
2025-07-25,05:00,Hyderabad,34.4,70,15.5,1011.3,9.5,0,34,31.9,Warm,July,7,Friday
2025-07-25,06:00,Mumbai,34.9,89,14.8,1009.9,0.0,0,35,31.9,Warm,July,7,Friday
2025-07-25,07:00,Delhi,31.9,55,11.8,1019.2,0.0,0,128,31.9,Warm,July,7,Friday
2025-07-25,08:00,Bangalore,32.1,82,12.0,1012.9,14.1,2,50,31.9,Warm,July,7,Friday
2025-07-25,09:00,Chennai,38.1,80,14.2,1013.9,15.6,2,72,31.9,Hot,July,7,Friday
2025-07-25,10:00,Hyderabad,38.4,74,8.7,1011.7,0.0,4,80,31.9,Hot,July,7,Friday
2025-07-25,11:00,Mumbai,41.9,88,12.2,1008.5,0.0,5,74,31.9,Hot,July,7,Friday
2025-07-25,12:00,Delhi,36.7,51,4.8,1006.6,0.0,6,112,31.9,Hot,July,7,Friday
2025-07-25,13:00,Bangalore,33.0,77,13.9,1013.7,16.4,5,20,31.9,Warm,July,7,Friday
2025-07-25,14:00,Chennai,37.9,84,13.5,1006.3,4.6,4,35,31.9,Hot,July,7,Friday
2025-07-25,15:00,Hyderabad,36.2,67,16.8,1013.3,8.3,3,39,31.9,Hot,July,7,Friday
2025-07-25,16:00,Mumbai,33.0,81,10.6,1013.5,19.8,2,72,31.9,Warm,July,7,Friday
2025-07-25,17:00,Delhi,30.1,76,14.6,1012.0,0.0,1,156,31.9,Warm,July,7,Friday
2025-07-25,18:00,Bangalore,27.7,87,12.7,1021.1,0.0,0,61,31.9,Warm,July,7,Friday
2025-07-25,19:00,Chennai,32.2,91,14.5,1010.1,0.0,0,56,31.9,Warm,July,7,Friday
2025-07-25,20:00,Hyderabad,28.8,75,11.9,1017.4,0.0,0,85,31.9,Warm,July,7,Friday
2025-07-25,21:00,Mumbai,29.0,88,13.4,1012.0,0.0,0,73,31.9,Warm,July,7,Friday
2025-07-25,22:00,Delhi,22.1,75,10.8,1018.0,0.0,0,130,31.9,Mild,July,7,Friday
2025-07-25,23:00,Bangalore,24.6,80,15.2,1013.1,0.0,0,38,31.9,Mild,July,7,Friday
2025-07-26,00:00,Chennai,29.9,91,16.1,1012.6,0.0,0,51,32.2,Warm,July,7,Saturday
2025-07-26,01:00,Hyderabad,29.2,87,16.1,1013.1,21.9,0,67,32.2,Warm,July,7,Saturday
2025-07-26,02:00,Mumbai,29.8,93,12.3,1018.9,0.0,0,69,32.2,Warm,July,7,Saturday
2025-07-26,03:00,Delhi,27.0,69,7.4,1012.5,0.0,0,100,32.2,Warm,July,7,Saturday
2025-07-26,04:00,Bangalore,29.2,79,17.0,1010.9,0.0,0,27,32.2,Warm,July,7,Saturday
2025-07-26,05:00,Chennai,34.8,90,7.9,1017.4,0.0,0,32,32.2,Warm,July,7,Saturday
2025-07-26,06:00,Hyderabad,34.2,73,15.2,1011.4,0.0,0,43,32.2,Warm,July,7,Saturday
2025-07-26,07:00,Mumbai,33.3,76,13.7,1013.3,0.0,1,80,32.2,Warm,July,7,Saturday
2025-07-26,08:00,Delhi,30.4,62,14.7,1016.2,4.1,1,128,32.2,Warm,July,7,Saturday
2025-07-26,09:00,Bangalore,35.1,81,11.2,1015.0,0.0,4,75,32.2,Hot,July,7,Saturday
2025-07-26,10:00,Chennai,43.1,75,13.5,1009.3,0.0,4,78,32.2,Hot,July,7,Saturday
2025-07-26,11:00,Hyderabad,38.6,65,17.3,1011.9,0.0,5,64,32.2,Hot,July,7,Saturday
2025-07-26,12:00,Mumbai,41.4,79,15.3,1008.6,24.3,7,35,32.2,Hot,July,7,Saturday
2025-07-26,13:00,Delhi,32.4,52,18.0,1018.5,0.0,5,119,32.2,Warm,July,7,Saturday
2025-07-26,14:00,Bangalore,30.4,87,23.0,1012.3,6.3,5,43,32.2,Warm,July,7,Saturday
2025-07-26,15:00,Chennai,34.7,85,9.3,1009.2,5.9,3,42,32.2,Warm,July,7,Saturday
2025-07-26,16:00,Hyderabad,36.4,65,17.7,1011.2,0.0,3,55,32.2,Hot,July,7,Saturday
2025-07-26,17:00,Mumbai,35.8,80,15.0,1015.5,23.8,2,84,32.2,Hot,July,7,Saturday
2025-07-26,18:00,Delhi,28.3,75,19.5,1012.7,0.0,0,134,32.2,Warm,July,7,Saturday
2025-07-26,19:00,Bangalore,24.8,83,16.2,1013.6,0.0,0,35,32.2,Mild,July,7,Saturday
2025-07-26,20:00,Chennai,28.6,95,10.0,1013.7,0.0,0,62,32.2,Warm,July,7,Saturday
2025-07-26,21:00,Hyderabad,31.0,74,6.9,1012.8,7.0,0,56,32.2,Warm,July,7,Saturday
2025-07-26,22:00,Mumbai,31.6,90,14.2,1011.8,0.0,0,80,32.2,Warm,July,7,Saturday
2025-07-26,23:00,Delhi,22.4,57,15.9,1013.7,0.0,0,108,32.2,Mild,July,7,Saturday
2025-07-27,00:00,Bangalore,24.9,77,9.6,1011.9,0.0,0,49,32.1,Mild,July,7,Sunday
2025-07-27,01:00,Chennai,26.7,94,19.3,1010.5,0.0,0,57,32.1,Warm,July,7,Sunday
2025-07-27,02:00,Hyderabad,28.6,75,11.7,1010.9,0.0,0,65,32.1,Warm,July,7,Sunday
2025-07-27,03:00,Mumbai,29.6,89,10.6,1012.3,4.3,0,40,32.1,Warm,July,7,Sunday
2025-07-27,04:00,Delhi,28.4,63,12.4,1012.9,0.0,0,108,32.1,Warm,July,7,Sunday
2025-07-27,05:00,Bangalore,29.3,83,13.8,1017.1,4.1,0,42,32.1,Warm,July,7,Sunday
2025-07-27,06:00,Chennai,36.1,89,9.8,1005.5,0.0,0,61,32.1,Hot,July,7,Sunday
2025-07-27,07:00,Hyderabad,38.7,73,14.5,1011.3,0.0,0,54,32.1,Hot,July,7,Sunday
2025-07-27,08:00,Mumbai,36.7,82,6.8,1010.7,0.0,3,92,32.1,Hot,July,7,Sunday
2025-07-27,09:00,Delhi,33.4,56,18.3,1011.5,0.0,4,136,32.1,Warm,July,7,Sunday
2025-07-27,10:00,Bangalore,32.3,76,17.0,1010.5,2.6,4,47,32.1,Warm,July,7,Sunday
2025-07-27,11:00,Chennai,36.6,77,17.2,1005.8,0.0,5,29,32.1,Hot,July,7,Sunday
2025-07-27,12:00,Hyderabad,40.5,74,11.7,1009.3,0.0,6,43,32.1,Hot,July,7,Sunday
2025-07-27,13:00,Mumbai,37.9,81,13.4,1005.7,16.1,5,56,32.1,Hot,July,7,Sunday
2025-07-27,14:00,Delhi,32.7,71,9.3,1014.8,0.0,4,114,32.1,Warm,July,7,Sunday
2025-07-27,15:00,Bangalore,30.1,73,13.3,1003.0,0.0,3,37,32.1,Warm,July,7,Sunday
2025-07-27,16:00,Chennai,36.3,85,16.8,1009.6,0.0,1,35,32.1,Hot,July,7,Sunday
2025-07-27,17:00,Hyderabad,35.9,65,11.9,1011.7,0.0,0,72,32.1,Hot,July,7,Sunday
2025-07-27,18:00,Mumbai,30.9,97,16.0,1014.7,0.0,0,80,32.1,Warm,July,7,Sunday
2025-07-27,19:00,Delhi,27.7,72,19.1,1013.6,17.4,0,144,32.1,Warm,July,7,Sunday
2025-07-27,20:00,Bangalore,28.1,81,14.4,1019.1,0.0,0,59,32.1,Warm,July,7,Sunday
2025-07-27,21:00,Chennai,30.0,90,12.3,1015.8,0.0,0,51,32.1,Warm,July,7,Sunday
2025-07-27,22:00,Hyderabad,29.2,81,13.3,1014.7,3.9,0,46,32.1,Warm,July,7,Sunday
2025-07-27,23:00,Mumbai,29.2,89,17.0,1011.0,0.0,0,67,32.1,Warm,July,7,Sunday
2025-07-28,00:00,Delhi,25.9,67,17.0,1015.7,0.0,0,108,32.0,Warm,July,7,Monday
2025-07-28,01:00,Bangalore,23.8,73,15.9,1013.4,0.0,0,31,32.0,Mild,July,7,Monday
2025-07-28,02:00,Chennai,33.4,82,8.4,1014.5,0.0,0,56,32.0,Warm,July,7,Monday
2025-07-28,03:00,Hyderabad,35.0,69,10.2,1010.3,0.0,0,35,32.0,Hot,July,7,Monday
2025-07-28,04:00,Mumbai,32.0,93,12.4,1012.1,0.0,0,62,32.0,Warm,July,7,Monday
2025-07-28,05:00,Delhi,30.1,69,16.9,1011.7,0.0,0,122,32.0,Warm,July,7,Monday
2025-07-28,06:00,Bangalore,30.0,77,18.5,1007.6,0.0,0,43,32.0,Warm,July,7,Monday
2025-07-28,07:00,Chennai,36.8,85,15.5,1006.6,0.0,1,61,32.0,Hot,July,7,Monday
2025-07-28,08:00,Hyderabad,37.8,70,17.2,1010.0,0.0,1,60,32.0,Hot,July,7,Monday
2025-07-28,09:00,Mumbai,38.0,82,14.1,1010.4,0.0,4,70,32.0,Hot,July,7,Monday
2025-07-28,10:00,Delhi,35.4,54,18.9,1013.3,0.0,5,124,32.0,Hot,July,7,Monday
2025-07-28,11:00,Bangalore,35.7,68,16.8,1018.2,0.0,5,43,32.0,Hot,July,7,Monday
2025-07-28,12:00,Chennai,39.0,71,11.5,1007.3,0.0,7,38,32.0,Hot,July,7,Monday
2025-07-28,13:00,Hyderabad,37.0,75,15.9,1006.5,0.0,5,57,32.0,Hot,July,7,Monday
2025-07-28,14:00,Mumbai,35.6,88,15.1,1016.5,0.0,5,63,32.0,Hot,July,7,Monday
2025-07-28,15:00,Delhi,31.1,63,13.7,1009.7,0.0,3,120,32.0,Warm,July,7,Monday
2025-07-28,16:00,Bangalore,29.9,83,12.4,1011.0,0.0,1,31,32.0,Warm,July,7,Monday
2025-07-28,17:00,Chennai,33.3,92,14.8,1011.4,0.0,0,63,32.0,Warm,July,7,Monday
2025-07-28,18:00,Hyderabad,33.9,71,13.9,1012.3,0.0,0,58,32.0,Warm,July,7,Monday
2025-07-28,19:00,Mumbai,30.8,92,17.7,1014.1,0.0,0,60,32.0,Warm,July,7,Monday
2025-07-28,20:00,Delhi,25.2,72,14.4,1021.3,0.7,0,140,32.0,Warm,July,7,Monday
2025-07-28,21:00,Bangalore,23.2,81,17.2,1017.2,8.3,0,29,32.0,Mild,July,7,Monday
2025-07-28,22:00,Chennai,25.7,98,18.4,1010.0,0.0,0,52,32.0,Warm,July,7,Monday
2025-07-28,23:00,Hyderabad,29.1,78,11.4,1015.2,0.0,0,46,32.0,Warm,July,7,Monday
2025-07-29,00:00,Mumbai,28.5,88,17.5,1016.1,22.7,0,73,31.7,Warm,July,7,Tuesday
2025-07-29,01:00,Delhi,24.8,70,15.8,1013.1,19.3,0,124,31.7,Mild,July,7,Tuesday
2025-07-29,02:00,Bangalore,24.4,83,17.3,1016.2,1.6,0,42,31.7,Mild,July,7,Tuesday
2025-07-29,03:00,Chennai,30.6,84,13.8,1018.7,0.0,0,38,31.7,Warm,July,7,Tuesday
2025-07-29,04:00,Hyderabad,32.7,63,15.0,1008.2,0.0,0,50,31.7,Warm,July,7,Tuesday
2025-07-29,05:00,Mumbai,30.1,89,15.3,1009.8,22.1,0,44,31.7,Warm,July,7,Tuesday
2025-07-29,06:00,Delhi,29.9,59,11.5,1016.2,15.1,0,132,31.7,Warm,July,7,Tuesday
2025-07-29,07:00,Bangalore,32.5,72,11.7,1012.9,0.0,0,48,31.7,Warm,July,7,Tuesday
2025-07-29,08:00,Chennai,37.9,85,18.8,1016.7,4.5,2,74,31.7,Hot,July,7,Tuesday
2025-07-29,09:00,Hyderabad,37.0,74,10.2,1010.3,7.0,3,69,31.7,Hot,July,7,Tuesday
2025-07-29,10:00,Mumbai,39.5,85,11.9,1009.6,19.5,4,84,31.7,Hot,July,7,Tuesday
2025-07-29,11:00,Delhi,33.3,64,14.9,1008.9,0.0,4,115,31.7,Warm,July,7,Tuesday
2025-07-29,12:00,Bangalore,32.3,84,19.5,1015.2,0.0,6,34,31.7,Warm,July,7,Tuesday
2025-07-29,13:00,Chennai,39.6,87,15.2,1015.6,0.0,5,44,31.7,Hot,July,7,Tuesday
2025-07-29,14:00,Hyderabad,39.8,77,16.3,1011.9,0.5,5,33,31.7,Hot,July,7,Tuesday
2025-07-29,15:00,Mumbai,34.0,85,12.2,1014.5,0.0,3,38,31.7,Warm,July,7,Tuesday
2025-07-29,16:00,Delhi,32.7,72,11.4,1011.6,0.0,2,109,31.7,Warm,July,7,Tuesday
2025-07-29,17:00,Bangalore,29.0,78,17.1,1015.7,0.0,1,49,31.7,Warm,July,7,Tuesday
2025-07-29,18:00,Chennai,31.6,84,8.6,1009.3,0.0,0,44,31.7,Warm,July,7,Tuesday
2025-07-29,19:00,Hyderabad,33.8,69,19.4,1014.2,0.0,0,74,31.7,Warm,July,7,Tuesday
2025-07-29,20:00,Mumbai,29.9,92,13.2,1014.9,0.0,0,80,31.7,Warm,July,7,Tuesday
2025-07-29,21:00,Delhi,22.6,68,13.9,1014.0,0.0,0,87,31.7,Mild,July,7,Tuesday
2025-07-29,22:00,Bangalore,23.2,81,15.2,1012.4,0.0,0,34,31.7,Mild,July,7,Tuesday
2025-07-29,23:00,Chennai,30.1,99,15.8,1018.9,5.6,0,37,31.7,Warm,July,7,Tuesday
2025-07-30,00:00,Hyderabad,29.8,72,11.3,1011.8,0.0,0,54,31.9,Warm,July,7,Wednesday
2025-07-30,01:00,Mumbai,29.6,93,14.1,1014.7,6.7,0,63,31.9,Warm,July,7,Wednesday
2025-07-30,02:00,Delhi,24.1,78,10.2,1010.5,16.1,0,126,31.9,Mild,July,7,Wednesday
2025-07-30,03:00,Bangalore,27.6,83,14.3,1015.7,4.7,0,49,31.9,Warm,July,7,Wednesday
2025-07-30,04:00,Chennai,32.6,84,18.7,1014.7,14.8,0,51,31.9,Warm,July,7,Wednesday
2025-07-30,05:00,Hyderabad,34.9,71,11.2,1011.6,0.0,0,44,31.9,Warm,July,7,Wednesday
2025-07-30,06:00,Mumbai,34.8,88,11.8,1009.8,24.7,0,40,31.9,Warm,July,7,Wednesday
2025-07-30,07:00,Delhi,29.2,61,13.4,1013.0,0.0,0,109,31.9,Warm,July,7,Wednesday
2025-07-30,08:00,Bangalore,32.6,74,17.6,1013.5,0.0,2,97,31.9,Warm,July,7,Wednesday
2025-07-30,09:00,Chennai,37.5,87,10.0,1011.8,24.4,3,64,31.9,Hot,July,7,Wednesday
2025-07-30,10:00,Hyderabad,36.1,78,12.2,1013.0,0.0,3,77,31.9,Hot,July,7,Wednesday
2025-07-30,11:00,Mumbai,42.1,80,12.6,1007.8,0.0,6,80,31.9,Hot,July,7,Wednesday
2025-07-30,12:00,Delhi,33.0,68,11.3,1011.6,19.7,6,131,31.9,Warm,July,7,Wednesday
2025-07-30,13:00,Bangalore,33.4,72,8.6,1009.6,22.8,6,50,31.9,Warm,July,7,Wednesday
2025-07-30,14:00,Chennai,37.9,76,12.3,1008.7,0.0,4,57,31.9,Hot,July,7,Wednesday
2025-07-30,15:00,Hyderabad,36.7,61,13.0,1011.2,0.0,3,56,31.9,Hot,July,7,Wednesday
2025-07-30,16:00,Mumbai,33.9,83,10.0,1007.2,0.0,2,67,31.9,Warm,July,7,Wednesday
2025-07-30,17:00,Delhi,27.5,76,12.6,1018.4,0.0,0,130,31.9,Warm,July,7,Wednesday
2025-07-30,18:00,Bangalore,28.4,77,10.2,1013.4,0.0,0,36,31.9,Warm,July,7,Wednesday
2025-07-30,19:00,Chennai,34.6,81,12.6,1010.4,0.0,0,37,31.9,Warm,July,7,Wednesday
2025-07-30,20:00,Hyderabad,28.5,82,10.8,1011.2,0.0,0,50,31.9,Warm,July,7,Wednesday
2025-07-30,21:00,Mumbai,30.0,87,10.9,1012.6,0.0,0,60,31.9,Warm,July,7,Wednesday
2025-07-30,22:00,Delhi,25.1,66,11.9,1019.3,16.4,0,98,31.9,Warm,July,7,Wednesday
2025-07-30,23:00,Bangalore,24.9,79,12.5,1014.1,0.0,0,44,31.9,Mild,July,7,Wednesday
2025-07-31,00:00,Chennai,30.3,80,11.2,1009.7,24.1,0,33,31.8,Warm,July,7,Thursday
2025-07-31,01:00,Hyderabad,28.1,71,11.2,1010.5,0.0,0,70,31.8,Warm,July,7,Thursday
2025-07-31,02:00,Mumbai,30.8,95,19.8,1015.7,19.1,0,67,31.8,Warm,July,7,Thursday
2025-07-31,03:00,Delhi,27.2,67,16.3,1017.1,0.0,0,130,31.8,Warm,July,7,Thursday
2025-07-31,04:00,Bangalore,30.7,79,19.6,1009.8,0.0,0,26,31.8,Warm,July,7,Thursday
2025-07-31,05:00,Chennai,33.5,85,12.8,1011.5,0.0,0,52,31.8,Warm,July,7,Thursday
2025-07-31,06:00,Hyderabad,36.6,65,12.2,1013.2,8.8,0,78,31.8,Hot,July,7,Thursday
2025-07-31,07:00,Mumbai,35.9,85,18.4,1007.1,0.0,1,48,31.8,Hot,July,7,Thursday
2025-07-31,08:00,Delhi,32.1,63,14.0,1015.5,0.0,2,139,31.8,Warm,July,7,Thursday
2025-07-31,09:00,Bangalore,29.2,77,15.9,1015.2,0.0,3,76,31.8,Warm,July,7,Thursday
2025-07-31,10:00,Chennai,37.3,78,13.6,1012.0,0.0,5,53,31.8,Hot,July,7,Thursday
2025-07-31,11:00,Hyderabad,39.8,70,15.1,1006.9,11.7,5,37,31.8,Hot,July,7,Thursday
2025-07-31,12:00,Mumbai,35.6,83,10.9,1012.4,0.0,7,84,31.8,Hot,July,7,Thursday
2025-07-31,13:00,Delhi,32.3,69,15.4,1009.6,0.0,5,134,31.8,Warm,July,7,Thursday
2025-07-31,14:00,Bangalore,30.7,78,11.6,1011.8,5.2,3,53,31.8,Warm,July,7,Thursday
2025-07-31,15:00,Chennai,37.5,86,14.2,1006.9,17.5,2,43,31.8,Hot,July,7,Thursday
2025-07-31,16:00,Hyderabad,35.6,70,11.2,1010.6,0.0,1,53,31.8,Hot,July,7,Thursday
2025-07-31,17:00,Mumbai,32.7,89,15.8,1014.9,7.3,1,54,31.8,Warm,July,7,Thursday
2025-07-31,18:00,Delhi,27.7,69,20.2,1013.0,0.0,0,151,31.8,Warm,July,7,Thursday
2025-07-31,19:00,Bangalore,26.9,89,17.5,1017.3,0.0,0,53,31.8,Warm,July,7,Thursday
2025-07-31,20:00,Chennai,27.7,87,14.3,1013.6,8.4,0,40,31.8,Warm,July,7,Thursday
2025-07-31,21:00,Hyderabad,30.1,75,10.8,1013.0,15.4,0,57,31.8,Warm,July,7,Thursday
2025-07-31,22:00,Mumbai,27.7,97,16.5,1007.0,21.4,0,61,31.8,Warm,July,7,Thursday
2025-07-31,23:00,Delhi,26.8,65,15.5,1012.1,16.7,0,118,31.8,Warm,July,7,Thursday
2025-08-01,00:00,Bangalore,25.0,84,12.4,1017.8,0.0,0,45,32.0,Warm,August,8,Friday
2025-08-01,01:00,Chennai,30.3,92,12.6,1013.3,11.4,0,63,32.0,Warm,August,8,Friday
2025-08-01,02:00,Hyderabad,28.5,76,9.5,1011.7,0.0,0,47,32.0,Warm,August,8,Friday
2025-08-01,03:00,Mumbai,29.3,85,9.2,1011.3,18.0,0,77,32.0,Warm,August,8,Friday
2025-08-01,04:00,Delhi,30.0,65,14.9,1014.6,0.0,0,133,32.0,Warm,August,8,Friday
2025-08-01,05:00,Bangalore,28.4,80,10.3,1012.1,0.0,0,37,32.0,Warm,August,8,Friday
2025-08-01,06:00,Chennai,35.5,82,13.2,1012.3,20.7,0,62,32.0,Hot,August,8,Friday
2025-08-01,07:00,Hyderabad,37.5,73,20.1,1012.0,0.0,0,60,32.0,Hot,August,8,Friday
2025-08-01,08:00,Mumbai,37.8,84,17.1,1012.0,0.0,2,109,32.0,Hot,August,8,Friday
2025-08-01,09:00,Delhi,34.6,53,9.7,1012.7,0.0,2,157,32.0,Warm,August,8,Friday
2025-08-01,10:00,Bangalore,31.9,80,10.9,1012.2,16.5,5,80,32.0,Warm,August,8,Friday
2025-08-01,11:00,Chennai,39.3,71,9.8,1011.6,15.9,5,48,32.0,Hot,August,8,Friday
2025-08-01,12:00,Hyderabad,39.4,81,10.1,1009.7,0.0,7,66,32.0,Hot,August,8,Friday
2025-08-01,13:00,Mumbai,38.9,75,12.4,1013.0,0.0,5,72,32.0,Hot,August,8,Friday
2025-08-01,14:00,Delhi,34.7,57,12.8,1013.6,0.0,5,127,32.0,Warm,August,8,Friday
2025-08-01,15:00,Bangalore,28.6,77,11.6,1014.2,22.5,3,30,32.0,Warm,August,8,Friday
2025-08-01,16:00,Chennai,35.0,81,15.2,1013.2,17.6,2,57,32.0,Hot,August,8,Friday
2025-08-01,17:00,Hyderabad,31.6,76,9.9,1014.1,0.0,1,76,32.0,Warm,August,8,Friday
2025-08-01,18:00,Mumbai,30.7,86,10.1,1010.4,0.0,0,77,32.0,Warm,August,8,Friday
2025-08-01,19:00,Delhi,27.3,62,12.1,1013.8,0.0,0,147,32.0,Warm,August,8,Friday
2025-08-01,20:00,Bangalore,26.8,85,13.4,1013.2,0.0,0,36,32.0,Warm,August,8,Friday
2025-08-01,21:00,Chennai,28.6,86,14.6,1013.0,0.0,0,50,32.0,Warm,August,8,Friday
2025-08-01,22:00,Hyderabad,31.5,72,12.3,1009.7,0.0,0,45,32.0,Warm,August,8,Friday
2025-08-01,23:00,Mumbai,27.7,95,16.2,1016.2,0.0,0,67,32.0,Warm,August,8,Friday
2025-08-02,00:00,Delhi,27.0,61,16.8,1015.4,18.4,0,131,32.0,Warm,August,8,Saturday
2025-08-02,01:00,Bangalore,22.7,88,18.0,1022.1,0.0,0,23,32.0,Mild,August,8,Saturday
2025-08-02,02:00,Chennai,33.6,85,16.2,1011.8,0.0,0,50,32.0,Warm,August,8,Saturday
2025-08-02,03:00,Hyderabad,33.5,80,12.3,1013.0,0.0,0,63,32.0,Warm,August,8,Saturday
2025-08-02,04:00,Mumbai,32.1,89,13.1,1010.8,0.0,0,69,32.0,Warm,August,8,Saturday
2025-08-02,05:00,Delhi,30.4,64,15.5,1011.4,21.7,0,117,32.0,Warm,August,8,Saturday
2025-08-02,06:00,Bangalore,29.4,81,16.8,1015.5,20.0,0,59,32.0,Warm,August,8,Saturday
2025-08-02,07:00,Chennai,38.1,79,11.9,1010.2,2.0,1,40,32.0,Hot,August,8,Saturday
2025-08-02,08:00,Hyderabad,38.2,64,12.9,1007.4,0.0,2,70,32.0,Hot,August,8,Saturday
2025-08-02,09:00,Mumbai,36.7,77,12.4,1012.8,0.0,4,80,32.0,Hot,August,8,Saturday
2025-08-02,10:00,Delhi,35.0,59,15.3,1017.9,0.0,5,140,32.0,Hot,August,8,Saturday
2025-08-02,11:00,Bangalore,31.3,80,16.0,1011.2,0.0,5,27,32.0,Warm,August,8,Saturday
2025-08-02,12:00,Chennai,38.3,81,18.8,1008.6,0.0,7,36,32.0,Hot,August,8,Saturday
2025-08-02,13:00,Hyderabad,38.5,68,10.1,1012.1,11.7,5,58,32.0,Hot,August,8,Saturday
2025-08-02,14:00,Mumbai,35.4,92,13.5,1012.0,22.1,4,73,32.0,Hot,August,8,Saturday
2025-08-02,15:00,Delhi,34.0,62,16.7,1005.7,8.2,3,126,32.0,Warm,August,8,Saturday
2025-08-02,16:00,Bangalore,30.3,79,12.7,1012.9,0.0,3,40,32.0,Warm,August,8,Saturday
2025-08-02,17:00,Chennai,35.2,77,9.7,1010.1,1.3,1,66,32.0,Hot,August,8,Saturday
2025-08-02,18:00,Hyderabad,32.6,72,17.1,1007.8,0.0,0,72,32.0,Warm,August,8,Saturday
2025-08-02,19:00,Mumbai,30.7,91,10.2,1008.5,0.0,0,90,32.0,Warm,August,8,Saturday
2025-08-02,20:00,Delhi,23.5,63,17.6,1019.7,22.8,0,124,32.0,Mild,August,8,Saturday
2025-08-02,21:00,Bangalore,22.8,90,14.6,1010.0,2.2,0,50,32.0,Mild,August,8,Saturday
2025-08-02,22:00,Chennai,28.0,88,16.1,1012.1,24.8,0,53,32.0,Warm,August,8,Saturday
2025-08-02,23:00,Hyderabad,29.7,82,11.3,1016.4,23.2,0,86,32.0,Warm,August,8,Saturday
2025-08-03,00:00,Mumbai,26.9,88,19.9,1013.7,0.0,0,61,31.2,Warm,August,8,Sunday
2025-08-03,01:00,Delhi,24.5,72,17.4,1016.4,0.0,0,118,31.2,Mild,August,8,Sunday
2025-08-03,02:00,Bangalore,24.1,83,17.3,1015.5,0.0,0,28,31.2,Mild,August,8,Sunday
2025-08-03,03:00,Chennai,32.3,77,8.1,1010.0,1.6,0,49,31.2,Warm,August,8,Sunday
2025-08-03,04:00,Hyderabad,33.7,72,14.9,1010.5,0.0,0,49,31.2,Warm,August,8,Sunday
2025-08-03,05:00,Mumbai,32.0,84,14.2,1016.1,24.5,0,42,31.2,Warm,August,8,Sunday
2025-08-03,06:00,Delhi,29.9,63,12.4,1007.5,0.0,0,109,31.2,Warm,August,8,Sunday
2025-08-03,07:00,Bangalore,29.6,81,10.8,1013.7,0.0,1,28,31.2,Warm,August,8,Sunday
2025-08-03,08:00,Chennai,36.2,81,14.3,1013.9,0.0,1,57,31.2,Hot,August,8,Sunday
2025-08-03,09:00,Hyderabad,37.2,65,15.5,1008.2,0.0,2,73,31.2,Hot,August,8,Sunday
2025-08-03,10:00,Mumbai,38.9,85,14.5,1012.7,0.0,4,80,31.2,Hot,August,8,Sunday
2025-08-03,11:00,Delhi,33.8,71,6.6,1008.4,0.0,5,106,31.2,Warm,August,8,Sunday
2025-08-03,12:00,Bangalore,34.5,72,14.5,1007.4,0.0,7,37,31.2,Warm,August,8,Sunday
2025-08-03,13:00,Chennai,39.8,80,14.6,1012.6,0.0,5,48,31.2,Hot,August,8,Sunday
2025-08-03,14:00,Hyderabad,35.0,71,14.4,1010.3,7.3,3,66,31.2,Hot,August,8,Sunday
2025-08-03,15:00,Mumbai,33.3,93,13.7,1013.4,19.6,3,56,31.2,Warm,August,8,Sunday
2025-08-03,16:00,Delhi,30.2,70,18.1,1012.5,10.2,2,132,31.2,Warm,August,8,Sunday
2025-08-03,17:00,Bangalore,28.2,85,14.7,1008.5,0.0,0,74,31.2,Warm,August,8,Sunday
2025-08-03,18:00,Chennai,31.8,81,12.8,1009.9,0.0,0,67,31.2,Warm,August,8,Sunday
2025-08-03,19:00,Hyderabad,32.7,70,16.1,1007.2,0.0,0,76,31.2,Warm,August,8,Sunday
2025-08-03,20:00,Mumbai,28.9,93,14.8,1010.6,0.0,0,99,31.2,Warm,August,8,Sunday
2025-08-03,21:00,Delhi,24.6,74,10.4,1012.3,12.3,0,121,31.2,Mild,August,8,Sunday
2025-08-03,22:00,Bangalore,24.4,87,16.9,1014.7,0.0,0,20,31.2,Mild,August,8,Sunday
2025-08-03,23:00,Chennai,26.0,87,16.7,1014.1,19.7,0,42,31.2,Warm,August,8,Sunday
2025-08-04,00:00,Hyderabad,30.2,83,8.8,1012.0,5.7,0,53,31.6,Warm,August,8,Monday
2025-08-04,01:00,Mumbai,27.3,91,13.0,1014.2,2.3,0,60,31.6,Warm,August,8,Monday
2025-08-04,02:00,Delhi,25.5,70,15.2,1011.9,0.0,0,120,31.6,Warm,August,8,Monday
2025-08-04,03:00,Bangalore,26.2,90,11.5,1018.1,23.5,0,48,31.6,Warm,August,8,Monday
2025-08-04,04:00,Chennai,31.0,87,15.8,1012.5,10.9,0,54,31.6,Warm,August,8,Monday
2025-08-04,05:00,Hyderabad,34.9,74,12.4,1011.4,0.0,0,55,31.6,Warm,August,8,Monday
2025-08-04,06:00,Mumbai,35.3,84,14.6,1008.4,3.7,0,70,31.6,Hot,August,8,Monday
2025-08-04,07:00,Delhi,33.1,58,17.3,1014.2,0.0,0,130,31.6,Warm,August,8,Monday
2025-08-04,08:00,Bangalore,32.0,80,13.7,1017.8,0.0,2,63,31.6,Warm,August,8,Monday
2025-08-04,09:00,Chennai,37.6,86,9.2,1011.1,7.1,3,55,31.6,Hot,August,8,Monday
2025-08-04,10:00,Hyderabad,38.9,59,16.6,1006.3,0.0,4,51,31.6,Hot,August,8,Monday
2025-08-04,11:00,Mumbai,35.4,90,15.8,1010.5,22.7,5,73,31.6,Hot,August,8,Monday
2025-08-04,12:00,Delhi,34.4,54,16.4,1011.2,0.0,6,127,31.6,Warm,August,8,Monday
2025-08-04,13:00,Bangalore,31.0,81,11.8,1015.5,7.5,5,36,31.6,Warm,August,8,Monday
2025-08-04,14:00,Chennai,36.5,82,21.7,1013.1,0.0,4,49,31.6,Hot,August,8,Monday
2025-08-04,15:00,Hyderabad,38.2,68,12.5,1011.9,0.0,3,44,31.6,Hot,August,8,Monday
2025-08-04,16:00,Mumbai,33.5,87,14.9,1008.3,6.3,1,50,31.6,Warm,August,8,Monday
2025-08-04,17:00,Delhi,26.8,69,18.3,1016.5,0.0,1,132,31.6,Warm,August,8,Monday
2025-08-04,18:00,Bangalore,29.3,81,14.1,1012.8,19.9,0,67,31.6,Warm,August,8,Monday
2025-08-04,19:00,Chennai,31.0,86,11.4,1017.7,20.4,0,64,31.6,Warm,August,8,Monday
2025-08-04,20:00,Hyderabad,29.9,75,19.9,1010.4,0.0,0,62,31.6,Warm,August,8,Monday
2025-08-04,21:00,Mumbai,32.7,87,11.7,1015.2,0.0,0,78,31.6,Warm,August,8,Monday
2025-08-04,22:00,Delhi,23.5,68,15.1,1017.1,0.0,0,118,31.6,Mild,August,8,Monday
2025-08-04,23:00,Bangalore,24.8,85,15.6,1016.7,0.0,0,41,31.6,Mild,August,8,Monday
2025-08-05,00:00,Chennai,30.1,86,14.9,1016.2,9.4,0,53,32.4,Warm,August,8,Tuesday
2025-08-05,01:00,Hyderabad,31.0,80,13.7,1015.9,0.0,0,45,32.4,Warm,August,8,Tuesday
2025-08-05,02:00,Mumbai,28.5,79,12.7,1017.3,0.0,0,50,32.4,Warm,August,8,Tuesday
2025-08-05,03:00,Delhi,28.3,65,13.2,1012.4,0.0,0,109,32.4,Warm,August,8,Tuesday
2025-08-05,04:00,Bangalore,27.8,75,13.3,1016.1,0.0,0,36,32.4,Warm,August,8,Tuesday
2025-08-05,05:00,Chennai,34.2,83,13.6,1014.3,4.0,0,55,32.4,Warm,August,8,Tuesday
2025-08-05,06:00,Hyderabad,37.6,62,10.5,1010.1,0.0,0,80,32.4,Hot,August,8,Tuesday
2025-08-05,07:00,Mumbai,35.6,79,10.6,1012.0,0.0,1,58,32.4,Hot,August,8,Tuesday
2025-08-05,08:00,Delhi,32.2,58,18.6,1010.5,0.0,2,127,32.4,Warm,August,8,Tuesday
2025-08-05,09:00,Bangalore,33.9,82,13.5,1012.6,12.6,4,58,32.4,Warm,August,8,Tuesday
2025-08-05,10:00,Chennai,37.8,83,9.3,1011.1,0.0,4,65,32.4,Hot,August,8,Tuesday
2025-08-05,11:00,Hyderabad,39.5,66,14.0,1013.2,7.5,5,39,32.4,Hot,August,8,Tuesday
2025-08-05,12:00,Mumbai,39.2,88,19.3,1013.5,8.2,6,74,32.4,Hot,August,8,Tuesday
2025-08-05,13:00,Delhi,32.1,56,12.9,1008.1,3.2,5,120,32.4,Warm,August,8,Tuesday
2025-08-05,14:00,Bangalore,31.1,73,20.7,1009.0,0.0,3,51,32.4,Warm,August,8,Tuesday
2025-08-05,15:00,Chennai,34.0,84,11.2,1015.8,8.2,3,34,32.4,Warm,August,8,Tuesday
2025-08-05,16:00,Hyderabad,36.9,72,10.3,1009.5,0.0,2,57,32.4,Hot,August,8,Tuesday
2025-08-05,17:00,Mumbai,33.7,85,14.0,1016.2,22.1,0,97,32.4,Warm,August,8,Tuesday
2025-08-05,18:00,Delhi,30.4,71,14.8,1016.8,0.0,0,145,32.4,Warm,August,8,Tuesday
2025-08-05,19:00,Bangalore,28.6,74,11.1,1013.2,0.0,0,60,32.4,Warm,August,8,Tuesday
2025-08-05,20:00,Chennai,30.0,94,12.6,1009.5,0.0,0,71,32.4,Warm,August,8,Tuesday
2025-08-05,21:00,Hyderabad,31.4,69,14.4,1006.4,0.0,0,41,32.4,Warm,August,8,Tuesday
2025-08-05,22:00,Mumbai,27.3,83,11.6,1007.4,0.0,0,38,32.4,Warm,August,8,Tuesday
2025-08-05,23:00,Delhi,25.6,71,14.4,1017.1,0.0,0,142,32.4,Warm,August,8,Tuesday
2025-08-06,00:00,Bangalore,24.1,76,17.9,1016.7,0.0,0,39,31.8,Mild,August,8,Wednesday
2025-08-06,01:00,Chennai,28.3,88,14.0,1015.7,0.0,0,56,31.8,Warm,August,8,Wednesday
2025-08-06,02:00,Hyderabad,31.5,66,11.5,1016.0,2.8,0,55,31.8,Warm,August,8,Wednesday
2025-08-06,03:00,Mumbai,28.6,87,10.8,1013.4,0.0,0,64,31.8,Warm,August,8,Wednesday
2025-08-06,04:00,Delhi,27.6,59,13.3,1014.2,0.0,0,136,31.8,Warm,August,8,Wednesday
2025-08-06,05:00,Bangalore,28.7,83,11.6,1014.8,0.0,0,32,31.8,Warm,August,8,Wednesday
2025-08-06,06:00,Chennai,33.4,80,14.8,1011.8,0.0,0,48,31.8,Warm,August,8,Wednesday
2025-08-06,07:00,Hyderabad,37.2,72,8.1,1013.3,18.6,0,52,31.8,Hot,August,8,Wednesday
2025-08-06,08:00,Mumbai,36.3,85,11.4,1006.4,17.4,2,65,31.8,Hot,August,8,Wednesday
2025-08-06,09:00,Delhi,35.2,57,18.1,1011.8,0.0,3,150,31.8,Hot,August,8,Wednesday
2025-08-06,10:00,Bangalore,34.2,76,13.5,1012.1,21.1,5,66,31.8,Warm,August,8,Wednesday
2025-08-06,11:00,Chennai,36.4,82,11.4,1009.5,1.8,5,36,31.8,Hot,August,8,Wednesday
2025-08-06,12:00,Hyderabad,41.9,75,12.8,1009.1,0.0,6,50,31.8,Hot,August,8,Wednesday
2025-08-06,13:00,Mumbai,37.0,77,14.4,1011.7,0.0,5,58,31.8,Hot,August,8,Wednesday
2025-08-06,14:00,Delhi,33.4,55,8.2,1011.4,6.2,4,104,31.8,Warm,August,8,Wednesday
2025-08-06,15:00,Bangalore,32.2,74,12.8,1014.3,0.0,3,25,31.8,Warm,August,8,Wednesday
2025-08-06,16:00,Chennai,32.9,82,10.5,1012.9,9.1,2,39,31.8,Warm,August,8,Wednesday
2025-08-06,17:00,Hyderabad,36.1,68,12.8,1012.6,0.0,1,82,31.8,Hot,August,8,Wednesday
2025-08-06,18:00,Mumbai,33.0,91,13.2,1010.8,0.0,0,100,31.8,Warm,August,8,Wednesday
2025-08-06,19:00,Delhi,27.5,67,11.8,1011.3,0.0,0,150,31.8,Warm,August,8,Wednesday
2025-08-06,20:00,Bangalore,24.1,85,12.4,1009.8,7.2,0,61,31.8,Mild,August,8,Wednesday
2025-08-06,21:00,Chennai,27.8,87,13.7,1010.4,0.0,0,66,31.8,Warm,August,8,Wednesday
2025-08-06,22:00,Hyderabad,27.5,76,19.3,1009.9,0.0,0,60,31.8,Warm,August,8,Wednesday
2025-08-06,23:00,Mumbai,28.0,86,12.3,1010.2,18.2,0,73,31.8,Warm,August,8,Wednesday
2025-08-07,00:00,Delhi,23.1,73,11.6,1016.5,0.0,0,155,31.9,Mild,August,8,Thursday
2025-08-07,01:00,Bangalore,23.6,82,8.8,1010.6,0.0,0,54,31.9,Mild,August,8,Thursday
2025-08-07,02:00,Chennai,28.2,82,8.9,1011.4,0.0,0,64,31.9,Warm,August,8,Thursday
2025-08-07,03:00,Hyderabad,31.1,70,13.1,1013.0,0.0,0,47,31.9,Warm,August,8,Thursday
2025-08-07,04:00,Mumbai,32.3,80,12.5,1015.4,0.0,0,54,31.9,Warm,August,8,Thursday
2025-08-07,05:00,Delhi,29.9,64,11.8,1007.4,0.0,0,118,31.9,Warm,August,8,Thursday
2025-08-07,06:00,Bangalore,28.0,88,20.4,1011.8,0.0,0,37,31.9,Warm,August,8,Thursday
2025-08-07,07:00,Chennai,34.7,87,11.4,1013.5,23.7,0,43,31.9,Warm,August,8,Thursday
2025-08-07,08:00,Hyderabad,37.5,60,18.9,1009.5,0.0,2,71,31.9,Hot,August,8,Thursday
2025-08-07,09:00,Mumbai,38.9,88,17.6,1012.5,9.6,2,75,31.9,Hot,August,8,Thursday
2025-08-07,10:00,Delhi,34.0,63,10.4,1011.1,0.0,4,140,31.9,Warm,August,8,Thursday
2025-08-07,11:00,Bangalore,35.1,84,19.6,1007.6,0.0,5,35,31.9,Hot,August,8,Thursday
2025-08-07,12:00,Chennai,38.7,80,14.2,1006.5,0.0,7,39,31.9,Hot,August,8,Thursday
2025-08-07,13:00,Hyderabad,38.6,71,18.3,1010.9,19.4,4,54,31.9,Hot,August,8,Thursday
2025-08-07,14:00,Mumbai,35.0,89,18.3,1011.5,0.0,4,54,31.9,Hot,August,8,Thursday
2025-08-07,15:00,Delhi,30.9,60,16.0,1007.3,0.0,2,117,31.9,Warm,August,8,Thursday
2025-08-07,16:00,Bangalore,30.5,80,14.8,1011.0,9.9,2,38,31.9,Warm,August,8,Thursday
2025-08-07,17:00,Chennai,37.7,76,13.6,1013.8,0.0,0,60,31.9,Hot,August,8,Thursday
2025-08-07,18:00,Hyderabad,32.9,80,14.1,1008.5,0.0,0,69,31.9,Warm,August,8,Thursday
2025-08-07,19:00,Mumbai,30.6,92,20.5,1017.2,0.0,0,58,31.9,Warm,August,8,Thursday
2025-08-07,20:00,Delhi,27.0,70,15.7,1010.3,0.9,0,140,31.9,Warm,August,8,Thursday
2025-08-07,21:00,Bangalore,23.5,86,15.3,1015.1,3.1,0,31,31.9,Mild,August,8,Thursday
2025-08-07,22:00,Chennai,30.7,87,13.5,1019.4,0.0,0,54,31.9,Warm,August,8,Thursday
2025-08-07,23:00,Hyderabad,32.4,70,10.5,1013.4,0.0,0,54,31.9,Warm,August,8,Thursday
2025-08-08,00:00,Mumbai,29.3,90,11.8,1011.9,10.1,0,78,31.3,Warm,August,8,Friday
2025-08-08,01:00,Delhi,22.2,67,13.5,1014.8,0.0,0,129,31.3,Mild,August,8,Friday
2025-08-08,02:00,Bangalore,24.9,72,12.6,1013.7,2.8,0,43,31.3,Mild,August,8,Friday
2025-08-08,03:00,Chennai,31.9,85,17.1,1015.6,0.0,0,39,31.3,Warm,August,8,Friday
2025-08-08,04:00,Hyderabad,30.8,73,14.9,1018.3,0.0,0,68,31.3,Warm,August,8,Friday
2025-08-08,05:00,Mumbai,33.0,92,12.5,1016.8,0.0,0,72,31.3,Warm,August,8,Friday
2025-08-08,06:00,Delhi,32.0,66,14.7,1008.6,0.0,0,108,31.3,Warm,August,8,Friday
2025-08-08,07:00,Bangalore,29.2,81,19.1,1013.3,0.0,1,28,31.3,Warm,August,8,Friday
2025-08-08,08:00,Chennai,37.4,82,13.3,1007.0,0.0,1,37,31.3,Hot,August,8,Friday
2025-08-08,09:00,Hyderabad,37.8,76,10.5,1014.8,0.0,2,78,31.3,Hot,August,8,Friday
2025-08-08,10:00,Mumbai,37.4,73,8.8,1007.3,0.0,4,71,31.3,Hot,August,8,Friday
2025-08-08,11:00,Delhi,32.1,65,14.2,1013.1,0.0,5,117,31.3,Warm,August,8,Friday
2025-08-08,12:00,Bangalore,32.4,72,10.8,1011.9,0.0,6,29,31.3,Warm,August,8,Friday
2025-08-08,13:00,Chennai,38.5,85,11.6,1009.0,8.2,5,53,31.3,Hot,August,8,Friday
2025-08-08,14:00,Hyderabad,40.3,73,17.4,1008.9,0.0,4,33,31.3,Hot,August,8,Friday
2025-08-08,15:00,Mumbai,35.9,78,14.2,1016.5,0.0,3,49,31.3,Hot,August,8,Friday
2025-08-08,16:00,Delhi,29.6,66,7.9,1014.7,0.0,2,135,31.3,Warm,August,8,Friday
2025-08-08,17:00,Bangalore,27.9,80,14.3,1008.6,17.0,1,67,31.3,Warm,August,8,Friday
2025-08-08,18:00,Chennai,31.8,82,16.4,1008.5,0.0,0,63,31.3,Warm,August,8,Friday
2025-08-08,19:00,Hyderabad,33.5,70,12.4,1009.7,0.0,0,87,31.3,Warm,August,8,Friday
2025-08-08,20:00,Mumbai,29.5,95,11.2,1011.7,0.0,0,78,31.3,Warm,August,8,Friday
2025-08-08,21:00,Delhi,24.0,69,11.4,1009.9,0.0,0,130,31.3,Mild,August,8,Friday
2025-08-08,22:00,Bangalore,22.4,72,12.4,1020.5,0.0,0,20,31.3,Mild,August,8,Friday
2025-08-08,23:00,Chennai,27.2,86,18.3,1009.7,0.0,0,25,31.3,Warm,August,8,Friday
2025-08-09,00:00,Hyderabad,29.8,75,6.8,1012.1,0.0,0,59,30.9,Warm,August,8,Saturday
2025-08-09,01:00,Mumbai,28.5,90,10.6,1013.5,0.0,0,73,30.9,Warm,August,8,Saturday
2025-08-09,02:00,Delhi,26.9,69,13.3,1017.0,0.0,0,122,30.9,Warm,August,8,Saturday
2025-08-09,03:00,Bangalore,25.0,75,17.1,1014.9,0.0,0,39,30.9,Warm,August,8,Saturday
2025-08-09,04:00,Chennai,32.4,93,19.9,1012.0,10.9,0,47,30.9,Warm,August,8,Saturday
2025-08-09,05:00,Hyderabad,33.0,66,14.3,1010.1,0.0,0,58,30.9,Warm,August,8,Saturday
2025-08-09,06:00,Mumbai,33.7,76,10.7,1015.1,0.0,0,49,30.9,Warm,August,8,Saturday
2025-08-09,07:00,Delhi,31.5,70,15.2,1011.5,0.0,0,128,30.9,Warm,August,8,Saturday
2025-08-09,08:00,Bangalore,30.2,89,12.2,1015.8,0.0,2,53,30.9,Warm,August,8,Saturday
2025-08-09,09:00,Chennai,37.9,87,14.9,1008.8,6.8,2,43,30.9,Hot,August,8,Saturday
2025-08-09,10:00,Hyderabad,39.2,69,16.8,1012.6,0.0,4,51,30.9,Hot,August,8,Saturday
2025-08-09,11:00,Mumbai,36.2,74,8.9,1016.0,0.0,5,77,30.9,Hot,August,8,Saturday
2025-08-09,12:00,Delhi,35.0,49,18.2,1011.4,17.1,5,156,30.9,Hot,August,8,Saturday
2025-08-09,13:00,Bangalore,29.8,81,14.1,1008.4,0.0,6,60,30.9,Warm,August,8,Saturday
2025-08-09,14:00,Chennai,36.8,84,12.6,1009.8,0.0,4,70,30.9,Hot,August,8,Saturday
2025-08-09,15:00,Hyderabad,36.2,67,16.1,1010.6,0.0,3,32,30.9,Hot,August,8,Saturday
2025-08-09,16:00,Mumbai,34.0,77,14.9,1013.8,0.0,2,61,30.9,Warm,August,8,Saturday
2025-08-09,17:00,Delhi,27.7,66,13.3,1014.5,0.0,1,152,30.9,Warm,August,8,Saturday
2025-08-09,18:00,Bangalore,23.3,83,14.2,1017.3,22.3,0,62,30.9,Mild,August,8,Saturday
2025-08-09,19:00,Chennai,31.4,97,10.8,1012.5,16.7,0,66,30.9,Warm,August,8,Saturday
2025-08-09,20:00,Hyderabad,30.2,81,13.6,1013.2,2.6,0,40,30.9,Warm,August,8,Saturday
2025-08-09,21:00,Mumbai,28.9,85,13.0,1009.1,3.8,0,64,30.9,Warm,August,8,Saturday
2025-08-09,22:00,Delhi,22.7,67,13.7,1008.9,0.0,0,118,30.9,Mild,August,8,Saturday
2025-08-09,23:00,Bangalore,22.4,92,13.1,1018.1,0.0,0,20,30.9,Mild,August,8,Saturday
2025-08-10,00:00,Chennai,27.6,86,13.5,1008.5,0.0,0,39,31.2,Warm,August,8,Sunday
2025-08-10,01:00,Hyderabad,30.4,80,12.6,1010.9,0.0,0,60,31.2,Warm,August,8,Sunday
2025-08-10,02:00,Mumbai,28.1,92,16.9,1013.8,1.1,0,88,31.2,Warm,August,8,Sunday
2025-08-10,03:00,Delhi,23.9,71,15.7,1014.5,0.0,0,125,31.2,Mild,August,8,Sunday
2025-08-10,04:00,Bangalore,27.6,85,12.4,1019.1,22.2,0,46,31.2,Warm,August,8,Sunday
2025-08-10,05:00,Chennai,30.9,87,11.8,1010.4,0.0,0,49,31.2,Warm,August,8,Sunday
2025-08-10,06:00,Hyderabad,37.3,72,24.1,1017.8,23.8,0,65,31.2,Hot,August,8,Sunday
2025-08-10,07:00,Mumbai,35.7,86,10.8,1019.2,0.0,0,58,31.2,Hot,August,8,Sunday
2025-08-10,08:00,Delhi,33.4,69,16.2,1009.3,0.0,2,166,31.2,Warm,August,8,Sunday
2025-08-10,09:00,Bangalore,30.5,85,19.2,1009.8,0.1,4,50,31.2,Warm,August,8,Sunday
2025-08-10,10:00,Chennai,39.1,88,15.1,1011.0,0.0,3,66,31.2,Hot,August,8,Sunday
2025-08-10,11:00,Hyderabad,37.9,68,14.2,1010.1,6.6,5,50,31.2,Hot,August,8,Sunday
2025-08-10,12:00,Mumbai,36.3,88,10.3,1015.1,0.0,6,71,31.2,Hot,August,8,Sunday
2025-08-10,13:00,Delhi,34.2,62,14.3,1009.1,0.0,5,119,31.2,Warm,August,8,Sunday
2025-08-10,14:00,Bangalore,32.9,86,11.5,1012.8,21.9,4,48,31.2,Warm,August,8,Sunday
2025-08-10,15:00,Chennai,34.7,91,10.9,1009.1,0.0,3,51,31.2,Warm,August,8,Sunday
2025-08-10,16:00,Hyderabad,34.9,72,14.5,1015.6,0.0,1,46,31.2,Warm,August,8,Sunday
2025-08-10,17:00,Mumbai,31.4,92,17.9,1015.3,0.0,1,92,31.2,Warm,August,8,Sunday
2025-08-10,18:00,Delhi,27.9,63,14.8,1009.9,0.0,0,142,31.2,Warm,August,8,Sunday
2025-08-10,19:00,Bangalore,23.6,89,15.6,1015.1,0.0,0,43,31.2,Mild,August,8,Sunday
2025-08-10,20:00,Chennai,31.1,89,15.2,1009.0,18.9,0,58,31.2,Warm,August,8,Sunday
2025-08-10,21:00,Hyderabad,29.1,77,12.3,1019.5,19.7,0,48,31.2,Warm,August,8,Sunday
2025-08-10,22:00,Mumbai,28.3,96,16.9,1010.0,21.1,0,75,31.2,Warm,August,8,Sunday
2025-08-10,23:00,Delhi,22.5,77,17.8,1012.5,0.0,0,131,31.2,Mild,August,8,Sunday
2025-08-11,00:00,Bangalore,24.2,85,18.6,1016.5,0.0,0,53,31.7,Mild,August,8,Monday
2025-08-11,01:00,Chennai,30.3,84,12.7,1011.1,24.1,0,44,31.7,Warm,August,8,Monday
2025-08-11,02:00,Hyderabad,30.2,70,13.9,1011.1,0.0,0,49,31.7,Warm,August,8,Monday
2025-08-11,03:00,Mumbai,30.3,96,13.4,1010.5,22.8,0,64,31.7,Warm,August,8,Monday
2025-08-11,04:00,Delhi,31.2,59,15.8,1009.7,0.0,0,124,31.7,Warm,August,8,Monday
2025-08-11,05:00,Bangalore,29.8,77,13.1,1012.5,0.0,0,20,31.7,Warm,August,8,Monday
2025-08-11,06:00,Chennai,35.1,84,17.0,1012.0,2.5,0,43,31.7,Hot,August,8,Monday
2025-08-11,07:00,Hyderabad,37.2,63,16.5,1011.6,24.4,1,45,31.7,Hot,August,8,Monday
2025-08-11,08:00,Mumbai,34.4,77,12.6,1009.4,7.9,1,70,31.7,Warm,August,8,Monday
2025-08-11,09:00,Delhi,32.2,63,14.9,1012.7,0.0,3,155,31.7,Warm,August,8,Monday
2025-08-11,10:00,Bangalore,32.7,80,15.4,1012.9,0.0,4,53,31.7,Warm,August,8,Monday
2025-08-11,11:00,Chennai,38.1,85,10.4,1013.4,0.0,5,78,31.7,Hot,August,8,Monday
2025-08-11,12:00,Hyderabad,36.8,74,12.0,1011.1,0.0,6,66,31.7,Hot,August,8,Monday
2025-08-11,13:00,Mumbai,36.5,85,16.0,1013.3,0.0,5,41,31.7,Hot,August,8,Monday
2025-08-11,14:00,Delhi,32.6,59,16.3,1015.3,0.0,4,138,31.7,Warm,August,8,Monday
2025-08-11,15:00,Bangalore,30.8,86,10.4,1017.4,0.0,3,25,31.7,Warm,August,8,Monday
2025-08-11,16:00,Chennai,33.8,89,9.5,1009.3,0.6,1,62,31.7,Warm,August,8,Monday
2025-08-11,17:00,Hyderabad,31.8,85,10.8,1015.7,0.0,0,59,31.7,Warm,August,8,Monday
2025-08-11,18:00,Mumbai,31.9,87,13.8,1009.3,0.0,0,78,31.7,Warm,August,8,Monday
2025-08-11,19:00,Delhi,28.0,74,11.9,1012.9,9.7,0,138,31.7,Warm,August,8,Monday
2025-08-11,20:00,Bangalore,26.3,87,11.5,1014.2,15.6,0,46,31.7,Warm,August,8,Monday
2025-08-11,21:00,Chennai,29.5,87,10.7,1016.8,0.0,0,38,31.7,Warm,August,8,Monday
2025-08-11,22:00,Hyderabad,30.0,70,13.4,1015.3,0.0,0,74,31.7,Warm,August,8,Monday
2025-08-11,23:00,Mumbai,28.2,88,14.9,1012.5,20.3,0,45,31.7,Warm,August,8,Monday
2025-08-12,00:00,Delhi,24.0,65,14.7,1014.5,0.0,0,117,31.1,Mild,August,8,Tuesday
2025-08-12,01:00,Bangalore,21.8,88,13.4,1019.4,0.0,0,28,31.1,Mild,August,8,Tuesday
2025-08-12,02:00,Chennai,28.4,82,13.1,1010.0,0.0,0,65,31.1,Warm,August,8,Tuesday
2025-08-12,03:00,Hyderabad,30.3,79,10.1,1014.2,23.2,0,44,31.1,Warm,August,8,Tuesday
2025-08-12,04:00,Mumbai,28.7,91,16.8,1015.2,0.0,0,89,31.1,Warm,August,8,Tuesday
2025-08-12,05:00,Delhi,29.8,59,17.2,1011.4,0.0,0,123,31.1,Warm,August,8,Tuesday
2025-08-12,06:00,Bangalore,29.7,74,7.1,1011.5,0.0,0,43,31.1,Warm,August,8,Tuesday
2025-08-12,07:00,Chennai,36.8,81,12.3,1014.6,0.0,1,32,31.1,Hot,August,8,Tuesday
2025-08-12,08:00,Hyderabad,37.1,71,9.7,1004.8,0.0,2,59,31.1,Hot,August,8,Tuesday
2025-08-12,09:00,Mumbai,37.7,85,16.8,1010.3,13.5,3,60,31.1,Hot,August,8,Tuesday
2025-08-12,10:00,Delhi,37.9,63,12.4,1012.0,8.3,4,132,31.1,Hot,August,8,Tuesday
2025-08-12,11:00,Bangalore,32.8,80,10.7,1015.3,0.0,6,47,31.1,Warm,August,8,Tuesday
2025-08-12,12:00,Chennai,39.0,74,12.4,1007.5,0.0,6,48,31.1,Hot,August,8,Tuesday
2025-08-12,13:00,Hyderabad,41.8,59,11.9,1005.9,0.0,5,52,31.1,Hot,August,8,Tuesday
2025-08-12,14:00,Mumbai,34.4,95,14.0,1013.1,0.0,4,84,31.1,Warm,August,8,Tuesday
2025-08-12,15:00,Delhi,32.2,65,20.3,1013.4,0.0,3,113,31.1,Warm,August,8,Tuesday
2025-08-12,16:00,Bangalore,30.0,77,14.1,1013.0,0.0,1,34,31.1,Warm,August,8,Tuesday
2025-08-12,17:00,Chennai,29.9,87,16.5,1018.0,19.6,1,62,31.1,Warm,August,8,Tuesday
2025-08-12,18:00,Hyderabad,32.7,73,19.9,1015.6,0.0,0,72,31.1,Warm,August,8,Tuesday
2025-08-12,19:00,Mumbai,28.1,97,13.8,1010.4,18.4,0,72,31.1,Warm,August,8,Tuesday
2025-08-12,20:00,Delhi,21.9,71,14.0,1012.9,0.0,0,142,31.1,Mild,August,8,Tuesday
2025-08-12,21:00,Bangalore,24.5,92,13.8,1010.3,21.6,0,30,31.1,Mild,August,8,Tuesday
2025-08-12,22:00,Chennai,30.1,94,17.0,1011.3,10.3,0,33,31.1,Warm,August,8,Tuesday
2025-08-12,23:00,Hyderabad,26.4,83,13.8,1017.4,0.0,0,49,31.1,Warm,August,8,Tuesday
2025-08-13,00:00,Mumbai,28.5,84,21.3,1010.6,16.7,0,87,30.2,Warm,August,8,Wednesday
2025-08-13,01:00,Delhi,22.5,73,11.8,1020.1,16.2,0,121,30.2,Mild,August,8,Wednesday
2025-08-13,02:00,Bangalore,21.8,81,12.8,1012.2,8.2,0,39,30.2,Mild,August,8,Wednesday
2025-08-13,03:00,Chennai,30.0,84,11.4,1017.2,24.1,0,41,30.2,Warm,August,8,Wednesday
2025-08-13,04:00,Hyderabad,33.1,76,14.2,1011.2,22.5,0,44,30.2,Warm,August,8,Wednesday
2025-08-13,05:00,Mumbai,32.9,83,14.1,1000.2,0.0,0,70,30.2,Warm,August,8,Wednesday
2025-08-13,06:00,Delhi,33.0,61,9.8,1009.9,0.0,0,132,30.2,Warm,August,8,Wednesday
2025-08-13,07:00,Bangalore,30.0,75,9.5,1015.9,0.0,1,39,30.2,Warm,August,8,Wednesday
2025-08-13,08:00,Chennai,34.3,81,16.5,1012.1,0.0,1,54,30.2,Warm,August,8,Wednesday
2025-08-13,09:00,Hyderabad,37.6,63,18.0,1015.2,0.0,3,72,30.2,Hot,August,8,Wednesday
2025-08-13,10:00,Mumbai,36.3,88,17.9,1013.0,0.0,4,75,30.2,Hot,August,8,Wednesday
2025-08-13,11:00,Delhi,33.0,67,15.2,1011.1,0.0,5,114,30.2,Warm,August,8,Wednesday
2025-08-13,12:00,Bangalore,29.3,82,16.4,1016.9,0.0,6,40,30.2,Warm,August,8,Wednesday
2025-08-13,13:00,Chennai,36.7,80,12.8,1006.5,20.3,5,52,30.2,Hot,August,8,Wednesday
2025-08-13,14:00,Hyderabad,37.0,77,16.3,1008.4,3.5,4,37,30.2,Hot,August,8,Wednesday
2025-08-13,15:00,Mumbai,35.6,78,11.6,1013.5,0.0,3,66,30.2,Hot,August,8,Wednesday
2025-08-13,16:00,Delhi,30.1,71,13.3,1017.1,0.0,2,113,30.2,Warm,August,8,Wednesday
2025-08-13,17:00,Bangalore,26.6,81,14.3,1015.8,0.0,1,28,30.2,Warm,August,8,Wednesday
2025-08-13,18:00,Chennai,29.1,90,9.8,1018.0,24.2,0,67,30.2,Warm,August,8,Wednesday
2025-08-13,19:00,Hyderabad,31.2,76,10.1,1016.4,0.0,0,71,30.2,Warm,August,8,Wednesday
2025-08-13,20:00,Mumbai,25.3,89,13.1,1013.0,0.0,0,90,30.2,Warm,August,8,Wednesday
2025-08-13,21:00,Delhi,24.1,70,18.9,1015.1,0.0,0,126,30.2,Mild,August,8,Wednesday
2025-08-13,22:00,Bangalore,22.8,88,13.6,1015.9,0.0,0,38,30.2,Mild,August,8,Wednesday
2025-08-13,23:00,Chennai,24.9,92,13.6,1016.0,23.2,0,30,30.2,Mild,August,8,Wednesday
2025-08-14,00:00,Hyderabad,27.2,83,13.2,1012.1,0.0,0,57,31.0,Warm,August,8,Thursday
2025-08-14,01:00,Mumbai,25.8,90,15.6,1012.7,0.0,0,81,31.0,Warm,August,8,Thursday
2025-08-14,02:00,Delhi,25.5,66,16.4,1012.1,0.0,0,135,31.0,Warm,August,8,Thursday
2025-08-14,03:00,Bangalore,22.9,81,13.0,1012.4,0.0,0,47,31.0,Mild,August,8,Thursday
2025-08-14,04:00,Chennai,34.2,84,16.7,1019.4,0.0,0,63,31.0,Warm,August,8,Thursday
2025-08-14,05:00,Hyderabad,34.3,79,14.0,1017.7,0.0,0,59,31.0,Warm,August,8,Thursday
2025-08-14,06:00,Mumbai,33.4,92,13.9,1013.1,19.1,0,50,31.0,Warm,August,8,Thursday
2025-08-14,07:00,Delhi,32.4,65,14.8,1010.2,0.0,0,125,31.0,Warm,August,8,Thursday
2025-08-14,08:00,Bangalore,33.8,82,17.2,1011.4,0.0,3,54,31.0,Warm,August,8,Thursday
2025-08-14,09:00,Chennai,35.1,84,14.0,1010.9,18.0,4,78,31.0,Hot,August,8,Thursday
2025-08-14,10:00,Hyderabad,39.2,66,19.1,1004.4,0.0,4,70,31.0,Hot,August,8,Thursday
2025-08-14,11:00,Mumbai,39.6,88,12.8,1010.7,0.0,4,64,31.0,Hot,August,8,Thursday
2025-08-14,12:00,Delhi,32.6,66,16.3,1016.1,0.0,7,127,31.0,Warm,August,8,Thursday
2025-08-14,13:00,Bangalore,31.9,81,11.9,1008.5,0.0,5,31,31.0,Warm,August,8,Thursday
2025-08-14,14:00,Chennai,38.0,83,13.9,1011.0,17.8,4,87,31.0,Hot,August,8,Thursday
2025-08-14,15:00,Hyderabad,36.8,61,12.4,1008.8,0.0,2,73,31.0,Hot,August,8,Thursday
2025-08-14,16:00,Mumbai,33.0,83,17.6,1011.3,0.0,1,62,31.0,Warm,August,8,Thursday
2025-08-14,17:00,Delhi,28.3,67,15.3,1013.6,0.0,1,131,31.0,Warm,August,8,Thursday
2025-08-14,18:00,Bangalore,26.9,85,14.2,1012.8,0.0,0,51,31.0,Warm,August,8,Thursday
2025-08-14,19:00,Chennai,31.6,81,15.0,1012.3,17.2,0,79,31.0,Warm,August,8,Thursday
2025-08-14,20:00,Hyderabad,29.7,68,16.0,1010.8,11.5,0,76,31.0,Warm,August,8,Thursday
2025-08-14,21:00,Mumbai,25.7,97,9.3,1013.7,0.0,0,90,31.0,Warm,August,8,Thursday
2025-08-14,22:00,Delhi,21.3,66,9.4,1019.5,6.2,0,145,31.0,Mild,August,8,Thursday
2025-08-14,23:00,Bangalore,23.9,84,11.1,1017.6,0.0,0,37,31.0,Mild,August,8,Thursday
2025-08-15,00:00,Chennai,29.4,82,11.3,1015.4,0.0,0,44,31.1,Warm,August,8,Friday
2025-08-15,01:00,Hyderabad,29.1,89,15.2,1009.1,23.2,0,38,31.1,Warm,August,8,Friday
2025-08-15,02:00,Mumbai,26.1,89,13.7,1015.5,1.1,0,46,31.1,Warm,August,8,Friday
2025-08-15,03:00,Delhi,28.0,64,10.3,1011.2,3.3,0,144,31.1,Warm,August,8,Friday
2025-08-15,04:00,Bangalore,26.4,88,15.4,1016.0,0.0,0,66,31.1,Warm,August,8,Friday
2025-08-15,05:00,Chennai,32.1,84,14.9,1012.9,21.7,0,55,31.1,Warm,August,8,Friday
2025-08-15,06:00,Hyderabad,32.9,79,14.6,1008.7,0.0,0,63,31.1,Warm,August,8,Friday
2025-08-15,07:00,Mumbai,35.8,85,10.1,1011.2,24.1,0,63,31.1,Hot,August,8,Friday
2025-08-15,08:00,Delhi,29.7,56,16.4,1009.3,0.0,1,137,31.1,Warm,August,8,Friday
2025-08-15,09:00,Bangalore,32.5,76,15.5,1015.1,0.0,3,60,31.1,Warm,August,8,Friday
2025-08-15,10:00,Chennai,35.0,92,12.6,1012.3,0.0,4,58,31.1,Hot,August,8,Friday
2025-08-15,11:00,Hyderabad,37.5,70,15.2,1007.6,6.4,4,51,31.1,Hot,August,8,Friday
2025-08-15,12:00,Mumbai,34.8,80,12.5,1013.8,0.0,7,45,31.1,Warm,August,8,Friday
2025-08-15,13:00,Delhi,32.8,61,18.3,1009.2,0.0,6,103,31.1,Warm,August,8,Friday
2025-08-15,14:00,Bangalore,33.9,77,9.5,1011.9,3.3,4,63,31.1,Warm,August,8,Friday
2025-08-15,15:00,Chennai,37.4,83,11.9,1007.5,5.7,3,56,31.1,Hot,August,8,Friday
2025-08-15,16:00,Hyderabad,37.3,74,11.1,1007.2,0.0,2,56,31.1,Hot,August,8,Friday
2025-08-15,17:00,Mumbai,34.3,84,16.6,1014.3,0.0,1,48,31.1,Warm,August,8,Friday
2025-08-15,18:00,Delhi,28.5,60,16.4,1011.4,0.0,0,126,31.1,Warm,August,8,Friday
2025-08-15,19:00,Bangalore,24.4,82,20.5,1016.9,21.8,0,50,31.1,Mild,August,8,Friday
2025-08-15,20:00,Chennai,30.7,83,13.9,1009.0,0.0,0,68,31.1,Warm,August,8,Friday
2025-08-15,21:00,Hyderabad,29.7,68,9.5,1014.6,0.0,0,55,31.1,Warm,August,8,Friday
2025-08-15,22:00,Mumbai,25.0,98,20.5,1016.0,14.8,0,62,31.1,Warm,August,8,Friday
2025-08-15,23:00,Delhi,24.2,68,13.8,1017.6,0.0,0,104,31.1,Mild,August,8,Friday
2025-08-16,00:00,Bangalore,22.9,82,14.6,1012.6,2.8,0,43,30.9,Mild,August,8,Saturday
2025-08-16,01:00,Chennai,28.6,83,13.3,1014.5,0.0,0,47,30.9,Warm,August,8,Saturday
2025-08-16,02:00,Hyderabad,31.1,77,13.9,1010.0,0.0,0,65,30.9,Warm,August,8,Saturday
2025-08-16,03:00,Mumbai,27.3,97,8.3,1014.2,0.0,0,74,30.9,Warm,August,8,Saturday
2025-08-16,04:00,Delhi,29.4,65,8.7,1012.6,0.0,0,135,30.9,Warm,August,8,Saturday
2025-08-16,05:00,Bangalore,26.6,76,11.3,1013.0,0.0,0,29,30.9,Warm,August,8,Saturday
2025-08-16,06:00,Chennai,32.7,75,15.0,1005.6,0.0,0,46,30.9,Warm,August,8,Saturday
2025-08-16,07:00,Hyderabad,35.0,69,15.3,1010.4,0.0,0,49,30.9,Hot,August,8,Saturday
2025-08-16,08:00,Mumbai,36.8,89,10.2,1010.0,0.0,1,49,30.9,Hot,August,8,Saturday
2025-08-16,09:00,Delhi,35.0,57,11.1,1012.5,0.0,2,127,30.9,Hot,August,8,Saturday
2025-08-16,10:00,Bangalore,32.0,76,9.1,1014.3,0.0,4,47,30.9,Warm,August,8,Saturday
2025-08-16,11:00,Chennai,36.5,73,7.7,1007.0,17.8,5,43,30.9,Hot,August,8,Saturday
2025-08-16,12:00,Hyderabad,39.6,68,18.2,1011.1,0.0,6,41,30.9,Hot,August,8,Saturday
2025-08-16,13:00,Mumbai,36.6,82,13.3,1009.4,0.0,4,48,30.9,Hot,August,8,Saturday
2025-08-16,14:00,Delhi,33.8,58,21.3,1017.6,0.0,4,107,30.9,Warm,August,8,Saturday
2025-08-16,15:00,Bangalore,28.9,74,12.6,1015.3,13.8,2,38,30.9,Warm,August,8,Saturday
2025-08-16,16:00,Chennai,33.4,93,14.9,1014.4,0.0,3,40,30.9,Warm,August,8,Saturday
2025-08-16,17:00,Hyderabad,32.5,71,16.4,1011.0,0.0,1,52,30.9,Warm,August,8,Saturday
2025-08-16,18:00,Mumbai,29.3,98,15.2,1009.2,0.0,0,82,30.9,Warm,August,8,Saturday
2025-08-16,19:00,Delhi,25.8,68,14.0,1013.6,0.0,0,168,30.9,Warm,August,8,Saturday
2025-08-16,20:00,Bangalore,22.9,86,15.0,1016.7,0.0,0,63,30.9,Mild,August,8,Saturday
2025-08-16,21:00,Chennai,27.3,97,13.3,1016.9,0.0,0,46,30.9,Warm,August,8,Saturday
2025-08-16,22:00,Hyderabad,29.4,78,8.2,1012.6,0.0,0,47,30.9,Warm,August,8,Saturday
2025-08-16,23:00,Mumbai,28.2,88,13.1,1012.6,22.8,0,71,30.9,Warm,August,8,Saturday
2025-08-17,00:00,Delhi,24.4,80,10.6,1021.1,0.0,0,116,30.4,Mild,August,8,Sunday
2025-08-17,01:00,Bangalore,20.9,83,14.0,1020.1,20.0,0,27,30.4,Mild,August,8,Sunday
2025-08-17,02:00,Chennai,29.0,82,13.1,1013.4,0.0,0,68,30.4,Warm,August,8,Sunday
2025-08-17,03:00,Hyderabad,30.9,68,11.8,1012.6,0.0,0,68,30.4,Warm,August,8,Sunday
2025-08-17,04:00,Mumbai,28.9,85,15.5,1016.6,0.0,0,40,30.4,Warm,August,8,Sunday
2025-08-17,05:00,Delhi,30.1,71,13.8,1010.6,0.0,0,126,30.4,Warm,August,8,Sunday
2025-08-17,06:00,Bangalore,31.7,69,11.2,1010.3,0.0,0,43,30.4,Warm,August,8,Sunday
2025-08-17,07:00,Chennai,36.8,77,9.2,1012.2,19.2,0,59,30.4,Hot,August,8,Sunday
2025-08-17,08:00,Hyderabad,36.2,66,15.0,1011.1,19.0,1,93,30.4,Hot,August,8,Sunday
2025-08-17,09:00,Mumbai,37.4,81,15.8,1013.0,0.0,3,55,30.4,Hot,August,8,Sunday
2025-08-17,10:00,Delhi,31.8,63,21.9,1013.0,0.0,4,122,30.4,Warm,August,8,Sunday
2025-08-17,11:00,Bangalore,33.3,84,12.5,1009.9,0.0,4,59,30.4,Warm,August,8,Sunday
2025-08-17,12:00,Chennai,35.2,87,15.8,1010.7,0.0,6,68,30.4,Hot,August,8,Sunday
2025-08-17,13:00,Hyderabad,37.8,65,8.2,1014.6,14.4,6,82,30.4,Hot,August,8,Sunday
2025-08-17,14:00,Mumbai,33.9,88,13.4,1013.9,0.0,4,67,30.4,Warm,August,8,Sunday
2025-08-17,15:00,Delhi,28.8,59,6.7,1019.2,0.5,3,118,30.4,Warm,August,8,Sunday
2025-08-17,16:00,Bangalore,30.7,88,14.3,1011.8,0.0,2,42,30.4,Warm,August,8,Sunday
2025-08-17,17:00,Chennai,29.2,87,19.3,1012.0,0.0,1,68,30.4,Warm,August,8,Sunday
2025-08-17,18:00,Hyderabad,32.6,71,15.2,1016.4,0.0,0,65,30.4,Warm,August,8,Sunday
2025-08-17,19:00,Mumbai,31.5,85,13.9,1003.0,0.0,0,70,30.4,Warm,August,8,Sunday
2025-08-17,20:00,Delhi,23.9,75,19.7,1018.7,0.0,0,126,30.4,Mild,August,8,Sunday
2025-08-17,21:00,Bangalore,21.3,83,10.9,1016.8,9.1,0,24,30.4,Mild,August,8,Sunday
2025-08-17,22:00,Chennai,27.2,90,10.6,1018.4,0.0,0,48,30.4,Warm,August,8,Sunday
2025-08-17,23:00,Hyderabad,26.4,83,16.4,1013.0,0.0,0,64,30.4,Warm,August,8,Sunday
2025-08-18,00:00,Mumbai,29.4,88,14.1,1014.8,0.0,0,71,30.3,Warm,August,8,Monday
2025-08-18,01:00,Delhi,24.3,66,16.5,1017.3,20.4,0,118,30.3,Mild,August,8,Monday
2025-08-18,02:00,Bangalore,24.1,84,19.1,1016.1,12.1,0,31,30.3,Mild,August,8,Monday
2025-08-18,03:00,Chennai,28.8,81,17.7,1013.1,15.7,0,36,30.3,Warm,August,8,Monday
2025-08-18,04:00,Hyderabad,33.6,68,16.5,1014.7,0.0,0,61,30.3,Warm,August,8,Monday
2025-08-18,05:00,Mumbai,30.4,94,15.2,1014.6,22.1,0,61,30.3,Warm,August,8,Monday
2025-08-18,06:00,Delhi,28.2,65,14.0,1016.7,16.7,0,126,30.3,Warm,August,8,Monday
2025-08-18,07:00,Bangalore,27.8,83,12.6,1018.5,3.7,0,48,30.3,Warm,August,8,Monday
2025-08-18,08:00,Chennai,34.3,79,14.0,1013.9,0.0,1,58,30.3,Warm,August,8,Monday
2025-08-18,09:00,Hyderabad,36.5,74,12.9,1008.0,0.0,2,54,30.3,Hot,August,8,Monday
2025-08-18,10:00,Mumbai,37.7,81,17.0,1012.8,0.3,4,122,30.3,Hot,August,8,Monday
2025-08-18,11:00,Delhi,32.0,71,12.5,1016.0,0.0,5,112,30.3,Warm,August,8,Monday
2025-08-18,12:00,Bangalore,32.2,73,20.5,1011.9,0.0,6,23,30.3,Warm,August,8,Monday
2025-08-18,13:00,Chennai,35.9,82,14.4,1017.7,0.0,5,44,30.3,Hot,August,8,Monday
2025-08-18,14:00,Hyderabad,35.3,63,11.0,1011.2,5.4,4,34,30.3,Hot,August,8,Monday
2025-08-18,15:00,Mumbai,33.7,82,13.1,1012.9,0.0,3,56,30.3,Warm,August,8,Monday
2025-08-18,16:00,Delhi,30.3,68,13.1,1014.2,0.0,1,117,30.3,Warm,August,8,Monday
2025-08-18,17:00,Bangalore,27.8,88,12.8,1014.8,0.0,0,45,30.3,Warm,August,8,Monday
2025-08-18,18:00,Chennai,27.7,91,15.3,1016.1,12.2,0,71,30.3,Warm,August,8,Monday
2025-08-18,19:00,Hyderabad,33.7,67,14.0,1010.9,15.0,0,79,30.3,Warm,August,8,Monday
2025-08-18,20:00,Mumbai,31.4,89,17.4,1012.7,0.0,0,93,30.3,Warm,August,8,Monday
2025-08-18,21:00,Delhi,24.1,75,11.9,1015.4,0.0,0,129,30.3,Mild,August,8,Monday
2025-08-18,22:00,Bangalore,21.0,84,17.0,1015.2,13.4,0,39,30.3,Mild,August,8,Monday
2025-08-18,23:00,Chennai,25.9,96,16.5,1011.9,0.0,0,53,30.3,Warm,August,8,Monday
2025-08-19,00:00,Hyderabad,28.4,81,14.9,1016.6,0.0,0,47,30.2,Warm,August,8,Tuesday
2025-08-19,01:00,Mumbai,28.6,88,18.7,1012.3,0.0,0,54,30.2,Warm,August,8,Tuesday
2025-08-19,02:00,Delhi,24.1,71,17.2,1017.5,0.0,0,134,30.2,Mild,August,8,Tuesday
2025-08-19,03:00,Bangalore,24.3,86,10.1,1009.5,14.2,0,57,30.2,Mild,August,8,Tuesday
2025-08-19,04:00,Chennai,31.5,91,10.6,1013.0,16.0,0,57,30.2,Warm,August,8,Tuesday
2025-08-19,05:00,Hyderabad,33.6,71,17.3,1007.5,21.4,0,73,30.2,Warm,August,8,Tuesday
2025-08-19,06:00,Mumbai,30.4,81,14.2,1007.2,0.0,0,76,30.2,Warm,August,8,Tuesday
2025-08-19,07:00,Delhi,29.2,57,14.9,1018.0,0.0,1,130,30.2,Warm,August,8,Tuesday
2025-08-19,08:00,Bangalore,31.8,76,16.5,1012.7,0.0,1,59,30.2,Warm,August,8,Tuesday
2025-08-19,09:00,Chennai,35.3,82,12.3,1014.9,0.0,3,91,30.2,Hot,August,8,Tuesday
2025-08-19,10:00,Hyderabad,37.7,71,10.7,1005.6,3.5,4,64,30.2,Hot,August,8,Tuesday
2025-08-19,11:00,Mumbai,37.0,83,17.0,1010.5,9.4,5,41,30.2,Hot,August,8,Tuesday
2025-08-19,12:00,Delhi,30.5,73,11.5,1018.9,0.0,5,120,30.2,Warm,August,8,Tuesday
2025-08-19,13:00,Bangalore,32.3,78,15.8,1016.6,0.0,5,32,30.2,Warm,August,8,Tuesday
2025-08-19,14:00,Chennai,33.3,82,12.5,1015.0,0.0,3,43,30.2,Warm,August,8,Tuesday
2025-08-19,15:00,Hyderabad,36.6,55,7.1,1012.6,14.7,2,56,30.2,Hot,August,8,Tuesday
2025-08-19,16:00,Mumbai,31.8,83,14.1,1015.7,0.0,2,67,30.2,Warm,August,8,Tuesday
2025-08-19,17:00,Delhi,26.5,65,16.6,1007.6,0.0,1,120,30.2,Warm,August,8,Tuesday
2025-08-19,18:00,Bangalore,25.3,79,18.4,1014.3,0.0,0,64,30.2,Warm,August,8,Tuesday
2025-08-19,19:00,Chennai,32.6,82,13.0,1004.3,0.0,0,64,30.2,Warm,August,8,Tuesday
2025-08-19,20:00,Hyderabad,29.3,72,14.8,1016.2,0.0,0,96,30.2,Warm,August,8,Tuesday
2025-08-19,21:00,Mumbai,28.4,96,12.3,1015.9,15.6,0,55,30.2,Warm,August,8,Tuesday
2025-08-19,22:00,Delhi,21.1,69,14.7,1013.1,0.0,0,127,30.2,Mild,August,8,Tuesday
2025-08-19,23:00,Bangalore,24.1,74,17.1,1013.7,0.0,0,30,30.2,Mild,August,8,Tuesday
2025-08-20,00:00,Chennai,25.7,90,10.1,1016.5,0.0,0,37,30.2,Warm,August,8,Wednesday
2025-08-20,01:00,Hyderabad,30.9,73,12.8,1016.0,0.0,0,56,30.2,Warm,August,8,Wednesday
2025-08-20,02:00,Mumbai,25.7,95,11.3,1014.1,0.0,0,54,30.2,Warm,August,8,Wednesday
2025-08-20,03:00,Delhi,26.7,72,19.0,1008.7,11.4,0,124,30.2,Warm,August,8,Wednesday
2025-08-20,04:00,Bangalore,25.4,86,15.0,1018.3,0.0,0,44,30.2,Warm,August,8,Wednesday
2025-08-20,05:00,Chennai,32.7,86,16.3,1014.0,11.3,0,77,30.2,Warm,August,8,Wednesday
2025-08-20,06:00,Hyderabad,34.9,59,14.7,1013.5,0.0,0,63,30.2,Warm,August,8,Wednesday
2025-08-20,07:00,Mumbai,31.6,99,19.4,1012.2,11.9,0,64,30.2,Warm,August,8,Wednesday
2025-08-20,08:00,Delhi,31.6,69,11.0,1007.4,0.0,1,136,30.2,Warm,August,8,Wednesday
2025-08-20,09:00,Bangalore,31.3,71,12.3,1004.3,0.0,3,68,30.2,Warm,August,8,Wednesday
2025-08-20,10:00,Chennai,36.1,86,16.3,1012.1,10.4,4,77,30.2,Hot,August,8,Wednesday
2025-08-20,11:00,Hyderabad,37.3,61,19.1,1007.8,22.9,5,57,30.2,Hot,August,8,Wednesday
2025-08-20,12:00,Mumbai,35.1,87,11.6,1011.3,0.0,5,47,30.2,Hot,August,8,Wednesday
2025-08-20,13:00,Delhi,32.6,62,14.4,1014.8,0.0,5,124,30.2,Warm,August,8,Wednesday
2025-08-20,14:00,Bangalore,28.4,80,10.2,1017.2,0.0,4,34,30.2,Warm,August,8,Wednesday
2025-08-20,15:00,Chennai,36.0,84,17.4,1010.5,0.0,3,58,30.2,Hot,August,8,Wednesday
2025-08-20,16:00,Hyderabad,35.8,77,19.9,1013.7,0.0,2,59,30.2,Hot,August,8,Wednesday
2025-08-20,17:00,Mumbai,29.1,94,13.0,1013.4,16.8,1,63,30.2,Warm,August,8,Wednesday
2025-08-20,18:00,Delhi,27.7,70,15.8,1011.7,0.0,0,141,30.2,Warm,August,8,Wednesday
2025-08-20,19:00,Bangalore,25.7,81,10.9,1013.8,20.7,0,51,30.2,Warm,August,8,Wednesday
2025-08-20,20:00,Chennai,27.8,93,17.6,1012.5,15.7,0,89,30.2,Warm,August,8,Wednesday
2025-08-20,21:00,Hyderabad,29.1,68,12.0,1015.9,0.0,0,49,30.2,Warm,August,8,Wednesday
2025-08-20,22:00,Mumbai,26.3,96,11.4,1015.2,0.0,0,82,30.2,Warm,August,8,Wednesday
2025-08-20,23:00,Delhi,21.3,82,11.7,1016.3,5.5,0,142,30.2,Mild,August,8,Wednesday
2025-08-21,00:00,Bangalore,21.9,89,15.5,1017.9,0.0,0,44,30.6,Mild,August,8,Thursday
2025-08-21,01:00,Chennai,27.2,98,15.2,1013.9,0.0,0,54,30.6,Warm,August,8,Thursday
2025-08-21,02:00,Hyderabad,28.8,82,15.0,1015.5,0.0,0,58,30.6,Warm,August,8,Thursday
2025-08-21,03:00,Mumbai,26.8,91,11.1,1014.0,0.0,0,81,30.6,Warm,August,8,Thursday
2025-08-21,04:00,Delhi,26.5,63,15.6,1020.4,0.0,0,143,30.6,Warm,August,8,Thursday
2025-08-21,05:00,Bangalore,27.2,87,10.6,1016.4,0.0,0,28,30.6,Warm,August,8,Thursday
2025-08-21,06:00,Chennai,32.3,86,13.0,1014.6,0.0,0,63,30.6,Warm,August,8,Thursday
2025-08-21,07:00,Hyderabad,37.3,71,15.9,1010.1,0.0,1,56,30.6,Hot,August,8,Thursday
2025-08-21,08:00,Mumbai,38.0,81,21.5,1009.2,0.0,2,95,30.6,Hot,August,8,Thursday
2025-08-21,09:00,Delhi,32.5,69,12.9,1016.2,0.0,2,136,30.6,Warm,August,8,Thursday
2025-08-21,10:00,Bangalore,32.7,80,13.8,1015.3,0.0,4,61,30.6,Warm,August,8,Thursday
2025-08-21,11:00,Chennai,37.7,85,12.6,1011.4,0.0,4,49,30.6,Hot,August,8,Thursday
2025-08-21,12:00,Hyderabad,37.9,65,14.2,1004.4,0.0,5,55,30.6,Hot,August,8,Thursday
2025-08-21,13:00,Mumbai,34.6,84,13.8,1012.4,14.1,4,64,30.6,Warm,August,8,Thursday
2025-08-21,14:00,Delhi,33.8,69,13.2,1010.8,0.0,3,125,30.6,Warm,August,8,Thursday
2025-08-21,15:00,Bangalore,30.6,80,8.7,1017.7,20.9,3,27,30.6,Warm,August,8,Thursday
2025-08-21,16:00,Chennai,34.3,81,15.4,1009.8,4.7,2,81,30.6,Warm,August,8,Thursday
2025-08-21,17:00,Hyderabad,32.2,67,11.3,1009.3,0.0,1,60,30.6,Warm,August,8,Thursday
2025-08-21,18:00,Mumbai,31.3,88,10.9,1007.8,0.0,0,85,30.6,Warm,August,8,Thursday
2025-08-21,19:00,Delhi,25.2,63,17.9,1015.6,0.0,0,137,30.6,Warm,August,8,Thursday
2025-08-21,20:00,Bangalore,23.5,87,17.5,1015.8,0.0,0,63,30.6,Mild,August,8,Thursday
2025-08-21,21:00,Chennai,27.2,92,18.4,1010.6,0.0,0,71,30.6,Warm,August,8,Thursday
2025-08-21,22:00,Hyderabad,28.1,75,18.4,1012.7,0.0,0,63,30.6,Warm,August,8,Thursday
2025-08-21,23:00,Mumbai,26.1,100,12.6,1014.8,7.1,0,59,30.6,Warm,August,8,Thursday
2025-08-22,00:00,Delhi,24.2,72,15.0,1016.0,2.3,0,113,30.1,Mild,August,8,Friday
2025-08-22,01:00,Bangalore,19.0,86,15.8,1014.2,0.3,0,35,30.1,Mild,August,8,Friday
2025-08-22,02:00,Chennai,27.3,98,19.8,1012.7,0.0,0,55,30.1,Warm,August,8,Friday
2025-08-22,03:00,Hyderabad,31.8,73,9.9,1011.4,0.0,0,51,30.1,Warm,August,8,Friday
2025-08-22,04:00,Mumbai,33.1,94,11.8,1008.9,4.8,0,70,30.1,Warm,August,8,Friday
2025-08-22,05:00,Delhi,27.0,74,15.7,1017.7,0.0,0,142,30.1,Warm,August,8,Friday
2025-08-22,06:00,Bangalore,27.2,82,17.1,1015.1,10.3,0,20,30.1,Warm,August,8,Friday
2025-08-22,07:00,Chennai,35.4,79,15.1,1013.4,0.0,0,43,30.1,Hot,August,8,Friday
2025-08-22,08:00,Hyderabad,36.3,67,12.1,1005.2,0.0,3,60,30.1,Hot,August,8,Friday
2025-08-22,09:00,Mumbai,36.0,79,6.5,1010.2,1.9,3,70,30.1,Hot,August,8,Friday
2025-08-22,10:00,Delhi,33.3,64,12.8,1015.2,0.0,3,132,30.1,Warm,August,8,Friday
2025-08-22,11:00,Bangalore,32.5,83,6.9,1016.8,16.3,5,53,30.1,Warm,August,8,Friday
2025-08-22,12:00,Chennai,35.4,84,15.9,1012.5,0.0,6,48,30.1,Hot,August,8,Friday
2025-08-22,13:00,Hyderabad,36.2,74,16.0,1013.4,5.3,5,51,30.1,Hot,August,8,Friday
2025-08-22,14:00,Mumbai,33.9,89,18.2,1013.1,0.0,3,66,30.1,Warm,August,8,Friday
2025-08-22,15:00,Delhi,30.5,61,15.5,1013.6,0.0,2,101,30.1,Warm,August,8,Friday
2025-08-22,16:00,Bangalore,27.4,84,12.5,1009.2,0.0,2,32,30.1,Warm,August,8,Friday
2025-08-22,17:00,Chennai,30.7,88,15.4,1011.8,0.0,2,51,30.1,Warm,August,8,Friday
2025-08-22,18:00,Hyderabad,30.8,79,15.9,1012.7,0.0,0,70,30.1,Warm,August,8,Friday
2025-08-22,19:00,Mumbai,28.5,87,16.2,1007.6,9.6,0,79,30.1,Warm,August,8,Friday
2025-08-22,20:00,Delhi,25.7,70,16.9,1013.3,0.0,0,143,30.1,Warm,August,8,Friday
2025-08-22,21:00,Bangalore,23.2,89,11.3,1014.0,0.0,0,35,30.1,Mild,August,8,Friday
2025-08-22,22:00,Chennai,27.7,89,15.9,1004.4,24.0,0,34,30.1,Warm,August,8,Friday
2025-08-22,23:00,Hyderabad,28.8,84,12.2,1009.5,1.6,0,80,30.1,Warm,August,8,Friday
2025-08-23,00:00,Mumbai,26.3,94,17.9,1009.8,0.0,0,47,30.1,Warm,August,8,Saturday
2025-08-23,01:00,Delhi,23.5,64,16.9,1015.8,0.0,0,122,30.1,Mild,August,8,Saturday
2025-08-23,02:00,Bangalore,21.6,82,17.0,1022.4,0.0,0,29,30.1,Mild,August,8,Saturday
2025-08-23,03:00,Chennai,29.9,91,13.7,1008.2,0.0,0,43,30.1,Warm,August,8,Saturday
2025-08-23,04:00,Hyderabad,32.7,62,14.7,1012.8,0.0,0,47,30.1,Warm,August,8,Saturday
2025-08-23,05:00,Mumbai,31.4,75,12.7,1014.7,0.5,0,69,30.1,Warm,August,8,Saturday
2025-08-23,06:00,Delhi,27.5,62,14.7,1013.6,21.2,0,113,30.1,Warm,August,8,Saturday
2025-08-23,07:00,Bangalore,28.9,81,15.9,1013.4,0.0,0,49,30.1,Warm,August,8,Saturday
2025-08-23,08:00,Chennai,36.7,73,10.5,1012.1,0.0,1,63,30.1,Hot,August,8,Saturday
2025-08-23,09:00,Hyderabad,37.3,74,7.8,1009.5,0.0,3,87,30.1,Hot,August,8,Saturday
2025-08-23,10:00,Mumbai,36.3,87,9.7,1012.4,0.0,4,82,30.1,Hot,August,8,Saturday
2025-08-23,11:00,Delhi,32.1,70,12.3,1009.0,0.0,5,116,30.1,Warm,August,8,Saturday
2025-08-23,12:00,Bangalore,32.5,75,11.7,1009.5,0.0,6,55,30.1,Warm,August,8,Saturday
2025-08-23,13:00,Chennai,35.6,83,9.8,1012.0,0.0,6,80,30.1,Hot,August,8,Saturday
2025-08-23,14:00,Hyderabad,36.3,66,10.6,1013.3,0.0,3,56,30.1,Hot,August,8,Saturday
2025-08-23,15:00,Mumbai,35.9,84,12.5,1009.3,0.0,2,60,30.1,Hot,August,8,Saturday
2025-08-23,16:00,Delhi,28.9,66,13.7,1008.4,0.0,2,122,30.1,Warm,August,8,Saturday
2025-08-23,17:00,Bangalore,27.3,87,16.6,1017.2,5.8,0,67,30.1,Warm,August,8,Saturday
2025-08-23,18:00,Chennai,29.2,88,14.4,1014.6,0.0,0,50,30.1,Warm,August,8,Saturday
2025-08-23,19:00,Hyderabad,30.2,77,16.6,1014.5,15.5,0,78,30.1,Warm,August,8,Saturday
2025-08-23,20:00,Mumbai,30.9,90,15.9,1014.6,0.0,0,69,30.1,Warm,August,8,Saturday
2025-08-23,21:00,Delhi,23.9,65,13.2,1012.9,0.0,0,124,30.1,Mild,August,8,Saturday
2025-08-23,22:00,Bangalore,21.1,79,17.7,1015.9,1.4,0,45,30.1,Mild,August,8,Saturday
2025-08-23,23:00,Chennai,25.9,90,14.9,1014.9,11.3,0,37,30.1,Warm,August,8,Saturday
2025-08-24,00:00,Hyderabad,26.6,73,20.2,1014.0,16.7,0,65,30.3,Warm,August,8,Sunday
2025-08-24,01:00,Mumbai,26.5,92,19.7,1016.9,21.1,0,65,30.3,Warm,August,8,Sunday
2025-08-24,02:00,Delhi,22.8,71,8.7,1015.5,0.0,0,136,30.3,Mild,August,8,Sunday
2025-08-24,03:00,Bangalore,25.6,83,11.7,1016.8,0.0,0,33,30.3,Warm,August,8,Sunday
2025-08-24,04:00,Chennai,31.2,87,21.2,1013.8,0.0,0,56,30.3,Warm,August,8,Sunday
2025-08-24,05:00,Hyderabad,30.2,73,12.7,1013.1,0.0,0,49,30.3,Warm,August,8,Sunday
2025-08-24,06:00,Mumbai,33.8,90,17.5,1014.7,0.0,0,60,30.3,Warm,August,8,Sunday
2025-08-24,07:00,Delhi,30.4,64,14.9,1009.4,3.3,1,106,30.3,Warm,August,8,Sunday
2025-08-24,08:00,Bangalore,30.2,88,11.5,1007.6,0.0,2,73,30.3,Warm,August,8,Sunday
2025-08-24,09:00,Chennai,39.7,77,17.1,1013.7,0.0,2,79,30.3,Hot,August,8,Sunday
2025-08-24,10:00,Hyderabad,36.6,68,11.0,1010.2,24.3,3,57,30.3,Hot,August,8,Sunday
2025-08-24,11:00,Mumbai,39.6,85,15.3,1009.9,20.2,5,60,30.3,Hot,August,8,Sunday
2025-08-24,12:00,Delhi,33.8,60,16.9,1013.2,0.0,7,99,30.3,Warm,August,8,Sunday
2025-08-24,13:00,Bangalore,32.2,68,15.1,1012.0,0.0,5,52,30.3,Warm,August,8,Sunday
2025-08-24,14:00,Chennai,35.2,80,12.5,1015.5,0.0,4,28,30.3,Hot,August,8,Sunday
2025-08-24,15:00,Hyderabad,35.6,70,14.3,1017.4,12.4,4,58,30.3,Hot,August,8,Sunday
2025-08-24,16:00,Mumbai,32.0,90,14.3,1011.9,3.2,2,66,30.3,Warm,August,8,Sunday
2025-08-24,17:00,Delhi,28.7,76,18.0,1010.4,0.0,0,148,30.3,Warm,August,8,Sunday
2025-08-24,18:00,Bangalore,25.6,80,17.6,1010.7,0.0,0,70,30.3,Warm,August,8,Sunday
2025-08-24,19:00,Chennai,29.5,83,8.9,1019.1,3.3,0,53,30.3,Warm,August,8,Sunday
2025-08-24,20:00,Hyderabad,28.7,77,16.5,1011.4,0.0,0,75,30.3,Warm,August,8,Sunday
2025-08-24,21:00,Mumbai,27.8,98,18.2,1015.1,24.0,0,84,30.3,Warm,August,8,Sunday
2025-08-24,22:00,Delhi,22.1,62,15.2,1013.4,0.0,0,120,30.3,Mild,August,8,Sunday
2025-08-24,23:00,Bangalore,22.8,81,16.0,1014.4,5.8,0,59,30.3,Mild,August,8,Sunday
2025-08-25,00:00,Chennai,27.9,83,18.9,1009.8,1.9,0,73,30.0,Warm,August,8,Monday
2025-08-25,01:00,Hyderabad,29.8,75,15.0,1005.8,0.0,0,51,30.0,Warm,August,8,Monday
2025-08-25,02:00,Mumbai,26.3,98,13.1,1015.6,17.3,0,59,30.0,Warm,August,8,Monday
2025-08-25,03:00,Delhi,25.6,71,11.1,1012.0,0.0,0,129,30.0,Warm,August,8,Monday
2025-08-25,04:00,Bangalore,25.6,95,14.0,1011.9,0.0,0,43,30.0,Warm,August,8,Monday
2025-08-25,05:00,Chennai,31.6,82,19.0,1016.2,24.5,0,61,30.0,Warm,August,8,Monday
2025-08-25,06:00,Hyderabad,34.5,70,14.7,1016.1,0.0,0,33,30.0,Warm,August,8,Monday
2025-08-25,07:00,Mumbai,31.9,82,17.5,1012.7,0.0,0,49,30.0,Warm,August,8,Monday
2025-08-25,08:00,Delhi,29.2,64,12.9,1010.8,0.0,2,145,30.0,Warm,August,8,Monday
2025-08-25,09:00,Bangalore,31.0,75,15.4,1012.8,0.0,2,31,30.0,Warm,August,8,Monday
2025-08-25,10:00,Chennai,35.3,79,15.2,1009.5,0.0,4,99,30.0,Hot,August,8,Monday
2025-08-25,11:00,Hyderabad,39.0,59,10.9,1010.9,0.0,6,58,30.0,Hot,August,8,Monday
2025-08-25,12:00,Mumbai,34.5,86,15.5,1009.2,16.7,6,53,30.0,Warm,August,8,Monday
2025-08-25,13:00,Delhi,32.2,62,19.3,1011.8,0.6,5,121,30.0,Warm,August,8,Monday
2025-08-25,14:00,Bangalore,29.4,84,11.1,1011.7,0.0,4,28,30.0,Warm,August,8,Monday
2025-08-25,15:00,Chennai,32.8,83,15.7,1005.3,8.8,3,46,30.0,Warm,August,8,Monday
2025-08-25,16:00,Hyderabad,34.9,72,13.6,1008.6,0.0,1,59,30.0,Warm,August,8,Monday
2025-08-25,17:00,Mumbai,32.5,83,15.9,1010.7,0.0,0,76,30.0,Warm,August,8,Monday
2025-08-25,18:00,Delhi,25.6,71,15.8,1009.9,0.0,0,119,30.0,Warm,August,8,Monday
2025-08-25,19:00,Bangalore,22.2,91,7.7,1014.8,0.0,0,40,30.0,Mild,August,8,Monday
2025-08-25,20:00,Chennai,27.9,89,9.6,1009.4,3.2,0,78,30.0,Warm,August,8,Monday
2025-08-25,21:00,Hyderabad,30.9,71,10.2,1013.7,0.0,0,59,30.0,Warm,August,8,Monday
2025-08-25,22:00,Mumbai,25.6,94,12.4,1014.4,12.2,0,69,30.0,Warm,August,8,Monday
2025-08-25,23:00,Delhi,22.6,71,11.9,1009.9,0.0,0,113,30.0,Mild,August,8,Monday
2025-08-26,00:00,Bangalore,23.7,80,15.4,1013.2,0.0,0,22,30.5,Mild,August,8,Tuesday
2025-08-26,01:00,Chennai,27.1,93,14.9,1010.5,0.0,0,53,30.5,Warm,August,8,Tuesday
2025-08-26,02:00,Hyderabad,29.9,72,12.2,1010.7,0.0,0,55,30.5,Warm,August,8,Tuesday
2025-08-26,03:00,Mumbai,31.0,95,13.9,1012.2,1.0,0,43,30.5,Warm,August,8,Tuesday
2025-08-26,04:00,Delhi,24.4,69,16.9,1013.6,0.0,0,124,30.5,Mild,August,8,Tuesday
2025-08-26,05:00,Bangalore,26.1,87,18.4,1013.5,0.0,0,59,30.5,Warm,August,8,Tuesday
2025-08-26,06:00,Chennai,35.6,84,11.9,1014.3,0.0,0,60,30.5,Hot,August,8,Tuesday
2025-08-26,07:00,Hyderabad,33.5,66,18.5,1010.5,0.0,0,71,30.5,Warm,August,8,Tuesday
2025-08-26,08:00,Mumbai,34.1,80,16.7,1012.6,0.0,2,71,30.5,Warm,August,8,Tuesday
2025-08-26,09:00,Delhi,32.1,62,12.6,1017.5,14.6,2,149,30.5,Warm,August,8,Tuesday
2025-08-26,10:00,Bangalore,32.0,86,17.8,1016.3,0.8,4,49,30.5,Warm,August,8,Tuesday
2025-08-26,11:00,Chennai,37.7,81,13.1,1012.8,0.0,4,71,30.5,Hot,August,8,Tuesday
2025-08-26,12:00,Hyderabad,36.5,72,9.6,1012.4,18.3,6,64,30.5,Hot,August,8,Tuesday
2025-08-26,13:00,Mumbai,38.0,88,11.9,1011.4,17.6,4,66,30.5,Hot,August,8,Tuesday
2025-08-26,14:00,Delhi,30.5,65,8.9,1011.0,0.0,4,135,30.5,Warm,August,8,Tuesday
2025-08-26,15:00,Bangalore,30.0,93,13.2,1010.0,0.0,2,32,30.5,Warm,August,8,Tuesday
2025-08-26,16:00,Chennai,32.9,87,22.8,1005.7,0.0,2,61,30.5,Warm,August,8,Tuesday
2025-08-26,17:00,Hyderabad,34.1,64,13.6,1012.5,2.8,0,73,30.5,Warm,August,8,Tuesday
2025-08-26,18:00,Mumbai,33.1,89,11.9,1011.2,0.0,0,84,30.5,Warm,August,8,Tuesday
2025-08-26,19:00,Delhi,23.2,72,18.0,1018.2,0.0,0,138,30.5,Mild,August,8,Tuesday
2025-08-26,20:00,Bangalore,23.0,88,14.3,1017.1,6.3,0,54,30.5,Mild,August,8,Tuesday
2025-08-26,21:00,Chennai,28.0,91,11.8,1019.4,0.0,0,54,30.5,Warm,August,8,Tuesday
2025-08-26,22:00,Hyderabad,28.9,76,14.3,1016.1,0.0,0,48,30.5,Warm,August,8,Tuesday
2025-08-26,23:00,Mumbai,25.9,94,16.3,1013.5,0.0,0,47,30.5,Warm,August,8,Tuesday
2025-08-27,00:00,Delhi,24.4,70,15.9,1018.6,24.8,0,150,30.1,Mild,August,8,Wednesday
2025-08-27,01:00,Bangalore,23.3,84,10.3,1011.0,0.0,0,40,30.1,Mild,August,8,Wednesday
2025-08-27,02:00,Chennai,28.5,93,11.2,1013.7,0.0,0,62,30.1,Warm,August,8,Wednesday
2025-08-27,03:00,Hyderabad,29.8,73,16.5,1017.3,0.9,0,31,30.1,Warm,August,8,Wednesday
2025-08-27,04:00,Mumbai,29.8,85,8.5,1016.2,22.3,0,62,30.1,Warm,August,8,Wednesday
2025-08-27,05:00,Delhi,26.4,69,13.3,1006.2,0.0,0,109,30.1,Warm,August,8,Wednesday
2025-08-27,06:00,Bangalore,25.8,65,18.0,1014.0,0.0,0,55,30.1,Warm,August,8,Wednesday
2025-08-27,07:00,Chennai,31.5,87,15.2,1010.6,12.2,0,27,30.1,Warm,August,8,Wednesday
2025-08-27,08:00,Hyderabad,39.5,68,9.8,1010.5,10.4,2,55,30.1,Hot,August,8,Wednesday
2025-08-27,09:00,Mumbai,37.5,76,12.5,1017.3,0.0,3,81,30.1,Hot,August,8,Wednesday
2025-08-27,10:00,Delhi,33.0,64,13.0,1020.1,0.0,4,154,30.1,Warm,August,8,Wednesday
2025-08-27,11:00,Bangalore,32.4,76,10.6,1016.4,0.0,5,20,30.1,Warm,August,8,Wednesday
2025-08-27,12:00,Chennai,37.2,76,11.9,1009.2,0.0,5,67,30.1,Hot,August,8,Wednesday
2025-08-27,13:00,Hyderabad,34.7,73,17.8,1015.6,0.0,5,43,30.1,Warm,August,8,Wednesday
2025-08-27,14:00,Mumbai,35.7,86,9.8,1010.0,0.0,4,56,30.1,Hot,August,8,Wednesday
2025-08-27,15:00,Delhi,31.2,63,17.3,1010.9,0.0,3,103,30.1,Warm,August,8,Wednesday
2025-08-27,16:00,Bangalore,28.8,75,16.2,1006.7,0.0,1,49,30.1,Warm,August,8,Wednesday
2025-08-27,17:00,Chennai,29.8,70,13.8,1008.3,0.0,1,53,30.1,Warm,August,8,Wednesday
2025-08-27,18:00,Hyderabad,30.8,77,16.3,1012.3,0.0,0,50,30.1,Warm,August,8,Wednesday
2025-08-27,19:00,Mumbai,31.7,86,17.9,1010.4,0.0,0,82,30.1,Warm,August,8,Wednesday
2025-08-27,20:00,Delhi,22.7,67,13.3,1017.4,0.0,0,148,30.1,Mild,August,8,Wednesday
2025-08-27,21:00,Bangalore,21.0,94,13.7,1015.0,0.0,0,62,30.1,Mild,August,8,Wednesday
2025-08-27,22:00,Chennai,27.9,91,13.1,1015.6,0.0,0,42,30.1,Warm,August,8,Wednesday
2025-08-27,23:00,Hyderabad,29.4,77,15.2,1013.3,0.0,0,61,30.1,Warm,August,8,Wednesday
2025-08-28,00:00,Mumbai,22.3,92,16.8,1016.3,7.4,0,65,29.3,Mild,August,8,Thursday
2025-08-28,01:00,Delhi,25.3,69,13.9,1017.2,0.0,0,109,29.3,Warm,August,8,Thursday
2025-08-28,02:00,Bangalore,24.5,80,21.5,1015.7,0.0,0,29,29.3,Mild,August,8,Thursday
2025-08-28,03:00,Chennai,33.5,87,10.1,1010.6,0.0,0,44,29.3,Warm,August,8,Thursday
2025-08-28,04:00,Hyderabad,31.5,72,14.4,1016.2,0.0,0,51,29.3,Warm,August,8,Thursday
2025-08-28,05:00,Mumbai,28.8,86,17.0,1015.3,22.3,0,68,29.3,Warm,August,8,Thursday
2025-08-28,06:00,Delhi,27.1,70,17.9,1018.1,0.0,0,123,29.3,Warm,August,8,Thursday
2025-08-28,07:00,Bangalore,29.0,81,16.7,1019.3,0.0,1,52,29.3,Warm,August,8,Thursday
2025-08-28,08:00,Chennai,35.6,88,15.4,1010.2,0.0,3,66,29.3,Hot,August,8,Thursday
2025-08-28,09:00,Hyderabad,34.2,69,15.3,1012.4,0.0,2,60,29.3,Warm,August,8,Thursday
2025-08-28,10:00,Mumbai,32.6,88,12.3,1012.3,0.0,4,90,29.3,Warm,August,8,Thursday
2025-08-28,11:00,Delhi,32.8,64,13.7,1005.4,0.0,5,116,29.3,Warm,August,8,Thursday
2025-08-28,12:00,Bangalore,30.4,80,9.7,1008.9,0.0,5,29,29.3,Warm,August,8,Thursday
2025-08-28,13:00,Chennai,38.9,77,13.5,1011.2,20.0,5,50,29.3,Hot,August,8,Thursday
2025-08-28,14:00,Hyderabad,37.4,77,19.1,1009.8,0.0,3,49,29.3,Hot,August,8,Thursday
2025-08-28,15:00,Mumbai,30.6,93,17.3,1012.8,0.0,2,63,29.3,Warm,August,8,Thursday
2025-08-28,16:00,Delhi,27.4,73,7.1,1017.1,0.0,1,137,29.3,Warm,August,8,Thursday
2025-08-28,17:00,Bangalore,25.0,82,16.5,1014.8,0.0,0,58,29.3,Warm,August,8,Thursday
2025-08-28,18:00,Chennai,33.9,78,11.9,1010.6,0.0,0,62,29.3,Warm,August,8,Thursday
2025-08-28,19:00,Hyderabad,29.8,83,12.7,1008.7,0.0,0,72,29.3,Warm,August,8,Thursday
2025-08-28,20:00,Mumbai,24.6,95,16.1,1011.9,13.3,0,75,29.3,Mild,August,8,Thursday
2025-08-28,21:00,Delhi,24.0,71,15.2,1017.8,3.3,0,133,29.3,Mild,August,8,Thursday
2025-08-28,22:00,Bangalore,19.9,86,8.9,1018.0,0.0,0,35,29.3,Mild,August,8,Thursday
2025-08-28,23:00,Chennai,24.8,98,15.5,1011.1,0.0,0,41,29.3,Mild,August,8,Thursday
2025-08-29,00:00,Hyderabad,28.8,84,16.8,1016.2,0.0,0,58,29.4,Warm,August,8,Friday
2025-08-29,01:00,Mumbai,27.9,95,11.4,1014.1,0.0,0,64,29.4,Warm,August,8,Friday
2025-08-29,02:00,Delhi,21.0,76,13.4,1017.1,0.0,0,132,29.4,Mild,August,8,Friday
2025-08-29,03:00,Bangalore,22.3,88,8.8,1014.9,0.0,0,22,29.4,Mild,August,8,Friday
2025-08-29,04:00,Chennai,29.5,89,13.2,1015.4,0.0,0,76,29.4,Warm,August,8,Friday
2025-08-29,05:00,Hyderabad,31.5,77,13.9,1010.5,0.0,0,65,29.4,Warm,August,8,Friday
2025-08-29,06:00,Mumbai,32.4,87,23.8,1010.4,0.0,0,54,29.4,Warm,August,8,Friday
2025-08-29,07:00,Delhi,30.8,63,13.1,1017.0,0.0,0,102,29.4,Warm,August,8,Friday
2025-08-29,08:00,Bangalore,28.5,89,16.0,1015.7,0.0,0,56,29.4,Warm,August,8,Friday
2025-08-29,09:00,Chennai,35.2,92,13.7,1014.1,16.8,1,69,29.4,Hot,August,8,Friday
2025-08-29,10:00,Hyderabad,39.1,64,15.4,1015.7,0.0,4,69,29.4,Hot,August,8,Friday
2025-08-29,11:00,Mumbai,36.8,82,20.4,1010.9,0.0,5,47,29.4,Hot,August,8,Friday
2025-08-29,12:00,Delhi,33.8,71,10.4,1012.5,0.0,6,111,29.4,Warm,August,8,Friday
2025-08-29,13:00,Bangalore,28.5,77,16.6,1011.1,0.0,3,27,29.4,Warm,August,8,Friday
2025-08-29,14:00,Chennai,36.3,74,13.6,1006.8,0.0,3,55,29.4,Hot,August,8,Friday
2025-08-29,15:00,Hyderabad,37.1,65,8.9,1009.5,11.7,2,45,29.4,Hot,August,8,Friday
2025-08-29,16:00,Mumbai,29.9,88,15.0,1005.4,0.0,1,82,29.4,Warm,August,8,Friday
2025-08-29,17:00,Delhi,30.8,67,11.6,1010.9,8.9,0,143,29.4,Warm,August,8,Friday
2025-08-29,18:00,Bangalore,23.1,86,16.2,1017.8,0.0,0,92,29.4,Mild,August,8,Friday
2025-08-29,19:00,Chennai,27.4,87,17.0,1012.7,21.4,0,56,29.4,Warm,August,8,Friday
2025-08-29,20:00,Hyderabad,26.1,76,15.6,1017.1,10.7,0,72,29.4,Warm,August,8,Friday
2025-08-29,21:00,Mumbai,25.8,93,12.8,1013.1,16.8,0,69,29.4,Warm,August,8,Friday
2025-08-29,22:00,Delhi,22.4,73,19.7,1013.5,5.3,0,143,29.4,Mild,August,8,Friday
2025-08-29,23:00,Bangalore,21.3,82,17.9,1023.6,0.0,0,35,29.4,Mild,August,8,Friday
2025-08-30,00:00,Chennai,23.8,92,16.4,1013.6,0.0,0,48,29.7,Mild,August,8,Saturday
2025-08-30,01:00,Hyderabad,26.5,75,12.8,1013.1,0.0,0,65,29.7,Warm,August,8,Saturday
2025-08-30,02:00,Mumbai,29.6,86,15.1,1013.3,0.0,0,101,29.7,Warm,August,8,Saturday
2025-08-30,03:00,Delhi,20.1,67,15.9,1014.7,0.0,0,120,29.7,Mild,August,8,Saturday
2025-08-30,04:00,Bangalore,24.4,86,14.8,1016.7,0.0,0,20,29.7,Mild,August,8,Saturday
2025-08-30,05:00,Chennai,34.6,76,18.1,1011.4,0.0,0,38,29.7,Warm,August,8,Saturday
2025-08-30,06:00,Hyderabad,34.0,69,13.2,1005.7,0.0,0,47,29.7,Warm,August,8,Saturday
2025-08-30,07:00,Mumbai,32.7,77,14.7,1009.4,0.0,0,72,29.7,Warm,August,8,Saturday
2025-08-30,08:00,Delhi,32.1,59,16.3,1009.8,0.0,2,140,29.7,Warm,August,8,Saturday
2025-08-30,09:00,Bangalore,29.9,80,19.5,1012.3,0.0,2,68,29.7,Warm,August,8,Saturday
2025-08-30,10:00,Chennai,37.9,88,13.9,1011.8,23.7,3,61,29.7,Hot,August,8,Saturday
2025-08-30,11:00,Hyderabad,37.9,62,15.9,1014.3,0.0,6,47,29.7,Hot,August,8,Saturday
2025-08-30,12:00,Mumbai,37.8,76,13.7,1015.3,0.0,7,66,29.7,Hot,August,8,Saturday
2025-08-30,13:00,Delhi,29.7,71,10.8,1015.8,0.0,4,128,29.7,Warm,August,8,Saturday
2025-08-30,14:00,Bangalore,29.1,83,17.2,1011.6,0.0,4,39,29.7,Warm,August,8,Saturday
2025-08-30,15:00,Chennai,36.2,77,16.8,1011.7,0.0,3,64,29.7,Hot,August,8,Saturday
2025-08-30,16:00,Hyderabad,31.5,65,10.6,1015.4,18.8,1,63,29.7,Warm,August,8,Saturday
2025-08-30,17:00,Mumbai,31.3,90,18.4,1013.2,2.0,1,90,29.7,Warm,August,8,Saturday
2025-08-30,18:00,Delhi,24.8,70,14.7,1010.1,17.2,0,105,29.7,Mild,August,8,Saturday
2025-08-30,19:00,Bangalore,24.8,86,16.6,1013.2,0.0,0,53,29.7,Mild,August,8,Saturday
2025-08-30,20:00,Chennai,27.8,94,17.9,1014.4,22.6,0,63,29.7,Warm,August,8,Saturday
2025-08-30,21:00,Hyderabad,27.4,80,15.7,1012.8,0.0,0,66,29.7,Warm,August,8,Saturday
2025-08-30,22:00,Mumbai,26.4,92,14.2,1015.1,17.5,0,81,29.7,Warm,August,8,Saturday
2025-08-30,23:00,Delhi,23.0,64,14.9,1021.3,0.0,0,141,29.7,Mild,August,8,Saturday
2025-08-31,00:00,Bangalore,23.7,82,14.4,1014.9,0.0,0,34,29.6,Mild,August,8,Sunday
2025-08-31,01:00,Chennai,24.4,100,13.9,1015.2,0.0,0,58,29.6,Mild,August,8,Sunday
2025-08-31,02:00,Hyderabad,26.3,78,19.5,1015.7,0.0,0,75,29.6,Warm,August,8,Sunday
2025-08-31,03:00,Mumbai,29.8,89,15.8,1016.2,0.0,0,83,29.6,Warm,August,8,Sunday
2025-08-31,04:00,Delhi,25.0,67,18.8,1009.0,0.0,0,122,29.6,Warm,August,8,Sunday
2025-08-31,05:00,Bangalore,30.2,76,15.0,1011.2,0.0,0,46,29.6,Warm,August,8,Sunday
2025-08-31,06:00,Chennai,30.9,89,16.1,1016.6,0.0,0,48,29.6,Warm,August,8,Sunday
2025-08-31,07:00,Hyderabad,33.2,79,16.9,1007.2,20.8,1,52,29.6,Warm,August,8,Sunday
2025-08-31,08:00,Mumbai,34.9,73,13.3,1012.6,0.0,2,84,29.6,Warm,August,8,Sunday
2025-08-31,09:00,Delhi,34.0,69,8.9,1007.6,0.0,3,128,29.6,Warm,August,8,Sunday
2025-08-31,10:00,Bangalore,31.2,76,9.7,1015.5,0.0,4,45,29.6,Warm,August,8,Sunday
2025-08-31,11:00,Chennai,38.2,77,18.1,1010.5,0.0,5,42,29.6,Hot,August,8,Sunday
2025-08-31,12:00,Hyderabad,33.6,71,12.1,1013.8,0.0,6,48,29.6,Warm,August,8,Sunday
2025-08-31,13:00,Mumbai,33.7,96,14.1,1008.9,0.0,4,49,29.6,Warm,August,8,Sunday
2025-08-31,14:00,Delhi,29.9,66,13.5,1009.6,0.0,4,111,29.6,Warm,August,8,Sunday
2025-08-31,15:00,Bangalore,29.9,87,15.2,1014.0,0.0,3,35,29.6,Warm,August,8,Sunday
2025-08-31,16:00,Chennai,35.9,87,15.2,1011.4,0.0,2,39,29.6,Hot,August,8,Sunday
2025-08-31,17:00,Hyderabad,32.3,72,15.7,1015.4,0.0,1,61,29.6,Warm,August,8,Sunday
2025-08-31,18:00,Mumbai,30.3,90,12.4,1019.2,0.0,0,86,29.6,Warm,August,8,Sunday
2025-08-31,19:00,Delhi,25.6,67,15.9,1016.7,0.0,0,154,29.6,Warm,August,8,Sunday
2025-08-31,20:00,Bangalore,22.7,82,8.5,1020.3,16.8,0,63,29.6,Mild,August,8,Sunday
2025-08-31,21:00,Chennai,24.4,80,16.3,1012.6,0.0,0,21,29.6,Mild,August,8,Sunday
2025-08-31,22:00,Hyderabad,23.9,82,14.4,1019.3,0.0,0,62,29.6,Mild,August,8,Sunday
2025-08-31,23:00,Mumbai,26.1,95,14.3,1014.0,0.0,0,62,29.6,Warm,August,8,Sunday
2025-09-01,00:00,Delhi,21.5,70,13.3,1009.2,9.1,0,119,28.6,Mild,September,9,Monday
2025-09-01,01:00,Bangalore,19.3,89,14.8,1021.1,0.0,0,24,28.6,Mild,September,9,Monday
2025-09-01,02:00,Chennai,28.9,87,11.6,1015.7,1.0,0,59,28.6,Warm,September,9,Monday
2025-09-01,03:00,Hyderabad,29.8,70,19.0,1015.8,0.0,0,55,28.6,Warm,September,9,Monday
2025-09-01,04:00,Mumbai,28.4,90,7.8,1016.8,0.0,0,65,28.6,Warm,September,9,Monday
2025-09-01,05:00,Delhi,26.9,73,16.8,1013.5,0.0,0,112,28.6,Warm,September,9,Monday
2025-09-01,06:00,Bangalore,26.9,73,14.6,1010.8,0.0,0,34,28.6,Warm,September,9,Monday
2025-09-01,07:00,Chennai,32.8,88,10.6,1012.6,5.2,1,65,28.6,Warm,September,9,Monday
2025-09-01,08:00,Hyderabad,34.8,73,16.3,1009.8,0.0,2,61,28.6,Warm,September,9,Monday
2025-09-01,09:00,Mumbai,34.8,77,16.6,1013.6,0.0,2,94,28.6,Warm,September,9,Monday
2025-09-01,10:00,Delhi,30.3,70,16.7,1016.8,0.0,4,146,28.6,Warm,September,9,Monday
2025-09-01,11:00,Bangalore,28.7,75,10.3,1008.5,0.0,4,34,28.6,Warm,September,9,Monday
2025-09-01,12:00,Chennai,35.5,82,12.4,1011.5,5.5,5,51,28.6,Hot,September,9,Monday
2025-09-01,13:00,Hyderabad,36.4,68,13.7,1007.6,1.8,5,40,28.6,Hot,September,9,Monday
2025-09-01,14:00,Mumbai,35.2,84,9.2,1009.7,22.5,4,79,28.6,Hot,September,9,Monday
2025-09-01,15:00,Delhi,28.5,71,11.2,1012.2,0.0,3,125,28.6,Warm,September,9,Monday
2025-09-01,16:00,Bangalore,25.6,71,18.4,1009.8,0.0,2,57,28.6,Warm,September,9,Monday
2025-09-01,17:00,Chennai,28.3,89,11.0,1015.1,24.5,1,55,28.6,Warm,September,9,Monday
2025-09-01,18:00,Hyderabad,31.8,81,11.6,1011.1,0.0,0,56,28.6,Warm,September,9,Monday
2025-09-01,19:00,Mumbai,30.0,100,13.8,1011.2,0.0,0,86,28.6,Warm,September,9,Monday
2025-09-01,20:00,Delhi,20.1,68,16.4,1010.9,0.0,0,149,28.6,Mild,September,9,Monday
2025-09-01,21:00,Bangalore,20.2,95,17.3,1019.6,3.0,0,31,28.6,Mild,September,9,Monday
2025-09-01,22:00,Chennai,26.5,91,17.0,1014.1,0.0,0,20,28.6,Warm,September,9,Monday
2025-09-01,23:00,Hyderabad,26.4,81,13.6,1012.8,0.0,0,33,28.6,Warm,September,9,Monday
2025-09-02,00:00,Mumbai,27.9,89,13.8,1014.7,0.0,0,58,29.5,Warm,September,9,Tuesday
2025-09-02,01:00,Delhi,24.5,62,16.4,1010.1,0.0,0,110,29.5,Mild,September,9,Tuesday
2025-09-02,02:00,Bangalore,23.4,82,8.6,1012.7,9.4,0,42,29.5,Mild,September,9,Tuesday
2025-09-02,03:00,Chennai,27.1,83,14.8,1019.2,13.9,0,57,29.5,Warm,September,9,Tuesday
2025-09-02,04:00,Hyderabad,30.5,78,17.5,1013.2,0.0,0,78,29.5,Warm,September,9,Tuesday
2025-09-02,05:00,Mumbai,30.7,85,15.3,1013.1,0.0,0,64,29.5,Warm,September,9,Tuesday
2025-09-02,06:00,Delhi,31.3,67,15.8,1006.5,15.6,0,120,29.5,Warm,September,9,Tuesday
2025-09-02,07:00,Bangalore,27.0,82,14.9,1017.5,0.0,0,38,29.5,Warm,September,9,Tuesday
2025-09-02,08:00,Chennai,33.8,89,10.5,1011.6,0.0,1,68,29.5,Warm,September,9,Tuesday
2025-09-02,09:00,Hyderabad,36.2,70,11.3,1003.9,0.0,2,80,29.5,Hot,September,9,Tuesday
2025-09-02,10:00,Mumbai,36.0,86,15.9,1014.0,11.0,3,78,29.5,Hot,September,9,Tuesday
2025-09-02,11:00,Delhi,33.2,61,13.7,1010.5,0.0,4,112,29.5,Warm,September,9,Tuesday
2025-09-02,12:00,Bangalore,32.1,73,14.6,1012.7,0.0,6,34,29.5,Warm,September,9,Tuesday
2025-09-02,13:00,Chennai,37.5,83,15.6,1007.6,0.0,5,52,29.5,Hot,September,9,Tuesday
2025-09-02,14:00,Hyderabad,35.9,70,10.3,1013.0,0.0,4,75,29.5,Hot,September,9,Tuesday
2025-09-02,15:00,Mumbai,30.5,90,17.2,1016.9,0.0,3,55,29.5,Warm,September,9,Tuesday
2025-09-02,16:00,Delhi,26.4,69,15.1,1012.4,0.0,2,134,29.5,Warm,September,9,Tuesday
2025-09-02,17:00,Bangalore,27.0,76,13.3,1014.6,0.0,0,56,29.5,Warm,September,9,Tuesday
2025-09-02,18:00,Chennai,30.6,89,14.6,1011.4,0.0,0,58,29.5,Warm,September,9,Tuesday
2025-09-02,19:00,Hyderabad,31.1,77,8.6,1011.5,0.0,0,79,29.5,Warm,September,9,Tuesday
2025-09-02,20:00,Mumbai,25.8,92,15.9,1011.9,17.4,0,110,29.5,Warm,September,9,Tuesday
2025-09-02,21:00,Delhi,23.6,72,13.8,1012.3,0.0,0,134,29.5,Mild,September,9,Tuesday
2025-09-02,22:00,Bangalore,20.8,93,12.9,1016.3,0.0,0,42,29.5,Mild,September,9,Tuesday
2025-09-02,23:00,Chennai,25.5,93,12.7,1018.8,0.0,0,55,29.5,Warm,September,9,Tuesday
2025-09-03,00:00,Hyderabad,26.5,71,15.2,1011.0,24.4,0,56,29.0,Warm,September,9,Wednesday
2025-09-03,01:00,Mumbai,25.9,90,15.7,1014.3,0.0,0,65,29.0,Warm,September,9,Wednesday
2025-09-03,02:00,Delhi,24.2,62,13.5,1015.0,0.0,0,142,29.0,Mild,September,9,Wednesday
2025-09-03,03:00,Bangalore,23.3,80,10.4,1012.0,0.5,0,60,29.0,Mild,September,9,Wednesday
2025-09-03,04:00,Chennai,29.5,88,19.7,1019.1,0.0,0,36,29.0,Warm,September,9,Wednesday
2025-09-03,05:00,Hyderabad,31.5,75,12.3,1012.6,4.1,0,47,29.0,Warm,September,9,Wednesday
2025-09-03,06:00,Mumbai,33.7,77,9.4,1012.9,0.0,0,78,29.0,Warm,September,9,Wednesday
2025-09-03,07:00,Delhi,28.9,56,12.9,1014.6,4.8,0,134,29.0,Warm,September,9,Wednesday
2025-09-03,08:00,Bangalore,27.7,88,14.8,1017.4,12.5,2,45,29.0,Warm,September,9,Wednesday
2025-09-03,09:00,Chennai,33.8,91,16.7,1010.7,0.0,3,51,29.0,Warm,September,9,Wednesday
2025-09-03,10:00,Hyderabad,33.9,65,8.6,1013.5,0.0,3,77,29.0,Warm,September,9,Wednesday
2025-09-03,11:00,Mumbai,35.1,84,13.1,1005.0,0.0,5,85,29.0,Hot,September,9,Wednesday
2025-09-03,12:00,Delhi,31.7,71,10.5,1005.9,22.7,6,121,29.0,Warm,September,9,Wednesday
2025-09-03,13:00,Bangalore,30.1,79,12.2,1015.1,0.0,5,37,29.0,Warm,September,9,Wednesday
2025-09-03,14:00,Chennai,34.2,82,13.7,1010.2,0.0,4,63,29.0,Warm,September,9,Wednesday
2025-09-03,15:00,Hyderabad,35.4,74,4.7,1009.4,1.7,3,58,29.0,Hot,September,9,Wednesday
2025-09-03,16:00,Mumbai,33.3,93,14.1,1015.7,22.7,1,80,29.0,Warm,September,9,Wednesday
2025-09-03,17:00,Delhi,26.5,76,15.5,1020.1,0.0,0,144,29.0,Warm,September,9,Wednesday
2025-09-03,18:00,Bangalore,25.8,85,10.4,1017.1,0.0,0,57,29.0,Warm,September,9,Wednesday
2025-09-03,19:00,Chennai,28.6,90,14.7,1018.0,0.0,0,64,29.0,Warm,September,9,Wednesday
2025-09-03,20:00,Hyderabad,26.0,81,13.2,1016.7,0.0,0,80,29.0,Warm,September,9,Wednesday
2025-09-03,21:00,Mumbai,24.7,92,12.1,1018.1,0.0,0,67,29.0,Mild,September,9,Wednesday
2025-09-03,22:00,Delhi,22.4,68,7.3,1014.3,0.0,0,111,29.0,Mild,September,9,Wednesday
2025-09-03,23:00,Bangalore,23.6,85,15.4,1009.6,0.0,0,52,29.0,Mild,September,9,Wednesday
2025-09-04,00:00,Chennai,24.5,92,16.1,1013.0,0.0,0,20,28.8,Mild,September,9,Thursday
2025-09-04,01:00,Hyderabad,27.6,82,16.5,1009.3,4.3,0,62,28.8,Warm,September,9,Thursday
2025-09-04,02:00,Mumbai,29.4,88,12.5,1010.6,12.1,0,40,28.8,Warm,September,9,Thursday
2025-09-04,03:00,Delhi,21.7,71,16.0,1021.8,5.7,0,146,28.8,Mild,September,9,Thursday
2025-09-04,04:00,Bangalore,24.8,79,16.2,1012.0,0.0,0,50,28.8,Mild,September,9,Thursday
2025-09-04,05:00,Chennai,30.8,98,14.6,1008.0,0.0,0,47,28.8,Warm,September,9,Thursday
2025-09-04,06:00,Hyderabad,34.9,65,12.4,1014.4,0.0,0,58,28.8,Warm,September,9,Thursday
2025-09-04,07:00,Mumbai,31.3,85,11.0,1007.7,3.2,1,54,28.8,Warm,September,9,Thursday
2025-09-04,08:00,Delhi,29.8,68,11.1,1011.9,0.0,1,130,28.8,Warm,September,9,Thursday
2025-09-04,09:00,Bangalore,31.5,80,17.2,1016.1,0.0,2,67,28.8,Warm,September,9,Thursday
2025-09-04,10:00,Chennai,36.7,83,14.2,1009.6,0.0,3,75,28.8,Hot,September,9,Thursday
2025-09-04,11:00,Hyderabad,36.7,74,12.0,1010.5,3.5,5,69,28.8,Hot,September,9,Thursday
2025-09-04,12:00,Mumbai,34.9,79,15.8,1013.7,0.0,5,71,28.8,Warm,September,9,Thursday
2025-09-04,13:00,Delhi,29.2,68,20.7,1007.9,9.1,4,131,28.8,Warm,September,9,Thursday
2025-09-04,14:00,Bangalore,27.3,80,12.7,1017.0,0.0,3,20,28.8,Warm,September,9,Thursday
2025-09-04,15:00,Chennai,31.7,84,9.8,1013.0,10.0,3,51,28.8,Warm,September,9,Thursday
2025-09-04,16:00,Hyderabad,33.6,67,13.3,1014.8,0.0,1,48,28.8,Warm,September,9,Thursday
2025-09-04,17:00,Mumbai,29.5,98,8.6,1010.7,15.0,0,84,28.8,Warm,September,9,Thursday
2025-09-04,18:00,Delhi,23.8,61,11.4,1021.5,0.0,0,144,28.8,Mild,September,9,Thursday
2025-09-04,19:00,Bangalore,21.3,87,13.6,1018.6,0.0,0,68,28.8,Mild,September,9,Thursday
2025-09-04,20:00,Chennai,25.3,96,10.7,1017.5,0.0,0,83,28.8,Warm,September,9,Thursday
2025-09-04,21:00,Hyderabad,26.1,86,17.0,1017.4,0.0,0,29,28.8,Warm,September,9,Thursday
2025-09-04,22:00,Mumbai,25.1,90,8.8,1019.3,2.8,0,72,28.8,Warm,September,9,Thursday
2025-09-04,23:00,Delhi,23.0,70,14.5,1012.1,0.0,0,137,28.8,Mild,September,9,Thursday
2025-09-05,00:00,Bangalore,21.1,81,10.8,1010.3,0.0,0,54,29.3,Mild,September,9,Friday
2025-09-05,01:00,Chennai,26.4,88,12.9,1012.1,0.0,0,31,29.3,Warm,September,9,Friday
2025-09-05,02:00,Hyderabad,30.8,71,15.0,1022.3,0.0,0,49,29.3,Warm,September,9,Friday
2025-09-05,03:00,Mumbai,27.4,96,11.7,1012.6,0.0,0,50,29.3,Warm,September,9,Friday
2025-09-05,04:00,Delhi,28.0,61,8.1,1016.0,12.5,0,128,29.3,Warm,September,9,Friday
2025-09-05,05:00,Bangalore,22.6,86,22.7,1020.0,12.8,0,32,29.3,Mild,September,9,Friday
2025-09-05,06:00,Chennai,28.8,92,19.4,1016.5,0.0,0,41,29.3,Warm,September,9,Friday
2025-09-05,07:00,Hyderabad,35.7,75,11.9,1008.5,6.6,2,64,29.3,Hot,September,9,Friday
2025-09-05,08:00,Mumbai,34.1,81,20.9,1016.6,0.0,1,84,29.3,Warm,September,9,Friday
2025-09-05,09:00,Delhi,31.7,64,12.7,1014.6,22.8,2,140,29.3,Warm,September,9,Friday
2025-09-05,10:00,Bangalore,34.2,85,19.7,1009.4,0.0,4,52,29.3,Warm,September,9,Friday
2025-09-05,11:00,Chennai,36.5,82,12.4,1010.2,0.0,4,25,29.3,Hot,September,9,Friday
2025-09-05,12:00,Hyderabad,37.8,61,14.0,1009.7,0.0,6,63,29.3,Hot,September,9,Friday
2025-09-05,13:00,Mumbai,33.0,83,14.7,1010.1,15.5,4,79,29.3,Warm,September,9,Friday
2025-09-05,14:00,Delhi,32.5,62,10.4,1010.9,0.0,3,138,29.3,Warm,September,9,Friday
2025-09-05,15:00,Bangalore,28.1,87,11.4,1014.3,0.0,3,30,29.3,Warm,September,9,Friday
2025-09-05,16:00,Chennai,31.3,89,17.2,1010.6,0.0,1,49,29.3,Warm,September,9,Friday
2025-09-05,17:00,Hyderabad,32.2,67,13.9,1004.7,0.0,0,74,29.3,Warm,September,9,Friday
2025-09-05,18:00,Mumbai,24.8,96,12.6,1013.4,9.2,0,65,29.3,Mild,September,9,Friday
2025-09-05,19:00,Delhi,23.2,64,18.5,1012.7,0.0,0,138,29.3,Mild,September,9,Friday
2025-09-05,20:00,Bangalore,25.1,83,13.1,1015.7,19.3,0,48,29.3,Warm,September,9,Friday
2025-09-05,21:00,Chennai,29.4,87,18.7,1012.5,0.0,0,50,29.3,Warm,September,9,Friday
2025-09-05,22:00,Hyderabad,24.8,82,18.4,1016.7,0.0,0,47,29.3,Mild,September,9,Friday
2025-09-05,23:00,Mumbai,24.2,92,16.9,1014.7,8.2,0,47,29.3,Mild,September,9,Friday
2025-09-06,00:00,Delhi,23.2,71,18.8,1014.9,13.1,0,129,28.9,Mild,September,9,Saturday
2025-09-06,01:00,Bangalore,21.4,91,15.3,1014.7,0.0,0,35,28.9,Mild,September,9,Saturday
2025-09-06,02:00,Chennai,27.9,91,14.9,1005.5,0.0,0,52,28.9,Warm,September,9,Saturday
2025-09-06,03:00,Hyderabad,30.5,76,13.8,1018.4,0.0,0,63,28.9,Warm,September,9,Saturday
2025-09-06,04:00,Mumbai,26.0,84,13.2,1010.0,0.0,0,58,28.9,Warm,September,9,Saturday
2025-09-06,05:00,Delhi,27.1,64,14.7,1013.7,0.0,0,142,28.9,Warm,September,9,Saturday
2025-09-06,06:00,Bangalore,27.5,81,13.1,1015.2,0.0,0,40,28.9,Warm,September,9,Saturday
2025-09-06,07:00,Chennai,32.8,91,9.8,1012.7,0.0,1,42,28.9,Warm,September,9,Saturday
2025-09-06,08:00,Hyderabad,33.5,68,11.3,1012.0,0.0,1,56,28.9,Warm,September,9,Saturday
2025-09-06,09:00,Mumbai,32.2,81,15.3,1016.0,13.0,2,87,28.9,Warm,September,9,Saturday
2025-09-06,10:00,Delhi,33.0,55,11.9,1011.5,0.0,3,164,28.9,Warm,September,9,Saturday
2025-09-06,11:00,Bangalore,31.1,77,16.8,1017.4,0.0,5,41,28.9,Warm,September,9,Saturday
2025-09-06,12:00,Chennai,35.8,82,10.9,1008.9,23.2,5,57,28.9,Hot,September,9,Saturday
2025-09-06,13:00,Hyderabad,38.1,54,16.7,1009.8,0.0,5,85,28.9,Hot,September,9,Saturday
2025-09-06,14:00,Mumbai,35.4,88,9.4,1009.1,16.7,3,47,28.9,Hot,September,9,Saturday
2025-09-06,15:00,Delhi,28.2,70,19.2,1015.7,0.0,3,115,28.9,Warm,September,9,Saturday
2025-09-06,16:00,Bangalore,26.1,81,15.8,1009.1,0.0,2,52,28.9,Warm,September,9,Saturday
2025-09-06,17:00,Chennai,29.7,94,8.2,1010.7,0.0,0,47,28.9,Warm,September,9,Saturday
2025-09-06,18:00,Hyderabad,30.5,73,15.5,1012.9,8.2,0,68,28.9,Warm,September,9,Saturday
2025-09-06,19:00,Mumbai,29.2,84,15.4,1017.1,22.5,0,97,28.9,Warm,September,9,Saturday
2025-09-06,20:00,Delhi,21.0,67,16.7,1017.5,0.0,0,153,28.9,Mild,September,9,Saturday
2025-09-06,21:00,Bangalore,22.9,81,12.3,1008.5,0.0,0,30,28.9,Mild,September,9,Saturday
2025-09-06,22:00,Chennai,23.2,93,12.1,1018.9,0.0,0,40,28.9,Mild,September,9,Saturday
2025-09-06,23:00,Hyderabad,26.6,79,15.3,1012.8,0.0,0,59,28.9,Warm,September,9,Saturday
2025-09-07,00:00,Mumbai,23.2,100,17.3,1012.0,2.5,0,69,28.1,Mild,September,9,Sunday
2025-09-07,01:00,Delhi,22.8,67,12.7,1013.2,0.0,0,139,28.1,Mild,September,9,Sunday
2025-09-07,02:00,Bangalore,23.3,82,15.7,1018.9,0.0,0,36,28.1,Mild,September,9,Sunday
2025-09-07,03:00,Chennai,27.9,84,11.0,1010.3,0.0,0,65,28.1,Warm,September,9,Sunday
2025-09-07,04:00,Hyderabad,30.1,83,11.7,1013.3,0.0,0,42,28.1,Warm,September,9,Sunday
2025-09-07,05:00,Mumbai,30.7,84,17.9,1010.7,0.0,0,56,28.1,Warm,September,9,Sunday
2025-09-07,06:00,Delhi,29.5,72,15.6,1014.5,22.7,0,132,28.1,Warm,September,9,Sunday
2025-09-07,07:00,Bangalore,24.4,89,16.0,1004.8,0.0,1,31,28.1,Mild,September,9,Sunday
2025-09-07,08:00,Chennai,33.2,87,11.4,1006.1,0.0,2,71,28.1,Warm,September,9,Sunday
2025-09-07,09:00,Hyderabad,33.3,68,9.1,1016.7,6.8,2,69,28.1,Warm,September,9,Sunday
2025-09-07,10:00,Mumbai,34.7,99,18.3,1009.3,0.0,4,75,28.1,Warm,September,9,Sunday
2025-09-07,11:00,Delhi,29.7,58,16.1,1013.9,0.0,3,117,28.1,Warm,September,9,Sunday
2025-09-07,12:00,Bangalore,30.4,84,17.3,1010.4,0.0,6,33,28.1,Warm,September,9,Sunday
2025-09-07,13:00,Chennai,36.0,82,14.6,1011.3,1.5,4,55,28.1,Hot,September,9,Sunday
2025-09-07,14:00,Hyderabad,31.7,66,16.1,1016.0,0.0,4,70,28.1,Warm,September,9,Sunday
2025-09-07,15:00,Mumbai,30.1,96,7.7,1010.0,0.0,3,69,28.1,Warm,September,9,Sunday
2025-09-07,16:00,Delhi,30.4,68,14.2,1014.7,0.0,1,138,28.1,Warm,September,9,Sunday
2025-09-07,17:00,Bangalore,25.3,76,13.2,1015.3,23.4,0,58,28.1,Warm,September,9,Sunday
2025-09-07,18:00,Chennai,27.6,88,14.8,1018.1,0.0,0,76,28.1,Warm,September,9,Sunday
2025-09-07,19:00,Hyderabad,30.2,76,19.7,1010.3,3.0,0,72,28.1,Warm,September,9,Sunday
2025-09-07,20:00,Mumbai,23.5,97,11.1,1011.5,0.0,0,72,28.1,Mild,September,9,Sunday
2025-09-07,21:00,Delhi,22.4,59,9.3,1014.6,0.0,0,126,28.1,Mild,September,9,Sunday
2025-09-07,22:00,Bangalore,20.1,88,10.0,1017.0,0.0,0,44,28.1,Mild,September,9,Sunday
2025-09-07,23:00,Chennai,24.6,96,11.3,1019.1,0.0,0,52,28.1,Mild,September,9,Sunday
2025-09-08,00:00,Hyderabad,24.0,78,10.3,1015.9,0.0,0,45,28.0,Mild,September,9,Monday
2025-09-08,01:00,Mumbai,25.3,94,16.7,1011.4,0.0,0,73,28.0,Warm,September,9,Monday
2025-09-08,02:00,Delhi,20.7,57,11.8,1016.5,0.0,0,133,28.0,Mild,September,9,Monday
2025-09-08,03:00,Bangalore,22.3,94,8.8,1012.4,0.0,0,34,28.0,Mild,September,9,Monday
2025-09-08,04:00,Chennai,28.8,98,11.6,1011.8,24.9,0,62,28.0,Warm,September,9,Monday
2025-09-08,05:00,Hyderabad,29.0,76,17.2,1015.9,8.3,0,69,28.0,Warm,September,9,Monday
2025-09-08,06:00,Mumbai,28.7,93,16.4,1012.9,0.0,0,60,28.0,Warm,September,9,Monday
2025-09-08,07:00,Delhi,27.9,75,12.5,1017.5,0.0,1,103,28.0,Warm,September,9,Monday
2025-09-08,08:00,Bangalore,27.7,77,11.7,1015.0,0.0,1,48,28.0,Warm,September,9,Monday
2025-09-08,09:00,Chennai,34.9,80,19.1,1015.6,0.0,3,99,28.0,Warm,September,9,Monday
2025-09-08,10:00,Hyderabad,36.9,71,18.2,1007.1,2.7,3,51,28.0,Hot,September,9,Monday
2025-09-08,11:00,Mumbai,33.2,91,16.4,1012.4,0.0,5,68,28.0,Warm,September,9,Monday
2025-09-08,12:00,Delhi,30.3,71,16.6,1013.9,0.0,6,127,28.0,Warm,September,9,Monday
2025-09-08,13:00,Bangalore,29.6,73,16.9,1011.2,0.0,5,53,28.0,Warm,September,9,Monday
2025-09-08,14:00,Chennai,33.3,83,15.8,1011.8,0.0,3,49,28.0,Warm,September,9,Monday
2025-09-08,15:00,Hyderabad,31.6,66,10.0,1014.5,0.0,3,42,28.0,Warm,September,9,Monday
2025-09-08,16:00,Mumbai,33.2,81,13.6,1013.2,0.0,1,73,28.0,Warm,September,9,Monday
2025-09-08,17:00,Delhi,27.6,70,12.3,1014.1,0.0,1,140,28.0,Warm,September,9,Monday
2025-09-08,18:00,Bangalore,25.2,80,13.3,1014.2,0.0,0,43,28.0,Warm,September,9,Monday
2025-09-08,19:00,Chennai,30.8,100,18.2,1013.1,0.0,0,61,28.0,Warm,September,9,Monday
2025-09-08,20:00,Hyderabad,25.7,76,9.5,1019.1,1.6,0,108,28.0,Warm,September,9,Monday
2025-09-08,21:00,Mumbai,25.8,94,15.4,1008.4,8.8,0,53,28.0,Warm,September,9,Monday
2025-09-08,22:00,Delhi,20.8,73,9.5,1012.5,0.0,0,114,28.0,Mild,September,9,Monday
2025-09-08,23:00,Bangalore,19.8,100,10.9,1013.5,0.0,0,58,28.0,Mild,September,9,Monday
2025-09-09,00:00,Chennai,22.6,95,16.6,1014.5,21.5,0,48,28.4,Mild,September,9,Tuesday
2025-09-09,01:00,Hyderabad,27.1,73,13.7,1018.0,3.7,0,67,28.4,Warm,September,9,Tuesday
2025-09-09,02:00,Mumbai,25.2,93,13.0,1013.2,0.0,0,74,28.4,Warm,September,9,Tuesday
2025-09-09,03:00,Delhi,22.8,72,10.3,1011.8,0.0,0,123,28.4,Mild,September,9,Tuesday
2025-09-09,04:00,Bangalore,26.1,82,19.3,1017.2,3.1,0,47,28.4,Warm,September,9,Tuesday
2025-09-09,05:00,Chennai,29.3,84,12.0,1014.6,24.1,0,53,28.4,Warm,September,9,Tuesday
2025-09-09,06:00,Hyderabad,31.9,67,10.5,1010.6,0.0,0,70,28.4,Warm,September,9,Tuesday
2025-09-09,07:00,Mumbai,35.0,85,14.1,1011.7,11.6,0,82,28.4,Hot,September,9,Tuesday
2025-09-09,08:00,Delhi,28.0,74,20.8,1014.0,0.0,2,152,28.4,Warm,September,9,Tuesday
2025-09-09,09:00,Bangalore,31.3,70,11.7,1008.7,0.0,3,61,28.4,Warm,September,9,Tuesday
2025-09-09,10:00,Chennai,34.6,87,14.1,1011.7,0.0,4,63,28.4,Warm,September,9,Tuesday
2025-09-09,11:00,Hyderabad,38.4,69,9.3,1016.6,0.0,5,67,28.4,Hot,September,9,Tuesday
2025-09-09,12:00,Mumbai,37.2,93,15.5,1007.3,18.4,5,45,28.4,Hot,September,9,Tuesday
2025-09-09,13:00,Delhi,30.1,56,11.2,1013.0,0.0,4,125,28.4,Warm,September,9,Tuesday
2025-09-09,14:00,Bangalore,26.5,78,16.7,1012.0,1.6,4,36,28.4,Warm,September,9,Tuesday
2025-09-09,15:00,Chennai,33.2,83,11.2,1012.3,0.0,1,87,28.4,Warm,September,9,Tuesday
2025-09-09,16:00,Hyderabad,31.5,73,14.4,1014.3,23.5,2,54,28.4,Warm,September,9,Tuesday
2025-09-09,17:00,Mumbai,25.1,94,16.5,1019.8,23.6,1,69,28.4,Warm,September,9,Tuesday
2025-09-09,18:00,Delhi,25.0,63,17.2,1010.0,12.2,0,141,28.4,Warm,September,9,Tuesday
2025-09-09,19:00,Bangalore,24.2,79,12.0,1015.5,0.0,0,55,28.4,Mild,September,9,Tuesday
2025-09-09,20:00,Chennai,27.9,88,10.3,1013.5,0.0,0,64,28.4,Warm,September,9,Tuesday
2025-09-09,21:00,Hyderabad,26.2,79,15.5,1014.6,0.0,0,46,28.4,Warm,September,9,Tuesday
2025-09-09,22:00,Mumbai,22.7,90,11.8,1019.2,5.0,0,51,28.4,Mild,September,9,Tuesday
2025-09-09,23:00,Delhi,19.0,66,17.5,1015.4,0.0,0,131,28.4,Mild,September,9,Tuesday
2025-09-10,00:00,Bangalore,17.5,97,16.1,1019.8,0.0,0,42,28.3,Mild,September,9,Wednesday
2025-09-10,01:00,Chennai,26.8,87,15.3,1013.0,0.0,0,83,28.3,Warm,September,9,Wednesday
2025-09-10,02:00,Hyderabad,26.9,72,14.3,1014.9,17.0,0,58,28.3,Warm,September,9,Wednesday
2025-09-10,03:00,Mumbai,26.8,91,10.1,1014.6,0.0,0,57,28.3,Warm,September,9,Wednesday
2025-09-10,04:00,Delhi,24.5,70,9.6,1018.5,18.0,0,121,28.3,Mild,September,9,Wednesday
2025-09-10,05:00,Bangalore,24.6,88,17.1,1017.5,4.7,0,39,28.3,Mild,September,9,Wednesday
2025-09-10,06:00,Chennai,28.9,88,14.4,1012.0,10.6,0,51,28.3,Warm,September,9,Wednesday
2025-09-10,07:00,Hyderabad,32.5,76,18.8,1010.8,0.0,0,57,28.3,Warm,September,9,Wednesday
2025-09-10,08:00,Mumbai,31.2,85,15.9,1013.6,13.3,1,68,28.3,Warm,September,9,Wednesday
2025-09-10,09:00,Delhi,31.3,57,19.9,1010.4,0.0,2,138,28.3,Warm,September,9,Wednesday
2025-09-10,10:00,Bangalore,30.4,80,14.2,1012.7,14.9,4,81,28.3,Warm,September,9,Wednesday
2025-09-10,11:00,Chennai,34.9,82,14.6,1008.5,16.3,5,47,28.3,Warm,September,9,Wednesday
2025-09-10,12:00,Hyderabad,35.2,79,13.3,1016.8,0.0,6,32,28.3,Hot,September,9,Wednesday
2025-09-10,13:00,Mumbai,35.2,94,13.2,1008.0,0.0,4,76,28.3,Hot,September,9,Wednesday
2025-09-10,14:00,Delhi,29.7,61,18.4,1011.4,23.1,4,128,28.3,Warm,September,9,Wednesday
2025-09-10,15:00,Bangalore,26.2,82,14.3,1019.3,0.0,2,34,28.3,Warm,September,9,Wednesday
2025-09-10,16:00,Chennai,32.7,84,13.5,1009.9,3.1,2,46,28.3,Warm,September,9,Wednesday
2025-09-10,17:00,Hyderabad,32.1,64,10.7,1012.9,0.0,0,52,28.3,Warm,September,9,Wednesday
2025-09-10,18:00,Mumbai,28.3,93,16.7,1012.9,0.0,0,81,28.3,Warm,September,9,Wednesday
2025-09-10,19:00,Delhi,25.6,71,14.9,1015.0,0.0,0,121,28.3,Warm,September,9,Wednesday
2025-09-10,20:00,Bangalore,22.2,83,18.4,1017.7,13.7,0,44,28.3,Mild,September,9,Wednesday
2025-09-10,21:00,Chennai,26.2,92,11.7,1019.1,5.5,0,53,28.3,Warm,September,9,Wednesday
2025-09-10,22:00,Hyderabad,25.6,72,19.0,1015.8,0.0,0,65,28.3,Warm,September,9,Wednesday
2025-09-10,23:00,Mumbai,24.3,94,13.2,1015.8,24.3,0,71,28.3,Mild,September,9,Wednesday
2025-09-11,00:00,Delhi,19.6,71,12.4,1015.2,0.0,0,132,28.0,Mild,September,9,Thursday
2025-09-11,01:00,Bangalore,21.0,90,13.3,1014.7,0.0,0,47,28.0,Mild,September,9,Thursday
2025-09-11,02:00,Chennai,26.1,95,10.5,1008.8,0.0,0,41,28.0,Warm,September,9,Thursday
2025-09-11,03:00,Hyderabad,28.2,78,16.1,1012.3,0.0,0,71,28.0,Warm,September,9,Thursday
2025-09-11,04:00,Mumbai,29.2,91,13.3,1011.6,0.0,0,66,28.0,Warm,September,9,Thursday
2025-09-11,05:00,Delhi,28.3,68,10.9,1017.0,0.0,0,112,28.0,Warm,September,9,Thursday
2025-09-11,06:00,Bangalore,25.7,85,12.3,1011.8,24.0,0,36,28.0,Warm,September,9,Thursday
2025-09-11,07:00,Chennai,32.9,83,15.1,1017.6,21.1,1,39,28.0,Warm,September,9,Thursday
2025-09-11,08:00,Hyderabad,33.7,74,15.5,1013.9,18.3,1,65,28.0,Warm,September,9,Thursday
2025-09-11,09:00,Mumbai,34.6,85,13.4,1010.0,0.0,3,100,28.0,Warm,September,9,Thursday
2025-09-11,10:00,Delhi,29.6,66,12.5,1016.5,21.1,3,131,28.0,Warm,September,9,Thursday
2025-09-11,11:00,Bangalore,31.7,74,15.3,1012.6,0.0,5,45,28.0,Warm,September,9,Thursday
2025-09-11,12:00,Chennai,38.9,85,13.2,1010.0,8.1,6,31,28.0,Hot,September,9,Thursday
2025-09-11,13:00,Hyderabad,35.1,77,14.7,1012.8,0.0,5,51,28.0,Hot,September,9,Thursday
2025-09-11,14:00,Mumbai,33.4,85,17.4,1010.6,24.1,3,66,28.0,Warm,September,9,Thursday
2025-09-11,15:00,Delhi,27.3,66,18.2,1019.8,0.0,2,120,28.0,Warm,September,9,Thursday
2025-09-11,16:00,Bangalore,23.8,89,13.1,1014.7,12.6,1,42,28.0,Mild,September,9,Thursday
2025-09-11,17:00,Chennai,26.6,94,14.3,1016.9,15.0,1,49,28.0,Warm,September,9,Thursday
2025-09-11,18:00,Hyderabad,29.0,75,14.3,1008.4,0.0,0,100,28.0,Warm,September,9,Thursday
2025-09-11,19:00,Mumbai,27.7,100,19.9,1012.1,0.0,0,76,28.0,Warm,September,9,Thursday
2025-09-11,20:00,Delhi,20.3,74,14.8,1013.6,9.8,0,143,28.0,Mild,September,9,Thursday
2025-09-11,21:00,Bangalore,21.3,83,11.3,1024.4,0.0,0,27,28.0,Mild,September,9,Thursday
2025-09-11,22:00,Chennai,24.4,88,9.2,1013.5,0.0,0,58,28.0,Mild,September,9,Thursday
2025-09-11,23:00,Hyderabad,24.0,80,12.2,1015.0,0.0,0,55,28.0,Mild,September,9,Thursday
2025-09-12,00:00,Mumbai,28.4,86,14.6,1013.8,19.6,0,59,28.6,Warm,September,9,Friday
2025-09-12,01:00,Delhi,22.5,68,15.8,1015.2,0.0,0,146,28.6,Mild,September,9,Friday
2025-09-12,02:00,Bangalore,20.6,79,18.9,1020.1,0.0,0,50,28.6,Mild,September,9,Friday
2025-09-12,03:00,Chennai,26.8,94,15.0,1011.5,0.0,0,44,28.6,Warm,September,9,Friday
2025-09-12,04:00,Hyderabad,29.9,74,9.6,1008.4,0.0,0,52,28.6,Warm,September,9,Friday
2025-09-12,05:00,Mumbai,27.9,78,15.5,1007.7,11.3,0,77,28.6,Warm,September,9,Friday
2025-09-12,06:00,Delhi,27.8,69,12.9,1014.3,0.0,0,115,28.6,Warm,September,9,Friday
2025-09-12,07:00,Bangalore,28.4,79,17.4,1014.8,0.0,0,44,28.6,Warm,September,9,Friday
2025-09-12,08:00,Chennai,36.1,85,11.2,1012.8,1.6,1,68,28.6,Hot,September,9,Friday
2025-09-12,09:00,Hyderabad,34.2,75,15.7,1010.6,0.0,3,88,28.6,Warm,September,9,Friday
2025-09-12,10:00,Mumbai,33.2,88,14.3,1012.7,0.0,3,84,28.6,Warm,September,9,Friday
2025-09-12,11:00,Delhi,29.2,71,15.9,1014.5,0.0,4,117,28.6,Warm,September,9,Friday
2025-09-12,12:00,Bangalore,27.8,79,10.9,1012.6,0.0,6,62,28.6,Warm,September,9,Friday
2025-09-12,13:00,Chennai,34.0,77,14.6,1011.4,0.0,5,20,28.6,Warm,September,9,Friday
2025-09-12,14:00,Hyderabad,35.3,76,9.3,1004.7,0.0,4,68,28.6,Hot,September,9,Friday
2025-09-12,15:00,Mumbai,32.5,76,13.5,1014.6,0.0,3,60,28.6,Warm,September,9,Friday
2025-09-12,16:00,Delhi,27.0,73,12.9,1015.3,0.0,0,115,28.6,Warm,September,9,Friday
2025-09-12,17:00,Bangalore,26.9,85,7.5,1005.1,0.0,1,89,28.6,Warm,September,9,Friday
2025-09-12,18:00,Chennai,30.4,86,15.9,1015.7,14.5,0,55,28.6,Warm,September,9,Friday
2025-09-12,19:00,Hyderabad,28.9,77,12.5,1015.6,0.0,0,69,28.6,Warm,September,9,Friday
2025-09-12,20:00,Mumbai,27.6,94,11.9,1013.5,23.1,0,81,28.6,Warm,September,9,Friday
2025-09-12,21:00,Delhi,22.7,66,9.2,1018.2,19.1,0,141,28.6,Mild,September,9,Friday
2025-09-12,22:00,Bangalore,21.9,88,10.4,1015.8,0.0,0,32,28.6,Mild,September,9,Friday
2025-09-12,23:00,Chennai,25.7,83,18.3,1010.3,0.5,0,42,28.6,Warm,September,9,Friday
2025-09-13,00:00,Hyderabad,26.3,85,14.4,1014.3,0.0,0,58,28.0,Warm,September,9,Saturday
2025-09-13,01:00,Mumbai,24.6,94,13.7,1010.4,0.0,0,59,28.0,Mild,September,9,Saturday
2025-09-13,02:00,Delhi,22.6,70,13.0,1016.2,0.4,0,120,28.0,Mild,September,9,Saturday
2025-09-13,03:00,Bangalore,21.5,86,10.1,1016.6,0.0,0,32,28.0,Mild,September,9,Saturday
2025-09-13,04:00,Chennai,31.6,82,20.6,1011.5,0.0,0,73,28.0,Warm,September,9,Saturday
2025-09-13,05:00,Hyderabad,31.4,73,12.7,1015.9,0.0,0,40,28.0,Warm,September,9,Saturday
2025-09-13,06:00,Mumbai,30.8,88,15.4,1011.2,0.0,0,55,28.0,Warm,September,9,Saturday
2025-09-13,07:00,Delhi,29.4,60,11.4,1011.4,0.0,1,124,28.0,Warm,September,9,Saturday
2025-09-13,08:00,Bangalore,27.1,81,11.9,1021.0,0.0,1,72,28.0,Warm,September,9,Saturday
2025-09-13,09:00,Chennai,34.6,82,13.1,1011.2,0.0,2,66,28.0,Warm,September,9,Saturday
2025-09-13,10:00,Hyderabad,33.2,83,13.0,1011.6,0.6,4,56,28.0,Warm,September,9,Saturday
2025-09-13,11:00,Mumbai,34.7,88,12.7,1008.4,0.0,4,63,28.0,Warm,September,9,Saturday
2025-09-13,12:00,Delhi,29.9,61,11.6,1018.0,0.0,5,113,28.0,Warm,September,9,Saturday
2025-09-13,13:00,Bangalore,28.2,88,14.2,1014.4,0.0,5,21,28.0,Warm,September,9,Saturday
2025-09-13,14:00,Chennai,34.1,85,16.2,1013.8,24.9,4,51,28.0,Warm,September,9,Saturday
2025-09-13,15:00,Hyderabad,33.7,67,17.7,1010.7,0.0,2,58,28.0,Warm,September,9,Saturday
2025-09-13,16:00,Mumbai,31.1,100,20.9,1006.0,11.2,2,64,28.0,Warm,September,9,Saturday
2025-09-13,17:00,Delhi,27.5,73,10.7,1013.5,0.0,0,167,28.0,Warm,September,9,Saturday
2025-09-13,18:00,Bangalore,22.6,87,11.0,1013.0,0.0,1,60,28.0,Mild,September,9,Saturday
2025-09-13,19:00,Chennai,27.4,85,16.2,1011.2,16.0,0,58,28.0,Warm,September,9,Saturday
2025-09-13,20:00,Hyderabad,29.0,76,10.2,1008.3,0.0,0,66,28.0,Warm,September,9,Saturday
2025-09-13,21:00,Mumbai,24.7,92,18.3,1009.8,0.0,0,68,28.0,Mild,September,9,Saturday
2025-09-13,22:00,Delhi,18.2,80,17.7,1016.8,17.0,0,149,28.0,Mild,September,9,Saturday
2025-09-13,23:00,Bangalore,18.6,82,13.8,1016.4,23.7,0,22,28.0,Mild,September,9,Saturday
2025-09-14,00:00,Chennai,25.1,88,12.2,1014.2,5.2,0,48,27.6,Warm,September,9,Sunday
2025-09-14,01:00,Hyderabad,25.9,84,12.6,1015.3,0.0,0,76,27.6,Warm,September,9,Sunday
2025-09-14,02:00,Mumbai,27.2,95,12.7,1010.5,22.8,0,66,27.6,Warm,September,9,Sunday
2025-09-14,03:00,Delhi,21.1,74,18.7,1018.4,0.0,0,125,27.6,Mild,September,9,Sunday
2025-09-14,04:00,Bangalore,26.5,83,9.1,1013.3,2.9,0,48,27.6,Warm,September,9,Sunday
2025-09-14,05:00,Chennai,30.2,82,16.1,1012.6,0.0,0,42,27.6,Warm,September,9,Sunday
2025-09-14,06:00,Hyderabad,29.6,80,14.6,1015.2,0.0,0,34,27.6,Warm,September,9,Sunday
2025-09-14,07:00,Mumbai,32.5,92,12.7,1008.6,0.0,0,84,27.6,Warm,September,9,Sunday
2025-09-14,08:00,Delhi,28.6,63,12.6,1010.0,4.5,2,153,27.6,Warm,September,9,Sunday
2025-09-14,09:00,Bangalore,27.1,86,14.1,1016.5,0.0,2,57,27.6,Warm,September,9,Sunday
2025-09-14,10:00,Chennai,33.7,86,10.0,1012.1,4.1,4,55,27.6,Warm,September,9,Sunday
2025-09-14,11:00,Hyderabad,35.0,70,13.6,1012.1,0.0,4,62,27.6,Hot,September,9,Sunday
2025-09-14,12:00,Mumbai,34.7,91,14.2,1015.7,16.2,5,79,27.6,Warm,September,9,Sunday
2025-09-14,13:00,Delhi,30.3,73,17.6,1014.3,24.0,5,136,27.6,Warm,September,9,Sunday
2025-09-14,14:00,Bangalore,28.8,80,11.5,1014.6,0.0,3,60,27.6,Warm,September,9,Sunday
2025-09-14,15:00,Chennai,30.0,83,14.3,1020.8,11.0,2,33,27.6,Warm,September,9,Sunday
2025-09-14,16:00,Hyderabad,29.3,80,16.7,1014.8,0.0,2,36,27.6,Warm,September,9,Sunday
2025-09-14,17:00,Mumbai,31.6,100,15.2,1009.8,0.0,1,86,27.6,Warm,September,9,Sunday
2025-09-14,18:00,Delhi,24.0,70,18.0,1017.2,3.8,0,139,27.6,Mild,September,9,Sunday
2025-09-14,19:00,Bangalore,21.9,88,20.0,1014.8,14.1,0,55,27.6,Mild,September,9,Sunday
2025-09-14,20:00,Chennai,25.2,87,13.2,1013.5,0.0,0,71,27.6,Warm,September,9,Sunday
2025-09-14,21:00,Hyderabad,22.3,77,13.0,1015.8,0.0,0,57,27.6,Mild,September,9,Sunday
2025-09-14,22:00,Mumbai,23.5,82,16.3,1018.0,0.0,0,66,27.6,Mild,September,9,Sunday
2025-09-14,23:00,Delhi,18.9,69,13.5,1017.3,14.0,0,127,27.6,Mild,September,9,Sunday
2025-09-15,00:00,Bangalore,19.3,84,16.6,1019.0,0.0,0,45,27.2,Mild,September,9,Monday
2025-09-15,01:00,Chennai,22.8,83,8.0,1018.7,6.2,0,48,27.2,Mild,September,9,Monday
2025-09-15,02:00,Hyderabad,24.1,77,14.6,1016.3,12.1,0,47,27.2,Mild,September,9,Monday
2025-09-15,03:00,Mumbai,24.7,94,10.2,1014.0,0.0,0,63,27.2,Mild,September,9,Monday
2025-09-15,04:00,Delhi,25.5,68,15.2,1021.1,0.0,0,120,27.2,Warm,September,9,Monday
2025-09-15,05:00,Bangalore,23.9,79,11.7,1020.5,0.0,0,46,27.2,Mild,September,9,Monday
2025-09-15,06:00,Chennai,32.7,87,13.9,1013.8,8.9,0,58,27.2,Warm,September,9,Monday
2025-09-15,07:00,Hyderabad,31.5,76,14.6,1009.0,0.0,1,58,27.2,Warm,September,9,Monday
2025-09-15,08:00,Mumbai,30.6,87,13.7,1011.7,5.9,2,78,27.2,Warm,September,9,Monday
2025-09-15,09:00,Delhi,28.8,68,16.1,1014.3,0.0,3,139,27.2,Warm,September,9,Monday
2025-09-15,10:00,Bangalore,28.9,81,16.2,1011.1,0.0,3,53,27.2,Warm,September,9,Monday
2025-09-15,11:00,Chennai,34.4,83,11.4,1012.0,0.0,4,60,27.2,Warm,September,9,Monday
2025-09-15,12:00,Hyderabad,33.6,62,10.3,1015.4,0.0,5,38,27.2,Warm,September,9,Monday
2025-09-15,13:00,Mumbai,33.3,87,15.2,1013.8,11.8,5,58,27.2,Warm,September,9,Monday
2025-09-15,14:00,Delhi,29.9,64,14.7,1015.3,0.0,3,116,27.2,Warm,September,9,Monday
2025-09-15,15:00,Bangalore,28.2,78,13.7,1014.2,22.7,3,20,27.2,Warm,September,9,Monday
2025-09-15,16:00,Chennai,30.8,91,14.1,1018.6,0.0,2,35,27.2,Warm,September,9,Monday
2025-09-15,17:00,Hyderabad,30.7,65,8.7,1012.6,0.0,1,73,27.2,Warm,September,9,Monday
2025-09-15,18:00,Mumbai,25.2,100,11.5,1007.7,0.0,0,90,27.2,Warm,September,9,Monday
2025-09-15,19:00,Delhi,23.5,75,13.7,1010.5,7.4,0,152,27.2,Mild,September,9,Monday
2025-09-15,20:00,Bangalore,19.5,93,13.6,1014.9,5.4,0,56,27.2,Mild,September,9,Monday
2025-09-15,21:00,Chennai,21.9,98,8.5,1018.1,19.8,0,48,27.2,Mild,September,9,Monday
2025-09-15,22:00,Hyderabad,25.4,87,12.5,1015.7,0.0,0,56,27.2,Warm,September,9,Monday
2025-09-15,23:00,Mumbai,24.2,98,19.7,1009.5,17.6,0,58,27.2,Mild,September,9,Monday
2025-09-16,00:00,Delhi,22.4,69,13.3,1016.0,0.0,0,136,27.4,Mild,September,9,Tuesday
2025-09-16,01:00,Bangalore,18.1,87,10.7,1016.7,2.8,0,25,27.4,Mild,September,9,Tuesday
2025-09-16,02:00,Chennai,25.2,89,21.0,1013.6,0.0,0,49,27.4,Warm,September,9,Tuesday
2025-09-16,03:00,Hyderabad,28.6,77,11.2,1018.6,0.0,0,41,27.4,Warm,September,9,Tuesday
2025-09-16,04:00,Mumbai,25.3,87,16.7,1018.6,0.0,0,76,27.4,Warm,September,9,Tuesday
2025-09-16,05:00,Delhi,24.0,68,11.7,1015.9,19.8,0,123,27.4,Mild,September,9,Tuesday
2025-09-16,06:00,Bangalore,25.2,93,11.5,1019.5,0.0,0,24,27.4,Warm,September,9,Tuesday
2025-09-16,07:00,Chennai,30.5,88,9.5,1016.7,0.0,0,52,27.4,Warm,September,9,Tuesday
2025-09-16,08:00,Hyderabad,35.9,72,16.6,1010.2,0.0,2,67,27.4,Hot,September,9,Tuesday
2025-09-16,09:00,Mumbai,35.2,89,18.1,1014.8,6.0,2,81,27.4,Hot,September,9,Tuesday
2025-09-16,10:00,Delhi,28.9,69,11.5,1016.4,0.0,3,146,27.4,Warm,September,9,Tuesday
2025-09-16,11:00,Bangalore,30.5,78,11.2,1010.8,0.0,4,32,27.4,Warm,September,9,Tuesday
2025-09-16,12:00,Chennai,33.4,90,19.4,1011.4,15.2,5,65,27.4,Warm,September,9,Tuesday
2025-09-16,13:00,Hyderabad,36.3,67,10.8,1007.9,0.0,5,81,27.4,Hot,September,9,Tuesday
2025-09-16,14:00,Mumbai,31.0,88,11.4,1011.1,3.1,3,54,27.4,Warm,September,9,Tuesday
2025-09-16,15:00,Delhi,27.6,73,10.8,1015.3,0.0,2,140,27.4,Warm,September,9,Tuesday
2025-09-16,16:00,Bangalore,24.0,84,10.6,1016.6,23.9,2,52,27.4,Mild,September,9,Tuesday
2025-09-16,17:00,Chennai,29.2,89,13.3,1009.1,0.0,0,45,27.4,Warm,September,9,Tuesday
2025-09-16,18:00,Hyderabad,29.0,79,10.8,1014.2,0.0,0,89,27.4,Warm,September,9,Tuesday
2025-09-16,19:00,Mumbai,24.8,94,16.5,1015.6,0.0,0,71,27.4,Mild,September,9,Tuesday
2025-09-16,20:00,Delhi,20.3,72,15.0,1015.4,0.0,0,144,27.4,Mild,September,9,Tuesday
2025-09-16,21:00,Bangalore,17.4,82,13.7,1017.0,0.0,0,47,27.4,Mild,September,9,Tuesday
2025-09-16,22:00,Chennai,26.2,93,12.5,1007.9,0.0,0,65,27.4,Warm,September,9,Tuesday
2025-09-16,23:00,Hyderabad,27.8,83,10.0,1012.1,0.0,0,54,27.4,Warm,September,9,Tuesday
2025-09-17,00:00,Mumbai,23.9,93,11.2,1017.9,0.0,0,74,27.8,Mild,September,9,Wednesday
2025-09-17,01:00,Delhi,21.5,80,8.0,1009.3,0.0,0,146,27.8,Mild,September,9,Wednesday
2025-09-17,02:00,Bangalore,19.8,100,8.7,1011.0,0.0,0,42,27.8,Mild,September,9,Wednesday
2025-09-17,03:00,Chennai,27.8,81,21.1,1018.3,0.0,0,61,27.8,Warm,September,9,Wednesday
2025-09-17,04:00,Hyderabad,29.6,68,16.7,1012.6,0.0,0,31,27.8,Warm,September,9,Wednesday
2025-09-17,05:00,Mumbai,27.9,93,14.6,1017.4,13.4,0,66,27.8,Warm,September,9,Wednesday
2025-09-17,06:00,Delhi,30.1,70,18.2,1016.1,0.0,0,122,27.8,Warm,September,9,Wednesday
2025-09-17,07:00,Bangalore,26.9,82,17.0,1014.8,0.0,0,50,27.8,Warm,September,9,Wednesday
2025-09-17,08:00,Chennai,33.0,82,15.5,1014.3,14.1,1,62,27.8,Warm,September,9,Wednesday
2025-09-17,09:00,Hyderabad,35.2,75,16.1,1014.6,0.0,3,80,27.8,Hot,September,9,Wednesday
2025-09-17,10:00,Mumbai,31.7,93,10.9,1017.8,0.3,3,97,27.8,Warm,September,9,Wednesday
2025-09-17,11:00,Delhi,30.6,65,14.5,1012.9,15.9,5,114,27.8,Warm,September,9,Wednesday
2025-09-17,12:00,Bangalore,30.0,78,14.4,1016.7,0.0,5,47,27.8,Warm,September,9,Wednesday
2025-09-17,13:00,Chennai,36.0,79,19.0,1013.6,0.0,4,65,27.8,Hot,September,9,Wednesday
2025-09-17,14:00,Hyderabad,32.9,69,18.1,1011.6,0.0,3,34,27.8,Warm,September,9,Wednesday
2025-09-17,15:00,Mumbai,32.7,86,12.5,1005.8,0.0,3,43,27.8,Warm,September,9,Wednesday
2025-09-17,16:00,Delhi,25.3,69,12.0,1015.9,0.0,1,122,27.8,Warm,September,9,Wednesday
2025-09-17,17:00,Bangalore,25.1,87,15.3,1015.4,0.0,0,75,27.8,Warm,September,9,Wednesday
2025-09-17,18:00,Chennai,29.5,85,6.9,1017.4,0.0,0,65,27.8,Warm,September,9,Wednesday
2025-09-17,19:00,Hyderabad,27.3,75,14.6,1014.6,16.3,0,84,27.8,Warm,September,9,Wednesday
2025-09-17,20:00,Mumbai,26.5,88,14.1,1015.9,0.0,0,83,27.8,Warm,September,9,Wednesday
2025-09-17,21:00,Delhi,20.0,69,11.6,1014.1,0.0,0,100,27.8,Mild,September,9,Wednesday
2025-09-17,22:00,Bangalore,19.4,85,13.4,1015.3,0.0,0,21,27.8,Mild,September,9,Wednesday
2025-09-17,23:00,Chennai,23.6,86,16.4,1012.6,21.8,0,54,27.8,Mild,September,9,Wednesday
2025-09-18,00:00,Hyderabad,27.7,73,10.5,1010.5,0.0,0,34,27.2,Warm,September,9,Thursday
2025-09-18,01:00,Mumbai,22.4,92,8.9,1018.0,0.0,0,63,27.2,Mild,September,9,Thursday
2025-09-18,02:00,Delhi,21.5,74,8.7,1009.9,0.0,0,132,27.2,Mild,September,9,Thursday
2025-09-18,03:00,Bangalore,20.0,93,9.9,1013.9,0.0,0,28,27.2,Mild,September,9,Thursday
2025-09-18,04:00,Chennai,30.0,92,16.3,1002.0,17.8,0,56,27.2,Warm,September,9,Thursday
2025-09-18,05:00,Hyderabad,27.4,77,19.1,1014.3,0.0,0,41,27.2,Warm,September,9,Thursday
2025-09-18,06:00,Mumbai,32.5,93,12.8,1014.9,0.0,0,60,27.2,Warm,September,9,Thursday
2025-09-18,07:00,Delhi,27.5,75,12.8,1011.4,0.0,0,120,27.2,Warm,September,9,Thursday
2025-09-18,08:00,Bangalore,29.6,82,11.7,1009.4,15.6,2,44,27.2,Warm,September,9,Thursday
2025-09-18,09:00,Chennai,32.6,84,11.5,1013.2,0.0,2,75,27.2,Warm,September,9,Thursday
2025-09-18,10:00,Hyderabad,34.8,75,17.9,1010.7,0.0,4,57,27.2,Warm,September,9,Thursday
2025-09-18,11:00,Mumbai,31.5,86,14.0,1013.1,0.0,5,87,27.2,Warm,September,9,Thursday
2025-09-18,12:00,Delhi,30.0,62,9.8,1018.4,0.0,5,121,27.2,Warm,September,9,Thursday
2025-09-18,13:00,Bangalore,29.5,77,14.3,1013.8,19.0,4,24,27.2,Warm,September,9,Thursday
2025-09-18,14:00,Chennai,32.9,88,9.6,1007.8,22.4,3,31,27.2,Warm,September,9,Thursday
2025-09-18,15:00,Hyderabad,31.7,77,22.5,1008.4,0.0,3,48,27.2,Warm,September,9,Thursday
2025-09-18,16:00,Mumbai,28.5,91,10.2,1019.1,0.0,2,98,27.2,Warm,September,9,Thursday
2025-09-18,17:00,Delhi,25.3,72,11.8,1013.2,14.5,0,165,27.2,Warm,September,9,Thursday
2025-09-18,18:00,Bangalore,21.5,86,11.0,1016.6,0.0,0,40,27.2,Mild,September,9,Thursday
2025-09-18,19:00,Chennai,28.0,83,10.8,1012.2,0.0,0,69,27.2,Warm,September,9,Thursday
2025-09-18,20:00,Hyderabad,25.6,75,14.7,1013.8,0.0,0,65,27.2,Warm,September,9,Thursday
2025-09-18,21:00,Mumbai,23.0,97,10.3,1010.5,0.0,0,59,27.2,Mild,September,9,Thursday
2025-09-18,22:00,Delhi,22.8,65,10.4,1017.7,0.0,0,107,27.2,Mild,September,9,Thursday
2025-09-18,23:00,Bangalore,17.2,93,12.7,1014.2,0.0,0,61,27.2,Mild,September,9,Thursday
2025-09-19,00:00,Chennai,22.2,83,16.3,1016.6,11.4,0,36,27.4,Mild,September,9,Friday
2025-09-19,01:00,Hyderabad,24.5,87,13.3,1014.4,12.2,0,68,27.4,Mild,September,9,Friday
2025-09-19,02:00,Mumbai,23.6,97,15.6,1016.0,11.6,0,49,27.4,Mild,September,9,Friday
2025-09-19,03:00,Delhi,22.1,77,10.2,1011.2,0.0,0,124,27.4,Mild,September,9,Friday
2025-09-19,04:00,Bangalore,27.7,82,15.7,1016.2,22.4,0,53,27.4,Warm,September,9,Friday
2025-09-19,05:00,Chennai,28.8,96,14.1,1014.7,0.0,0,64,27.4,Warm,September,9,Friday
2025-09-19,06:00,Hyderabad,30.2,74,13.9,1013.9,10.0,0,68,27.4,Warm,September,9,Friday
2025-09-19,07:00,Mumbai,29.9,91,13.8,1008.7,3.2,1,34,27.4,Warm,September,9,Friday
2025-09-19,08:00,Delhi,30.3,65,11.0,1011.7,0.8,1,137,27.4,Warm,September,9,Friday
2025-09-19,09:00,Bangalore,27.4,83,16.5,1007.8,0.0,3,49,27.4,Warm,September,9,Friday
2025-09-19,10:00,Chennai,33.7,80,8.2,1011.9,18.4,3,86,27.4,Warm,September,9,Friday
2025-09-19,11:00,Hyderabad,36.5,70,15.3,1013.2,21.0,5,50,27.4,Hot,September,9,Friday
2025-09-19,12:00,Mumbai,33.4,86,7.9,1011.4,0.0,5,62,27.4,Warm,September,9,Friday
2025-09-19,13:00,Delhi,29.3,63,17.7,1012.5,0.0,4,130,27.4,Warm,September,9,Friday
2025-09-19,14:00,Bangalore,30.4,76,19.4,1012.8,9.6,4,41,27.4,Warm,September,9,Friday
2025-09-19,15:00,Chennai,31.0,80,15.2,1009.4,0.0,2,46,27.4,Warm,September,9,Friday
2025-09-19,16:00,Hyderabad,31.0,76,15.0,1014.4,0.0,2,45,27.4,Warm,September,9,Friday
2025-09-19,17:00,Mumbai,28.5,82,9.0,1012.5,2.5,0,90,27.4,Warm,September,9,Friday
2025-09-19,18:00,Delhi,24.3,65,16.1,1016.9,0.0,0,130,27.4,Mild,September,9,Friday
2025-09-19,19:00,Bangalore,20.3,83,17.0,1020.0,15.7,0,40,27.4,Mild,September,9,Friday
2025-09-19,20:00,Chennai,26.4,87,9.9,1011.5,12.3,0,61,27.4,Warm,September,9,Friday
2025-09-19,21:00,Hyderabad,25.3,87,13.1,1014.7,0.0,0,36,27.4,Warm,September,9,Friday
2025-09-19,22:00,Mumbai,22.0,90,17.4,1014.1,0.0,0,71,27.4,Mild,September,9,Friday
2025-09-19,23:00,Delhi,19.0,74,14.9,1018.9,6.7,0,125,27.4,Mild,September,9,Friday
2025-09-20,00:00,Bangalore,19.4,92,14.8,1014.5,0.0,0,40,27.4,Mild,September,9,Saturday
2025-09-20,01:00,Chennai,24.5,99,20.1,1012.0,0.0,0,52,27.4,Mild,September,9,Saturday
2025-09-20,02:00,Hyderabad,27.1,84,10.0,1010.3,0.0,0,65,27.4,Warm,September,9,Saturday
2025-09-20,03:00,Mumbai,26.8,88,13.5,1018.6,24.7,0,79,27.4,Warm,September,9,Saturday
2025-09-20,04:00,Delhi,23.9,73,15.3,1011.5,20.1,0,130,27.4,Mild,September,9,Saturday
2025-09-20,05:00,Bangalore,25.3,84,16.2,1019.4,23.7,0,43,27.4,Warm,September,9,Saturday
2025-09-20,06:00,Chennai,31.9,83,19.4,1011.5,0.0,1,52,27.4,Warm,September,9,Saturday
2025-09-20,07:00,Hyderabad,30.9,73,13.5,1011.4,0.0,0,54,27.4,Warm,September,9,Saturday
2025-09-20,08:00,Mumbai,31.7,85,11.9,1014.1,0.0,1,83,27.4,Warm,September,9,Saturday
2025-09-20,09:00,Delhi,29.9,66,16.4,1014.9,14.2,3,121,27.4,Warm,September,9,Saturday
2025-09-20,10:00,Bangalore,30.6,71,20.4,1012.8,0.0,4,51,27.4,Warm,September,9,Saturday
2025-09-20,11:00,Chennai,32.2,96,8.4,1012.9,0.0,5,55,27.4,Warm,September,9,Saturday
2025-09-20,12:00,Hyderabad,36.3,70,10.3,1013.4,0.0,6,53,27.4,Hot,September,9,Saturday
2025-09-20,13:00,Mumbai,34.1,90,14.6,1017.9,0.0,4,71,27.4,Warm,September,9,Saturday
2025-09-20,14:00,Delhi,29.1,70,16.7,1012.9,0.0,3,129,27.4,Warm,September,9,Saturday
2025-09-20,15:00,Bangalore,24.8,80,12.4,1010.1,0.0,3,62,27.4,Mild,September,9,Saturday
2025-09-20,16:00,Chennai,29.2,92,14.6,1012.8,0.0,2,47,27.4,Warm,September,9,Saturday
2025-09-20,17:00,Hyderabad,28.6,69,16.3,1013.9,0.0,1,62,27.4,Warm,September,9,Saturday
2025-09-20,18:00,Mumbai,26.8,91,10.0,1015.6,16.1,0,63,27.4,Warm,September,9,Saturday
2025-09-20,19:00,Delhi,24.7,66,12.6,1013.0,16.3,0,126,27.4,Mild,September,9,Saturday
2025-09-20,20:00,Bangalore,20.5,84,17.4,1017.0,0.0,0,57,27.4,Mild,September,9,Saturday
2025-09-20,21:00,Chennai,22.0,83,11.4,1019.2,0.0,0,52,27.4,Mild,September,9,Saturday
2025-09-20,22:00,Hyderabad,27.7,77,12.7,1017.2,0.0,0,69,27.4,Warm,September,9,Saturday
2025-09-20,23:00,Mumbai,19.9,91,14.5,1015.7,18.4,0,54,27.4,Mild,September,9,Saturday
2025-09-21,00:00,Delhi,19.9,71,11.1,1021.3,0.0,0,132,27.6,Mild,September,9,Sunday
2025-09-21,01:00,Bangalore,22.9,87,11.3,1014.5,13.1,0,39,27.6,Mild,September,9,Sunday
2025-09-21,02:00,Chennai,26.3,92,12.1,1014.1,24.9,0,62,27.6,Warm,September,9,Sunday
2025-09-21,03:00,Hyderabad,25.7,77,10.5,1010.6,0.0,0,53,27.6,Warm,September,9,Sunday
2025-09-21,04:00,Mumbai,27.9,94,12.7,1012.7,20.0,0,52,27.6,Warm,September,9,Sunday
2025-09-21,05:00,Delhi,23.6,70,17.0,1015.3,0.0,0,136,27.6,Mild,September,9,Sunday
2025-09-21,06:00,Bangalore,26.7,86,16.8,1013.5,18.0,0,29,27.6,Warm,September,9,Sunday
2025-09-21,07:00,Chennai,29.8,85,16.7,1015.4,7.9,1,48,27.6,Warm,September,9,Sunday
2025-09-21,08:00,Hyderabad,36.0,66,16.2,1013.0,0.0,1,75,27.6,Hot,September,9,Sunday
2025-09-21,09:00,Mumbai,34.4,92,17.8,1015.3,0.0,1,72,27.6,Warm,September,9,Sunday
2025-09-21,10:00,Delhi,30.4,64,15.4,1007.2,0.0,4,151,27.6,Warm,September,9,Sunday
2025-09-21,11:00,Bangalore,28.0,79,15.6,1013.9,0.0,4,22,27.6,Warm,September,9,Sunday
2025-09-21,12:00,Chennai,35.2,86,13.5,1010.5,11.6,5,50,27.6,Hot,September,9,Sunday
2025-09-21,13:00,Hyderabad,36.5,73,17.0,1009.0,15.7,5,47,27.6,Hot,September,9,Sunday
2025-09-21,14:00,Mumbai,33.7,80,18.9,1011.7,0.0,4,76,27.6,Warm,September,9,Sunday
2025-09-21,15:00,Delhi,27.8,64,17.1,1013.0,0.0,3,134,27.6,Warm,September,9,Sunday
2025-09-21,16:00,Bangalore,26.3,88,15.1,1014.4,4.5,2,58,27.6,Warm,September,9,Sunday
2025-09-21,17:00,Chennai,27.5,94,12.6,1012.0,0.0,2,53,27.6,Warm,September,9,Sunday
2025-09-21,18:00,Hyderabad,28.2,79,14.2,1012.0,10.7,0,74,27.6,Warm,September,9,Sunday
2025-09-21,19:00,Mumbai,24.7,97,15.5,1018.7,0.0,0,92,27.6,Mild,September,9,Sunday
2025-09-21,20:00,Delhi,22.0,71,12.5,1012.4,16.1,0,137,27.6,Mild,September,9,Sunday
2025-09-21,21:00,Bangalore,19.0,91,17.4,1017.2,0.0,0,32,27.6,Mild,September,9,Sunday
2025-09-21,22:00,Chennai,22.8,93,18.7,1014.7,0.0,0,59,27.6,Mild,September,9,Sunday
2025-09-21,23:00,Hyderabad,26.1,81,16.4,1012.8,16.2,0,55,27.6,Warm,September,9,Sunday
2025-09-22,00:00,Mumbai,24.4,94,14.1,1014.4,0.0,0,60,26.7,Mild,September,9,Monday
2025-09-22,01:00,Delhi,19.3,62,14.5,1016.1,4.9,0,151,26.7,Mild,September,9,Monday
2025-09-22,02:00,Bangalore,21.3,74,14.2,1011.6,14.2,0,51,26.7,Mild,September,9,Monday
2025-09-22,03:00,Chennai,26.7,93,10.4,1014.2,0.0,0,39,26.7,Warm,September,9,Monday
2025-09-22,04:00,Hyderabad,30.7,76,14.1,1015.9,0.0,0,62,26.7,Warm,September,9,Monday
2025-09-22,05:00,Mumbai,26.3,80,11.4,1007.3,22.0,0,60,26.7,Warm,September,9,Monday
2025-09-22,06:00,Delhi,25.6,71,6.4,1018.9,0.0,0,136,26.7,Warm,September,9,Monday
2025-09-22,07:00,Bangalore,25.9,81,10.2,1013.6,17.5,1,40,26.7,Warm,September,9,Monday
2025-09-22,08:00,Chennai,32.9,91,11.1,1011.3,0.0,1,65,26.7,Warm,September,9,Monday
2025-09-22,09:00,Hyderabad,33.6,62,17.7,1017.3,0.0,3,70,26.7,Warm,September,9,Monday
2025-09-22,10:00,Mumbai,34.9,85,16.5,1009.7,0.0,4,76,26.7,Warm,September,9,Monday
2025-09-22,11:00,Delhi,29.3,60,16.8,1012.2,6.8,3,151,26.7,Warm,September,9,Monday
2025-09-22,12:00,Bangalore,30.4,82,11.0,1011.7,0.0,5,34,26.7,Warm,September,9,Monday
2025-09-22,13:00,Chennai,32.9,78,16.8,1017.0,0.0,5,27,26.7,Warm,September,9,Monday
2025-09-22,14:00,Hyderabad,32.5,68,11.5,1016.7,14.6,3,43,26.7,Warm,September,9,Monday
2025-09-22,15:00,Mumbai,28.3,88,11.6,1010.7,0.0,2,75,26.7,Warm,September,9,Monday
2025-09-22,16:00,Delhi,25.7,67,17.3,1018.3,6.1,1,136,26.7,Warm,September,9,Monday
2025-09-22,17:00,Bangalore,22.1,94,16.1,1018.3,10.1,1,69,26.7,Mild,September,9,Monday
2025-09-22,18:00,Chennai,25.0,85,17.5,1016.5,24.0,0,61,26.7,Warm,September,9,Monday
2025-09-22,19:00,Hyderabad,29.4,76,12.9,1012.5,0.0,0,53,26.7,Warm,September,9,Monday
2025-09-22,20:00,Mumbai,23.2,100,13.3,1019.5,10.8,0,58,26.7,Mild,September,9,Monday
2025-09-22,21:00,Delhi,18.5,71,14.5,1017.2,0.0,0,127,26.7,Mild,September,9,Monday
2025-09-22,22:00,Bangalore,17.2,87,9.8,1015.9,0.0,0,63,26.7,Mild,September,9,Monday
2025-09-22,23:00,Chennai,24.2,93,21.2,1012.5,0.0,0,55,26.7,Mild,September,9,Monday
2025-09-23,00:00,Hyderabad,25.8,79,11.5,1014.1,0.0,0,45,26.6,Warm,September,9,Tuesday
2025-09-23,01:00,Mumbai,24.9,88,14.9,1016.2,0.0,0,52,26.6,Mild,September,9,Tuesday
2025-09-23,02:00,Delhi,20.9,71,8.3,1019.2,0.6,0,123,26.6,Mild,September,9,Tuesday
2025-09-23,03:00,Bangalore,23.1,87,17.3,1015.5,14.3,0,20,26.6,Mild,September,9,Tuesday
2025-09-23,04:00,Chennai,27.4,97,13.0,1017.0,0.0,0,49,26.6,Warm,September,9,Tuesday
2025-09-23,05:00,Hyderabad,28.5,70,9.3,1021.9,0.0,0,56,26.6,Warm,September,9,Tuesday
2025-09-23,06:00,Mumbai,26.4,91,14.3,1013.2,0.0,0,64,26.6,Warm,September,9,Tuesday
2025-09-23,07:00,Delhi,27.1,63,17.7,1017.9,0.0,1,135,26.6,Warm,September,9,Tuesday
2025-09-23,08:00,Bangalore,29.1,78,18.2,1011.1,0.0,1,87,26.6,Warm,September,9,Tuesday
2025-09-23,09:00,Chennai,33.1,81,17.2,1018.3,0.0,3,76,26.6,Warm,September,9,Tuesday
2025-09-23,10:00,Hyderabad,36.2,70,13.1,1016.2,0.0,3,62,26.6,Hot,September,9,Tuesday
2025-09-23,11:00,Mumbai,33.2,86,17.3,1011.3,0.0,5,92,26.6,Warm,September,9,Tuesday
2025-09-23,12:00,Delhi,28.5,61,13.5,1016.0,15.5,6,136,26.6,Warm,September,9,Tuesday
2025-09-23,13:00,Bangalore,26.2,90,15.1,1012.1,0.0,4,27,26.6,Warm,September,9,Tuesday
2025-09-23,14:00,Chennai,30.6,78,13.8,1014.1,0.0,3,51,26.6,Warm,September,9,Tuesday
2025-09-23,15:00,Hyderabad,32.4,74,10.2,1014.6,19.5,2,41,26.6,Warm,September,9,Tuesday
2025-09-23,16:00,Mumbai,30.2,87,12.4,1009.5,11.3,1,63,26.6,Warm,September,9,Tuesday
2025-09-23,17:00,Delhi,23.3,67,16.7,1013.7,0.0,1,169,26.6,Mild,September,9,Tuesday
2025-09-23,18:00,Bangalore,22.9,85,11.6,1018.5,10.1,0,65,26.6,Mild,September,9,Tuesday
2025-09-23,19:00,Chennai,24.9,93,14.6,1017.1,16.1,0,68,26.6,Mild,September,9,Tuesday
2025-09-23,20:00,Hyderabad,25.5,81,13.1,1018.4,14.7,0,48,26.6,Warm,September,9,Tuesday
2025-09-23,21:00,Mumbai,20.7,96,17.2,1015.4,0.0,0,70,26.6,Mild,September,9,Tuesday
2025-09-23,22:00,Delhi,18.9,77,13.9,1014.3,1.1,0,116,26.6,Mild,September,9,Tuesday
2025-09-23,23:00,Bangalore,17.8,91,14.7,1019.0,13.4,0,47,26.6,Mild,September,9,Tuesday
2025-09-24,00:00,Chennai,20.9,98,12.4,1013.4,0.0,0,58,27.1,Mild,September,9,Wednesday
2025-09-24,01:00,Hyderabad,26.9,84,12.3,1014.1,2.0,0,82,27.1,Warm,September,9,Wednesday
2025-09-24,02:00,Mumbai,23.7,90,17.2,1014.1,13.0,0,77,27.1,Mild,September,9,Wednesday
2025-09-24,03:00,Delhi,20.2,67,17.2,1009.0,1.4,0,131,27.1,Mild,September,9,Wednesday
2025-09-24,04:00,Bangalore,22.1,93,18.0,1015.4,4.0,0,47,27.1,Mild,September,9,Wednesday
2025-09-24,05:00,Chennai,29.2,86,10.4,1012.9,0.0,0,59,27.1,Warm,September,9,Wednesday
2025-09-24,06:00,Hyderabad,32.1,72,9.4,1013.0,0.0,0,45,27.1,Warm,September,9,Wednesday
2025-09-24,07:00,Mumbai,29.2,93,13.6,1008.6,0.0,0,66,27.1,Warm,September,9,Wednesday
2025-09-24,08:00,Delhi,27.2,74,13.0,1013.7,0.0,2,148,27.1,Warm,September,9,Wednesday
2025-09-24,09:00,Bangalore,27.3,79,18.2,1015.7,0.0,2,37,27.1,Warm,September,9,Wednesday
2025-09-24,10:00,Chennai,34.7,85,13.2,1010.2,0.0,3,78,27.1,Warm,September,9,Wednesday
2025-09-24,11:00,Hyderabad,34.0,71,22.1,1006.4,0.0,5,43,27.1,Warm,September,9,Wednesday
2025-09-24,12:00,Mumbai,31.5,84,17.2,1011.9,0.0,4,82,27.1,Warm,September,9,Wednesday
2025-09-24,13:00,Delhi,29.6,67,11.9,1012.9,0.0,4,149,27.1,Warm,September,9,Wednesday
2025-09-24,14:00,Bangalore,28.5,85,13.0,1010.9,0.0,4,52,27.1,Warm,September,9,Wednesday
2025-09-24,15:00,Chennai,31.5,71,11.8,1016.8,20.3,2,46,27.1,Warm,September,9,Wednesday
2025-09-24,16:00,Hyderabad,30.8,70,12.5,1016.0,0.0,2,20,27.1,Warm,September,9,Wednesday
2025-09-24,17:00,Mumbai,28.7,85,14.4,1010.7,0.0,0,86,27.1,Warm,September,9,Wednesday
2025-09-24,18:00,Delhi,23.7,67,13.0,1014.9,11.7,0,117,27.1,Mild,September,9,Wednesday
2025-09-24,19:00,Bangalore,22.7,91,16.8,1016.0,0.0,0,62,27.1,Mild,September,9,Wednesday
2025-09-24,20:00,Chennai,23.8,94,11.9,1016.1,16.3,0,82,27.1,Mild,September,9,Wednesday
2025-09-24,21:00,Hyderabad,27.6,75,16.0,1013.3,0.0,0,51,27.1,Warm,September,9,Wednesday
2025-09-24,22:00,Mumbai,23.6,92,15.1,1016.4,0.0,0,48,27.1,Mild,September,9,Wednesday
2025-09-24,23:00,Delhi,20.0,68,18.0,1018.7,0.0,0,122,27.1,Mild,September,9,Wednesday
2025-09-25,00:00,Bangalore,20.7,85,6.8,1016.6,5.0,0,35,26.6,Mild,September,9,Thursday
2025-09-25,01:00,Chennai,22.8,97,18.7,1016.5,0.0,0,45,26.6,Mild,September,9,Thursday
2025-09-25,02:00,Hyderabad,27.2,71,16.7,1013.9,0.0,0,32,26.6,Warm,September,9,Thursday
2025-09-25,03:00,Mumbai,24.3,100,15.0,1016.2,8.1,0,63,26.6,Mild,September,9,Thursday
2025-09-25,04:00,Delhi,21.7,73,12.0,1016.0,0.0,0,99,26.6,Mild,September,9,Thursday
2025-09-25,05:00,Bangalore,25.5,83,16.9,1014.4,0.0,0,29,26.6,Warm,September,9,Thursday
2025-09-25,06:00,Chennai,28.7,90,12.5,1013.0,9.4,0,26,26.6,Warm,September,9,Thursday
2025-09-25,07:00,Hyderabad,30.7,78,13.9,1009.1,0.0,1,39,26.6,Warm,September,9,Thursday
2025-09-25,08:00,Mumbai,31.4,96,16.0,1006.8,0.0,1,81,26.6,Warm,September,9,Thursday
2025-09-25,09:00,Delhi,27.5,68,10.2,1019.6,0.0,3,109,26.6,Warm,September,9,Thursday
2025-09-25,10:00,Bangalore,28.5,85,8.9,1013.7,0.0,3,54,26.6,Warm,September,9,Thursday
2025-09-25,11:00,Chennai,32.7,85,13.9,1012.0,22.1,4,46,26.6,Warm,September,9,Thursday
2025-09-25,12:00,Hyderabad,34.8,71,13.5,1006.7,0.0,6,47,26.6,Warm,September,9,Thursday
2025-09-25,13:00,Mumbai,34.1,76,8.9,1014.7,0.0,4,52,26.6,Warm,September,9,Thursday
2025-09-25,14:00,Delhi,29.2,71,10.3,1012.8,4.6,3,124,26.6,Warm,September,9,Thursday
2025-09-25,15:00,Bangalore,26.2,76,16.7,1008.8,0.0,2,48,26.6,Warm,September,9,Thursday
2025-09-25,16:00,Chennai,28.4,93,9.9,1013.6,2.1,2,39,26.6,Warm,September,9,Thursday
2025-09-25,17:00,Hyderabad,27.1,85,7.0,1014.4,0.0,1,64,26.6,Warm,September,9,Thursday
2025-09-25,18:00,Mumbai,26.4,94,12.1,1009.8,0.0,0,80,26.6,Warm,September,9,Thursday
2025-09-25,19:00,Delhi,20.7,71,12.4,1015.2,6.6,0,150,26.6,Mild,September,9,Thursday
2025-09-25,20:00,Bangalore,19.1,87,14.1,1018.0,0.0,0,55,26.6,Mild,September,9,Thursday
2025-09-25,21:00,Chennai,23.6,96,14.3,1008.2,16.5,0,59,26.6,Mild,September,9,Thursday
2025-09-25,22:00,Hyderabad,25.8,84,11.9,1018.0,0.0,0,37,26.6,Warm,September,9,Thursday
2025-09-25,23:00,Mumbai,22.0,96,16.2,1016.8,0.0,0,74,26.6,Mild,September,9,Thursday
2025-09-26,00:00,Delhi,18.4,69,10.6,1018.6,0.0,0,121,26.6,Mild,September,9,Friday
2025-09-26,01:00,Bangalore,17.9,88,8.6,1015.2,0.0,0,65,26.6,Mild,September,9,Friday
2025-09-26,02:00,Chennai,27.7,87,16.2,1011.2,0.0,0,50,26.6,Warm,September,9,Friday
2025-09-26,03:00,Hyderabad,27.4,76,17.8,1017.1,0.0,0,55,26.6,Warm,September,9,Friday
2025-09-26,04:00,Mumbai,24.0,100,14.1,1015.8,0.0,0,67,26.6,Mild,September,9,Friday
2025-09-26,05:00,Delhi,25.0,74,13.4,1015.5,18.7,0,118,26.6,Warm,September,9,Friday
2025-09-26,06:00,Bangalore,25.5,81,14.6,1015.9,15.0,0,36,26.6,Warm,September,9,Friday
2025-09-26,07:00,Chennai,29.3,90,9.3,1011.9,0.0,1,63,26.6,Warm,September,9,Friday
2025-09-26,08:00,Hyderabad,34.3,73,12.5,1010.7,0.0,2,62,26.6,Warm,September,9,Friday
2025-09-26,09:00,Mumbai,32.9,95,17.1,1013.9,0.0,2,86,26.6,Warm,September,9,Friday
2025-09-26,10:00,Delhi,26.6,81,11.4,1016.3,14.6,3,114,26.6,Warm,September,9,Friday
2025-09-26,11:00,Bangalore,28.5,79,13.7,1012.1,0.0,5,44,26.6,Warm,September,9,Friday
2025-09-26,12:00,Chennai,34.0,83,16.3,1011.6,11.1,6,52,26.6,Warm,September,9,Friday
2025-09-26,13:00,Hyderabad,33.0,69,12.2,1005.8,0.0,4,62,26.6,Warm,September,9,Friday
2025-09-26,14:00,Mumbai,33.3,83,12.5,1010.7,0.0,3,66,26.6,Warm,September,9,Friday
2025-09-26,15:00,Delhi,29.5,60,8.8,1011.4,0.0,3,118,26.6,Warm,September,9,Friday
2025-09-26,16:00,Bangalore,22.9,84,16.7,1014.1,0.0,1,20,26.6,Mild,September,9,Friday
2025-09-26,17:00,Chennai,27.3,87,14.3,1009.9,0.0,0,76,26.6,Warm,September,9,Friday
2025-09-26,18:00,Hyderabad,27.6,76,13.4,1011.9,0.0,0,71,26.6,Warm,September,9,Friday
2025-09-26,19:00,Mumbai,25.2,86,17.4,1014.7,0.0,0,83,26.6,Warm,September,9,Friday
2025-09-26,20:00,Delhi,20.4,64,16.2,1013.4,0.0,0,139,26.6,Mild,September,9,Friday
2025-09-26,21:00,Bangalore,18.5,96,14.0,1014.6,0.0,0,38,26.6,Mild,September,9,Friday
2025-09-26,22:00,Chennai,24.6,87,17.2,1015.2,0.0,0,47,26.6,Mild,September,9,Friday
2025-09-26,23:00,Hyderabad,23.7,81,15.8,1012.1,0.0,0,55,26.6,Mild,September,9,Friday
2025-09-27,00:00,Mumbai,22.9,99,18.9,1013.9,0.0,0,54,26.6,Mild,September,9,Saturday
2025-09-27,01:00,Delhi,19.3,70,10.2,1012.4,0.0,0,143,26.6,Mild,September,9,Saturday
2025-09-27,02:00,Bangalore,20.6,81,17.6,1016.9,10.6,0,49,26.6,Mild,September,9,Saturday
2025-09-27,03:00,Chennai,24.4,95,13.6,1014.1,0.0,0,41,26.6,Mild,September,9,Saturday
2025-09-27,04:00,Hyderabad,27.4,81,14.8,1011.0,10.7,0,62,26.6,Warm,September,9,Saturday
2025-09-27,05:00,Mumbai,27.4,100,15.5,1011.6,17.9,0,75,26.6,Warm,September,9,Saturday
2025-09-27,06:00,Delhi,25.7,73,10.1,1016.2,24.7,0,123,26.6,Warm,September,9,Saturday
2025-09-27,07:00,Bangalore,26.2,77,8.5,1014.7,0.0,0,25,26.6,Warm,September,9,Saturday
2025-09-27,08:00,Chennai,34.4,83,12.1,1014.7,21.1,2,57,26.6,Warm,September,9,Saturday
2025-09-27,09:00,Hyderabad,34.2,77,11.8,1014.0,0.0,2,88,26.6,Warm,September,9,Saturday
2025-09-27,10:00,Mumbai,31.8,94,22.5,1015.5,0.0,4,71,26.6,Warm,September,9,Saturday
2025-09-27,11:00,Delhi,28.6,64,13.7,1009.5,0.0,4,122,26.6,Warm,September,9,Saturday
2025-09-27,12:00,Bangalore,29.8,73,9.7,1021.4,0.0,5,35,26.6,Warm,September,9,Saturday
2025-09-27,13:00,Chennai,32.7,87,14.3,1013.8,0.0,4,64,26.6,Warm,September,9,Saturday
2025-09-27,14:00,Hyderabad,32.4,78,14.2,1007.7,18.5,2,36,26.6,Warm,September,9,Saturday
2025-09-27,15:00,Mumbai,30.5,88,13.4,1012.8,24.2,2,62,26.6,Warm,September,9,Saturday
2025-09-27,16:00,Delhi,23.9,67,9.7,1014.2,0.0,0,126,26.6,Mild,September,9,Saturday
2025-09-27,17:00,Bangalore,23.6,82,13.1,1014.2,6.7,0,57,26.6,Mild,September,9,Saturday
2025-09-27,18:00,Chennai,27.3,99,15.5,1013.0,8.8,0,66,26.6,Warm,September,9,Saturday
2025-09-27,19:00,Hyderabad,25.7,74,16.7,1011.8,0.0,0,72,26.6,Warm,September,9,Saturday
2025-09-27,20:00,Mumbai,25.8,93,16.8,1013.7,3.0,0,69,26.6,Warm,September,9,Saturday
2025-09-27,21:00,Delhi,19.7,77,15.3,1014.7,0.0,0,122,26.6,Mild,September,9,Saturday
2025-09-27,22:00,Bangalore,19.9,85,13.6,1015.0,0.0,0,34,26.6,Mild,September,9,Saturday
2025-09-27,23:00,Chennai,23.0,96,13.7,1019.2,18.2,0,59,26.6,Mild,September,9,Saturday
2025-09-28,00:00,Hyderabad,25.0,75,14.0,1010.3,0.0,0,60,26.2,Warm,September,9,Sunday
2025-09-28,01:00,Mumbai,23.5,100,8.0,1017.2,0.0,0,65,26.2,Mild,September,9,Sunday
2025-09-28,02:00,Delhi,17.0,75,13.1,1018.1,0.0,0,110,26.2,Mild,September,9,Sunday
2025-09-28,03:00,Bangalore,20.7,89,14.8,1013.3,16.2,0,43,26.2,Mild,September,9,Sunday
2025-09-28,04:00,Chennai,25.9,99,14.0,1011.7,13.0,0,49,26.2,Warm,September,9,Sunday
2025-09-28,05:00,Hyderabad,28.7,70,11.1,1016.9,5.9,0,69,26.2,Warm,September,9,Sunday
2025-09-28,06:00,Mumbai,31.1,90,17.5,1010.8,0.0,0,55,26.2,Warm,September,9,Sunday
2025-09-28,07:00,Delhi,27.6,61,18.2,1016.7,0.0,0,122,26.2,Warm,September,9,Sunday
2025-09-28,08:00,Bangalore,24.8,79,18.3,1018.3,0.0,1,60,26.2,Mild,September,9,Sunday
2025-09-28,09:00,Chennai,34.4,84,10.9,1006.8,0.0,2,63,26.2,Warm,September,9,Sunday
2025-09-28,10:00,Hyderabad,35.9,65,11.9,1014.7,0.0,3,54,26.2,Hot,September,9,Sunday
2025-09-28,11:00,Mumbai,32.5,91,12.5,1006.9,10.7,4,54,26.2,Warm,September,9,Sunday
2025-09-28,12:00,Delhi,26.6,66,9.8,1009.8,0.0,6,115,26.2,Warm,September,9,Sunday
2025-09-28,13:00,Bangalore,27.8,80,18.6,1015.8,0.0,4,21,26.2,Warm,September,9,Sunday
2025-09-28,14:00,Chennai,28.9,90,15.8,1017.9,0.0,3,50,26.2,Warm,September,9,Sunday
2025-09-28,15:00,Hyderabad,30.8,69,13.5,1012.7,17.3,3,77,26.2,Warm,September,9,Sunday
2025-09-28,16:00,Mumbai,26.3,92,13.2,1013.2,0.0,2,59,26.2,Warm,September,9,Sunday
2025-09-28,17:00,Delhi,24.5,53,12.2,1015.2,0.0,0,121,26.2,Mild,September,9,Sunday
2025-09-28,18:00,Bangalore,19.7,94,12.6,1017.3,20.7,0,47,26.2,Mild,September,9,Sunday
2025-09-28,19:00,Chennai,28.0,87,12.7,1010.9,0.0,0,44,26.2,Warm,September,9,Sunday
2025-09-28,20:00,Hyderabad,27.4,67,11.7,1016.8,2.3,0,66,26.2,Warm,September,9,Sunday
2025-09-28,21:00,Mumbai,25.2,92,16.2,1014.5,14.2,0,55,26.2,Warm,September,9,Sunday
2025-09-28,22:00,Delhi,17.4,80,14.0,1011.8,13.3,0,127,26.2,Mild,September,9,Sunday
2025-09-28,23:00,Bangalore,18.5,98,14.8,1020.3,0.0,0,33,26.2,Mild,September,9,Sunday
2025-09-29,00:00,Chennai,24.4,90,9.9,1014.3,0.0,0,50,26.8,Mild,September,9,Monday
2025-09-29,01:00,Hyderabad,23.6,84,14.8,1015.1,0.0,0,70,26.8,Mild,September,9,Monday
2025-09-29,02:00,Mumbai,24.6,92,13.7,1013.3,17.8,0,59,26.8,Mild,September,9,Monday
2025-09-29,03:00,Delhi,21.7,62,9.1,1022.1,0.0,0,115,26.8,Mild,September,9,Monday
2025-09-29,04:00,Bangalore,22.3,88,10.2,1015.3,0.0,0,20,26.8,Mild,September,9,Monday
2025-09-29,05:00,Chennai,27.9,94,11.7,1015.4,0.0,0,33,26.8,Warm,September,9,Monday
2025-09-29,06:00,Hyderabad,28.9,64,10.0,1012.1,15.8,0,74,26.8,Warm,September,9,Monday
2025-09-29,07:00,Mumbai,32.1,84,19.7,1013.2,0.5,1,84,26.8,Warm,September,9,Monday
2025-09-29,08:00,Delhi,30.3,60,14.8,1015.2,0.0,1,141,26.8,Warm,September,9,Monday
2025-09-29,09:00,Bangalore,25.8,82,14.6,1012.7,4.8,2,37,26.8,Warm,September,9,Monday
2025-09-29,10:00,Chennai,32.9,88,19.8,1010.5,0.0,4,61,26.8,Warm,September,9,Monday
2025-09-29,11:00,Hyderabad,33.3,74,16.4,1011.5,0.0,4,62,26.8,Warm,September,9,Monday
2025-09-29,12:00,Mumbai,32.6,84,13.0,1008.4,0.0,5,57,26.8,Warm,September,9,Monday
2025-09-29,13:00,Delhi,29.5,74,12.2,1013.5,8.0,4,123,26.8,Warm,September,9,Monday
2025-09-29,14:00,Bangalore,28.9,84,13.7,1012.0,2.7,3,54,26.8,Warm,September,9,Monday
2025-09-29,15:00,Chennai,31.2,87,9.3,1013.6,0.0,3,56,26.8,Warm,September,9,Monday
2025-09-29,16:00,Hyderabad,31.1,80,18.7,1006.9,0.0,1,71,26.8,Warm,September,9,Monday
2025-09-29,17:00,Mumbai,29.0,98,14.3,1016.6,0.0,1,58,26.8,Warm,September,9,Monday
2025-09-29,18:00,Delhi,22.4,64,19.0,1012.2,0.0,0,131,26.8,Mild,September,9,Monday
2025-09-29,19:00,Bangalore,21.3,88,13.4,1016.3,0.0,0,70,26.8,Mild,September,9,Monday
2025-09-29,20:00,Chennai,23.6,83,13.4,1011.8,0.0,0,70,26.8,Mild,September,9,Monday
2025-09-29,21:00,Hyderabad,25.3,69,15.2,1011.4,6.8,0,59,26.8,Warm,September,9,Monday
2025-09-29,22:00,Mumbai,20.9,89,18.7,1016.9,21.2,0,54,26.8,Mild,September,9,Monday
2025-09-29,23:00,Delhi,18.8,75,11.3,1015.5,13.3,0,130,26.8,Mild,September,9,Monday
2025-09-30,00:00,Bangalore,17.3,95,16.3,1010.8,0.0,0,21,26.0,Mild,September,9,Tuesday
2025-09-30,01:00,Chennai,21.3,99,10.4,1013.3,15.2,0,52,26.0,Mild,September,9,Tuesday
2025-09-30,02:00,Hyderabad,25.8,78,14.3,1016.7,0.0,0,69,26.0,Warm,September,9,Tuesday
2025-09-30,03:00,Mumbai,26.0,92,16.0,1013.7,0.0,0,56,26.0,Warm,September,9,Tuesday
2025-09-30,04:00,Delhi,21.6,73,14.6,1011.2,0.0,0,133,26.0,Mild,September,9,Tuesday
2025-09-30,05:00,Bangalore,21.4,83,14.8,1015.3,0.0,0,23,26.0,Mild,September,9,Tuesday
2025-09-30,06:00,Chennai,29.2,86,13.1,1009.0,14.4,0,50,26.0,Warm,September,9,Tuesday
2025-09-30,07:00,Hyderabad,29.6,71,8.8,1011.9,5.1,0,72,26.0,Warm,September,9,Tuesday
2025-09-30,08:00,Mumbai,31.5,89,21.5,1011.4,20.4,1,80,26.0,Warm,September,9,Tuesday
2025-09-30,09:00,Delhi,29.7,54,12.9,1013.8,0.0,3,124,26.0,Warm,September,9,Tuesday
2025-09-30,10:00,Bangalore,25.7,83,12.2,1014.3,18.4,3,45,26.0,Warm,September,9,Tuesday
2025-09-30,11:00,Chennai,34.3,89,11.5,1010.8,0.0,5,41,26.0,Warm,September,9,Tuesday
2025-09-30,12:00,Hyderabad,33.4,76,11.6,1015.9,0.0,5,52,26.0,Warm,September,9,Tuesday
2025-09-30,13:00,Mumbai,32.5,85,13.8,1020.6,0.0,4,63,26.0,Warm,September,9,Tuesday
2025-09-30,14:00,Delhi,28.3,68,11.7,1011.6,15.2,3,131,26.0,Warm,September,9,Tuesday
2025-09-30,15:00,Bangalore,25.8,90,13.5,1012.2,16.6,2,53,26.0,Warm,September,9,Tuesday
2025-09-30,16:00,Chennai,27.2,91,18.2,1013.6,0.0,1,32,26.0,Warm,September,9,Tuesday
2025-09-30,17:00,Hyderabad,25.3,77,15.0,1014.9,0.0,0,63,26.0,Warm,September,9,Tuesday
2025-09-30,18:00,Mumbai,29.5,87,13.6,1015.7,13.2,0,69,26.0,Warm,September,9,Tuesday
2025-09-30,19:00,Delhi,21.4,75,15.8,1016.6,0.0,0,134,26.0,Mild,September,9,Tuesday
2025-09-30,20:00,Bangalore,19.1,83,9.9,1015.8,11.5,0,48,26.0,Mild,September,9,Tuesday
2025-09-30,21:00,Chennai,24.5,90,14.5,1013.9,9.0,0,41,26.0,Mild,September,9,Tuesday
2025-09-30,22:00,Hyderabad,22.2,82,10.9,1012.4,0.1,0,60,26.0,Mild,September,9,Tuesday
2025-09-30,23:00,Mumbai,22.6,92,14.0,1011.8,0.0,0,48,26.0,Mild,September,9,Tuesday
2025-10-01,00:00,Delhi,16.6,54,8.7,1018.1,0.0,0,173,26.2,Mild,October,10,Wednesday
2025-10-01,01:00,Bangalore,19.1,68,9.0,1018.3,0.0,0,85,26.2,Mild,October,10,Wednesday
2025-10-01,02:00,Chennai,24.2,77,9.8,1015.4,0.0,0,91,26.2,Mild,October,10,Wednesday
2025-10-01,03:00,Hyderabad,25.8,51,2.9,1014.0,0.0,0,90,26.2,Warm,October,10,Wednesday
2025-10-01,04:00,Mumbai,28.0,68,5.5,1012.5,0.0,0,88,26.2,Warm,October,10,Wednesday
2025-10-01,05:00,Delhi,23.1,43,7.9,1011.7,9.7,0,148,26.2,Mild,October,10,Wednesday
2025-10-01,06:00,Bangalore,27.4,67,8.6,1013.7,0.0,0,84,26.2,Warm,October,10,Wednesday
2025-10-01,07:00,Chennai,30.7,74,9.8,1014.5,0.0,1,81,26.2,Warm,October,10,Wednesday
2025-10-01,08:00,Hyderabad,35.1,47,11.6,1016.4,0.0,2,95,26.2,Hot,October,10,Wednesday
2025-10-01,09:00,Mumbai,34.4,61,6.8,1010.0,0.0,4,92,26.2,Warm,October,10,Wednesday
2025-10-01,10:00,Delhi,33.6,42,5.6,1013.4,0.0,6,180,26.2,Warm,October,10,Wednesday
2025-10-01,11:00,Bangalore,26.0,54,7.0,1011.7,0.0,7,69,26.2,Warm,October,10,Wednesday
2025-10-01,12:00,Chennai,28.8,70,9.9,1011.7,0.0,8,55,26.2,Warm,October,10,Wednesday
2025-10-01,13:00,Hyderabad,33.9,46,12.7,1017.0,0.0,7,99,26.2,Warm,October,10,Wednesday
2025-10-01,14:00,Mumbai,30.4,73,7.6,1008.9,0.0,6,81,26.2,Warm,October,10,Wednesday
2025-10-01,15:00,Delhi,27.1,50,7.3,1017.6,0.0,4,137,26.2,Warm,October,10,Wednesday
2025-10-01,16:00,Bangalore,26.8,57,8.1,1009.2,0.0,3,54,26.2,Warm,October,10,Wednesday
2025-10-01,17:00,Chennai,25.6,71,7.6,1018.9,0.0,1,93,26.2,Warm,October,10,Wednesday
2025-10-01,18:00,Hyderabad,24.5,62,10.8,1014.3,0.0,0,100,26.2,Mild,October,10,Wednesday
2025-10-01,19:00,Mumbai,24.3,78,5.6,1016.4,0.0,0,95,26.2,Mild,October,10,Wednesday
2025-10-01,20:00,Delhi,20.5,59,6.6,1014.0,20.6,0,152,26.2,Mild,October,10,Wednesday
2025-10-01,21:00,Bangalore,17.0,73,6.7,1015.9,0.0,0,73,26.2,Mild,October,10,Wednesday
2025-10-01,22:00,Chennai,23.2,71,0.6,1008.5,0.0,0,90,26.2,Mild,October,10,Wednesday
2025-10-01,23:00,Hyderabad,22.2,59,11.0,1010.7,0.0,0,77,26.2,Mild,October,10,Wednesday
2025-10-02,00:00,Mumbai,19.6,69,7.4,1015.4,0.0,0,69,26.2,Mild,October,10,Thursday
2025-10-02,01:00,Delhi,21.2,58,2.0,1016.5,0.0,0,156,26.2,Mild,October,10,Thursday
2025-10-02,02:00,Bangalore,18.5,69,4.9,1017.6,0.0,0,69,26.2,Mild,October,10,Thursday
2025-10-02,03:00,Chennai,25.0,73,7.0,1015.8,0.0,0,70,26.2,Warm,October,10,Thursday
2025-10-02,04:00,Hyderabad,28.3,67,9.2,1011.7,0.0,0,75,26.2,Warm,October,10,Thursday
2025-10-02,05:00,Mumbai,27.2,79,8.5,1014.1,0.0,0,94,26.2,Warm,October,10,Thursday
2025-10-02,06:00,Delhi,26.2,51,11.2,1010.6,0.0,0,166,26.2,Warm,October,10,Thursday
2025-10-02,07:00,Bangalore,23.3,70,4.1,1014.4,0.0,0,68,26.2,Mild,October,10,Thursday
2025-10-02,08:00,Chennai,32.4,73,6.1,1012.3,0.0,3,87,26.2,Warm,October,10,Thursday
2025-10-02,09:00,Hyderabad,34.3,55,4.4,1006.6,0.0,3,108,26.2,Warm,October,10,Thursday
2025-10-02,10:00,Mumbai,30.6,70,4.0,1014.3,0.0,5,99,26.2,Warm,October,10,Thursday
2025-10-02,11:00,Delhi,29.8,49,6.7,1014.4,0.0,8,149,26.2,Warm,October,10,Thursday
2025-10-02,12:00,Bangalore,32.4,63,8.4,1010.4,0.0,9,77,26.2,Warm,October,10,Thursday
2025-10-02,13:00,Chennai,32.0,70,11.4,1012.3,0.0,7,44,26.2,Warm,October,10,Thursday
2025-10-02,14:00,Hyderabad,31.5,57,13.9,1012.2,0.0,5,72,26.2,Warm,October,10,Thursday
2025-10-02,15:00,Mumbai,28.9,75,9.6,1005.6,0.0,5,92,26.2,Warm,October,10,Thursday
2025-10-02,16:00,Delhi,22.7,39,3.6,1011.7,0.0,3,163,26.2,Mild,October,10,Thursday
2025-10-02,17:00,Bangalore,23.7,62,8.1,1016.9,0.0,1,90,26.2,Mild,October,10,Thursday
2025-10-02,18:00,Chennai,29.4,67,10.2,1012.6,0.0,0,70,26.2,Warm,October,10,Thursday
2025-10-02,19:00,Hyderabad,27.3,64,9.7,1014.2,0.0,0,90,26.2,Warm,October,10,Thursday
2025-10-02,20:00,Mumbai,22.1,77,4.0,1014.3,0.0,0,120,26.2,Mild,October,10,Thursday
2025-10-02,21:00,Delhi,20.9,45,8.1,1012.3,0.0,0,145,26.2,Mild,October,10,Thursday
2025-10-02,22:00,Bangalore,16.2,67,10.8,1016.7,0.0,0,53,26.2,Mild,October,10,Thursday
2025-10-02,23:00,Chennai,25.8,74,8.7,1012.3,0.0,0,54,26.2,Warm,October,10,Thursday
2025-10-03,00:00,Hyderabad,25.9,60,10.8,1010.7,0.0,0,82,26.0,Warm,October,10,Friday
2025-10-03,01:00,Mumbai,23.9,74,5.8,1014.8,0.0,0,106,26.0,Mild,October,10,Friday
2025-10-03,02:00,Delhi,16.4,54,10.4,1011.7,10.2,0,138,26.0,Mild,October,10,Friday
2025-10-03,03:00,Bangalore,22.5,63,9.3,1009.4,0.0,0,49,26.0,Mild,October,10,Friday
2025-10-03,04:00,Chennai,25.5,65,11.3,1016.0,0.0,0,75,26.0,Warm,October,10,Friday
2025-10-03,05:00,Hyderabad,28.0,63,11.3,1009.8,20.8,0,79,26.0,Warm,October,10,Friday
2025-10-03,06:00,Mumbai,29.6,72,12.9,1012.5,0.0,0,64,26.0,Warm,October,10,Friday
2025-10-03,07:00,Delhi,26.5,53,9.4,1015.0,0.0,2,173,26.0,Warm,October,10,Friday
2025-10-03,08:00,Bangalore,28.1,62,9.7,1010.6,0.0,2,86,26.0,Warm,October,10,Friday
2025-10-03,09:00,Chennai,30.1,68,7.3,1012.8,0.0,4,96,26.0,Warm,October,10,Friday
2025-10-03,10:00,Hyderabad,29.4,46,3.1,1010.0,0.0,6,99,26.0,Warm,October,10,Friday
2025-10-03,11:00,Mumbai,32.1,64,5.9,1014.5,0.0,7,92,26.0,Warm,October,10,Friday
2025-10-03,12:00,Delhi,28.4,49,6.0,1015.8,0.0,9,171,26.0,Warm,October,10,Friday
2025-10-03,13:00,Bangalore,27.2,62,6.5,1015.5,0.0,7,41,26.0,Warm,October,10,Friday
2025-10-03,14:00,Chennai,32.8,62,8.1,1017.1,0.0,6,84,26.0,Warm,October,10,Friday
2025-10-03,15:00,Hyderabad,31.0,50,11.7,1010.4,0.0,3,80,26.0,Warm,October,10,Friday
2025-10-03,16:00,Mumbai,26.7,72,6.6,1007.3,0.0,4,91,26.0,Warm,October,10,Friday
2025-10-03,17:00,Delhi,23.2,52,6.3,1014.1,0.0,2,179,26.0,Mild,October,10,Friday
2025-10-03,18:00,Bangalore,20.8,76,8.7,1013.1,0.0,0,83,26.0,Mild,October,10,Friday
2025-10-03,19:00,Chennai,26.6,83,2.7,1020.8,0.0,0,67,26.0,Warm,October,10,Friday
2025-10-03,20:00,Hyderabad,24.4,59,13.5,1017.8,0.0,0,99,26.0,Mild,October,10,Friday
2025-10-03,21:00,Mumbai,25.2,78,8.3,1015.1,0.0,0,99,26.0,Warm,October,10,Friday
2025-10-03,22:00,Delhi,21.0,51,10.8,1013.6,0.0,0,165,26.0,Mild,October,10,Friday
2025-10-03,23:00,Bangalore,17.7,72,8.3,1017.4,0.0,0,72,26.0,Mild,October,10,Friday
2025-10-04,00:00,Chennai,23.0,73,9.0,1020.3,0.0,0,68,26.1,Mild,October,10,Saturday
2025-10-04,01:00,Hyderabad,24.6,53,16.4,1010.0,0.0,0,72,26.1,Mild,October,10,Saturday
2025-10-04,02:00,Mumbai,26.2,71,2.2,1012.7,0.0,0,87,26.1,Warm,October,10,Saturday
2025-10-04,03:00,Delhi,20.8,46,10.0,1015.0,0.0,0,139,26.1,Mild,October,10,Saturday
2025-10-04,04:00,Bangalore,22.5,68,7.8,1013.5,0.0,0,79,26.1,Mild,October,10,Saturday
2025-10-04,05:00,Chennai,24.9,68,5.5,1016.5,0.0,0,46,26.1,Mild,October,10,Saturday
2025-10-04,06:00,Hyderabad,31.7,57,8.6,1014.4,0.1,0,78,26.1,Warm,October,10,Saturday
2025-10-04,07:00,Mumbai,30.9,71,8.4,1009.2,0.0,0,77,26.1,Warm,October,10,Saturday
2025-10-04,08:00,Delhi,26.7,49,2.3,1013.7,0.0,3,155,26.1,Warm,October,10,Saturday
2025-10-04,09:00,Bangalore,27.2,61,7.3,1012.0,0.0,4,78,26.1,Warm,October,10,Saturday
2025-10-04,10:00,Chennai,32.9,58,0.0,1010.4,0.0,6,82,26.1,Warm,October,10,Saturday
2025-10-04,11:00,Hyderabad,32.4,48,9.0,1008.3,0.0,7,77,26.1,Warm,October,10,Saturday
2025-10-04,12:00,Mumbai,33.5,68,8.3,1013.1,24.2,9,78,26.1,Warm,October,10,Saturday
2025-10-04,13:00,Delhi,27.0,44,5.2,1017.5,0.0,6,146,26.1,Warm,October,10,Saturday
2025-10-04,14:00,Bangalore,26.9,63,12.7,1013.2,0.0,5,42,26.1,Warm,October,10,Saturday
2025-10-04,15:00,Chennai,30.5,67,9.2,1013.5,0.0,4,70,26.1,Warm,October,10,Saturday
2025-10-04,16:00,Hyderabad,29.9,54,11.5,1012.3,0.0,2,74,26.1,Warm,October,10,Saturday
2025-10-04,17:00,Mumbai,29.3,60,9.3,1014.7,0.0,1,104,26.1,Warm,October,10,Saturday
2025-10-04,18:00,Delhi,22.0,47,6.8,1017.7,0.0,0,153,26.1,Mild,October,10,Saturday
2025-10-04,19:00,Bangalore,19.4,72,10.1,1017.3,0.0,0,70,26.1,Mild,October,10,Saturday
2025-10-04,20:00,Chennai,21.9,71,3.4,1012.4,21.0,0,84,26.1,Mild,October,10,Saturday
2025-10-04,21:00,Hyderabad,22.5,56,9.2,1016.4,0.0,0,67,26.1,Mild,October,10,Saturday
2025-10-04,22:00,Mumbai,22.2,84,12.0,1012.5,0.0,0,119,26.1,Mild,October,10,Saturday
2025-10-04,23:00,Delhi,18.5,52,5.7,1018.0,0.0,0,161,26.1,Mild,October,10,Saturday
2025-10-05,00:00,Bangalore,16.9,72,8.7,1018.2,0.0,0,53,25.7,Mild,October,10,Sunday
2025-10-05,01:00,Chennai,22.9,75,6.7,1011.0,1.7,0,72,25.7,Mild,October,10,Sunday
2025-10-05,02:00,Hyderabad,23.9,59,6.6,1009.4,0.0,0,86,25.7,Mild,October,10,Sunday
2025-10-05,03:00,Mumbai,21.4,87,4.2,1010.3,0.0,0,73,25.7,Mild,October,10,Sunday
2025-10-05,04:00,Delhi,21.5,55,7.8,1014.2,0.0,0,149,25.7,Mild,October,10,Sunday
2025-10-05,05:00,Bangalore,21.8,76,9.6,1018.6,0.0,0,63,25.7,Mild,October,10,Sunday
2025-10-05,06:00,Chennai,30.7,80,10.9,1002.9,0.0,0,75,25.7,Warm,October,10,Sunday
2025-10-05,07:00,Hyderabad,30.7,53,5.2,1007.9,0.0,0,78,25.7,Warm,October,10,Sunday
2025-10-05,08:00,Mumbai,32.3,73,9.6,1010.2,0.0,3,106,25.7,Warm,October,10,Sunday
2025-10-05,09:00,Delhi,28.1,43,8.0,1012.0,0.0,5,170,25.7,Warm,October,10,Sunday
2025-10-05,10:00,Bangalore,26.0,74,11.6,1012.2,0.0,6,57,25.7,Warm,October,10,Sunday
2025-10-05,11:00,Chennai,32.3,69,6.0,1010.4,0.0,8,70,25.7,Warm,October,10,Sunday
2025-10-05,12:00,Hyderabad,30.7,57,10.7,1012.8,0.0,9,73,25.7,Warm,October,10,Sunday
2025-10-05,13:00,Mumbai,31.3,67,10.2,1005.8,0.0,7,86,25.7,Warm,October,10,Sunday
2025-10-05,14:00,Delhi,26.7,53,13.4,1010.8,0.0,5,154,25.7,Warm,October,10,Sunday
2025-10-05,15:00,Bangalore,26.1,68,10.7,1013.8,0.0,4,57,25.7,Warm,October,10,Sunday
2025-10-05,16:00,Chennai,30.2,68,0.0,1013.0,0.0,3,79,25.7,Warm,October,10,Sunday
2025-10-05,17:00,Hyderabad,27.8,55,8.8,1015.2,0.0,1,95,25.7,Warm,October,10,Sunday
2025-10-05,18:00,Mumbai,25.9,74,8.7,1009.2,0.0,0,102,25.7,Warm,October,10,Sunday
2025-10-05,19:00,Delhi,22.6,43,8.6,1011.8,0.0,0,137,25.7,Mild,October,10,Sunday
2025-10-05,20:00,Bangalore,17.8,63,7.6,1010.4,0.0,0,97,25.7,Mild,October,10,Sunday
2025-10-05,21:00,Chennai,23.4,65,10.2,1012.2,0.0,0,70,25.7,Mild,October,10,Sunday
2025-10-05,22:00,Hyderabad,21.6,62,14.9,1014.0,0.0,0,69,25.7,Mild,October,10,Sunday
2025-10-05,23:00,Mumbai,23.7,67,10.0,1016.7,11.3,0,93,25.7,Mild,October,10,Sunday
2025-10-06,00:00,Delhi,17.4,56,5.6,1014.5,0.0,0,147,25.1,Mild,October,10,Monday
2025-10-06,01:00,Bangalore,17.1,64,6.6,1019.9,0.0,0,60,25.1,Mild,October,10,Monday
2025-10-06,02:00,Chennai,22.9,70,6.3,1019.2,0.0,0,70,25.1,Mild,October,10,Monday
2025-10-06,03:00,Hyderabad,25.2,61,8.9,1017.6,0.0,0,61,25.1,Warm,October,10,Monday
2025-10-06,04:00,Mumbai,27.9,70,12.7,1019.5,0.0,0,82,25.1,Warm,October,10,Monday
2025-10-06,05:00,Delhi,22.9,44,2.7,1016.1,0.0,0,164,25.1,Mild,October,10,Monday
2025-10-06,06:00,Bangalore,23.7,67,13.8,1010.4,0.0,0,78,25.1,Mild,October,10,Monday
2025-10-06,07:00,Chennai,31.1,63,5.1,1006.7,0.0,0,76,25.1,Warm,October,10,Monday
2025-10-06,08:00,Hyderabad,35.7,61,9.4,1007.6,0.0,3,89,25.1,Hot,October,10,Monday
2025-10-06,09:00,Mumbai,27.9,72,10.7,1016.5,0.0,4,105,25.1,Warm,October,10,Monday
2025-10-06,10:00,Delhi,25.8,56,6.5,1015.4,0.0,6,188,25.1,Warm,October,10,Monday
2025-10-06,11:00,Bangalore,27.1,58,9.1,1010.3,0.0,7,45,25.1,Warm,October,10,Monday
2025-10-06,12:00,Chennai,33.1,61,9.3,1009.0,0.0,8,77,25.1,Warm,October,10,Monday
2025-10-06,13:00,Hyderabad,32.0,49,6.5,1008.4,24.4,7,67,25.1,Warm,October,10,Monday
2025-10-06,14:00,Mumbai,29.5,67,12.5,1015.0,0.0,6,73,25.1,Warm,October,10,Monday
2025-10-06,15:00,Delhi,26.4,51,8.5,1018.2,0.0,3,169,25.1,Warm,October,10,Monday
2025-10-06,16:00,Bangalore,23.2,71,0.0,1021.5,0.0,3,74,25.1,Mild,October,10,Monday
2025-10-06,17:00,Chennai,25.8,74,7.7,1009.5,0.0,1,102,25.1,Warm,October,10,Monday
2025-10-06,18:00,Hyderabad,26.7,62,12.9,1013.1,0.0,0,113,25.1,Warm,October,10,Monday
2025-10-06,19:00,Mumbai,23.9,71,7.1,1013.8,0.0,0,109,25.1,Mild,October,10,Monday
2025-10-06,20:00,Delhi,18.1,52,11.2,1017.5,0.0,0,160,25.1,Mild,October,10,Monday
2025-10-06,21:00,Bangalore,16.9,76,10.0,1014.9,0.0,0,51,25.1,Mild,October,10,Monday
2025-10-06,22:00,Chennai,21.3,80,8.6,1015.8,0.0,0,70,25.1,Mild,October,10,Monday
2025-10-06,23:00,Hyderabad,21.5,54,6.0,1013.4,0.0,0,82,25.1,Mild,October,10,Monday
2025-10-07,00:00,Mumbai,21.9,74,8.1,1016.7,0.0,0,87,25.6,Mild,October,10,Tuesday
2025-10-07,01:00,Delhi,20.8,50,9.5,1017.0,0.0,0,141,25.6,Mild,October,10,Tuesday
2025-10-07,02:00,Bangalore,20.0,69,8.7,1012.5,0.0,0,80,25.6,Mild,October,10,Tuesday
2025-10-07,03:00,Chennai,26.2,79,10.7,1016.2,0.0,0,68,25.6,Warm,October,10,Tuesday
2025-10-07,04:00,Hyderabad,28.0,61,6.6,1017.9,0.0,0,69,25.6,Warm,October,10,Tuesday
2025-10-07,05:00,Mumbai,27.0,76,6.4,1013.8,0.0,0,91,25.6,Warm,October,10,Tuesday
2025-10-07,06:00,Delhi,25.0,53,9.4,1017.0,0.0,0,145,25.6,Warm,October,10,Tuesday
2025-10-07,07:00,Bangalore,25.3,72,10.1,1012.5,0.0,0,50,25.6,Warm,October,10,Tuesday
2025-10-07,08:00,Chennai,31.8,63,8.7,1012.8,0.0,3,122,25.6,Warm,October,10,Tuesday
2025-10-07,09:00,Hyderabad,32.3,52,5.3,1010.6,0.0,2,99,25.6,Warm,October,10,Tuesday
2025-10-07,10:00,Mumbai,32.9,75,8.0,1018.3,0.0,6,92,25.6,Warm,October,10,Tuesday
2025-10-07,11:00,Delhi,26.6,48,5.3,1011.8,0.0,7,158,25.6,Warm,October,10,Tuesday
2025-10-07,12:00,Bangalore,28.1,58,6.9,1017.5,0.0,9,70,25.6,Warm,October,10,Tuesday
2025-10-07,13:00,Chennai,29.4,74,8.8,1008.2,0.0,7,86,25.6,Warm,October,10,Tuesday
2025-10-07,14:00,Hyderabad,31.3,54,9.9,1013.4,0.0,5,73,25.6,Warm,October,10,Tuesday
2025-10-07,15:00,Mumbai,29.4,65,10.8,1014.9,13.1,5,87,25.6,Warm,October,10,Tuesday
2025-10-07,16:00,Delhi,25.0,47,13.3,1014.3,20.7,3,156,25.6,Warm,October,10,Tuesday
2025-10-07,17:00,Bangalore,21.6,67,7.1,1013.8,0.0,1,63,25.6,Mild,October,10,Tuesday
2025-10-07,18:00,Chennai,26.4,80,6.1,1017.4,0.0,0,80,25.6,Warm,October,10,Tuesday
2025-10-07,19:00,Hyderabad,25.8,53,7.2,1018.8,0.0,0,105,25.6,Warm,October,10,Tuesday
2025-10-07,20:00,Mumbai,22.6,70,10.2,1012.8,0.0,0,80,25.6,Mild,October,10,Tuesday
2025-10-07,21:00,Delhi,18.8,56,8.5,1016.6,0.0,0,147,25.6,Mild,October,10,Tuesday
2025-10-07,22:00,Bangalore,16.6,64,11.5,1015.8,0.0,0,71,25.6,Mild,October,10,Tuesday
2025-10-07,23:00,Chennai,22.0,69,8.6,1014.7,0.0,0,96,25.6,Mild,October,10,Tuesday
2025-10-08,00:00,Hyderabad,22.4,63,8.9,1017.5,0.0,0,72,25.1,Mild,October,10,Wednesday
2025-10-08,01:00,Mumbai,23.0,85,9.2,1019.3,0.0,0,81,25.1,Mild,October,10,Wednesday
2025-10-08,02:00,Delhi,17.6,59,6.8,1019.0,0.0,0,150,25.1,Mild,October,10,Wednesday
2025-10-08,03:00,Bangalore,21.8,65,7.6,1020.0,0.0,0,82,25.1,Mild,October,10,Wednesday
2025-10-08,04:00,Chennai,27.1,72,10.4,1009.4,0.0,0,72,25.1,Warm,October,10,Wednesday
2025-10-08,05:00,Hyderabad,27.6,60,11.3,1009.2,0.0,0,88,25.1,Warm,October,10,Wednesday
2025-10-08,06:00,Mumbai,27.1,75,7.2,1013.4,0.0,0,102,25.1,Warm,October,10,Wednesday
2025-10-08,07:00,Delhi,27.7,48,2.1,1017.2,0.4,1,168,25.1,Warm,October,10,Wednesday
2025-10-08,08:00,Bangalore,26.2,59,6.2,1014.7,0.0,2,85,25.1,Warm,October,10,Wednesday
2025-10-08,09:00,Chennai,29.4,82,6.0,1014.7,0.0,5,74,25.1,Warm,October,10,Wednesday
2025-10-08,10:00,Hyderabad,34.7,54,10.2,1010.2,0.0,5,118,25.1,Warm,October,10,Wednesday
2025-10-08,11:00,Mumbai,30.8,64,9.3,1013.4,0.0,7,89,25.1,Warm,October,10,Wednesday
2025-10-08,12:00,Delhi,26.6,54,7.2,1012.3,0.0,9,157,25.1,Warm,October,10,Wednesday
2025-10-08,13:00,Bangalore,28.8,58,12.0,1017.6,0.0,7,77,25.1,Warm,October,10,Wednesday
2025-10-08,14:00,Chennai,32.1,68,8.9,1009.1,0.0,6,81,25.1,Warm,October,10,Wednesday
2025-10-08,15:00,Hyderabad,30.2,52,5.1,1007.7,0.0,5,58,25.1,Warm,October,10,Wednesday
2025-10-08,16:00,Mumbai,25.0,72,8.3,1017.7,0.0,2,86,25.1,Warm,October,10,Wednesday
2025-10-08,17:00,Delhi,22.9,49,9.7,1020.4,0.0,0,164,25.1,Mild,October,10,Wednesday
2025-10-08,18:00,Bangalore,19.9,64,6.7,1014.6,0.0,0,78,25.1,Mild,October,10,Wednesday
2025-10-08,19:00,Chennai,22.8,73,12.0,1015.7,0.0,0,90,25.1,Mild,October,10,Wednesday
2025-10-08,20:00,Hyderabad,24.9,60,9.5,1015.0,0.0,0,94,25.1,Mild,October,10,Wednesday
2025-10-08,21:00,Mumbai,20.0,82,6.8,1022.0,0.0,0,81,25.1,Mild,October,10,Wednesday
2025-10-08,22:00,Delhi,17.9,56,13.3,1016.2,0.0,0,168,25.1,Mild,October,10,Wednesday
2025-10-08,23:00,Bangalore,15.5,72,10.5,1022.4,0.0,0,68,25.1,Mild,October,10,Wednesday
2025-10-09,00:00,Chennai,22.9,66,10.6,1012.7,0.0,0,74,25.3,Mild,October,10,Thursday
2025-10-09,01:00,Hyderabad,23.6,65,2.7,1018.0,0.0,0,77,25.3,Mild,October,10,Thursday
2025-10-09,02:00,Mumbai,20.5,85,6.2,1018.3,7.8,0,79,25.3,Mild,October,10,Thursday
2025-10-09,03:00,Delhi,20.1,50,9.1,1015.3,0.0,0,157,25.3,Mild,October,10,Thursday
2025-10-09,04:00,Bangalore,18.9,77,12.0,1015.3,0.0,0,67,25.3,Mild,October,10,Thursday
2025-10-09,05:00,Chennai,25.5,68,8.0,1010.3,0.0,0,77,25.3,Warm,October,10,Thursday
2025-10-09,06:00,Hyderabad,29.4,56,10.9,1013.9,0.0,0,72,25.3,Warm,October,10,Thursday
2025-10-09,07:00,Mumbai,31.7,70,10.6,1012.3,0.0,1,102,25.3,Warm,October,10,Thursday
2025-10-09,08:00,Delhi,28.3,45,6.2,1014.6,0.0,2,161,25.3,Warm,October,10,Thursday
2025-10-09,09:00,Bangalore,27.0,64,8.4,1011.0,0.0,3,90,25.3,Warm,October,10,Thursday
2025-10-09,10:00,Chennai,35.1,59,9.0,1015.3,0.0,6,83,25.3,Hot,October,10,Thursday
2025-10-09,11:00,Hyderabad,30.5,55,8.1,1008.7,0.0,7,71,25.3,Warm,October,10,Thursday
2025-10-09,12:00,Mumbai,30.6,72,9.2,1007.9,18.4,9,82,25.3,Warm,October,10,Thursday
2025-10-09,13:00,Delhi,28.8,49,4.4,1009.2,0.0,7,117,25.3,Warm,October,10,Thursday
2025-10-09,14:00,Bangalore,26.1,64,8.7,1015.5,4.0,5,64,25.3,Warm,October,10,Thursday
2025-10-09,15:00,Chennai,28.8,67,4.4,1016.0,0.0,4,86,25.3,Warm,October,10,Thursday
2025-10-09,16:00,Hyderabad,29.8,56,11.9,1011.2,0.0,2,87,25.3,Warm,October,10,Thursday
2025-10-09,17:00,Mumbai,22.7,67,9.3,1009.8,0.0,1,90,25.3,Mild,October,10,Thursday
2025-10-09,18:00,Delhi,20.0,64,11.4,1011.9,0.0,0,148,25.3,Mild,October,10,Thursday
2025-10-09,19:00,Bangalore,20.9,70,10.2,1019.6,0.0,0,78,25.3,Mild,October,10,Thursday
2025-10-09,20:00,Chennai,24.2,65,9.3,1012.9,0.0,0,89,25.3,Mild,October,10,Thursday
2025-10-09,21:00,Hyderabad,22.7,55,0.7,1014.8,0.0,0,85,25.3,Mild,October,10,Thursday
2025-10-09,22:00,Mumbai,21.0,78,3.0,1016.7,0.0,0,88,25.3,Mild,October,10,Thursday
2025-10-09,23:00,Delhi,19.0,56,9.1,1013.8,0.0,0,179,25.3,Mild,October,10,Thursday
2025-10-10,00:00,Bangalore,16.7,64,0.0,1018.0,18.3,0,70,25.0,Mild,October,10,Friday
2025-10-10,01:00,Chennai,20.7,78,6.8,1016.7,0.0,0,87,25.0,Mild,October,10,Friday
2025-10-10,02:00,Hyderabad,23.3,54,6.5,1016.7,0.0,0,99,25.0,Mild,October,10,Friday
2025-10-10,03:00,Mumbai,24.2,75,11.4,1017.3,0.0,0,91,25.0,Mild,October,10,Friday
2025-10-10,04:00,Delhi,19.9,64,6.7,1018.9,0.0,0,145,25.0,Mild,October,10,Friday
2025-10-10,05:00,Bangalore,20.8,68,12.6,1019.7,0.0,0,61,25.0,Mild,October,10,Friday
2025-10-10,06:00,Chennai,31.3,64,2.9,1017.3,0.0,0,85,25.0,Warm,October,10,Friday
2025-10-10,07:00,Hyderabad,31.6,56,7.4,1021.7,0.0,1,69,25.0,Warm,October,10,Friday
2025-10-10,08:00,Mumbai,31.0,66,12.2,1016.1,0.0,3,100,25.0,Warm,October,10,Friday
2025-10-10,09:00,Delhi,28.2,50,4.2,1012.6,0.0,4,159,25.0,Warm,October,10,Friday
2025-10-10,10:00,Bangalore,27.1,54,9.7,1017.1,0.0,5,84,25.0,Warm,October,10,Friday
2025-10-10,11:00,Chennai,28.7,75,13.0,1012.8,0.0,7,74,25.0,Warm,October,10,Friday
2025-10-10,12:00,Hyderabad,32.7,48,6.9,1016.1,0.0,8,88,25.0,Warm,October,10,Friday
2025-10-10,13:00,Mumbai,30.2,70,8.7,1016.5,0.0,7,77,25.0,Warm,October,10,Friday
2025-10-10,14:00,Delhi,25.4,39,9.2,1015.1,0.0,5,158,25.0,Warm,October,10,Friday
2025-10-10,15:00,Bangalore,24.1,65,8.1,1009.4,0.0,4,68,25.0,Mild,October,10,Friday
2025-10-10,16:00,Chennai,27.1,70,12.1,1014.0,0.0,2,81,25.0,Warm,October,10,Friday
2025-10-10,17:00,Hyderabad,28.6,57,9.4,1008.1,0.0,1,81,25.0,Warm,October,10,Friday
2025-10-10,18:00,Mumbai,23.2,80,10.6,1018.2,0.0,0,108,25.0,Mild,October,10,Friday
2025-10-10,19:00,Delhi,21.8,54,7.2,1014.7,0.0,0,174,25.0,Mild,October,10,Friday
2025-10-10,20:00,Bangalore,19.3,57,10.4,1014.5,0.0,0,72,25.0,Mild,October,10,Friday
2025-10-10,21:00,Chennai,20.5,72,5.7,1016.0,0.0,0,87,25.0,Mild,October,10,Friday
2025-10-10,22:00,Hyderabad,21.7,64,10.2,1015.5,0.0,0,86,25.0,Mild,October,10,Friday
2025-10-10,23:00,Mumbai,21.4,77,6.9,1016.5,0.0,0,85,25.0,Mild,October,10,Friday
2025-10-11,00:00,Delhi,16.2,54,1.1,1021.0,0.0,0,154,25.2,Mild,October,10,Saturday
2025-10-11,01:00,Bangalore,18.5,64,7.4,1019.6,0.0,0,54,25.2,Mild,October,10,Saturday
2025-10-11,02:00,Chennai,21.8,76,8.8,1020.0,0.0,0,66,25.2,Mild,October,10,Saturday
2025-10-11,03:00,Hyderabad,24.1,62,7.8,1012.7,0.0,0,73,25.2,Mild,October,10,Saturday
2025-10-11,04:00,Mumbai,26.6,69,7.7,1015.6,0.0,0,87,25.2,Warm,October,10,Saturday
2025-10-11,05:00,Delhi,21.2,54,12.7,1012.0,0.0,0,138,25.2,Mild,October,10,Saturday
2025-10-11,06:00,Bangalore,24.9,60,4.3,1017.7,0.0,0,56,25.2,Mild,October,10,Saturday
2025-10-11,07:00,Chennai,29.6,60,13.3,1011.9,0.0,0,66,25.2,Warm,October,10,Saturday
2025-10-11,08:00,Hyderabad,33.2,56,7.8,1011.3,0.0,2,89,25.2,Warm,October,10,Saturday
2025-10-11,09:00,Mumbai,30.6,67,8.4,1013.8,0.0,3,94,25.2,Warm,October,10,Saturday
2025-10-11,10:00,Delhi,26.1,41,15.2,1008.8,0.0,5,151,25.2,Warm,October,10,Saturday
2025-10-11,11:00,Bangalore,27.7,57,5.6,1011.4,0.0,6,66,25.2,Warm,October,10,Saturday
2025-10-11,12:00,Chennai,34.3,58,5.0,1010.7,0.0,8,70,25.2,Warm,October,10,Saturday
2025-10-11,13:00,Hyderabad,31.6,46,5.7,1012.8,0.0,6,74,25.2,Warm,October,10,Saturday
2025-10-11,14:00,Mumbai,31.7,70,9.2,1014.6,0.0,5,93,25.2,Warm,October,10,Saturday
2025-10-11,15:00,Delhi,25.3,40,11.4,1018.4,0.0,5,163,25.2,Warm,October,10,Saturday
2025-10-11,16:00,Bangalore,22.6,66,8.1,1015.5,0.0,2,46,25.2,Mild,October,10,Saturday
2025-10-11,17:00,Chennai,27.0,79,7.7,1014.6,0.0,1,73,25.2,Warm,October,10,Saturday
2025-10-11,18:00,Hyderabad,28.4,56,7.1,1006.1,0.0,0,80,25.2,Warm,October,10,Saturday
2025-10-11,19:00,Mumbai,23.0,72,12.0,1015.8,0.0,0,105,25.2,Mild,October,10,Saturday
2025-10-11,20:00,Delhi,17.6,62,11.5,1014.5,0.0,0,142,25.2,Mild,October,10,Saturday
2025-10-11,21:00,Bangalore,17.7,73,7.5,1017.2,0.0,0,59,25.2,Mild,October,10,Saturday
2025-10-11,22:00,Chennai,21.7,82,8.9,1015.9,0.0,0,77,25.2,Mild,October,10,Saturday
2025-10-11,23:00,Hyderabad,23.2,63,10.1,1015.1,4.6,0,71,25.2,Mild,October,10,Saturday
2025-10-12,00:00,Mumbai,21.2,75,8.3,1014.3,0.0,0,108,24.9,Mild,October,10,Sunday
2025-10-12,01:00,Delhi,16.8,49,9.4,1019.6,0.0,0,153,24.9,Mild,October,10,Sunday
2025-10-12,02:00,Bangalore,19.4,72,9.6,1020.0,0.0,0,78,24.9,Mild,October,10,Sunday
2025-10-12,03:00,Chennai,23.8,64,8.6,1012.2,0.0,0,100,24.9,Mild,October,10,Sunday
2025-10-12,04:00,Hyderabad,27.4,60,9.9,1019.0,0.0,0,93,24.9,Warm,October,10,Sunday
2025-10-12,05:00,Mumbai,25.0,69,7.3,1014.1,23.0,0,77,24.9,Warm,October,10,Sunday
2025-10-12,06:00,Delhi,24.4,53,8.3,1015.6,0.0,0,151,24.9,Mild,October,10,Sunday
2025-10-12,07:00,Bangalore,23.8,65,5.2,1010.4,0.0,1,43,24.9,Mild,October,10,Sunday
2025-10-12,08:00,Chennai,31.7,67,7.9,1010.3,0.0,3,87,24.9,Warm,October,10,Sunday
2025-10-12,09:00,Hyderabad,30.3,55,14.3,1007.3,0.0,4,77,24.9,Warm,October,10,Sunday
2025-10-12,10:00,Mumbai,33.2,64,12.9,1013.4,0.0,6,102,24.9,Warm,October,10,Sunday
2025-10-12,11:00,Delhi,27.6,44,12.2,1013.1,0.0,7,156,24.9,Warm,October,10,Sunday
2025-10-12,12:00,Bangalore,28.2,62,8.7,1015.2,0.0,8,62,24.9,Warm,October,10,Sunday
2025-10-12,13:00,Chennai,33.3,64,9.0,1012.8,0.0,8,78,24.9,Warm,October,10,Sunday
2025-10-12,14:00,Hyderabad,32.1,52,12.6,1007.5,0.0,7,53,24.9,Warm,October,10,Sunday
2025-10-12,15:00,Mumbai,27.3,62,8.2,1012.2,0.0,4,77,24.9,Warm,October,10,Sunday
2025-10-12,16:00,Delhi,24.9,46,6.4,1016.5,0.0,3,140,24.9,Mild,October,10,Sunday
2025-10-12,17:00,Bangalore,21.2,62,10.8,1013.9,0.0,0,90,24.9,Mild,October,10,Sunday
2025-10-12,18:00,Chennai,24.1,70,7.8,1015.3,0.0,0,89,24.9,Mild,October,10,Sunday
2025-10-12,19:00,Hyderabad,24.9,57,11.8,1016.3,0.0,0,94,24.9,Mild,October,10,Sunday
2025-10-12,20:00,Mumbai,22.9,82,9.2,1012.8,0.0,0,91,24.9,Mild,October,10,Sunday
2025-10-12,21:00,Delhi,16.6,56,6.4,1018.6,0.0,0,134,24.9,Mild,October,10,Sunday
2025-10-12,22:00,Bangalore,15.9,80,5.9,1023.0,0.0,0,68,24.9,Mild,October,10,Sunday
2025-10-12,23:00,Chennai,22.4,85,9.2,1018.0,0.0,0,87,24.9,Mild,October,10,Sunday
2025-10-13,00:00,Hyderabad,19.5,61,12.3,1019.1,0.0,0,65,25.2,Mild,October,10,Monday
2025-10-13,01:00,Mumbai,20.2,82,7.4,1013.8,0.0,0,71,25.2,Mild,October,10,Monday
2025-10-13,02:00,Delhi,18.4,54,7.3,1023.3,0.0,0,150,25.2,Mild,October,10,Monday
2025-10-13,03:00,Bangalore,18.1,59,12.0,1014.5,0.0,0,61,25.2,Mild,October,10,Monday
2025-10-13,04:00,Chennai,26.6,74,5.2,1016.1,2.7,0,85,25.2,Warm,October,10,Monday
2025-10-13,05:00,Hyderabad,27.3,49,10.1,1011.2,0.0,0,76,25.2,Warm,October,10,Monday
2025-10-13,06:00,Mumbai,26.6,71,4.8,1012.1,0.0,0,93,25.2,Warm,October,10,Monday
2025-10-13,07:00,Delhi,22.7,42,2.9,1011.3,24.6,1,158,25.2,Mild,October,10,Monday
2025-10-13,08:00,Bangalore,27.2,63,8.6,1012.8,0.0,2,86,25.2,Warm,October,10,Monday
2025-10-13,09:00,Chennai,31.3,67,4.0,1013.9,0.0,4,84,25.2,Warm,October,10,Monday
2025-10-13,10:00,Hyderabad,33.7,54,7.7,1012.1,19.1,5,70,25.2,Warm,October,10,Monday
2025-10-13,11:00,Mumbai,32.7,65,6.3,1010.6,0.0,6,99,25.2,Warm,October,10,Monday
2025-10-13,12:00,Delhi,28.4,40,9.4,1012.3,0.0,8,148,25.2,Warm,October,10,Monday
2025-10-13,13:00,Bangalore,26.8,64,6.3,1009.8,0.0,8,72,25.2,Warm,October,10,Monday
2025-10-13,14:00,Chennai,32.1,62,10.2,1011.3,0.0,6,88,25.2,Warm,October,10,Monday
2025-10-13,15:00,Hyderabad,33.2,49,11.6,1007.8,0.0,3,74,25.2,Warm,October,10,Monday
2025-10-13,16:00,Mumbai,29.8,58,8.1,1013.3,0.0,2,75,25.2,Warm,October,10,Monday
2025-10-13,17:00,Delhi,23.2,48,2.6,1013.2,0.0,1,149,25.2,Mild,October,10,Monday
2025-10-13,18:00,Bangalore,20.2,81,2.7,1012.3,0.0,0,73,25.2,Mild,October,10,Monday
2025-10-13,19:00,Chennai,25.7,70,5.4,1008.8,0.0,0,81,25.2,Warm,October,10,Monday
2025-10-13,20:00,Hyderabad,25.7,60,7.5,1010.4,0.0,0,97,25.2,Warm,October,10,Monday
2025-10-13,21:00,Mumbai,21.4,71,11.1,1015.0,0.0,0,96,25.2,Mild,October,10,Monday
2025-10-13,22:00,Delhi,16.9,60,14.1,1017.0,0.0,0,138,25.2,Mild,October,10,Monday
2025-10-13,23:00,Bangalore,18.1,68,7.4,1016.5,0.0,0,61,25.2,Mild,October,10,Monday
2025-10-14,00:00,Chennai,21.1,70,15.4,1016.0,0.0,0,54,25.3,Mild,October,10,Tuesday
2025-10-14,01:00,Hyderabad,23.1,63,4.9,1017.5,0.0,0,81,25.3,Mild,October,10,Tuesday
2025-10-14,02:00,Mumbai,22.6,71,10.7,1011.9,0.0,0,85,25.3,Mild,October,10,Tuesday
2025-10-14,03:00,Delhi,19.4,52,9.2,1016.7,0.0,0,128,25.3,Mild,October,10,Tuesday
2025-10-14,04:00,Bangalore,21.5,74,7.6,1013.2,0.0,0,89,25.3,Mild,October,10,Tuesday
2025-10-14,05:00,Chennai,26.1,74,10.6,1014.5,21.8,0,105,25.3,Warm,October,10,Tuesday
2025-10-14,06:00,Hyderabad,27.7,56,10.6,1010.3,0.0,0,90,25.3,Warm,October,10,Tuesday
2025-10-14,07:00,Mumbai,29.7,68,8.1,1009.2,0.0,1,89,25.3,Warm,October,10,Tuesday
2025-10-14,08:00,Delhi,29.7,36,8.5,1016.6,0.0,2,157,25.3,Warm,October,10,Tuesday
2025-10-14,09:00,Bangalore,24.2,60,8.0,1011.5,0.0,5,70,25.3,Mild,October,10,Tuesday
2025-10-14,10:00,Chennai,30.1,62,7.1,1014.3,0.0,5,81,25.3,Warm,October,10,Tuesday
2025-10-14,11:00,Hyderabad,32.7,53,7.6,1011.2,16.7,7,66,25.3,Warm,October,10,Tuesday
2025-10-14,12:00,Mumbai,31.0,66,7.1,1016.7,0.0,8,91,25.3,Warm,October,10,Tuesday
2025-10-14,13:00,Delhi,24.6,47,8.9,1014.2,0.0,6,188,25.3,Mild,October,10,Tuesday
2025-10-14,14:00,Bangalore,24.0,72,7.1,1013.8,0.0,6,46,25.3,Mild,October,10,Tuesday
2025-10-14,15:00,Chennai,31.7,70,5.7,1015.1,0.0,4,100,25.3,Warm,October,10,Tuesday
2025-10-14,16:00,Hyderabad,30.2,54,7.8,1011.1,7.6,3,81,25.3,Warm,October,10,Tuesday
2025-10-14,17:00,Mumbai,25.9,75,4.2,1013.9,0.0,1,110,25.3,Warm,October,10,Tuesday
2025-10-14,18:00,Delhi,22.9,51,5.5,1016.1,9.4,1,190,25.3,Mild,October,10,Tuesday
2025-10-14,19:00,Bangalore,19.4,69,8.8,1018.9,0.0,0,79,25.3,Mild,October,10,Tuesday
2025-10-14,20:00,Chennai,23.0,76,5.2,1017.2,0.0,0,51,25.3,Mild,October,10,Tuesday
2025-10-14,21:00,Hyderabad,26.1,59,2.6,1018.0,0.0,0,78,25.3,Warm,October,10,Tuesday
2025-10-14,22:00,Mumbai,22.2,74,9.0,1016.3,0.0,0,81,25.3,Mild,October,10,Tuesday
2025-10-14,23:00,Delhi,18.4,63,6.0,1021.3,0.0,0,157,25.3,Mild,October,10,Tuesday
2025-10-15,00:00,Bangalore,15.0,74,10.8,1020.4,0.0,0,69,24.9,Mild,October,10,Wednesday
2025-10-15,01:00,Chennai,22.7,75,4.4,1012.6,0.0,0,61,24.9,Mild,October,10,Wednesday
2025-10-15,02:00,Hyderabad,25.4,63,5.4,1013.8,0.0,0,80,24.9,Warm,October,10,Wednesday
2025-10-15,03:00,Mumbai,24.1,79,9.8,1015.0,0.0,0,96,24.9,Mild,October,10,Wednesday
2025-10-15,04:00,Delhi,19.1,60,8.7,1018.2,0.0,0,141,24.9,Mild,October,10,Wednesday
2025-10-15,05:00,Bangalore,21.8,60,5.4,1020.0,0.0,0,64,24.9,Mild,October,10,Wednesday
2025-10-15,06:00,Chennai,28.9,70,10.6,1011.2,0.0,0,59,24.9,Warm,October,10,Wednesday
2025-10-15,07:00,Hyderabad,32.3,51,5.8,1011.5,0.0,1,61,24.9,Warm,October,10,Wednesday
2025-10-15,08:00,Mumbai,29.9,69,8.0,1011.8,0.0,2,97,24.9,Warm,October,10,Wednesday
2025-10-15,09:00,Delhi,24.6,56,10.5,1015.0,0.0,4,161,24.9,Mild,October,10,Wednesday
2025-10-15,10:00,Bangalore,25.5,64,10.3,1015.0,0.0,5,93,24.9,Warm,October,10,Wednesday
2025-10-15,11:00,Chennai,31.6,66,6.6,1009.1,0.0,7,76,24.9,Warm,October,10,Wednesday
2025-10-15,12:00,Hyderabad,34.8,42,8.5,1008.1,0.0,7,90,24.9,Warm,October,10,Wednesday
2025-10-15,13:00,Mumbai,33.7,67,8.9,1010.2,0.0,7,85,24.9,Warm,October,10,Wednesday
2025-10-15,14:00,Delhi,27.7,42,4.0,1014.6,0.0,5,153,24.9,Warm,October,10,Wednesday
2025-10-15,15:00,Bangalore,21.4,75,11.6,1012.7,0.0,3,74,24.9,Mild,October,10,Wednesday
2025-10-15,16:00,Chennai,28.0,75,12.7,1017.6,19.6,2,65,24.9,Warm,October,10,Wednesday
2025-10-15,17:00,Hyderabad,26.1,60,10.1,1014.9,0.0,1,100,24.9,Warm,October,10,Wednesday
2025-10-15,18:00,Mumbai,22.6,79,7.3,1014.3,0.0,0,101,24.9,Mild,October,10,Wednesday
2025-10-15,19:00,Delhi,19.0,68,9.9,1021.1,0.0,0,152,24.9,Mild,October,10,Wednesday
2025-10-15,20:00,Bangalore,17.0,70,6.9,1012.8,0.0,0,84,24.9,Mild,October,10,Wednesday
2025-10-15,21:00,Chennai,25.5,67,7.7,1009.3,15.7,0,74,24.9,Warm,October,10,Wednesday
2025-10-15,22:00,Hyderabad,22.2,63,12.4,1014.1,0.0,0,36,24.9,Mild,October,10,Wednesday
2025-10-15,23:00,Mumbai,19.1,77,8.7,1013.8,0.0,0,98,24.9,Mild,October,10,Wednesday
2025-10-16,00:00,Delhi,17.1,56,8.9,1017.9,0.0,0,172,24.1,Mild,October,10,Thursday
2025-10-16,01:00,Bangalore,17.2,67,5.3,1016.0,0.0,0,48,24.1,Mild,October,10,Thursday
2025-10-16,02:00,Chennai,23.0,76,6.7,1014.4,0.0,0,83,24.1,Mild,October,10,Thursday
2025-10-16,03:00,Hyderabad,24.0,58,7.0,1014.9,0.0,0,89,24.1,Mild,October,10,Thursday
2025-10-16,04:00,Mumbai,22.3,74,13.5,1014.8,0.0,0,71,24.1,Mild,October,10,Thursday
2025-10-16,05:00,Delhi,20.9,60,10.8,1014.2,0.0,0,177,24.1,Mild,October,10,Thursday
2025-10-16,06:00,Bangalore,22.6,69,11.4,1013.1,0.0,0,69,24.1,Mild,October,10,Thursday
2025-10-16,07:00,Chennai,28.0,70,8.8,1013.0,0.0,1,65,24.1,Warm,October,10,Thursday
2025-10-16,08:00,Hyderabad,31.4,55,9.6,1009.9,0.0,1,80,24.1,Warm,October,10,Thursday
2025-10-16,09:00,Mumbai,30.7,65,9.8,1011.0,0.0,4,94,24.1,Warm,October,10,Thursday
2025-10-16,10:00,Delhi,27.0,49,7.3,1016.4,0.0,5,151,24.1,Warm,October,10,Thursday
2025-10-16,11:00,Bangalore,24.1,64,5.7,1016.6,0.0,7,54,24.1,Mild,October,10,Thursday
2025-10-16,12:00,Chennai,32.1,63,11.4,1012.0,0.0,8,82,24.1,Warm,October,10,Thursday
2025-10-16,13:00,Hyderabad,30.8,52,4.2,1014.3,0.0,6,92,24.1,Warm,October,10,Thursday
2025-10-16,14:00,Mumbai,28.1,67,0.0,1014.8,0.0,6,89,24.1,Warm,October,10,Thursday
2025-10-16,15:00,Delhi,26.0,48,9.3,1016.1,0.0,3,168,24.1,Warm,October,10,Thursday
2025-10-16,16:00,Bangalore,23.3,57,10.7,1011.4,0.0,3,70,24.1,Mild,October,10,Thursday
2025-10-16,17:00,Chennai,27.1,73,10.2,1011.4,0.0,0,99,24.1,Warm,October,10,Thursday
2025-10-16,18:00,Hyderabad,24.9,56,8.4,1013.7,0.0,0,88,24.1,Mild,October,10,Thursday
2025-10-16,19:00,Mumbai,23.7,86,4.5,1012.2,0.0,0,91,24.1,Mild,October,10,Thursday
2025-10-16,20:00,Delhi,18.9,54,10.9,1016.4,0.0,0,165,24.1,Mild,October,10,Thursday
2025-10-16,21:00,Bangalore,13.2,71,5.3,1018.7,0.0,0,81,24.1,Cold,October,10,Thursday
2025-10-16,22:00,Chennai,19.9,87,6.6,1016.7,0.0,0,79,24.1,Mild,October,10,Thursday
2025-10-16,23:00,Hyderabad,23.2,52,7.1,1016.0,13.1,0,81,24.1,Mild,October,10,Thursday
2025-10-17,00:00,Mumbai,19.0,76,4.6,1016.0,0.0,0,84,24.6,Mild,October,10,Friday
2025-10-17,01:00,Delhi,21.0,59,6.6,1014.4,0.0,0,157,24.6,Mild,October,10,Friday
2025-10-17,02:00,Bangalore,15.6,71,9.6,1015.4,0.0,0,55,24.6,Mild,October,10,Friday
2025-10-17,03:00,Chennai,22.7,68,3.3,1008.1,0.0,0,77,24.6,Mild,October,10,Friday
2025-10-17,04:00,Hyderabad,25.1,57,12.4,1013.3,0.0,0,60,24.6,Warm,October,10,Friday
2025-10-17,05:00,Mumbai,24.9,71,10.9,1009.2,0.0,0,92,24.6,Mild,October,10,Friday
2025-10-17,06:00,Delhi,24.8,48,10.0,1010.9,0.0,0,161,24.6,Mild,October,10,Friday
2025-10-17,07:00,Bangalore,22.2,73,10.4,1015.5,0.0,1,66,24.6,Mild,October,10,Friday
2025-10-17,08:00,Chennai,31.0,68,12.3,1010.2,0.0,2,94,24.6,Warm,October,10,Friday
2025-10-17,09:00,Hyderabad,32.6,43,7.9,1011.7,0.0,3,112,24.6,Warm,October,10,Friday
2025-10-17,10:00,Mumbai,33.1,70,11.0,1014.8,0.0,4,101,24.6,Warm,October,10,Friday
2025-10-17,11:00,Delhi,26.9,53,12.7,1010.7,0.0,6,158,24.6,Warm,October,10,Friday
2025-10-17,12:00,Bangalore,28.4,65,7.9,1012.1,9.7,8,45,24.6,Warm,October,10,Friday
2025-10-17,13:00,Chennai,29.2,62,12.3,1012.0,0.0,7,62,24.6,Warm,October,10,Friday
2025-10-17,14:00,Hyderabad,30.1,52,7.3,1008.1,2.8,6,76,24.6,Warm,October,10,Friday
2025-10-17,15:00,Mumbai,28.2,69,16.0,1013.6,0.0,3,107,24.6,Warm,October,10,Friday
2025-10-17,16:00,Delhi,25.6,49,10.9,1012.5,24.6,3,161,24.6,Warm,October,10,Friday
2025-10-17,17:00,Bangalore,21.4,61,10.0,1013.0,0.0,1,92,24.6,Mild,October,10,Friday
2025-10-17,18:00,Chennai,24.3,68,5.0,1016.8,0.0,0,95,24.6,Mild,October,10,Friday
2025-10-17,19:00,Hyderabad,22.4,52,6.4,1014.5,0.0,0,98,24.6,Mild,October,10,Friday
2025-10-17,20:00,Mumbai,24.4,65,11.1,1017.2,4.1,0,76,24.6,Mild,October,10,Friday
2025-10-17,21:00,Delhi,20.3,50,8.3,1016.5,0.0,0,145,24.6,Mild,October,10,Friday
2025-10-17,22:00,Bangalore,16.1,70,13.1,1011.7,0.0,0,76,24.6,Mild,October,10,Friday
2025-10-17,23:00,Chennai,21.7,74,8.7,1020.6,0.0,0,79,24.6,Mild,October,10,Friday
2025-10-18,00:00,Hyderabad,19.1,59,7.2,1014.7,0.0,0,70,24.1,Mild,October,10,Saturday
2025-10-18,01:00,Mumbai,20.7,82,3.6,1012.9,0.0,0,108,24.1,Mild,October,10,Saturday
2025-10-18,02:00,Delhi,18.4,59,9.2,1013.5,9.3,0,173,24.1,Mild,October,10,Saturday
2025-10-18,03:00,Bangalore,16.5,75,9.0,1018.8,0.0,0,109,24.1,Mild,October,10,Saturday
2025-10-18,04:00,Chennai,25.6,69,10.9,1013.0,0.0,0,74,24.1,Warm,October,10,Saturday
2025-10-18,05:00,Hyderabad,28.7,61,4.3,1015.6,0.0,0,88,24.1,Warm,October,10,Saturday
2025-10-18,06:00,Mumbai,25.6,77,5.5,1011.2,0.0,0,105,24.1,Warm,October,10,Saturday
2025-10-18,07:00,Delhi,27.0,44,6.6,1018.8,0.0,0,166,24.1,Warm,October,10,Saturday
2025-10-18,08:00,Bangalore,24.4,79,5.3,1017.7,0.0,2,86,24.1,Mild,October,10,Saturday
2025-10-18,09:00,Chennai,33.0,70,14.6,1010.4,16.2,4,109,24.1,Warm,October,10,Saturday
2025-10-18,10:00,Hyderabad,30.3,54,9.1,1012.5,0.0,5,103,24.1,Warm,October,10,Saturday
2025-10-18,11:00,Mumbai,28.9,79,5.4,1012.2,0.0,7,101,24.1,Warm,October,10,Saturday
2025-10-18,12:00,Delhi,26.7,40,7.6,1015.9,8.7,8,141,24.1,Warm,October,10,Saturday
2025-10-18,13:00,Bangalore,26.4,58,9.1,1013.9,0.0,7,62,24.1,Warm,October,10,Saturday
2025-10-18,14:00,Chennai,30.1,64,3.1,1012.1,0.0,6,73,24.1,Warm,October,10,Saturday
2025-10-18,15:00,Hyderabad,31.2,52,6.2,1016.5,0.0,4,66,24.1,Warm,October,10,Saturday
2025-10-18,16:00,Mumbai,24.6,70,6.4,1014.8,0.0,3,82,24.1,Mild,October,10,Saturday
2025-10-18,17:00,Delhi,21.9,50,8.3,1012.9,0.0,1,176,24.1,Mild,October,10,Saturday
2025-10-18,18:00,Bangalore,18.9,71,14.2,1015.5,0.0,0,86,24.1,Mild,October,10,Saturday
2025-10-18,19:00,Chennai,25.3,68,6.0,1011.9,0.0,0,108,24.1,Warm,October,10,Saturday
2025-10-18,20:00,Hyderabad,22.5,61,13.0,1018.1,0.0,0,104,24.1,Mild,October,10,Saturday
2025-10-18,21:00,Mumbai,20.0,81,4.9,1009.9,0.0,0,86,24.1,Mild,October,10,Saturday
2025-10-18,22:00,Delhi,17.9,61,6.8,1017.8,0.0,0,175,24.1,Mild,October,10,Saturday
2025-10-18,23:00,Bangalore,15.8,76,5.4,1013.8,0.0,0,71,24.1,Mild,October,10,Saturday
2025-10-19,00:00,Chennai,22.4,76,14.3,1015.7,0.0,0,75,24.6,Mild,October,10,Sunday
2025-10-19,01:00,Hyderabad,23.9,47,5.2,1017.9,0.0,0,71,24.6,Mild,October,10,Sunday
2025-10-19,02:00,Mumbai,24.5,69,6.7,1011.9,0.0,0,93,24.6,Mild,October,10,Sunday
2025-10-19,03:00,Delhi,21.9,53,6.5,1016.9,0.0,0,159,24.6,Mild,October,10,Sunday
2025-10-19,04:00,Bangalore,20.3,60,10.9,1021.8,0.0,0,84,24.6,Mild,October,10,Sunday
2025-10-19,05:00,Chennai,22.4,68,6.9,1019.5,0.0,0,60,24.6,Mild,October,10,Sunday
2025-10-19,06:00,Hyderabad,28.5,62,8.3,1013.1,0.0,0,82,24.6,Warm,October,10,Sunday
2025-10-19,07:00,Mumbai,26.3,71,7.5,1017.3,0.0,1,104,24.6,Warm,October,10,Sunday
2025-10-19,08:00,Delhi,24.0,55,6.9,1013.8,0.0,2,173,24.6,Mild,October,10,Sunday
2025-10-19,09:00,Bangalore,23.7,59,6.9,1013.8,0.0,3,89,24.6,Mild,October,10,Sunday
2025-10-19,10:00,Chennai,31.9,63,7.3,1011.4,0.0,5,94,24.6,Warm,October,10,Sunday
2025-10-19,11:00,Hyderabad,31.8,58,8.3,1009.1,0.0,6,79,24.6,Warm,October,10,Sunday
2025-10-19,12:00,Mumbai,30.5,68,7.1,1011.3,0.0,8,85,24.6,Warm,October,10,Sunday
2025-10-19,13:00,Delhi,25.0,48,6.8,1015.8,0.0,7,145,24.6,Warm,October,10,Sunday
2025-10-19,14:00,Bangalore,25.6,62,8.1,1014.9,3.8,5,77,24.6,Warm,October,10,Sunday
2025-10-19,15:00,Chennai,30.4,70,10.6,1015.8,0.0,3,80,24.6,Warm,October,10,Sunday
2025-10-19,16:00,Hyderabad,28.6,56,6.5,1014.6,0.0,2,75,24.6,Warm,October,10,Sunday
2025-10-19,17:00,Mumbai,25.4,71,9.4,1013.9,9.6,2,88,24.6,Warm,October,10,Sunday
2025-10-19,18:00,Delhi,21.3,59,4.6,1023.8,0.0,0,163,24.6,Mild,October,10,Sunday
2025-10-19,19:00,Bangalore,19.2,71,3.1,1011.1,0.0,0,90,24.6,Mild,October,10,Sunday
2025-10-19,20:00,Chennai,22.5,69,5.9,1014.3,0.0,0,105,24.6,Mild,October,10,Sunday
2025-10-19,21:00,Hyderabad,22.4,57,11.7,1017.6,0.0,0,89,24.6,Mild,October,10,Sunday
2025-10-19,22:00,Mumbai,22.1,72,9.2,1014.1,0.0,0,102,24.6,Mild,October,10,Sunday
2025-10-19,23:00,Delhi,15.0,53,6.5,1019.2,0.0,0,151,24.6,Mild,October,10,Sunday
2025-10-20,00:00,Bangalore,15.9,60,11.1,1019.0,0.0,0,71,24.2,Mild,October,10,Monday
2025-10-20,01:00,Chennai,22.7,76,3.9,1019.6,0.0,0,80,24.2,Mild,October,10,Monday
2025-10-20,02:00,Hyderabad,20.5,53,14.2,1015.9,0.0,0,97,24.2,Mild,October,10,Monday
2025-10-20,03:00,Mumbai,22.6,78,9.6,1017.1,0.0,0,88,24.2,Mild,October,10,Monday
2025-10-20,04:00,Delhi,19.4,54,4.5,1016.1,0.0,0,146,24.2,Mild,October,10,Monday
2025-10-20,05:00,Bangalore,20.1,68,8.0,1017.7,0.0,0,69,24.2,Mild,October,10,Monday
2025-10-20,06:00,Chennai,28.0,72,8.5,1010.5,0.0,0,53,24.2,Warm,October,10,Monday
2025-10-20,07:00,Hyderabad,29.2,61,9.8,1016.4,0.0,2,81,24.2,Warm,October,10,Monday
2025-10-20,08:00,Mumbai,28.7,70,9.3,1011.2,0.0,3,108,24.2,Warm,October,10,Monday
2025-10-20,09:00,Delhi,25.2,52,2.6,1016.2,0.0,3,176,24.2,Warm,October,10,Monday
2025-10-20,10:00,Bangalore,28.1,58,12.2,1007.7,0.0,5,77,24.2,Warm,October,10,Monday
2025-10-20,11:00,Chennai,31.4,66,8.9,1009.2,0.0,6,114,24.2,Warm,October,10,Monday
2025-10-20,12:00,Hyderabad,31.3,57,9.3,1010.3,0.0,8,90,24.2,Warm,October,10,Monday
2025-10-20,13:00,Mumbai,28.4,74,7.7,1012.0,0.0,7,82,24.2,Warm,October,10,Monday
2025-10-20,14:00,Delhi,24.9,52,3.1,1015.6,0.0,5,137,24.2,Mild,October,10,Monday
2025-10-20,15:00,Bangalore,25.0,57,11.2,1018.7,0.0,3,67,24.2,Warm,October,10,Monday
2025-10-20,16:00,Chennai,28.4,68,7.6,1009.3,0.0,3,59,24.2,Warm,October,10,Monday
2025-10-20,17:00,Hyderabad,27.2,53,5.7,1015.0,0.0,1,88,24.2,Warm,October,10,Monday
2025-10-20,18:00,Mumbai,23.9,66,8.8,1016.0,0.0,0,112,24.2,Mild,October,10,Monday
2025-10-20,19:00,Delhi,21.8,41,6.3,1021.6,0.0,0,172,24.2,Mild,October,10,Monday
2025-10-20,20:00,Bangalore,17.4,72,7.8,1016.8,0.0,0,101,24.2,Mild,October,10,Monday
2025-10-20,21:00,Chennai,21.7,79,3.3,1018.2,0.0,0,77,24.2,Mild,October,10,Monday
2025-10-20,22:00,Hyderabad,20.4,70,6.8,1018.0,0.0,0,61,24.2,Mild,October,10,Monday
2025-10-20,23:00,Mumbai,19.4,88,8.2,1016.4,0.0,0,93,24.2,Mild,October,10,Monday
2025-10-21,00:00,Delhi,19.4,51,7.6,1016.6,0.0,0,166,24.4,Mild,October,10,Tuesday
2025-10-21,01:00,Bangalore,18.4,72,11.6,1013.9,0.0,0,91,24.4,Mild,October,10,Tuesday
2025-10-21,02:00,Chennai,22.5,75,7.0,1019.6,0.0,0,84,24.4,Mild,October,10,Tuesday
2025-10-21,03:00,Hyderabad,22.5,53,8.7,1018.0,0.0,0,82,24.4,Mild,October,10,Tuesday
2025-10-21,04:00,Mumbai,24.6,70,10.6,1014.1,19.4,0,77,24.4,Mild,October,10,Tuesday
2025-10-21,05:00,Delhi,19.6,60,3.9,1017.5,22.2,0,156,24.4,Mild,October,10,Tuesday
2025-10-21,06:00,Bangalore,20.3,68,6.4,1017.9,23.5,0,60,24.4,Mild,October,10,Tuesday
2025-10-21,07:00,Chennai,28.2,75,8.7,1013.3,11.5,1,78,24.4,Warm,October,10,Tuesday
2025-10-21,08:00,Hyderabad,32.9,50,5.6,1010.6,0.0,2,84,24.4,Warm,October,10,Tuesday
2025-10-21,09:00,Mumbai,28.4,74,4.8,1012.0,0.0,4,94,24.4,Warm,October,10,Tuesday
2025-10-21,10:00,Delhi,27.7,46,3.4,1015.8,1.6,5,152,24.4,Warm,October,10,Tuesday
2025-10-21,11:00,Bangalore,28.4,51,7.9,1019.5,0.0,5,61,24.4,Warm,October,10,Tuesday
2025-10-21,12:00,Chennai,34.8,67,12.4,1010.5,9.5,9,84,24.4,Warm,October,10,Tuesday
2025-10-21,13:00,Hyderabad,31.2,52,9.0,1016.0,0.0,6,91,24.4,Warm,October,10,Tuesday
2025-10-21,14:00,Mumbai,27.9,71,4.9,1012.1,0.0,6,86,24.4,Warm,October,10,Tuesday
2025-10-21,15:00,Delhi,21.6,60,4.7,1014.0,0.0,4,150,24.4,Mild,October,10,Tuesday
2025-10-21,16:00,Bangalore,24.8,61,13.9,1016.9,0.0,3,67,24.4,Mild,October,10,Tuesday
2025-10-21,17:00,Chennai,25.1,68,13.2,1010.7,0.0,1,82,24.4,Warm,October,10,Tuesday
2025-10-21,18:00,Hyderabad,25.4,60,5.4,1014.1,0.0,0,93,24.4,Warm,October,10,Tuesday
2025-10-21,19:00,Mumbai,23.7,79,8.2,1012.3,0.0,0,98,24.4,Mild,October,10,Tuesday
2025-10-21,20:00,Delhi,19.2,48,2.7,1015.3,0.0,0,144,24.4,Mild,October,10,Tuesday
2025-10-21,21:00,Bangalore,15.4,76,8.5,1016.3,0.0,0,50,24.4,Mild,October,10,Tuesday
2025-10-21,22:00,Chennai,22.8,79,3.2,1011.9,0.0,0,55,24.4,Mild,October,10,Tuesday
2025-10-21,23:00,Hyderabad,20.8,69,5.8,1020.7,0.0,0,81,24.4,Mild,October,10,Tuesday
2025-10-22,00:00,Mumbai,21.4,80,6.8,1017.2,0.0,0,76,23.9,Mild,October,10,Wednesday
2025-10-22,01:00,Delhi,15.0,51,11.4,1012.2,0.0,0,156,23.9,Mild,October,10,Wednesday
2025-10-22,02:00,Bangalore,17.5,73,6.4,1018.8,0.0,0,76,23.9,Mild,October,10,Wednesday
2025-10-22,03:00,Chennai,21.0,90,16.7,1015.6,0.0,0,69,23.9,Mild,October,10,Wednesday
2025-10-22,04:00,Hyderabad,26.3,60,9.0,1017.8,0.0,0,97,23.9,Warm,October,10,Wednesday
2025-10-22,05:00,Mumbai,23.5,73,6.9,1017.7,0.0,0,96,23.9,Mild,October,10,Wednesday
2025-10-22,06:00,Delhi,23.4,56,6.9,1014.6,0.0,0,179,23.9,Mild,October,10,Wednesday
2025-10-22,07:00,Bangalore,24.1,62,11.5,1012.1,0.0,1,67,23.9,Mild,October,10,Wednesday
2025-10-22,08:00,Chennai,27.7,77,3.0,1012.5,0.0,2,96,23.9,Warm,October,10,Wednesday
2025-10-22,09:00,Hyderabad,32.0,51,5.8,1013.5,0.0,4,100,23.9,Warm,October,10,Wednesday
2025-10-22,10:00,Mumbai,30.9,70,5.4,1009.5,0.0,5,112,23.9,Warm,October,10,Wednesday
2025-10-22,11:00,Delhi,26.5,42,6.8,1018.3,0.0,6,159,23.9,Warm,October,10,Wednesday
2025-10-22,12:00,Bangalore,24.4,67,11.0,1018.2,0.0,9,55,23.9,Mild,October,10,Wednesday
2025-10-22,13:00,Chennai,31.6,67,7.0,1011.6,0.0,7,89,23.9,Warm,October,10,Wednesday
2025-10-22,14:00,Hyderabad,29.2,64,5.9,1014.9,0.0,5,92,23.9,Warm,October,10,Wednesday
2025-10-22,15:00,Mumbai,28.3,68,13.3,1017.3,9.6,3,78,23.9,Warm,October,10,Wednesday
2025-10-22,16:00,Delhi,23.0,51,3.6,1018.9,1.1,2,132,23.9,Mild,October,10,Wednesday
2025-10-22,17:00,Bangalore,21.9,66,10.3,1015.1,0.0,1,84,23.9,Mild,October,10,Wednesday
2025-10-22,18:00,Chennai,24.1,75,6.9,1014.0,0.0,0,94,23.9,Mild,October,10,Wednesday
2025-10-22,19:00,Hyderabad,26.6,51,7.8,1011.8,0.0,0,99,23.9,Warm,October,10,Wednesday
2025-10-22,20:00,Mumbai,21.6,73,4.9,1012.4,0.0,0,78,23.9,Mild,October,10,Wednesday
2025-10-22,21:00,Delhi,17.7,53,5.6,1017.2,0.0,0,138,23.9,Mild,October,10,Wednesday
2025-10-22,22:00,Bangalore,13.1,68,9.1,1019.4,0.0,0,62,23.9,Cold,October,10,Wednesday
2025-10-22,23:00,Chennai,23.1,67,7.9,1009.8,0.0,0,69,23.9,Mild,October,10,Wednesday
2025-10-23,00:00,Hyderabad,21.9,61,13.0,1017.0,0.0,0,74,24.2,Mild,October,10,Thursday
2025-10-23,01:00,Mumbai,22.7,70,8.9,1017.7,0.0,0,76,24.2,Mild,October,10,Thursday
2025-10-23,02:00,Delhi,18.6,46,12.2,1015.4,0.0,0,151,24.2,Mild,October,10,Thursday
2025-10-23,03:00,Bangalore,18.4,68,7.4,1013.6,0.0,0,79,24.2,Mild,October,10,Thursday
2025-10-23,04:00,Chennai,23.7,72,7.5,1019.3,0.0,0,67,24.2,Mild,October,10,Thursday
2025-10-23,05:00,Hyderabad,28.2,54,5.8,1011.6,0.0,0,79,24.2,Warm,October,10,Thursday
2025-10-23,06:00,Mumbai,25.7,73,5.7,1014.1,0.0,0,106,24.2,Warm,October,10,Thursday
2025-10-23,07:00,Delhi,25.1,57,8.4,1014.2,0.0,2,141,24.2,Warm,October,10,Thursday
2025-10-23,08:00,Bangalore,24.2,57,5.4,1015.0,16.5,2,94,24.2,Mild,October,10,Thursday
2025-10-23,09:00,Chennai,32.7,60,8.2,1013.5,0.0,5,93,24.2,Warm,October,10,Thursday
2025-10-23,10:00,Hyderabad,33.8,50,6.8,1013.0,0.0,5,100,24.2,Warm,October,10,Thursday
2025-10-23,11:00,Mumbai,28.4,78,2.2,1007.5,0.0,6,89,24.2,Warm,October,10,Thursday
2025-10-23,12:00,Delhi,26.6,54,1.9,1011.2,0.0,8,164,24.2,Warm,October,10,Thursday
2025-10-23,13:00,Bangalore,25.1,69,7.3,1009.1,0.0,7,69,24.2,Warm,October,10,Thursday
2025-10-23,14:00,Chennai,29.8,66,7.3,1015.6,0.0,5,48,24.2,Warm,October,10,Thursday
2025-10-23,15:00,Hyderabad,29.0,60,7.8,1008.4,23.7,4,82,24.2,Warm,October,10,Thursday
2025-10-23,16:00,Mumbai,27.5,76,3.8,1011.3,0.0,2,90,24.2,Warm,October,10,Thursday
2025-10-23,17:00,Delhi,22.5,59,7.1,1013.8,0.0,0,168,24.2,Mild,October,10,Thursday
2025-10-23,18:00,Bangalore,18.1,69,11.5,1016.0,0.0,0,87,24.2,Mild,October,10,Thursday
2025-10-23,19:00,Chennai,22.3,74,4.9,1015.5,0.0,0,84,24.2,Mild,October,10,Thursday
2025-10-23,20:00,Hyderabad,23.9,61,10.2,1016.3,0.0,0,97,24.2,Mild,October,10,Thursday
2025-10-23,21:00,Mumbai,21.8,83,10.7,1017.8,0.0,0,86,24.2,Mild,October,10,Thursday
2025-10-23,22:00,Delhi,16.4,58,7.9,1017.5,0.0,0,162,24.2,Mild,October,10,Thursday
2025-10-23,23:00,Bangalore,15.6,67,5.3,1016.2,0.0,0,74,24.2,Mild,October,10,Thursday
2025-10-24,00:00,Chennai,19.6,78,7.0,1012.5,0.0,0,88,23.7,Mild,October,10,Friday
2025-10-24,01:00,Hyderabad,19.9,56,8.3,1014.3,0.0,0,77,23.7,Mild,October,10,Friday
2025-10-24,02:00,Mumbai,24.2,67,0.9,1014.3,0.0,0,89,23.7,Mild,October,10,Friday
2025-10-24,03:00,Delhi,19.6,53,7.0,1016.5,0.0,0,139,23.7,Mild,October,10,Friday
2025-10-24,04:00,Bangalore,19.5,63,12.4,1017.7,0.0,0,59,23.7,Mild,October,10,Friday
2025-10-24,05:00,Chennai,23.7,79,5.8,1015.6,0.0,0,88,23.7,Mild,October,10,Friday
2025-10-24,06:00,Hyderabad,26.2,58,8.2,1015.4,0.0,0,101,23.7,Warm,October,10,Friday
2025-10-24,07:00,Mumbai,29.4,60,8.4,1010.9,0.0,1,96,23.7,Warm,October,10,Friday
2025-10-24,08:00,Delhi,25.6,39,11.2,1018.0,0.0,2,156,23.7,Warm,October,10,Friday
2025-10-24,09:00,Bangalore,25.7,59,8.7,1007.0,0.0,4,64,23.7,Warm,October,10,Friday
2025-10-24,10:00,Chennai,28.4,61,9.7,1012.1,0.0,4,96,23.7,Warm,October,10,Friday
2025-10-24,11:00,Hyderabad,30.4,55,12.9,1016.2,0.0,6,71,23.7,Warm,October,10,Friday
2025-10-24,12:00,Mumbai,27.2,66,8.0,1008.8,0.0,8,89,23.7,Warm,October,10,Friday
2025-10-24,13:00,Delhi,28.2,47,8.7,1013.1,0.0,6,167,23.7,Warm,October,10,Friday
2025-10-24,14:00,Bangalore,25.2,71,12.7,1018.5,0.0,5,58,23.7,Warm,October,10,Friday
2025-10-24,15:00,Chennai,28.6,68,8.4,1013.6,0.0,4,87,23.7,Warm,October,10,Friday
2025-10-24,16:00,Hyderabad,26.1,65,5.6,1014.1,0.0,1,79,23.7,Warm,October,10,Friday
2025-10-24,17:00,Mumbai,24.1,70,0.0,1012.1,0.0,0,104,23.7,Mild,October,10,Friday
2025-10-24,18:00,Delhi,17.9,55,5.1,1020.3,0.0,0,179,23.7,Mild,October,10,Friday
2025-10-24,19:00,Bangalore,21.0,72,6.0,1014.2,21.7,0,90,23.7,Mild,October,10,Friday
2025-10-24,20:00,Chennai,22.6,70,1.1,1016.5,0.0,0,73,23.7,Mild,October,10,Friday
2025-10-24,21:00,Hyderabad,22.1,62,12.9,1009.4,0.0,0,79,23.7,Mild,October,10,Friday
2025-10-24,22:00,Mumbai,19.3,82,10.6,1013.2,0.0,0,88,23.7,Mild,October,10,Friday
2025-10-24,23:00,Delhi,13.1,64,11.9,1017.6,0.0,0,158,23.7,Cold,October,10,Friday
2025-10-25,00:00,Bangalore,15.8,82,5.5,1015.2,0.0,0,80,24.2,Mild,October,10,Saturday
2025-10-25,01:00,Chennai,23.6,65,7.9,1016.3,0.0,0,87,24.2,Mild,October,10,Saturday
2025-10-25,02:00,Hyderabad,23.4,52,11.2,1017.1,0.0,0,79,24.2,Mild,October,10,Saturday
2025-10-25,03:00,Mumbai,23.2,71,5.7,1017.3,0.0,0,110,24.2,Mild,October,10,Saturday
2025-10-25,04:00,Delhi,20.1,46,10.3,1019.7,0.0,0,149,24.2,Mild,October,10,Saturday
2025-10-25,05:00,Bangalore,22.7,63,10.4,1019.3,0.0,0,61,24.2,Mild,October,10,Saturday
2025-10-25,06:00,Chennai,28.1,64,7.6,1012.5,0.0,0,63,24.2,Warm,October,10,Saturday
2025-10-25,07:00,Hyderabad,28.4,54,9.0,1009.6,0.0,0,71,24.2,Warm,October,10,Saturday
2025-10-25,08:00,Mumbai,27.5,75,9.0,1014.6,0.0,3,110,24.2,Warm,October,10,Saturday
2025-10-25,09:00,Delhi,28.0,43,7.9,1016.4,0.0,3,150,24.2,Warm,October,10,Saturday
2025-10-25,10:00,Bangalore,24.5,66,6.3,1016.3,0.0,5,93,24.2,Mild,October,10,Saturday
2025-10-25,11:00,Chennai,31.1,61,13.9,1009.6,4.5,8,89,24.2,Warm,October,10,Saturday
2025-10-25,12:00,Hyderabad,32.8,57,8.6,1012.1,0.0,9,78,24.2,Warm,October,10,Saturday
2025-10-25,13:00,Mumbai,28.4,73,13.3,1014.1,0.0,6,69,24.2,Warm,October,10,Saturday
2025-10-25,14:00,Delhi,26.1,42,6.5,1015.0,12.1,5,162,24.2,Warm,October,10,Saturday
2025-10-25,15:00,Bangalore,21.7,74,5.6,1015.1,0.0,3,80,24.2,Mild,October,10,Saturday
2025-10-25,16:00,Chennai,26.2,78,11.2,1010.6,0.0,2,75,24.2,Warm,October,10,Saturday
2025-10-25,17:00,Hyderabad,25.9,57,9.1,1011.5,23.3,1,89,24.2,Warm,October,10,Saturday
2025-10-25,18:00,Mumbai,22.3,78,8.8,1013.6,0.0,0,103,24.2,Mild,October,10,Saturday
2025-10-25,19:00,Delhi,20.5,61,11.1,1013.3,0.0,0,134,24.2,Mild,October,10,Saturday
2025-10-25,20:00,Bangalore,15.9,68,5.6,1017.5,0.0,0,90,24.2,Mild,October,10,Saturday
2025-10-25,21:00,Chennai,21.1,71,2.0,1012.4,0.0,0,80,24.2,Mild,October,10,Saturday
2025-10-25,22:00,Hyderabad,22.1,51,5.3,1016.4,0.0,0,62,24.2,Mild,October,10,Saturday
2025-10-25,23:00,Mumbai,20.6,80,7.7,1019.5,0.0,0,96,24.2,Mild,October,10,Saturday
2025-10-26,00:00,Delhi,18.0,48,7.0,1015.8,0.0,0,149,23.7,Mild,October,10,Sunday
2025-10-26,01:00,Bangalore,16.1,80,1.6,1017.1,0.0,0,64,23.7,Mild,October,10,Sunday
2025-10-26,02:00,Chennai,19.2,80,8.8,1011.4,0.0,0,80,23.7,Mild,October,10,Sunday
2025-10-26,03:00,Hyderabad,25.6,65,2.0,1022.2,0.0,0,80,23.7,Warm,October,10,Sunday
2025-10-26,04:00,Mumbai,22.0,74,8.1,1012.3,0.0,0,84,23.7,Mild,October,10,Sunday
2025-10-26,05:00,Delhi,24.6,45,11.3,1014.5,0.0,0,144,23.7,Mild,October,10,Sunday
2025-10-26,06:00,Bangalore,20.0,66,7.4,1010.4,0.0,0,63,23.7,Mild,October,10,Sunday
2025-10-26,07:00,Chennai,27.2,68,8.9,1015.7,0.0,1,88,23.7,Warm,October,10,Sunday
2025-10-26,08:00,Hyderabad,31.6,51,12.5,1013.3,0.0,1,120,23.7,Warm,October,10,Sunday
2025-10-26,09:00,Mumbai,29.8,64,8.6,1010.7,0.0,3,93,23.7,Warm,October,10,Sunday
2025-10-26,10:00,Delhi,26.2,48,11.1,1018.0,0.0,5,190,23.7,Warm,October,10,Sunday
2025-10-26,11:00,Bangalore,26.1,64,11.9,1021.5,0.0,6,71,23.7,Warm,October,10,Sunday
2025-10-26,12:00,Chennai,29.2,70,8.4,1018.6,0.0,8,75,23.7,Warm,October,10,Sunday
2025-10-26,13:00,Hyderabad,32.0,50,7.7,1008.1,0.0,6,95,23.7,Warm,October,10,Sunday
2025-10-26,14:00,Mumbai,27.7,67,10.4,1018.6,0.0,5,90,23.7,Warm,October,10,Sunday
2025-10-26,15:00,Delhi,24.8,48,6.5,1011.3,0.0,4,151,23.7,Mild,October,10,Sunday
2025-10-26,16:00,Bangalore,21.7,72,10.1,1012.5,0.0,2,81,23.7,Mild,October,10,Sunday
2025-10-26,17:00,Chennai,24.9,69,5.6,1012.7,0.0,1,114,23.7,Mild,October,10,Sunday
2025-10-26,18:00,Hyderabad,25.6,51,8.2,1010.2,0.0,0,94,23.7,Warm,October,10,Sunday
2025-10-26,19:00,Mumbai,19.7,76,6.1,1015.4,0.0,0,92,23.7,Mild,October,10,Sunday
2025-10-26,20:00,Delhi,19.1,49,7.5,1018.6,0.0,0,174,23.7,Mild,October,10,Sunday
2025-10-26,21:00,Bangalore,15.4,58,16.4,1023.7,0.0,0,64,23.7,Mild,October,10,Sunday
2025-10-26,22:00,Chennai,19.5,85,9.3,1012.4,0.0,0,57,23.7,Mild,October,10,Sunday
2025-10-26,23:00,Hyderabad,21.6,67,3.1,1015.8,0.0,0,92,23.7,Mild,October,10,Sunday
2025-10-27,00:00,Mumbai,21.4,88,9.1,1015.3,0.0,0,116,23.5,Mild,October,10,Monday
2025-10-27,01:00,Delhi,15.3,46,9.7,1016.6,0.0,0,153,23.5,Mild,October,10,Monday
2025-10-27,02:00,Bangalore,14.5,77,9.1,1020.4,0.0,0,80,23.5,Cold,October,10,Monday
2025-10-27,03:00,Chennai,22.2,71,8.9,1015.9,0.0,0,42,23.5,Mild,October,10,Monday
2025-10-27,04:00,Hyderabad,26.2,60,4.5,1011.4,0.0,0,86,23.5,Warm,October,10,Monday
2025-10-27,05:00,Mumbai,24.4,69,6.9,1014.5,0.0,0,80,23.5,Mild,October,10,Monday
2025-10-27,06:00,Delhi,24.2,49,11.2,1018.5,0.0,0,152,23.5,Mild,October,10,Monday
2025-10-27,07:00,Bangalore,24.3,63,5.7,1013.8,0.0,1,61,23.5,Mild,October,10,Monday
2025-10-27,08:00,Chennai,29.3,68,9.7,1017.8,0.0,2,85,23.5,Warm,October,10,Monday
2025-10-27,09:00,Hyderabad,31.2,45,6.8,1015.5,0.0,4,88,23.5,Warm,October,10,Monday
2025-10-27,10:00,Mumbai,30.4,68,7.7,1013.1,0.0,5,103,23.5,Warm,October,10,Monday
2025-10-27,11:00,Delhi,27.9,48,11.6,1012.0,0.0,6,146,23.5,Warm,October,10,Monday
2025-10-27,12:00,Bangalore,24.0,67,8.1,1019.0,0.0,7,46,23.5,Mild,October,10,Monday
2025-10-27,13:00,Chennai,29.6,63,12.1,1013.3,0.0,6,62,23.5,Warm,October,10,Monday
2025-10-27,14:00,Hyderabad,29.0,48,9.8,1012.8,0.0,5,77,23.5,Warm,October,10,Monday
2025-10-27,15:00,Mumbai,30.1,77,7.7,1014.0,0.0,3,103,23.5,Warm,October,10,Monday
2025-10-27,16:00,Delhi,23.0,47,8.4,1014.5,0.0,2,165,23.5,Mild,October,10,Monday
2025-10-27,17:00,Bangalore,17.2,63,16.3,1019.1,0.0,0,77,23.5,Mild,October,10,Monday
2025-10-27,18:00,Chennai,22.4,72,4.1,1013.1,0.0,0,98,23.5,Mild,October,10,Monday
2025-10-27,19:00,Hyderabad,25.1,62,5.9,1012.2,0.0,0,77,23.5,Warm,October,10,Monday
2025-10-27,20:00,Mumbai,21.5,89,11.5,1015.8,19.4,0,103,23.5,Mild,October,10,Monday
2025-10-27,21:00,Delhi,14.1,52,8.5,1024.1,0.0,0,124,23.5,Cold,October,10,Monday
2025-10-27,22:00,Bangalore,16.8,67,2.5,1014.7,0.0,0,69,23.5,Mild,October,10,Monday
2025-10-27,23:00,Chennai,20.0,69,12.7,1013.1,23.3,0,86,23.5,Mild,October,10,Monday
2025-10-28,00:00,Hyderabad,18.4,63,12.2,1022.7,8.6,0,82,23.3,Mild,October,10,Tuesday
2025-10-28,01:00,Mumbai,20.5,71,4.7,1014.9,0.0,0,86,23.3,Mild,October,10,Tuesday
2025-10-28,02:00,Delhi,14.4,55,9.9,1016.8,0.0,0,137,23.3,Cold,October,10,Tuesday
2025-10-28,03:00,Bangalore,15.3,74,6.3,1015.4,0.0,0,75,23.3,Mild,October,10,Tuesday
2025-10-28,04:00,Chennai,24.3,74,7.8,1011.0,0.0,0,74,23.3,Mild,October,10,Tuesday
2025-10-28,05:00,Hyderabad,26.9,51,4.4,1010.0,0.0,0,72,23.3,Warm,October,10,Tuesday
2025-10-28,06:00,Mumbai,24.4,78,8.3,1015.6,0.0,0,104,23.3,Mild,October,10,Tuesday
2025-10-28,07:00,Delhi,23.4,49,12.9,1015.4,0.0,0,154,23.3,Mild,October,10,Tuesday
2025-10-28,08:00,Bangalore,26.5,66,8.9,1012.2,0.0,2,76,23.3,Warm,October,10,Tuesday
2025-10-28,09:00,Chennai,31.5,74,6.8,1017.1,0.0,4,98,23.3,Warm,October,10,Tuesday
2025-10-28,10:00,Hyderabad,31.3,55,4.2,1016.4,0.0,5,94,23.3,Warm,October,10,Tuesday
2025-10-28,11:00,Mumbai,29.1,76,12.2,1009.8,0.0,6,64,23.3,Warm,October,10,Tuesday
2025-10-28,12:00,Delhi,24.7,52,10.1,1014.1,0.0,8,159,23.3,Mild,October,10,Tuesday
2025-10-28,13:00,Bangalore,24.3,66,6.3,1016.8,0.0,6,62,23.3,Mild,October,10,Tuesday
2025-10-28,14:00,Chennai,29.4,69,7.4,1012.4,0.0,4,69,23.3,Warm,October,10,Tuesday
2025-10-28,15:00,Hyderabad,27.3,56,7.4,1020.8,24.3,4,82,23.3,Warm,October,10,Tuesday
2025-10-28,16:00,Mumbai,27.4,67,11.0,1012.6,0.0,2,94,23.3,Warm,October,10,Tuesday
2025-10-28,17:00,Delhi,22.0,56,8.5,1014.6,0.0,1,178,23.3,Mild,October,10,Tuesday
2025-10-28,18:00,Bangalore,18.6,68,6.6,1017.4,19.7,0,57,23.3,Mild,October,10,Tuesday
2025-10-28,19:00,Chennai,22.7,74,6.5,1013.1,0.0,0,97,23.3,Mild,October,10,Tuesday
2025-10-28,20:00,Hyderabad,21.7,63,6.7,1019.5,0.0,0,81,23.3,Mild,October,10,Tuesday
2025-10-28,21:00,Mumbai,20.7,81,4.3,1017.9,0.0,0,86,23.3,Mild,October,10,Tuesday
2025-10-28,22:00,Delhi,16.7,60,7.7,1021.1,0.0,0,148,23.3,Mild,October,10,Tuesday
2025-10-28,23:00,Bangalore,16.6,64,6.9,1014.0,0.0,0,71,23.3,Mild,October,10,Tuesday
2025-10-29,00:00,Chennai,19.7,78,4.3,1020.0,0.0,0,71,23.8,Mild,October,10,Wednesday
2025-10-29,01:00,Hyderabad,21.5,65,2.0,1017.0,0.0,0,87,23.8,Mild,October,10,Wednesday
2025-10-29,02:00,Mumbai,21.4,78,7.1,1016.9,0.0,0,69,23.8,Mild,October,10,Wednesday
2025-10-29,03:00,Delhi,21.2,48,9.5,1015.8,0.0,0,131,23.8,Mild,October,10,Wednesday
2025-10-29,04:00,Bangalore,20.2,56,8.1,1016.3,0.0,0,54,23.8,Mild,October,10,Wednesday
2025-10-29,05:00,Chennai,24.7,69,12.4,1017.8,0.0,0,86,23.8,Mild,October,10,Wednesday
2025-10-29,06:00,Hyderabad,29.1,55,6.4,1011.3,0.0,0,60,23.8,Warm,October,10,Wednesday
2025-10-29,07:00,Mumbai,26.4,81,6.3,1020.6,0.0,1,97,23.8,Warm,October,10,Wednesday
2025-10-29,08:00,Delhi,25.4,52,7.7,1009.4,7.8,2,166,23.8,Warm,October,10,Wednesday
2025-10-29,09:00,Bangalore,25.5,68,5.6,1014.2,0.0,4,66,23.8,Warm,October,10,Wednesday
2025-10-29,10:00,Chennai,33.6,69,6.4,1012.0,0.0,5,82,23.8,Warm,October,10,Wednesday
2025-10-29,11:00,Hyderabad,32.9,60,8.9,1015.4,0.0,6,94,23.8,Warm,October,10,Wednesday
2025-10-29,12:00,Mumbai,27.8,67,7.3,1016.6,2.4,7,86,23.8,Warm,October,10,Wednesday
2025-10-29,13:00,Delhi,26.5,40,6.8,1015.0,0.0,6,146,23.8,Warm,October,10,Wednesday
2025-10-29,14:00,Bangalore,23.6,58,8.5,1019.5,0.0,4,64,23.8,Mild,October,10,Wednesday
2025-10-29,15:00,Chennai,27.0,69,11.6,1008.5,0.0,3,75,23.8,Warm,October,10,Wednesday
2025-10-29,16:00,Hyderabad,25.4,59,6.6,1013.5,15.0,3,72,23.8,Warm,October,10,Wednesday
2025-10-29,17:00,Mumbai,24.1,73,8.2,1016.8,0.0,0,119,23.8,Mild,October,10,Wednesday
2025-10-29,18:00,Delhi,17.2,50,10.4,1013.0,0.0,0,154,23.8,Mild,October,10,Wednesday
2025-10-29,19:00,Bangalore,20.0,64,5.7,1010.6,0.0,0,80,23.8,Mild,October,10,Wednesday
2025-10-29,20:00,Chennai,20.4,81,5.6,1019.1,0.0,0,91,23.8,Mild,October,10,Wednesday
2025-10-29,21:00,Hyderabad,23.1,60,6.4,1018.1,0.0,0,70,23.8,Mild,October,10,Wednesday
2025-10-29,22:00,Mumbai,20.5,82,11.5,1015.2,0.0,0,81,23.8,Mild,October,10,Wednesday
2025-10-29,23:00,Delhi,14.8,53,9.6,1020.4,0.0,0,140,23.8,Cold,October,10,Wednesday
2025-10-30,00:00,Bangalore,15.6,75,12.1,1015.7,0.0,0,70,23.3,Mild,October,10,Thursday
2025-10-30,01:00,Chennai,22.9,76,9.0,1014.3,0.0,0,67,23.3,Mild,October,10,Thursday
2025-10-30,02:00,Hyderabad,24.1,48,9.4,1013.7,0.0,0,70,23.3,Mild,October,10,Thursday
2025-10-30,03:00,Mumbai,22.3,67,9.5,1016.1,0.0,0,77,23.3,Mild,October,10,Thursday
2025-10-30,04:00,Delhi,20.2,59,8.5,1014.6,0.0,0,166,23.3,Mild,October,10,Thursday
2025-10-30,05:00,Bangalore,21.2,71,5.2,1017.7,0.0,0,57,23.3,Mild,October,10,Thursday
2025-10-30,06:00,Chennai,25.5,66,13.2,1012.6,0.0,0,86,23.3,Warm,October,10,Thursday
2025-10-30,07:00,Hyderabad,28.7,48,6.9,1011.1,0.0,1,88,23.3,Warm,October,10,Thursday
2025-10-30,08:00,Mumbai,28.8,68,4.1,1013.9,0.0,2,93,23.3,Warm,October,10,Thursday
2025-10-30,09:00,Delhi,24.5,54,2.8,1012.1,0.0,3,164,23.3,Mild,October,10,Thursday
2025-10-30,10:00,Bangalore,24.8,66,10.5,1017.1,0.0,5,90,23.3,Mild,October,10,Thursday
2025-10-30,11:00,Chennai,27.0,64,9.0,1014.9,0.0,6,73,23.3,Warm,October,10,Thursday
2025-10-30,12:00,Hyderabad,30.5,58,10.9,1014.1,0.0,7,76,23.3,Warm,October,10,Thursday
2025-10-30,13:00,Mumbai,30.1,63,7.9,1019.6,0.0,5,130,23.3,Warm,October,10,Thursday
2025-10-30,14:00,Delhi,20.9,52,8.3,1015.2,0.0,5,153,23.3,Mild,October,10,Thursday
2025-10-30,15:00,Bangalore,20.6,70,2.7,1020.8,0.0,3,75,23.3,Mild,October,10,Thursday
2025-10-30,16:00,Chennai,27.0,75,10.3,1013.5,0.0,3,80,23.3,Warm,October,10,Thursday
2025-10-30,17:00,Hyderabad,24.9,54,8.3,1014.6,0.0,0,107,23.3,Mild,October,10,Thursday
2025-10-30,18:00,Mumbai,22.7,72,6.5,1017.3,0.0,0,128,23.3,Mild,October,10,Thursday
2025-10-30,19:00,Delhi,17.9,51,8.6,1012.9,0.0,0,162,23.3,Mild,October,10,Thursday
2025-10-30,20:00,Bangalore,16.9,72,6.7,1013.1,0.0,0,91,23.3,Mild,October,10,Thursday
2025-10-30,21:00,Chennai,19.0,76,8.2,1019.9,0.0,0,63,23.3,Mild,October,10,Thursday
2025-10-30,22:00,Hyderabad,22.6,51,6.9,1013.3,0.0,0,47,23.3,Mild,October,10,Thursday
2025-10-30,23:00,Mumbai,21.6,77,14.7,1016.9,0.0,0,88,23.3,Mild,October,10,Thursday
2025-10-31,00:00,Delhi,14.8,57,8.2,1017.9,0.0,0,150,23.3,Cold,October,10,Friday
2025-10-31,01:00,Bangalore,15.6,79,10.9,1020.2,2.2,0,56,23.3,Mild,October,10,Friday
2025-10-31,02:00,Chennai,21.4,77,8.6,1013.7,0.0,0,66,23.3,Mild,October,10,Friday
2025-10-31,03:00,Hyderabad,27.1,71,8.8,1015.7,0.0,0,88,23.3,Warm,October,10,Friday
2025-10-31,04:00,Mumbai,21.5,75,10.1,1017.3,0.0,0,115,23.3,Mild,October,10,Friday
2025-10-31,05:00,Delhi,23.0,52,7.9,1017.3,0.0,0,153,23.3,Mild,October,10,Friday
2025-10-31,06:00,Bangalore,20.6,67,3.6,1013.2,19.9,0,66,23.3,Mild,October,10,Friday
2025-10-31,07:00,Chennai,24.6,78,7.1,1018.5,0.0,0,89,23.3,Mild,October,10,Friday
2025-10-31,08:00,Hyderabad,30.9,50,11.4,1011.2,9.6,2,97,23.3,Warm,October,10,Friday
2025-10-31,09:00,Mumbai,29.0,63,6.2,1014.6,7.9,4,104,23.3,Warm,October,10,Friday
2025-10-31,10:00,Delhi,28.2,53,11.9,1012.2,0.0,6,176,23.3,Warm,October,10,Friday
2025-10-31,11:00,Bangalore,23.2,60,9.3,1013.4,0.0,5,71,23.3,Mild,October,10,Friday
2025-10-31,12:00,Chennai,31.1,64,13.5,1011.9,0.0,8,75,23.3,Warm,October,10,Friday
2025-10-31,13:00,Hyderabad,28.4,57,9.8,1013.3,0.0,7,86,23.3,Warm,October,10,Friday
2025-10-31,14:00,Mumbai,27.6,69,5.9,1011.1,0.0,5,83,23.3,Warm,October,10,Friday
2025-10-31,15:00,Delhi,23.2,55,9.3,1016.8,0.0,3,140,23.3,Mild,October,10,Friday
2025-10-31,16:00,Bangalore,20.2,64,9.6,1019.0,0.0,3,57,23.3,Mild,October,10,Friday
2025-10-31,17:00,Chennai,23.2,70,10.8,1011.9,0.0,1,82,23.3,Mild,October,10,Friday
2025-10-31,18:00,Hyderabad,26.1,60,12.7,1015.6,5.7,0,96,23.3,Warm,October,10,Friday
2025-10-31,19:00,Mumbai,19.7,73,7.7,1017.4,0.0,0,125,23.3,Mild,October,10,Friday
2025-10-31,20:00,Delhi,18.1,58,7.8,1014.5,0.0,0,160,23.3,Mild,October,10,Friday
2025-10-31,21:00,Bangalore,18.3,65,12.6,1015.7,0.0,0,78,23.3,Mild,October,10,Friday
2025-10-31,22:00,Chennai,20.4,80,6.0,1015.6,0.0,0,67,23.3,Mild,October,10,Friday
2025-10-31,23:00,Hyderabad,22.2,60,8.8,1019.8,0.0,0,57,23.3,Mild,October,10,Friday
2025-11-01,00:00,Mumbai,20.9,75,10.7,1015.1,0.0,0,125,23.1,Mild,November,11,Saturday
2025-11-01,01:00,Delhi,15.5,47,13.0,1022.6,0.0,0,192,23.1,Mild,November,11,Saturday
2025-11-01,02:00,Bangalore,16.1,64,9.8,1012.6,0.0,0,104,23.1,Mild,November,11,Saturday
2025-11-01,03:00,Chennai,20.8,80,7.2,1013.0,1.3,0,137,23.1,Mild,November,11,Saturday
2025-11-01,04:00,Hyderabad,25.1,58,8.1,1015.1,0.0,0,125,23.1,Warm,November,11,Saturday
2025-11-01,05:00,Mumbai,25.0,62,4.2,1015.6,0.0,0,133,23.1,Warm,November,11,Saturday
2025-11-01,06:00,Delhi,21.4,49,9.4,1019.1,0.0,1,209,23.1,Mild,November,11,Saturday
2025-11-01,07:00,Bangalore,23.9,62,8.2,1016.4,0.0,1,99,23.1,Mild,November,11,Saturday
2025-11-01,08:00,Chennai,28.4,72,5.3,1013.9,8.1,2,119,23.1,Warm,November,11,Saturday
2025-11-01,09:00,Hyderabad,28.8,54,2.8,1011.7,0.0,4,130,23.1,Warm,November,11,Saturday
2025-11-01,10:00,Mumbai,27.7,65,9.5,1014.8,0.0,5,169,23.1,Warm,November,11,Saturday
2025-11-01,11:00,Delhi,25.6,43,5.2,1018.9,0.0,6,182,23.1,Warm,November,11,Saturday
2025-11-01,12:00,Bangalore,24.3,55,6.2,1014.0,22.0,7,109,23.1,Mild,November,11,Saturday
2025-11-01,13:00,Chennai,28.4,70,7.6,1012.2,0.0,6,126,23.1,Warm,November,11,Saturday
2025-11-01,14:00,Hyderabad,31.4,53,3.8,1013.4,0.0,4,136,23.1,Warm,November,11,Saturday
2025-11-01,15:00,Mumbai,28.0,68,6.1,1022.3,0.0,4,131,23.1,Warm,November,11,Saturday
2025-11-01,16:00,Delhi,21.1,48,7.1,1014.9,0.0,3,191,23.1,Mild,November,11,Saturday
2025-11-01,17:00,Bangalore,16.7,75,11.9,1016.8,0.0,1,134,23.1,Mild,November,11,Saturday
2025-11-01,18:00,Chennai,25.2,75,4.2,1009.5,0.0,0,160,23.1,Warm,November,11,Saturday
2025-11-01,19:00,Hyderabad,24.9,56,6.6,1015.7,0.0,0,151,23.1,Mild,November,11,Saturday
2025-11-01,20:00,Mumbai,22.1,79,8.1,1017.7,0.0,0,150,23.1,Mild,November,11,Saturday
2025-11-01,21:00,Delhi,18.2,51,6.3,1017.8,0.0,0,179,23.1,Mild,November,11,Saturday
2025-11-01,22:00,Bangalore,15.6,74,13.9,1020.8,0.0,0,108,23.1,Mild,November,11,Saturday
2025-11-01,23:00,Chennai,18.8,73,5.1,1017.6,0.0,0,93,23.1,Mild,November,11,Saturday
2025-11-02,00:00,Hyderabad,20.5,64,5.9,1018.5,0.0,0,125,22.8,Mild,November,11,Sunday
2025-11-02,01:00,Mumbai,22.2,78,3.0,1018.7,0.0,0,124,22.8,Mild,November,11,Sunday
2025-11-02,02:00,Delhi,19.3,55,6.3,1013.9,0.0,0,182,22.8,Mild,November,11,Sunday
2025-11-02,03:00,Bangalore,18.0,61,10.4,1017.9,0.0,0,108,22.8,Mild,November,11,Sunday
2025-11-02,04:00,Chennai,23.8,73,9.0,1014.0,0.0,0,109,22.8,Mild,November,11,Sunday
2025-11-02,05:00,Hyderabad,24.3,62,1.8,1008.1,0.0,0,104,22.8,Mild,November,11,Sunday
2025-11-02,06:00,Mumbai,25.1,62,2.4,1016.2,0.0,0,132,22.8,Warm,November,11,Sunday
2025-11-02,07:00,Delhi,24.0,41,5.9,1015.5,0.0,1,209,22.8,Mild,November,11,Sunday
2025-11-02,08:00,Bangalore,20.9,62,9.3,1012.6,0.0,1,124,22.8,Mild,November,11,Sunday
2025-11-02,09:00,Chennai,28.8,72,8.7,1009.9,0.0,3,127,22.8,Warm,November,11,Sunday
2025-11-02,10:00,Hyderabad,28.7,57,9.0,1018.2,0.0,5,132,22.8,Warm,November,11,Sunday
2025-11-02,11:00,Mumbai,29.8,65,11.6,1011.8,0.0,5,128,22.8,Warm,November,11,Sunday
2025-11-02,12:00,Delhi,26.6,43,6.2,1014.6,4.6,8,193,22.8,Warm,November,11,Sunday
2025-11-02,13:00,Bangalore,23.0,70,11.5,1013.4,0.0,5,109,22.8,Mild,November,11,Sunday
2025-11-02,14:00,Chennai,29.7,61,5.2,1015.6,0.0,5,110,22.8,Warm,November,11,Sunday
2025-11-02,15:00,Hyderabad,28.3,54,12.1,1016.4,0.0,4,113,22.8,Warm,November,11,Sunday
2025-11-02,16:00,Mumbai,23.1,77,5.1,1012.2,0.0,1,137,22.8,Mild,November,11,Sunday
2025-11-02,17:00,Delhi,17.4,46,10.4,1018.1,0.0,1,210,22.8,Mild,November,11,Sunday
2025-11-02,18:00,Bangalore,19.1,70,3.0,1010.9,0.0,0,122,22.8,Mild,November,11,Sunday
2025-11-02,19:00,Chennai,20.6,70,5.9,1018.0,0.0,0,143,22.8,Mild,November,11,Sunday
2025-11-02,20:00,Hyderabad,22.2,60,5.9,1016.2,0.0,0,153,22.8,Mild,November,11,Sunday
2025-11-02,21:00,Mumbai,21.8,75,9.1,1011.2,0.0,0,133,22.8,Mild,November,11,Sunday
2025-11-02,22:00,Delhi,15.3,57,11.6,1012.2,0.0,0,189,22.8,Mild,November,11,Sunday
2025-11-02,23:00,Bangalore,14.9,68,9.7,1015.5,0.0,0,94,22.8,Cold,November,11,Sunday
2025-11-03,00:00,Chennai,19.1,81,8.2,1014.3,3.5,0,110,22.8,Mild,November,11,Monday
2025-11-03,01:00,Hyderabad,20.3,62,8.7,1017.8,0.0,0,142,22.8,Mild,November,11,Monday
2025-11-03,02:00,Mumbai,18.4,86,5.2,1018.1,0.0,0,136,22.8,Mild,November,11,Monday
2025-11-03,03:00,Delhi,17.8,56,7.4,1017.7,0.0,0,193,22.8,Mild,November,11,Monday
2025-11-03,04:00,Bangalore,18.7,73,2.9,1015.1,0.0,0,116,22.8,Mild,November,11,Monday
2025-11-03,05:00,Chennai,26.5,72,10.7,1014.5,0.0,0,113,22.8,Warm,November,11,Monday
2025-11-03,06:00,Hyderabad,23.3,49,5.3,1011.6,0.0,0,116,22.8,Mild,November,11,Monday
2025-11-03,07:00,Mumbai,25.9,77,4.7,1019.2,0.0,1,132,22.8,Warm,November,11,Monday
2025-11-03,08:00,Delhi,23.1,53,9.7,1014.0,23.2,2,211,22.8,Mild,November,11,Monday
2025-11-03,09:00,Bangalore,24.2,61,9.7,1016.8,0.0,3,136,22.8,Mild,November,11,Monday
2025-11-03,10:00,Chennai,29.2,59,3.8,1010.4,0.0,5,114,22.8,Warm,November,11,Monday
2025-11-03,11:00,Hyderabad,27.5,64,4.4,1014.8,0.0,6,127,22.8,Warm,November,11,Monday
2025-11-03,12:00,Mumbai,28.3,66,10.9,1013.1,10.9,8,134,22.8,Warm,November,11,Monday
2025-11-03,13:00,Delhi,24.2,41,6.3,1012.7,7.8,7,188,22.8,Mild,November,11,Monday
2025-11-03,14:00,Bangalore,27.0,63,8.4,1013.6,0.0,5,118,22.8,Warm,November,11,Monday
2025-11-03,15:00,Chennai,29.4,66,5.9,1012.2,0.0,3,109,22.8,Warm,November,11,Monday
2025-11-03,16:00,Hyderabad,29.1,53,10.1,1019.8,0.0,3,144,22.8,Warm,November,11,Monday
2025-11-03,17:00,Mumbai,24.2,71,13.1,1009.6,0.0,1,154,22.8,Mild,November,11,Monday
2025-11-03,18:00,Delhi,18.4,57,4.9,1012.4,0.0,0,212,22.8,Mild,November,11,Monday
2025-11-03,19:00,Bangalore,15.7,75,10.7,1016.0,0.0,0,119,22.8,Mild,November,11,Monday
2025-11-03,20:00,Chennai,21.2,76,3.5,1016.1,0.0,0,136,22.8,Mild,November,11,Monday
2025-11-03,21:00,Hyderabad,19.0,60,6.6,1009.1,0.0,0,120,22.8,Mild,November,11,Monday
2025-11-03,22:00,Mumbai,19.4,75,5.6,1017.2,0.0,0,125,22.8,Mild,November,11,Monday
2025-11-03,23:00,Delhi,18.5,58,7.7,1017.8,0.0,0,204,22.8,Mild,November,11,Monday
2025-11-04,00:00,Bangalore,16.6,63,13.8,1021.9,0.0,0,101,23.1,Mild,November,11,Tuesday
2025-11-04,01:00,Chennai,18.5,75,5.9,1020.5,0.0,0,121,23.1,Mild,November,11,Tuesday
2025-11-04,02:00,Hyderabad,20.6,63,9.6,1011.9,0.0,0,119,23.1,Mild,November,11,Tuesday
2025-11-04,03:00,Mumbai,24.1,78,8.1,1010.9,0.0,0,155,23.1,Mild,November,11,Tuesday
2025-11-04,04:00,Delhi,21.0,46,5.2,1017.5,0.0,0,208,23.1,Mild,November,11,Tuesday
2025-11-04,05:00,Bangalore,17.8,71,11.0,1014.8,0.0,0,119,23.1,Mild,November,11,Tuesday
2025-11-04,06:00,Chennai,26.6,74,13.1,1015.6,0.0,0,133,23.1,Warm,November,11,Tuesday
2025-11-04,07:00,Hyderabad,27.6,62,1.1,1013.6,11.8,1,142,23.1,Warm,November,11,Tuesday
2025-11-04,08:00,Mumbai,28.2,73,9.7,1008.1,0.0,2,135,23.1,Warm,November,11,Tuesday
2025-11-04,09:00,Delhi,24.5,50,7.0,1013.1,0.0,3,217,23.1,Mild,November,11,Tuesday
2025-11-04,10:00,Bangalore,24.1,65,8.7,1015.6,0.0,5,122,23.1,Mild,November,11,Tuesday
2025-11-04,11:00,Chennai,31.7,63,6.1,1013.7,0.0,6,116,23.1,Warm,November,11,Tuesday
2025-11-04,12:00,Hyderabad,28.5,47,8.1,1015.4,0.0,7,113,23.1,Warm,November,11,Tuesday
2025-11-04,13:00,Mumbai,28.8,65,6.9,1020.5,0.0,6,130,23.1,Warm,November,11,Tuesday
2025-11-04,14:00,Delhi,24.5,45,7.2,1018.2,0.0,5,191,23.1,Mild,November,11,Tuesday
2025-11-04,15:00,Bangalore,19.4,66,10.2,1014.1,0.0,3,97,23.1,Mild,November,11,Tuesday
2025-11-04,16:00,Chennai,26.3,73,7.0,1017.7,0.0,2,104,23.1,Warm,November,11,Tuesday
2025-11-04,17:00,Hyderabad,23.2,54,3.9,1013.9,0.0,1,131,23.1,Mild,November,11,Tuesday
2025-11-04,18:00,Mumbai,23.2,78,5.0,1015.4,6.9,0,152,23.1,Mild,November,11,Tuesday
2025-11-04,19:00,Delhi,17.8,57,9.7,1020.7,0.0,0,214,23.1,Mild,November,11,Tuesday
2025-11-04,20:00,Bangalore,18.6,68,5.3,1013.4,0.0,0,125,23.1,Mild,November,11,Tuesday
2025-11-04,21:00,Chennai,22.4,92,7.7,1015.3,0.0,0,105,23.1,Mild,November,11,Tuesday
2025-11-04,22:00,Hyderabad,22.1,62,8.4,1021.5,0.0,0,127,23.1,Mild,November,11,Tuesday
2025-11-04,23:00,Mumbai,17.5,70,5.3,1018.4,0.0,0,128,23.1,Mild,November,11,Tuesday
2025-11-05,00:00,Delhi,18.0,53,8.1,1015.1,0.0,0,200,23.0,Mild,November,11,Wednesday
2025-11-05,01:00,Bangalore,16.1,72,12.4,1015.6,0.0,0,109,23.0,Mild,November,11,Wednesday
2025-11-05,02:00,Chennai,19.3,75,5.1,1021.5,0.0,0,107,23.0,Mild,November,11,Wednesday
2025-11-05,03:00,Hyderabad,21.9,65,10.6,1015.6,0.0,0,121,23.0,Mild,November,11,Wednesday
2025-11-05,04:00,Mumbai,21.9,83,7.8,1016.2,0.0,0,136,23.0,Mild,November,11,Wednesday
2025-11-05,05:00,Delhi,20.3,55,5.8,1015.4,0.0,0,208,23.0,Mild,November,11,Wednesday
2025-11-05,06:00,Bangalore,23.4,61,8.7,1017.7,0.0,0,118,23.0,Mild,November,11,Wednesday
2025-11-05,07:00,Chennai,29.6,72,3.5,1015.9,0.0,0,124,23.0,Warm,November,11,Wednesday
2025-11-05,08:00,Hyderabad,29.0,61,8.8,1011.7,0.0,3,144,23.0,Warm,November,11,Wednesday
2025-11-05,09:00,Mumbai,29.0,60,10.1,1009.5,0.0,2,141,23.0,Warm,November,11,Wednesday
2025-11-05,10:00,Delhi,27.4,39,5.7,1008.5,0.0,4,200,23.0,Warm,November,11,Wednesday
2025-11-05,11:00,Bangalore,24.9,62,7.8,1015.4,0.0,6,95,23.0,Mild,November,11,Wednesday
2025-11-05,12:00,Chennai,28.1,76,11.5,1012.9,0.0,8,116,23.0,Warm,November,11,Wednesday
2025-11-05,13:00,Hyderabad,31.8,52,10.7,1008.7,0.0,6,124,23.0,Warm,November,11,Wednesday
2025-11-05,14:00,Mumbai,26.3,73,11.1,1015.1,0.0,4,123,23.0,Warm,November,11,Wednesday
2025-11-05,15:00,Delhi,24.7,45,7.5,1017.9,0.0,4,160,23.0,Mild,November,11,Wednesday
2025-11-05,16:00,Bangalore,18.2,66,10.4,1023.6,0.0,1,105,23.0,Mild,November,11,Wednesday
2025-11-05,17:00,Chennai,24.7,67,11.7,1016.9,0.0,1,116,23.0,Mild,November,11,Wednesday
2025-11-05,18:00,Hyderabad,28.9,55,6.2,1012.7,0.0,0,131,23.0,Warm,November,11,Wednesday
2025-11-05,19:00,Mumbai,21.0,69,9.0,1014.1,0.0,0,158,23.0,Mild,November,11,Wednesday
2025-11-05,20:00,Delhi,14.9,55,10.1,1017.2,0.0,0,214,23.0,Cold,November,11,Wednesday
2025-11-05,21:00,Bangalore,13.3,74,6.5,1023.1,0.0,0,107,23.0,Cold,November,11,Wednesday
2025-11-05,22:00,Chennai,21.8,75,7.5,1016.8,0.0,0,115,23.0,Mild,November,11,Wednesday
2025-11-05,23:00,Hyderabad,18.3,63,8.4,1018.9,6.5,0,116,23.0,Mild,November,11,Wednesday
2025-11-06,00:00,Mumbai,18.9,84,10.2,1017.0,0.0,0,142,22.2,Mild,November,11,Thursday
2025-11-06,01:00,Delhi,15.0,60,2.8,1022.0,0.0,0,187,22.2,Mild,November,11,Thursday
2025-11-06,02:00,Bangalore,14.2,72,11.1,1018.8,0.0,0,90,22.2,Cold,November,11,Thursday
2025-11-06,03:00,Chennai,23.3,60,11.3,1013.5,0.0,0,109,22.2,Mild,November,11,Thursday
2025-11-06,04:00,Hyderabad,26.0,59,7.0,1016.5,0.0,0,127,22.2,Warm,November,11,Thursday
2025-11-06,05:00,Mumbai,25.8,80,7.9,1016.6,0.0,0,108,22.2,Warm,November,11,Thursday
2025-11-06,06:00,Delhi,23.0,47,12.7,1017.6,0.0,0,183,22.2,Mild,November,11,Thursday
2025-11-06,07:00,Bangalore,22.7,68,7.6,1014.1,0.0,0,135,22.2,Mild,November,11,Thursday
2025-11-06,08:00,Chennai,26.9,60,4.6,1017.2,0.0,2,132,22.2,Warm,November,11,Thursday
2025-11-06,09:00,Hyderabad,29.5,54,7.2,1018.2,0.0,4,147,22.2,Warm,November,11,Thursday
2025-11-06,10:00,Mumbai,25.9,73,11.2,1017.3,0.0,5,137,22.2,Warm,November,11,Thursday
2025-11-06,11:00,Delhi,25.3,42,13.9,1013.4,0.0,5,193,22.2,Warm,November,11,Thursday
2025-11-06,12:00,Bangalore,23.3,75,9.5,1012.8,0.0,8,112,22.2,Mild,November,11,Thursday
2025-11-06,13:00,Chennai,26.3,65,15.0,1009.2,0.0,7,110,22.2,Warm,November,11,Thursday
2025-11-06,14:00,Hyderabad,28.0,52,10.1,1011.0,0.0,5,141,22.2,Warm,November,11,Thursday
2025-11-06,15:00,Mumbai,26.1,80,13.4,1017.8,0.0,3,124,22.2,Warm,November,11,Thursday
2025-11-06,16:00,Delhi,19.9,53,6.1,1013.9,0.0,3,197,22.2,Mild,November,11,Thursday
2025-11-06,17:00,Bangalore,17.1,72,6.7,1016.4,0.0,0,110,22.2,Mild,November,11,Thursday
2025-11-06,18:00,Chennai,24.0,70,1.5,1017.0,0.0,0,139,22.2,Mild,November,11,Thursday
2025-11-06,19:00,Hyderabad,20.7,58,7.8,1019.2,10.8,0,139,22.2,Mild,November,11,Thursday
2025-11-06,20:00,Mumbai,20.7,69,0.5,1015.0,0.0,0,148,22.2,Mild,November,11,Thursday
2025-11-06,21:00,Delhi,15.4,59,7.5,1013.8,0.0,0,179,22.2,Mild,November,11,Thursday
2025-11-06,22:00,Bangalore,14.2,74,11.1,1014.3,17.8,0,108,22.2,Cold,November,11,Thursday
2025-11-06,23:00,Chennai,21.6,71,7.2,1013.3,12.3,0,111,22.2,Mild,November,11,Thursday
2025-11-07,00:00,Hyderabad,21.3,57,2.6,1013.7,0.0,0,110,23.2,Mild,November,11,Friday
2025-11-07,01:00,Mumbai,17.9,90,8.6,1019.3,0.0,0,132,23.2,Mild,November,11,Friday
2025-11-07,02:00,Delhi,19.9,53,4.7,1017.1,0.0,0,196,23.2,Mild,November,11,Friday
2025-11-07,03:00,Bangalore,15.2,66,5.4,1021.6,0.0,0,125,23.2,Mild,November,11,Friday
2025-11-07,04:00,Chennai,22.2,72,9.4,1019.2,14.9,0,109,23.2,Mild,November,11,Friday
2025-11-07,05:00,Hyderabad,25.2,59,2.9,1012.4,0.0,0,124,23.2,Warm,November,11,Friday
2025-11-07,06:00,Mumbai,25.7,75,1.7,1010.5,17.5,0,138,23.2,Warm,November,11,Friday
2025-11-07,07:00,Delhi,26.1,45,3.5,1015.5,0.0,0,179,23.2,Warm,November,11,Friday
2025-11-07,08:00,Bangalore,22.1,59,12.8,1013.2,0.0,2,112,23.2,Mild,November,11,Friday
2025-11-07,09:00,Chennai,28.6,75,2.9,1008.9,0.0,4,138,23.2,Warm,November,11,Friday
2025-11-07,10:00,Hyderabad,31.1,55,7.2,1014.3,0.0,5,132,23.2,Warm,November,11,Friday
2025-11-07,11:00,Mumbai,30.9,70,10.7,1012.3,0.0,6,136,23.2,Warm,November,11,Friday
2025-11-07,12:00,Delhi,24.6,58,12.3,1017.0,0.0,7,170,23.2,Mild,November,11,Friday
2025-11-07,13:00,Bangalore,21.7,64,10.8,1013.8,0.0,6,81,23.2,Mild,November,11,Friday
2025-11-07,14:00,Chennai,30.6,73,11.0,1015.4,0.0,6,125,23.2,Warm,November,11,Friday
2025-11-07,15:00,Hyderabad,28.4,54,8.4,1013.0,0.0,4,101,23.2,Warm,November,11,Friday
2025-11-07,16:00,Mumbai,26.1,63,10.1,1022.6,0.0,1,124,23.2,Warm,November,11,Friday
2025-11-07,17:00,Delhi,23.4,55,11.0,1015.3,0.0,0,201,23.2,Mild,November,11,Friday
2025-11-07,18:00,Bangalore,18.7,73,3.3,1018.2,0.0,0,108,23.2,Mild,November,11,Friday
2025-11-07,19:00,Chennai,22.1,75,7.8,1015.0,0.0,0,131,23.2,Mild,November,11,Friday
2025-11-07,20:00,Hyderabad,20.7,60,6.0,1022.1,0.0,0,117,23.2,Mild,November,11,Friday
2025-11-07,21:00,Mumbai,22.0,79,14.0,1014.8,0.0,0,125,23.2,Mild,November,11,Friday
2025-11-07,22:00,Delhi,17.7,52,7.5,1012.1,0.0,0,194,23.2,Mild,November,11,Friday
2025-11-07,23:00,Bangalore,14.9,66,11.6,1015.9,21.8,0,89,23.2,Cold,November,11,Friday
2025-11-08,00:00,Chennai,18.7,84,7.2,1018.4,0.0,0,103,22.9,Mild,November,11,Saturday
2025-11-08,01:00,Hyderabad,22.2,59,6.9,1015.7,14.4,0,134,22.9,Mild,November,11,Saturday
2025-11-08,02:00,Mumbai,22.1,78,13.6,1008.8,0.0,0,147,22.9,Mild,November,11,Saturday
2025-11-08,03:00,Delhi,17.7,52,17.2,1020.1,0.0,0,204,22.9,Mild,November,11,Saturday
2025-11-08,04:00,Bangalore,18.6,64,12.2,1021.6,0.0,0,80,22.9,Mild,November,11,Saturday
2025-11-08,05:00,Chennai,27.2,71,8.2,1011.3,10.7,0,126,22.9,Warm,November,11,Saturday
2025-11-08,06:00,Hyderabad,24.6,58,7.2,1018.7,0.0,0,107,22.9,Mild,November,11,Saturday
2025-11-08,07:00,Mumbai,26.5,76,1.8,1014.7,0.0,1,122,22.9,Warm,November,11,Saturday
2025-11-08,08:00,Delhi,23.8,52,7.0,1014.1,0.0,2,211,22.9,Mild,November,11,Saturday
2025-11-08,09:00,Bangalore,24.5,59,8.4,1014.2,0.0,2,127,22.9,Mild,November,11,Saturday
2025-11-08,10:00,Chennai,31.4,69,14.2,1011.0,0.0,6,131,22.9,Warm,November,11,Saturday
2025-11-08,11:00,Hyderabad,29.4,44,9.5,1015.9,0.0,6,144,22.9,Warm,November,11,Saturday
2025-11-08,12:00,Mumbai,27.2,67,10.4,1014.4,0.0,8,131,22.9,Warm,November,11,Saturday
2025-11-08,13:00,Delhi,23.0,54,11.6,1011.8,0.0,6,203,22.9,Mild,November,11,Saturday
2025-11-08,14:00,Bangalore,23.4,58,12.7,1017.9,0.0,4,94,22.9,Mild,November,11,Saturday
2025-11-08,15:00,Chennai,29.1,63,7.1,1012.9,0.0,4,117,22.9,Warm,November,11,Saturday
2025-11-08,16:00,Hyderabad,27.5,53,7.0,1012.2,0.0,2,105,22.9,Warm,November,11,Saturday
2025-11-08,17:00,Mumbai,20.8,81,9.5,1017.2,0.0,1,146,22.9,Mild,November,11,Saturday
2025-11-08,18:00,Delhi,19.9,47,6.9,1014.2,0.0,0,202,22.9,Mild,November,11,Saturday
2025-11-08,19:00,Bangalore,18.9,63,8.5,1014.1,0.0,0,147,22.9,Mild,November,11,Saturday
2025-11-08,20:00,Chennai,19.0,73,15.0,1020.0,1.8,0,107,22.9,Mild,November,11,Saturday
2025-11-08,21:00,Hyderabad,20.5,75,7.9,1017.3,0.0,0,132,22.9,Mild,November,11,Saturday
2025-11-08,22:00,Mumbai,18.7,79,4.8,1018.4,0.0,0,123,22.9,Mild,November,11,Saturday
2025-11-08,23:00,Delhi,14.1,56,5.6,1024.2,0.0,0,175,22.9,Cold,November,11,Saturday
2025-11-09,00:00,Bangalore,13.9,65,9.8,1015.0,0.0,0,99,22.7,Cold,November,11,Sunday
2025-11-09,01:00,Chennai,20.6,78,8.9,1016.2,0.0,0,104,22.7,Mild,November,11,Sunday
2025-11-09,02:00,Hyderabad,20.8,64,9.7,1017.2,0.0,0,118,22.7,Mild,November,11,Sunday
2025-11-09,03:00,Mumbai,22.0,81,4.3,1018.3,0.0,0,141,22.7,Mild,November,11,Sunday
2025-11-09,04:00,Delhi,18.7,54,8.0,1011.5,0.0,0,171,22.7,Mild,November,11,Sunday
2025-11-09,05:00,Bangalore,20.6,70,6.9,1018.7,0.0,0,86,22.7,Mild,November,11,Sunday
2025-11-09,06:00,Chennai,25.9,71,8.3,1011.5,0.0,0,116,22.7,Warm,November,11,Sunday
2025-11-09,07:00,Hyderabad,30.7,54,5.7,1016.8,0.0,1,123,22.7,Warm,November,11,Sunday
2025-11-09,08:00,Mumbai,30.7,81,10.8,1012.0,0.0,2,128,22.7,Warm,November,11,Sunday
2025-11-09,09:00,Delhi,23.6,54,2.9,1016.5,0.0,4,202,22.7,Mild,November,11,Sunday
2025-11-09,10:00,Bangalore,23.5,64,9.8,1014.3,0.0,4,121,22.7,Mild,November,11,Sunday
2025-11-09,11:00,Chennai,29.6,70,9.6,1013.6,0.0,6,112,22.7,Warm,November,11,Sunday
2025-11-09,12:00,Hyderabad,29.5,42,7.8,1021.2,0.0,8,110,22.7,Warm,November,11,Sunday
2025-11-09,13:00,Mumbai,27.8,68,7.2,1011.7,0.0,6,146,22.7,Warm,November,11,Sunday
2025-11-09,14:00,Delhi,25.8,63,7.7,1013.2,0.0,4,180,22.7,Warm,November,11,Sunday
2025-11-09,15:00,Bangalore,19.8,64,7.7,1019.7,0.0,3,104,22.7,Mild,November,11,Sunday
2025-11-09,16:00,Chennai,25.4,78,9.4,1011.1,0.0,3,113,22.7,Warm,November,11,Sunday
2025-11-09,17:00,Hyderabad,24.9,62,7.2,1016.0,0.0,0,124,22.7,Mild,November,11,Sunday
2025-11-09,18:00,Mumbai,21.8,73,6.2,1021.0,0.0,0,157,22.7,Mild,November,11,Sunday
2025-11-09,19:00,Delhi,17.6,54,10.8,1017.9,0.0,0,192,22.7,Mild,November,11,Sunday
2025-11-09,20:00,Bangalore,15.1,72,9.0,1011.6,0.0,0,133,22.7,Mild,November,11,Sunday
2025-11-09,21:00,Chennai,16.5,86,4.3,1017.0,0.0,0,107,22.7,Mild,November,11,Sunday
2025-11-09,22:00,Hyderabad,20.3,61,13.0,1010.1,0.0,0,139,22.7,Mild,November,11,Sunday
2025-11-09,23:00,Mumbai,20.1,82,7.7,1017.6,0.0,0,123,22.7,Mild,November,11,Sunday
2025-11-10,00:00,Delhi,15.1,55,10.1,1016.6,0.0,0,188,22.3,Mild,November,11,Monday
2025-11-10,01:00,Bangalore,14.7,69,15.3,1019.4,16.4,0,122,22.3,Cold,November,11,Monday
2025-11-10,02:00,Chennai,20.6,73,7.9,1014.0,0.0,0,121,22.3,Mild,November,11,Monday
2025-11-10,03:00,Hyderabad,24.1,53,7.1,1013.2,0.0,0,140,22.3,Mild,November,11,Monday
2025-11-10,04:00,Mumbai,22.7,79,5.5,1014.0,1.3,0,130,22.3,Mild,November,11,Monday
2025-11-10,05:00,Delhi,22.1,62,4.9,1016.8,0.0,0,199,22.3,Mild,November,11,Monday
2025-11-10,06:00,Bangalore,19.4,67,9.7,1013.9,0.0,0,69,22.3,Mild,November,11,Monday
2025-11-10,07:00,Chennai,29.2,70,13.1,1016.9,0.0,0,129,22.3,Warm,November,11,Monday
2025-11-10,08:00,Hyderabad,28.7,53,5.6,1013.2,0.0,3,141,22.3,Warm,November,11,Monday
2025-11-10,09:00,Mumbai,27.5,71,4.2,1012.6,0.0,3,144,22.3,Warm,November,11,Monday
2025-11-10,10:00,Delhi,22.6,45,5.5,1013.6,0.0,5,220,22.3,Mild,November,11,Monday
2025-11-10,11:00,Bangalore,23.2,67,6.8,1017.8,0.0,6,99,22.3,Mild,November,11,Monday
2025-11-10,12:00,Chennai,28.5,63,4.9,1017.2,0.0,7,129,22.3,Warm,November,11,Monday
2025-11-10,13:00,Hyderabad,31.5,53,8.5,1007.0,0.0,7,129,22.3,Warm,November,11,Monday
2025-11-10,14:00,Mumbai,25.3,72,3.3,1015.2,0.0,4,129,22.3,Warm,November,11,Monday
2025-11-10,15:00,Delhi,25.2,44,12.1,1017.0,0.0,3,184,22.3,Warm,November,11,Monday
2025-11-10,16:00,Bangalore,20.9,69,5.5,1016.0,0.0,0,109,22.3,Mild,November,11,Monday
2025-11-10,17:00,Chennai,23.5,71,6.6,1017.9,0.0,2,128,22.3,Mild,November,11,Monday
2025-11-10,18:00,Hyderabad,22.5,62,15.2,1018.8,0.0,0,136,22.3,Mild,November,11,Monday
2025-11-10,19:00,Mumbai,22.0,82,8.3,1016.4,0.0,0,155,22.3,Mild,November,11,Monday
2025-11-10,20:00,Delhi,15.1,56,4.7,1020.6,0.0,0,201,22.3,Mild,November,11,Monday
2025-11-10,21:00,Bangalore,15.1,74,11.9,1015.1,0.0,0,97,22.3,Mild,November,11,Monday
2025-11-10,22:00,Chennai,19.5,73,4.9,1015.2,0.0,0,133,22.3,Mild,November,11,Monday
2025-11-10,23:00,Hyderabad,17.4,59,7.0,1013.9,0.0,0,124,22.3,Mild,November,11,Monday
2025-11-11,00:00,Mumbai,19.3,71,4.8,1014.7,0.0,0,122,22.4,Mild,November,11,Tuesday
2025-11-11,01:00,Delhi,15.0,56,7.8,1017.1,0.0,0,173,22.4,Mild,November,11,Tuesday
2025-11-11,02:00,Bangalore,14.0,76,7.5,1022.7,0.0,0,105,22.4,Cold,November,11,Tuesday
2025-11-11,03:00,Chennai,23.3,75,10.5,1016.2,3.1,0,115,22.4,Mild,November,11,Tuesday
2025-11-11,04:00,Hyderabad,25.6,56,8.9,1014.4,13.5,0,124,22.4,Warm,November,11,Tuesday
2025-11-11,05:00,Mumbai,24.4,77,8.7,1014.7,0.0,0,126,22.4,Mild,November,11,Tuesday
2025-11-11,06:00,Delhi,20.3,50,9.0,1015.8,0.0,0,192,22.4,Mild,November,11,Tuesday
2025-11-11,07:00,Bangalore,23.3,67,8.3,1014.6,11.8,0,102,22.4,Mild,November,11,Tuesday
2025-11-11,08:00,Chennai,26.5,71,3.6,1012.1,0.0,2,125,22.4,Warm,November,11,Tuesday
2025-11-11,09:00,Hyderabad,31.1,55,5.8,1017.0,0.0,3,124,22.4,Warm,November,11,Tuesday
2025-11-11,10:00,Mumbai,27.1,73,11.3,1014.7,0.0,5,146,22.4,Warm,November,11,Tuesday
2025-11-11,11:00,Delhi,25.9,44,9.5,1016.3,0.0,7,192,22.4,Warm,November,11,Tuesday
2025-11-11,12:00,Bangalore,24.9,63,2.5,1015.8,17.3,7,98,22.4,Mild,November,11,Tuesday
2025-11-11,13:00,Chennai,31.4,60,4.2,1006.5,0.0,6,135,22.4,Warm,November,11,Tuesday
2025-11-11,14:00,Hyderabad,28.8,50,6.9,1016.9,0.0,4,130,22.4,Warm,November,11,Tuesday
2025-11-11,15:00,Mumbai,25.0,67,3.0,1017.6,0.0,4,142,22.4,Warm,November,11,Tuesday
2025-11-11,16:00,Delhi,21.7,51,8.4,1015.2,0.0,2,217,22.4,Mild,November,11,Tuesday
2025-11-11,17:00,Bangalore,18.4,70,4.5,1016.2,19.0,1,141,22.4,Mild,November,11,Tuesday
2025-11-11,18:00,Chennai,23.3,76,5.8,1019.3,0.0,0,127,22.4,Mild,November,11,Tuesday
2025-11-11,19:00,Hyderabad,20.2,63,11.5,1013.5,0.0,0,154,22.4,Mild,November,11,Tuesday
2025-11-11,20:00,Mumbai,20.2,77,8.9,1015.1,0.0,0,150,22.4,Mild,November,11,Tuesday
2025-11-11,21:00,Delhi,14.7,61,3.1,1020.2,17.5,0,192,22.4,Cold,November,11,Tuesday
2025-11-11,22:00,Bangalore,14.5,71,9.0,1021.3,0.0,0,103,22.4,Cold,November,11,Tuesday
2025-11-11,23:00,Chennai,18.6,74,6.3,1015.0,0.0,0,143,22.4,Mild,November,11,Tuesday
2025-11-12,00:00,Hyderabad,19.3,57,7.8,1015.9,0.0,0,126,22.4,Mild,November,11,Wednesday
2025-11-12,01:00,Mumbai,18.5,75,9.9,1015.4,0.0,0,140,22.4,Mild,November,11,Wednesday
2025-11-12,02:00,Delhi,16.4,52,11.0,1015.0,0.0,0,178,22.4,Mild,November,11,Wednesday
2025-11-12,03:00,Bangalore,17.0,64,11.7,1019.6,0.0,0,112,22.4,Mild,November,11,Wednesday
2025-11-12,04:00,Chennai,22.5,73,6.4,1015.6,0.0,0,118,22.4,Mild,November,11,Wednesday
2025-11-12,05:00,Hyderabad,25.0,62,3.8,1013.5,16.7,0,116,22.4,Warm,November,11,Wednesday
2025-11-12,06:00,Mumbai,24.5,66,7.8,1016.7,0.0,0,136,22.4,Mild,November,11,Wednesday
2025-11-12,07:00,Delhi,22.4,52,15.3,1014.7,0.0,0,211,22.4,Mild,November,11,Wednesday
2025-11-12,08:00,Bangalore,24.0,77,6.1,1014.8,0.0,3,123,22.4,Mild,November,11,Wednesday
2025-11-12,09:00,Chennai,28.7,65,10.3,1010.4,0.0,4,122,22.4,Warm,November,11,Wednesday
2025-11-12,10:00,Hyderabad,30.1,53,7.4,1014.7,0.0,5,126,22.4,Warm,November,11,Wednesday
2025-11-12,11:00,Mumbai,27.4,68,13.4,1017.4,0.0,6,129,22.4,Warm,November,11,Wednesday
2025-11-12,12:00,Delhi,23.5,52,8.2,1009.9,24.2,8,172,22.4,Mild,November,11,Wednesday
2025-11-12,13:00,Bangalore,25.5,71,11.3,1015.6,0.0,6,117,22.4,Warm,November,11,Wednesday
2025-11-12,14:00,Chennai,26.0,75,7.8,1012.3,0.0,5,116,22.4,Warm,November,11,Wednesday
2025-11-12,15:00,Hyderabad,29.7,48,16.1,1012.4,0.0,3,90,22.4,Warm,November,11,Wednesday
2025-11-12,16:00,Mumbai,23.0,80,11.2,1011.8,0.0,2,115,22.4,Mild,November,11,Wednesday
2025-11-12,17:00,Delhi,21.5,49,10.7,1013.5,0.0,1,202,22.4,Mild,November,11,Wednesday
2025-11-12,18:00,Bangalore,19.9,65,9.6,1015.3,0.0,0,127,22.4,Mild,November,11,Wednesday
2025-11-12,19:00,Chennai,20.0,76,3.6,1014.6,0.0,0,139,22.4,Mild,November,11,Wednesday
2025-11-12,20:00,Hyderabad,22.6,62,9.9,1012.0,0.0,0,129,22.4,Mild,November,11,Wednesday
2025-11-12,21:00,Mumbai,16.9,75,11.1,1019.1,0.0,0,127,22.4,Mild,November,11,Wednesday
2025-11-12,22:00,Delhi,17.8,60,11.5,1017.5,0.0,0,186,22.4,Mild,November,11,Wednesday
2025-11-12,23:00,Bangalore,16.1,60,6.1,1021.6,0.0,0,90,22.4,Mild,November,11,Wednesday
2025-11-13,00:00,Chennai,15.2,85,13.3,1015.2,0.0,0,95,23.0,Mild,November,11,Thursday
2025-11-13,01:00,Hyderabad,21.8,60,11.4,1017.6,0.0,0,105,23.0,Mild,November,11,Thursday
2025-11-13,02:00,Mumbai,21.8,74,9.2,1015.0,0.0,0,157,23.0,Mild,November,11,Thursday
2025-11-13,03:00,Delhi,19.7,51,8.4,1018.5,0.0,0,190,23.0,Mild,November,11,Thursday
2025-11-13,04:00,Bangalore,19.6,67,8.2,1017.2,0.0,0,67,23.0,Mild,November,11,Thursday
2025-11-13,05:00,Chennai,25.5,77,10.6,1016.5,0.0,0,118,23.0,Warm,November,11,Thursday
2025-11-13,06:00,Hyderabad,27.0,57,8.1,1007.8,6.0,0,104,23.0,Warm,November,11,Thursday
2025-11-13,07:00,Mumbai,26.5,74,9.8,1010.5,0.0,1,130,23.0,Warm,November,11,Thursday
2025-11-13,08:00,Delhi,24.2,46,9.0,1010.6,0.0,2,218,23.0,Mild,November,11,Thursday
2025-11-13,09:00,Bangalore,25.5,55,5.1,1012.7,0.0,4,127,23.0,Warm,November,11,Thursday
2025-11-13,10:00,Chennai,27.5,63,10.5,1012.9,18.3,5,103,23.0,Warm,November,11,Thursday
2025-11-13,11:00,Hyderabad,28.4,59,13.3,1017.3,0.0,6,112,23.0,Warm,November,11,Thursday
2025-11-13,12:00,Mumbai,31.6,62,5.6,1010.3,0.0,9,141,23.0,Warm,November,11,Thursday
2025-11-13,13:00,Delhi,25.2,48,3.1,1014.0,0.0,5,178,23.0,Warm,November,11,Thursday
2025-11-13,14:00,Bangalore,22.5,65,5.9,1015.1,0.0,5,90,23.0,Mild,November,11,Thursday
2025-11-13,15:00,Chennai,25.5,75,4.6,1012.8,0.0,3,107,23.0,Warm,November,11,Thursday
2025-11-13,16:00,Hyderabad,27.8,58,4.5,1015.9,0.0,2,104,23.0,Warm,November,11,Thursday
2025-11-13,17:00,Mumbai,22.9,74,7.3,1011.9,0.0,2,148,23.0,Mild,November,11,Thursday
2025-11-13,18:00,Delhi,19.5,48,8.6,1013.4,0.0,0,178,23.0,Mild,November,11,Thursday
2025-11-13,19:00,Bangalore,16.5,66,5.3,1015.2,0.0,0,98,23.0,Mild,November,11,Thursday
2025-11-13,20:00,Chennai,18.7,71,8.2,1014.5,0.0,0,110,23.0,Mild,November,11,Thursday
2025-11-13,21:00,Hyderabad,24.1,60,6.0,1019.2,0.0,0,131,23.0,Mild,November,11,Thursday
2025-11-13,22:00,Mumbai,20.5,77,11.4,1017.0,0.0,0,122,23.0,Mild,November,11,Thursday
2025-11-13,23:00,Delhi,14.0,58,11.7,1020.3,0.0,0,175,23.0,Cold,November,11,Thursday
2025-11-14,00:00,Bangalore,14.3,74,5.0,1013.6,0.0,0,110,23.1,Cold,November,11,Friday
2025-11-14,01:00,Chennai,20.9,73,3.9,1018.6,0.0,0,133,23.1,Mild,November,11,Friday
2025-11-14,02:00,Hyderabad,24.9,70,7.8,1016.0,8.4,0,126,23.1,Mild,November,11,Friday
2025-11-14,03:00,Mumbai,21.8,69,3.4,1012.8,0.0,0,156,23.1,Mild,November,11,Friday
2025-11-14,04:00,Delhi,16.0,64,7.5,1020.9,0.0,0,184,23.1,Mild,November,11,Friday
2025-11-14,05:00,Bangalore,17.8,76,9.2,1013.9,0.0,0,118,23.1,Mild,November,11,Friday
2025-11-14,06:00,Chennai,26.0,73,13.4,1018.2,0.0,0,131,23.1,Warm,November,11,Friday
2025-11-14,07:00,Hyderabad,28.6,49,5.1,1011.7,0.0,1,137,23.1,Warm,November,11,Friday
2025-11-14,08:00,Mumbai,28.4,71,10.5,1010.7,0.0,2,155,23.1,Warm,November,11,Friday
2025-11-14,09:00,Delhi,23.4,41,1.9,1013.9,0.0,4,214,23.1,Mild,November,11,Friday
2025-11-14,10:00,Bangalore,25.0,64,5.5,1011.9,0.0,5,120,23.1,Warm,November,11,Friday
2025-11-14,11:00,Chennai,30.1,61,11.8,1012.8,0.0,6,137,23.1,Warm,November,11,Friday
2025-11-14,12:00,Hyderabad,32.1,47,4.2,1013.5,0.0,6,136,23.1,Warm,November,11,Friday
2025-11-14,13:00,Mumbai,28.1,75,11.8,1019.5,0.0,6,136,23.1,Warm,November,11,Friday
2025-11-14,14:00,Delhi,22.5,54,5.5,1019.4,0.0,5,183,23.1,Mild,November,11,Friday
2025-11-14,15:00,Bangalore,21.5,69,9.5,1013.5,0.0,4,118,23.1,Mild,November,11,Friday
2025-11-14,16:00,Chennai,28.0,67,8.2,1009.5,0.0,2,121,23.1,Warm,November,11,Friday
2025-11-14,17:00,Hyderabad,25.0,61,8.7,1010.4,1.0,1,145,23.1,Warm,November,11,Friday
2025-11-14,18:00,Mumbai,21.6,81,4.9,1013.0,0.0,0,126,23.1,Mild,November,11,Friday
2025-11-14,19:00,Delhi,17.9,58,6.7,1018.0,0.0,0,195,23.1,Mild,November,11,Friday
2025-11-14,20:00,Bangalore,19.3,76,13.7,1014.7,0.0,0,111,23.1,Mild,November,11,Friday
2025-11-14,21:00,Chennai,21.5,62,12.5,1014.2,0.0,0,130,23.1,Mild,November,11,Friday
2025-11-14,22:00,Hyderabad,19.4,65,6.9,1013.4,0.0,0,111,23.1,Mild,November,11,Friday
2025-11-14,23:00,Mumbai,19.3,77,8.3,1013.8,0.0,0,133,23.1,Mild,November,11,Friday
2025-11-15,00:00,Delhi,16.4,64,8.1,1016.9,0.0,0,199,22.6,Mild,November,11,Saturday
2025-11-15,01:00,Bangalore,15.5,67,10.0,1018.9,0.0,0,88,22.6,Mild,November,11,Saturday
2025-11-15,02:00,Chennai,21.7,68,6.5,1012.4,0.0,0,118,22.6,Mild,November,11,Saturday
2025-11-15,03:00,Hyderabad,21.6,69,10.1,1019.8,0.0,0,143,22.6,Mild,November,11,Saturday
2025-11-15,04:00,Mumbai,23.4,73,4.1,1012.7,0.0,0,128,22.6,Mild,November,11,Saturday
2025-11-15,05:00,Delhi,20.3,56,8.3,1020.7,13.1,0,185,22.6,Mild,November,11,Saturday
2025-11-15,06:00,Bangalore,23.4,67,11.8,1013.4,0.0,0,124,22.6,Mild,November,11,Saturday
2025-11-15,07:00,Chennai,24.8,78,9.9,1021.0,1.0,0,104,22.6,Mild,November,11,Saturday
2025-11-15,08:00,Hyderabad,29.6,51,14.2,1011.3,0.0,2,103,22.6,Warm,November,11,Saturday
2025-11-15,09:00,Mumbai,27.7,77,12.1,1014.4,20.0,3,135,22.6,Warm,November,11,Saturday
2025-11-15,10:00,Delhi,25.5,47,6.5,1015.7,0.0,5,198,22.6,Warm,November,11,Saturday
2025-11-15,11:00,Bangalore,24.2,76,6.0,1016.4,0.0,6,116,22.6,Mild,November,11,Saturday
2025-11-15,12:00,Chennai,27.3,76,14.2,1019.6,0.0,7,103,22.6,Warm,November,11,Saturday
2025-11-15,13:00,Hyderabad,31.8,52,11.3,1016.4,0.0,6,144,22.6,Warm,November,11,Saturday
2025-11-15,14:00,Mumbai,24.4,78,8.1,1013.2,0.0,5,121,22.6,Mild,November,11,Saturday
2025-11-15,15:00,Delhi,23.2,54,4.6,1017.0,0.0,3,200,22.6,Mild,November,11,Saturday
2025-11-15,16:00,Bangalore,20.2,67,7.1,1015.1,0.0,1,87,22.6,Mild,November,11,Saturday
2025-11-15,17:00,Chennai,24.7,75,10.7,1014.3,0.0,1,118,22.6,Mild,November,11,Saturday
2025-11-15,18:00,Hyderabad,25.0,61,6.9,1016.0,0.0,0,120,22.6,Warm,November,11,Saturday
2025-11-15,19:00,Mumbai,20.2,63,6.6,1011.9,0.0,0,136,22.6,Mild,November,11,Saturday
2025-11-15,20:00,Delhi,11.4,57,4.3,1022.8,0.0,0,217,22.6,Cold,November,11,Saturday
2025-11-15,21:00,Bangalore,17.1,75,4.5,1015.7,0.0,0,111,22.6,Mild,November,11,Saturday
2025-11-15,22:00,Chennai,20.9,78,9.8,1010.5,4.9,0,108,22.6,Mild,November,11,Saturday
2025-11-15,23:00,Hyderabad,21.2,66,8.8,1018.7,0.0,0,108,22.6,Mild,November,11,Saturday
2025-11-16,00:00,Mumbai,16.8,87,8.0,1013.1,17.9,0,110,22.0,Mild,November,11,Sunday
2025-11-16,01:00,Delhi,15.8,59,9.1,1018.6,0.0,0,166,22.0,Mild,November,11,Sunday
2025-11-16,02:00,Bangalore,16.3,70,5.0,1017.1,0.0,0,97,22.0,Mild,November,11,Sunday
2025-11-16,03:00,Chennai,20.0,94,12.8,1013.9,0.0,0,101,22.0,Mild,November,11,Sunday
2025-11-16,04:00,Hyderabad,23.3,57,6.4,1010.5,0.0,0,123,22.0,Mild,November,11,Sunday
2025-11-16,05:00,Mumbai,23.0,79,10.4,1016.4,0.0,0,128,22.0,Mild,November,11,Sunday
2025-11-16,06:00,Delhi,20.9,51,6.2,1014.6,0.0,0,197,22.0,Mild,November,11,Sunday
2025-11-16,07:00,Bangalore,22.4,65,11.7,1015.8,0.0,2,115,22.0,Mild,November,11,Sunday
2025-11-16,08:00,Chennai,27.1,77,5.6,1011.5,0.0,1,138,22.0,Warm,November,11,Sunday
2025-11-16,09:00,Hyderabad,28.8,60,10.8,1015.3,0.0,4,145,22.0,Warm,November,11,Sunday
2025-11-16,10:00,Mumbai,27.5,67,11.9,1016.3,0.0,5,152,22.0,Warm,November,11,Sunday
2025-11-16,11:00,Delhi,25.1,51,5.2,1017.4,0.0,6,196,22.0,Warm,November,11,Sunday
2025-11-16,12:00,Bangalore,23.4,58,7.6,1016.0,0.0,7,84,22.0,Mild,November,11,Sunday
2025-11-16,13:00,Chennai,28.0,73,7.7,1012.2,0.0,6,147,22.0,Warm,November,11,Sunday
2025-11-16,14:00,Hyderabad,29.9,58,5.2,1016.4,0.0,5,134,22.0,Warm,November,11,Sunday
2025-11-16,15:00,Mumbai,26.0,75,6.9,1019.7,0.0,4,129,22.0,Warm,November,11,Sunday
2025-11-16,16:00,Delhi,21.2,50,4.1,1015.9,0.0,2,189,22.0,Mild,November,11,Sunday
2025-11-16,17:00,Bangalore,20.9,69,12.7,1010.5,0.0,1,128,22.0,Mild,November,11,Sunday
2025-11-16,18:00,Chennai,21.1,76,9.1,1020.1,0.0,0,114,22.0,Mild,November,11,Sunday
2025-11-16,19:00,Hyderabad,22.7,63,2.5,1017.2,0.0,0,121,22.0,Mild,November,11,Sunday
2025-11-16,20:00,Mumbai,21.5,67,8.1,1020.8,0.0,0,144,22.0,Mild,November,11,Sunday
2025-11-16,21:00,Delhi,14.5,58,11.1,1019.5,0.0,0,191,22.0,Cold,November,11,Sunday
2025-11-16,22:00,Bangalore,14.3,72,6.0,1015.0,5.9,0,105,22.0,Cold,November,11,Sunday
2025-11-16,23:00,Chennai,18.3,80,9.7,1019.5,0.0,0,105,22.0,Mild,November,11,Sunday
2025-11-17,00:00,Hyderabad,18.8,67,11.0,1013.9,0.0,0,123,22.2,Mild,November,11,Monday
2025-11-17,01:00,Mumbai,18.3,76,4.7,1018.6,0.0,0,137,22.2,Mild,November,11,Monday
2025-11-17,02:00,Delhi,18.3,62,5.4,1018.0,24.1,0,173,22.2,Mild,November,11,Monday
2025-11-17,03:00,Bangalore,15.2,75,7.5,1017.2,0.0,0,110,22.2,Mild,November,11,Monday
2025-11-17,04:00,Chennai,26.2,80,9.8,1012.8,0.0,0,131,22.2,Warm,November,11,Monday
2025-11-17,05:00,Hyderabad,23.8,59,9.6,1012.4,0.0,0,134,22.2,Mild,November,11,Monday
2025-11-17,06:00,Mumbai,25.4,73,6.4,1018.0,0.0,0,128,22.2,Warm,November,11,Monday
2025-11-17,07:00,Delhi,22.6,43,14.9,1014.6,0.0,0,185,22.2,Mild,November,11,Monday
2025-11-17,08:00,Bangalore,22.1,64,5.3,1021.9,0.0,2,140,22.2,Mild,November,11,Monday
2025-11-17,09:00,Chennai,29.3,61,11.6,1010.5,0.0,2,115,22.2,Warm,November,11,Monday
2025-11-17,10:00,Hyderabad,30.0,53,5.2,1011.4,0.0,4,135,22.2,Warm,November,11,Monday
2025-11-17,11:00,Mumbai,30.5,68,11.7,1015.0,0.0,6,133,22.2,Warm,November,11,Monday
2025-11-17,12:00,Delhi,25.3,57,11.4,1012.0,0.0,7,186,22.2,Warm,November,11,Monday
2025-11-17,13:00,Bangalore,22.9,78,8.0,1013.9,0.0,7,98,22.2,Mild,November,11,Monday
2025-11-17,14:00,Chennai,26.5,66,8.1,1021.0,0.0,4,100,22.2,Warm,November,11,Monday
2025-11-17,15:00,Hyderabad,26.9,57,10.1,1015.7,0.0,3,116,22.2,Warm,November,11,Monday
2025-11-17,16:00,Mumbai,26.0,66,8.3,1010.0,0.0,2,148,22.2,Warm,November,11,Monday
2025-11-17,17:00,Delhi,20.6,54,7.3,1013.2,0.0,1,210,22.2,Mild,November,11,Monday
2025-11-17,18:00,Bangalore,16.5,73,7.5,1018.5,0.0,0,132,22.2,Mild,November,11,Monday
2025-11-17,19:00,Chennai,21.0,90,7.8,1011.0,0.0,0,135,22.2,Mild,November,11,Monday
2025-11-17,20:00,Hyderabad,21.7,69,12.0,1015.5,0.0,0,142,22.2,Mild,November,11,Monday
2025-11-17,21:00,Mumbai,19.0,81,6.6,1018.2,0.0,0,134,22.2,Mild,November,11,Monday
2025-11-17,22:00,Delhi,13.9,54,4.5,1017.0,0.0,0,184,22.2,Cold,November,11,Monday
2025-11-17,23:00,Bangalore,11.7,74,8.7,1017.6,0.0,0,112,22.2,Cold,November,11,Monday
2025-11-18,00:00,Chennai,19.8,76,11.9,1016.8,0.0,0,113,22.9,Mild,November,11,Tuesday
2025-11-18,01:00,Hyderabad,20.9,66,7.2,1012.1,0.0,0,158,22.9,Mild,November,11,Tuesday
2025-11-18,02:00,Mumbai,20.7,76,7.4,1021.7,0.2,0,137,22.9,Mild,November,11,Tuesday
2025-11-18,03:00,Delhi,16.1,53,4.1,1016.1,0.0,0,202,22.9,Mild,November,11,Tuesday
2025-11-18,04:00,Bangalore,21.3,68,7.2,1008.1,0.0,0,110,22.9,Mild,November,11,Tuesday
2025-11-18,05:00,Chennai,24.3,68,8.4,1009.0,0.0,0,125,22.9,Mild,November,11,Tuesday
2025-11-18,06:00,Hyderabad,26.6,52,12.7,1010.0,0.0,0,125,22.9,Warm,November,11,Tuesday
2025-11-18,07:00,Mumbai,26.0,71,9.0,1011.3,0.0,1,147,22.9,Warm,November,11,Tuesday
2025-11-18,08:00,Delhi,25.0,55,7.8,1014.8,0.0,2,208,22.9,Warm,November,11,Tuesday
2025-11-18,09:00,Bangalore,24.9,59,6.7,1012.2,0.0,4,129,22.9,Mild,November,11,Tuesday
2025-11-18,10:00,Chennai,29.4,71,5.3,1012.9,0.0,4,138,22.9,Warm,November,11,Tuesday
2025-11-18,11:00,Hyderabad,29.6,49,8.8,1014.5,0.0,5,101,22.9,Warm,November,11,Tuesday
2025-11-18,12:00,Mumbai,27.5,79,8.2,1015.2,0.0,6,148,22.9,Warm,November,11,Tuesday
2025-11-18,13:00,Delhi,24.1,48,6.4,1017.7,0.0,6,192,22.9,Mild,November,11,Tuesday
2025-11-18,14:00,Bangalore,24.1,65,6.5,1014.7,0.0,4,110,22.9,Mild,November,11,Tuesday
2025-11-18,15:00,Chennai,27.6,67,7.7,1010.8,0.0,3,129,22.9,Warm,November,11,Tuesday
2025-11-18,16:00,Hyderabad,27.8,54,8.3,1012.8,24.9,2,126,22.9,Warm,November,11,Tuesday
2025-11-18,17:00,Mumbai,22.4,75,11.4,1016.4,6.4,0,141,22.9,Mild,November,11,Tuesday
2025-11-18,18:00,Delhi,17.9,61,7.5,1018.6,8.5,0,201,22.9,Mild,November,11,Tuesday
2025-11-18,19:00,Bangalore,17.7,65,16.2,1009.1,0.0,0,106,22.9,Mild,November,11,Tuesday
2025-11-18,20:00,Chennai,19.9,75,2.2,1013.1,21.1,0,147,22.9,Mild,November,11,Tuesday
2025-11-18,21:00,Hyderabad,20.4,61,12.6,1015.3,0.0,0,118,22.9,Mild,November,11,Tuesday
2025-11-18,22:00,Mumbai,17.7,76,6.4,1015.9,0.0,0,114,22.9,Mild,November,11,Tuesday
2025-11-18,23:00,Delhi,16.9,52,9.1,1020.3,0.0,0,180,22.9,Mild,November,11,Tuesday
2025-11-19,00:00,Bangalore,16.3,68,10.2,1009.2,0.0,0,98,22.5,Mild,November,11,Wednesday
2025-11-19,01:00,Chennai,18.0,70,10.8,1012.0,0.0,0,116,22.5,Mild,November,11,Wednesday
2025-11-19,02:00,Hyderabad,20.7,59,10.2,1015.3,0.0,0,121,22.5,Mild,November,11,Wednesday
2025-11-19,03:00,Mumbai,19.1,78,7.8,1018.7,0.0,0,124,22.5,Mild,November,11,Wednesday
2025-11-19,04:00,Delhi,19.2,55,7.3,1017.0,0.0,0,177,22.5,Mild,November,11,Wednesday
2025-11-19,05:00,Bangalore,18.3,65,12.0,1013.0,2.7,0,91,22.5,Mild,November,11,Wednesday
2025-11-19,06:00,Chennai,25.7,73,11.8,1017.8,0.0,0,140,22.5,Warm,November,11,Wednesday
2025-11-19,07:00,Hyderabad,26.5,54,8.1,1014.0,0.0,0,110,22.5,Warm,November,11,Wednesday
2025-11-19,08:00,Mumbai,27.7,68,2.3,1013.5,0.0,2,132,22.5,Warm,November,11,Wednesday
2025-11-19,09:00,Delhi,25.0,55,7.9,1016.1,0.0,3,203,22.5,Warm,November,11,Wednesday
2025-11-19,10:00,Bangalore,21.5,53,8.9,1014.2,0.0,5,113,22.5,Mild,November,11,Wednesday
2025-11-19,11:00,Chennai,28.5,67,11.0,1018.6,0.0,7,121,22.5,Warm,November,11,Wednesday
2025-11-19,12:00,Hyderabad,30.7,50,7.9,1012.2,0.0,6,114,22.5,Warm,November,11,Wednesday
2025-11-19,13:00,Mumbai,27.4,67,8.6,1018.8,0.0,6,143,22.5,Warm,November,11,Wednesday
2025-11-19,14:00,Delhi,22.7,55,14.7,1013.0,0.0,4,191,22.5,Mild,November,11,Wednesday
2025-11-19,15:00,Bangalore,22.7,69,1.3,1013.3,0.0,3,115,22.5,Mild,November,11,Wednesday
2025-11-19,16:00,Chennai,25.8,73,6.0,1007.5,0.0,2,125,22.5,Warm,November,11,Wednesday
2025-11-19,17:00,Hyderabad,24.8,54,9.4,1018.4,0.0,1,141,22.5,Mild,November,11,Wednesday
2025-11-19,18:00,Mumbai,24.1,79,3.0,1013.1,0.2,0,143,22.5,Mild,November,11,Wednesday
2025-11-19,19:00,Delhi,19.3,57,12.5,1012.8,0.0,0,203,22.5,Mild,November,11,Wednesday
2025-11-19,20:00,Bangalore,18.0,64,2.3,1021.4,0.0,0,113,22.5,Mild,November,11,Wednesday
2025-11-19,21:00,Chennai,21.0,79,12.5,1014.6,0.0,0,117,22.5,Mild,November,11,Wednesday
2025-11-19,22:00,Hyderabad,19.5,61,7.5,1018.1,0.0,0,114,22.5,Mild,November,11,Wednesday
2025-11-19,23:00,Mumbai,17.5,83,4.8,1017.3,0.0,0,113,22.5,Mild,November,11,Wednesday
2025-11-20,00:00,Delhi,13.8,59,9.6,1016.5,0.0,0,191,22.0,Cold,November,11,Thursday
2025-11-20,01:00,Bangalore,14.4,70,7.0,1020.4,0.0,0,102,22.0,Cold,November,11,Thursday
2025-11-20,02:00,Chennai,19.5,81,7.6,1010.0,0.0,0,137,22.0,Mild,November,11,Thursday
2025-11-20,03:00,Hyderabad,22.1,58,8.9,1015.3,0.0,0,118,22.0,Mild,November,11,Thursday
2025-11-20,04:00,Mumbai,22.9,77,15.5,1022.9,0.0,0,150,22.0,Mild,November,11,Thursday
2025-11-20,05:00,Delhi,22.0,50,9.9,1020.4,0.0,0,186,22.0,Mild,November,11,Thursday
2025-11-20,06:00,Bangalore,20.6,61,5.6,1014.6,1.8,0,129,22.0,Mild,November,11,Thursday
2025-11-20,07:00,Chennai,29.6,72,12.3,1018.4,0.0,1,111,22.0,Warm,November,11,Thursday
2025-11-20,08:00,Hyderabad,27.4,65,9.9,1011.7,23.8,2,133,22.0,Warm,November,11,Thursday
2025-11-20,09:00,Mumbai,26.9,73,4.5,1014.2,0.0,2,149,22.0,Warm,November,11,Thursday
2025-11-20,10:00,Delhi,24.9,47,7.0,1019.4,0.0,4,215,22.0,Mild,November,11,Thursday
2025-11-20,11:00,Bangalore,24.2,63,7.3,1009.9,0.0,5,93,22.0,Mild,November,11,Thursday
2025-11-20,12:00,Chennai,28.3,68,8.5,1009.6,0.0,7,112,22.0,Warm,November,11,Thursday
2025-11-20,13:00,Hyderabad,28.2,48,9.2,1008.0,0.0,6,119,22.0,Warm,November,11,Thursday
2025-11-20,14:00,Mumbai,26.6,70,9.8,1012.7,0.0,5,142,22.0,Warm,November,11,Thursday
2025-11-20,15:00,Delhi,21.5,58,7.9,1015.1,0.0,3,192,22.0,Mild,November,11,Thursday
2025-11-20,16:00,Bangalore,18.8,70,10.7,1014.9,0.0,2,104,22.0,Mild,November,11,Thursday
2025-11-20,17:00,Chennai,24.9,81,10.7,1014.9,0.0,0,114,22.0,Mild,November,11,Thursday
2025-11-20,18:00,Hyderabad,24.0,55,2.5,1015.9,12.8,0,129,22.0,Mild,November,11,Thursday
2025-11-20,19:00,Mumbai,19.3,77,6.6,1017.2,0.0,0,151,22.0,Mild,November,11,Thursday
2025-11-20,20:00,Delhi,16.1,60,5.8,1016.1,0.0,0,212,22.0,Mild,November,11,Thursday
2025-11-20,21:00,Bangalore,11.9,68,7.2,1019.1,0.0,0,93,22.0,Cold,November,11,Thursday
2025-11-20,22:00,Chennai,19.8,73,9.2,1015.8,0.0,0,123,22.0,Mild,November,11,Thursday
2025-11-20,23:00,Hyderabad,20.7,67,11.8,1017.1,0.0,0,123,22.0,Mild,November,11,Thursday
2025-11-21,00:00,Mumbai,17.3,80,8.3,1015.6,0.0,0,117,21.6,Mild,November,11,Friday
2025-11-21,01:00,Delhi,15.0,58,3.7,1021.3,0.0,0,203,21.6,Mild,November,11,Friday
2025-11-21,02:00,Bangalore,14.1,70,3.4,1022.8,0.0,0,111,21.6,Cold,November,11,Friday
2025-11-21,03:00,Chennai,22.3,71,7.4,1015.8,0.0,0,122,21.6,Mild,November,11,Friday
2025-11-21,04:00,Hyderabad,24.6,51,2.4,1016.8,0.0,0,148,21.6,Mild,November,11,Friday
2025-11-21,05:00,Mumbai,21.9,75,8.2,1017.9,0.0,0,116,21.6,Mild,November,11,Friday
2025-11-21,06:00,Delhi,19.8,56,11.3,1017.1,0.0,0,185,21.6,Mild,November,11,Friday
2025-11-21,07:00,Bangalore,21.5,64,5.7,1011.9,0.0,0,102,21.6,Mild,November,11,Friday
2025-11-21,08:00,Chennai,29.0,66,13.0,1016.2,0.0,2,124,21.6,Warm,November,11,Friday
2025-11-21,09:00,Hyderabad,27.1,59,6.6,1017.9,0.0,3,135,21.6,Warm,November,11,Friday
2025-11-21,10:00,Mumbai,26.7,72,7.1,1011.8,0.0,5,142,21.6,Warm,November,11,Friday
2025-11-21,11:00,Delhi,25.0,41,9.8,1017.4,0.0,6,162,21.6,Warm,November,11,Friday
2025-11-21,12:00,Bangalore,22.2,57,9.0,1017.3,0.0,8,123,21.6,Mild,November,11,Friday
2025-11-21,13:00,Chennai,27.9,74,14.0,1007.2,21.2,6,131,21.6,Warm,November,11,Friday
2025-11-21,14:00,Hyderabad,27.1,63,10.1,1014.9,0.0,5,129,21.6,Warm,November,11,Friday
2025-11-21,15:00,Mumbai,25.1,77,9.6,1014.5,0.0,4,137,21.6,Warm,November,11,Friday
2025-11-21,16:00,Delhi,20.3,47,10.4,1015.3,0.0,3,205,21.6,Mild,November,11,Friday
2025-11-21,17:00,Bangalore,21.7,64,8.1,1019.3,0.0,1,117,21.6,Mild,November,11,Friday
2025-11-21,18:00,Chennai,21.6,73,9.5,1014.7,18.0,0,118,21.6,Mild,November,11,Friday
2025-11-21,19:00,Hyderabad,22.8,55,11.5,1013.1,20.0,0,140,21.6,Mild,November,11,Friday
2025-11-21,20:00,Mumbai,18.3,71,7.1,1017.5,0.0,0,151,21.6,Mild,November,11,Friday
2025-11-21,21:00,Delhi,14.9,57,12.0,1015.6,0.0,0,203,21.6,Cold,November,11,Friday
2025-11-21,22:00,Bangalore,13.8,74,12.5,1016.7,0.0,0,121,21.6,Cold,November,11,Friday
2025-11-21,23:00,Chennai,17.7,72,3.9,1014.1,0.0,0,117,21.6,Mild,November,11,Friday
2025-11-22,00:00,Hyderabad,21.2,62,9.4,1014.4,0.0,0,127,21.8,Mild,November,11,Saturday
2025-11-22,01:00,Mumbai,17.8,81,6.1,1017.6,11.9,0,123,21.8,Mild,November,11,Saturday
2025-11-22,02:00,Delhi,17.5,54,10.0,1019.8,0.0,0,197,21.8,Mild,November,11,Saturday
2025-11-22,03:00,Bangalore,18.3,72,10.3,1015.1,0.0,0,102,21.8,Mild,November,11,Saturday
2025-11-22,04:00,Chennai,21.5,78,6.2,1014.6,0.0,0,122,21.8,Mild,November,11,Saturday
2025-11-22,05:00,Hyderabad,26.0,47,7.5,1007.7,0.0,0,109,21.8,Warm,November,11,Saturday
2025-11-22,06:00,Mumbai,24.0,76,5.7,1018.0,0.0,0,130,21.8,Mild,November,11,Saturday
2025-11-22,07:00,Delhi,21.9,60,6.9,1015.3,0.0,1,204,21.8,Mild,November,11,Saturday
2025-11-22,08:00,Bangalore,22.0,67,4.1,1019.2,0.0,2,127,21.8,Mild,November,11,Saturday
2025-11-22,09:00,Chennai,26.1,63,6.3,1011.7,0.0,4,133,21.8,Warm,November,11,Saturday
2025-11-22,10:00,Hyderabad,29.5,52,6.0,1013.9,0.0,3,118,21.8,Warm,November,11,Saturday
2025-11-22,11:00,Mumbai,31.3,68,7.2,1013.6,0.0,6,137,21.8,Warm,November,11,Saturday
2025-11-22,12:00,Delhi,25.2,50,7.6,1017.8,0.0,6,177,21.8,Warm,November,11,Saturday
2025-11-22,13:00,Bangalore,23.6,70,13.6,1013.2,24.5,5,117,21.8,Mild,November,11,Saturday
2025-11-22,14:00,Chennai,25.8,69,9.5,1010.3,23.6,4,79,21.8,Warm,November,11,Saturday
2025-11-22,15:00,Hyderabad,25.1,54,6.1,1014.1,23.3,3,104,21.8,Warm,November,11,Saturday
2025-11-22,16:00,Mumbai,24.4,82,6.1,1017.5,0.0,2,137,21.8,Mild,November,11,Saturday
2025-11-22,17:00,Delhi,18.8,54,4.4,1014.6,0.0,0,199,21.8,Mild,November,11,Saturday
2025-11-22,18:00,Bangalore,17.4,76,8.1,1017.0,0.0,0,128,21.8,Mild,November,11,Saturday
2025-11-22,19:00,Chennai,18.8,78,7.0,1015.4,0.0,0,118,21.8,Mild,November,11,Saturday
2025-11-22,20:00,Hyderabad,22.2,66,9.8,1014.5,0.0,0,120,21.8,Mild,November,11,Saturday
2025-11-22,21:00,Mumbai,17.8,74,10.2,1015.5,0.0,0,120,21.8,Mild,November,11,Saturday
2025-11-22,22:00,Delhi,13.9,59,12.2,1018.1,0.0,0,178,21.8,Cold,November,11,Saturday
2025-11-22,23:00,Bangalore,12.8,72,6.9,1020.2,0.0,0,111,21.8,Cold,November,11,Saturday
2025-11-23,00:00,Chennai,16.5,74,10.0,1015.4,0.0,0,126,22.4,Mild,November,11,Sunday
2025-11-23,01:00,Hyderabad,19.8,65,5.0,1018.2,0.0,0,126,22.4,Mild,November,11,Sunday
2025-11-23,02:00,Mumbai,19.3,83,2.6,1021.7,0.0,0,133,22.4,Mild,November,11,Sunday
2025-11-23,03:00,Delhi,16.2,51,9.0,1017.2,0.0,0,194,22.4,Mild,November,11,Sunday
2025-11-23,04:00,Bangalore,20.2,76,9.0,1013.2,0.0,0,111,22.4,Mild,November,11,Sunday
2025-11-23,05:00,Chennai,23.6,78,9.5,1011.7,0.0,0,120,22.4,Mild,November,11,Sunday
2025-11-23,06:00,Hyderabad,26.7,62,8.1,1018.9,0.0,0,121,22.4,Warm,November,11,Sunday
2025-11-23,07:00,Mumbai,25.8,72,5.0,1009.7,0.0,1,135,22.4,Warm,November,11,Sunday
2025-11-23,08:00,Delhi,22.9,58,9.1,1015.6,18.6,2,206,22.4,Mild,November,11,Sunday
2025-11-23,09:00,Bangalore,21.7,67,7.8,1019.3,0.0,3,105,22.4,Mild,November,11,Sunday
2025-11-23,10:00,Chennai,30.1,71,10.3,1007.2,0.0,4,129,22.4,Warm,November,11,Sunday
2025-11-23,11:00,Hyderabad,30.7,56,9.2,1009.3,0.0,6,100,22.4,Warm,November,11,Sunday
2025-11-23,12:00,Mumbai,27.6,71,4.0,1013.8,0.0,7,121,22.4,Warm,November,11,Sunday
2025-11-23,13:00,Delhi,23.8,53,7.4,1013.2,0.0,5,173,22.4,Mild,November,11,Sunday
2025-11-23,14:00,Bangalore,23.0,66,7.0,1014.1,0.0,5,95,22.4,Mild,November,11,Sunday
2025-11-23,15:00,Chennai,24.4,76,12.0,1019.1,0.0,3,100,22.4,Mild,November,11,Sunday
2025-11-23,16:00,Hyderabad,27.5,64,8.7,1009.1,0.0,1,118,22.4,Warm,November,11,Sunday
2025-11-23,17:00,Mumbai,26.2,74,10.1,1013.3,0.0,0,163,22.4,Warm,November,11,Sunday
2025-11-23,18:00,Delhi,17.2,60,13.8,1014.8,4.4,0,203,22.4,Mild,November,11,Sunday
2025-11-23,19:00,Bangalore,16.7,76,11.0,1016.9,0.0,0,89,22.4,Mild,November,11,Sunday
2025-11-23,20:00,Chennai,20.1,72,7.1,1017.6,0.0,0,127,22.4,Mild,November,11,Sunday
2025-11-23,21:00,Hyderabad,19.6,64,2.3,1021.6,0.0,0,115,22.4,Mild,November,11,Sunday
2025-11-23,22:00,Mumbai,21.4,84,11.9,1019.6,0.0,0,115,22.4,Mild,November,11,Sunday
2025-11-23,23:00,Delhi,15.8,57,6.7,1019.7,0.0,0,185,22.4,Mild,November,11,Sunday
2025-11-24,00:00,Bangalore,13.1,74,7.6,1018.1,0.0,0,102,21.9,Cold,November,11,Monday
2025-11-24,01:00,Chennai,19.5,73,7.3,1014.6,0.0,0,133,21.9,Mild,November,11,Monday
2025-11-24,02:00,Hyderabad,21.3,64,11.0,1019.9,0.0,0,120,21.9,Mild,November,11,Monday
2025-11-24,03:00,Mumbai,18.6,76,4.3,1018.4,0.0,0,124,21.9,Mild,November,11,Monday
2025-11-24,04:00,Delhi,17.7,57,7.6,1015.3,0.0,0,189,21.9,Mild,November,11,Monday
2025-11-24,05:00,Bangalore,19.6,80,10.3,1011.1,0.0,0,120,21.9,Mild,November,11,Monday
2025-11-24,06:00,Chennai,23.5,74,9.5,1016.5,0.0,0,133,21.9,Mild,November,11,Monday
2025-11-24,07:00,Hyderabad,28.2,55,8.7,1014.4,0.0,1,137,21.9,Warm,November,11,Monday
2025-11-24,08:00,Mumbai,27.9,65,6.0,1009.3,0.0,2,154,21.9,Warm,November,11,Monday
2025-11-24,09:00,Delhi,25.9,49,9.7,1016.6,0.0,3,211,21.9,Warm,November,11,Monday
2025-11-24,10:00,Bangalore,23.3,60,6.4,1019.5,0.0,5,114,21.9,Mild,November,11,Monday
2025-11-24,11:00,Chennai,29.1,70,7.3,1011.2,0.0,5,103,21.9,Warm,November,11,Monday
2025-11-24,12:00,Hyderabad,32.7,54,7.0,1011.9,0.0,8,119,21.9,Warm,November,11,Monday
2025-11-24,13:00,Mumbai,28.2,63,8.7,1019.9,0.0,5,144,21.9,Warm,November,11,Monday
2025-11-24,14:00,Delhi,22.1,60,7.7,1015.6,0.0,4,179,21.9,Mild,November,11,Monday
2025-11-24,15:00,Bangalore,23.0,64,8.2,1011.5,0.0,3,96,21.9,Mild,November,11,Monday
2025-11-24,16:00,Chennai,23.4,74,4.8,1014.7,0.0,2,115,21.9,Mild,November,11,Monday
2025-11-24,17:00,Hyderabad,21.4,66,7.8,1019.9,0.0,1,164,21.9,Mild,November,11,Monday
2025-11-24,18:00,Mumbai,21.8,64,8.6,1015.4,0.0,0,155,21.9,Mild,November,11,Monday
2025-11-24,19:00,Delhi,16.7,44,7.2,1021.6,0.0,0,199,21.9,Mild,November,11,Monday
2025-11-24,20:00,Bangalore,13.9,81,8.4,1020.5,0.0,0,124,21.9,Cold,November,11,Monday
2025-11-24,21:00,Chennai,21.7,73,7.6,1015.6,0.0,0,134,21.9,Mild,November,11,Monday
2025-11-24,22:00,Hyderabad,16.6,58,8.2,1016.0,0.0,0,117,21.9,Mild,November,11,Monday
2025-11-24,23:00,Mumbai,15.8,73,9.3,1019.0,0.0,0,127,21.9,Mild,November,11,Monday
2025-11-25,00:00,Delhi,15.3,55,7.7,1011.0,0.0,0,185,22.3,Mild,November,11,Tuesday
2025-11-25,01:00,Bangalore,13.6,63,6.4,1018.7,0.0,0,94,22.3,Cold,November,11,Tuesday
2025-11-25,02:00,Chennai,18.6,70,7.3,1017.7,0.0,0,115,22.3,Mild,November,11,Tuesday
2025-11-25,03:00,Hyderabad,26.1,59,9.0,1016.9,0.0,0,105,22.3,Warm,November,11,Tuesday
2025-11-25,04:00,Mumbai,23.2,77,6.3,1013.0,0.0,0,120,22.3,Mild,November,11,Tuesday
2025-11-25,05:00,Delhi,19.9,53,9.5,1018.6,0.0,0,181,22.3,Mild,November,11,Tuesday
2025-11-25,06:00,Bangalore,19.2,75,9.3,1011.1,0.0,0,109,22.3,Mild,November,11,Tuesday
2025-11-25,07:00,Chennai,28.2,67,4.5,1013.8,0.0,1,100,22.3,Warm,November,11,Tuesday
2025-11-25,08:00,Hyderabad,28.3,65,16.5,1012.3,0.0,2,148,22.3,Warm,November,11,Tuesday
2025-11-25,09:00,Mumbai,26.9,58,10.1,1014.1,0.0,4,136,22.3,Warm,November,11,Tuesday
2025-11-25,10:00,Delhi,26.9,46,6.6,1008.8,20.2,4,199,22.3,Warm,November,11,Tuesday
2025-11-25,11:00,Bangalore,23.7,61,14.6,1012.4,0.0,5,110,22.3,Mild,November,11,Tuesday
2025-11-25,12:00,Chennai,28.9,65,7.9,1011.9,0.0,6,105,22.3,Warm,November,11,Tuesday
2025-11-25,13:00,Hyderabad,31.4,55,4.6,1011.4,0.0,6,111,22.3,Warm,November,11,Tuesday
2025-11-25,14:00,Mumbai,26.8,66,6.8,1010.3,0.0,4,131,22.3,Warm,November,11,Tuesday
2025-11-25,15:00,Delhi,22.9,56,10.4,1012.7,14.8,4,185,22.3,Mild,November,11,Tuesday
2025-11-25,16:00,Bangalore,20.5,60,9.7,1013.3,0.0,2,106,22.3,Mild,November,11,Tuesday
2025-11-25,17:00,Chennai,24.1,76,5.0,1016.2,0.0,1,133,22.3,Mild,November,11,Tuesday
2025-11-25,18:00,Hyderabad,23.3,62,7.1,1015.7,0.0,0,146,22.3,Mild,November,11,Tuesday
2025-11-25,19:00,Mumbai,22.6,77,5.7,1008.3,0.0,0,157,22.3,Mild,November,11,Tuesday
2025-11-25,20:00,Delhi,13.7,57,10.4,1021.4,2.7,0,210,22.3,Cold,November,11,Tuesday
2025-11-25,21:00,Bangalore,14.1,75,8.3,1015.9,0.0,0,102,22.3,Cold,November,11,Tuesday
2025-11-25,22:00,Chennai,18.8,81,10.1,1019.7,0.0,0,119,22.3,Mild,November,11,Tuesday
2025-11-25,23:00,Hyderabad,18.6,73,9.8,1016.6,0.0,0,144,22.3,Mild,November,11,Tuesday
2025-11-26,00:00,Mumbai,16.7,83,12.2,1017.9,0.0,0,123,22.2,Mild,November,11,Wednesday
2025-11-26,01:00,Delhi,15.7,53,8.9,1012.5,0.0,0,185,22.2,Mild,November,11,Wednesday
2025-11-26,02:00,Bangalore,14.0,77,4.5,1018.0,0.0,0,109,22.2,Cold,November,11,Wednesday
2025-11-26,03:00,Chennai,22.1,73,9.8,1018.2,0.0,0,118,22.2,Mild,November,11,Wednesday
2025-11-26,04:00,Hyderabad,21.7,56,8.7,1013.5,0.0,0,108,22.2,Mild,November,11,Wednesday
2025-11-26,05:00,Mumbai,24.0,75,14.6,1011.4,0.0,0,117,22.2,Mild,November,11,Wednesday
2025-11-26,06:00,Delhi,23.6,48,12.9,1017.6,0.0,0,188,22.2,Mild,November,11,Wednesday
2025-11-26,07:00,Bangalore,23.2,73,6.5,1012.2,0.0,0,96,22.2,Mild,November,11,Wednesday
2025-11-26,08:00,Chennai,31.0,68,4.0,1008.0,0.0,2,137,22.2,Warm,November,11,Wednesday
2025-11-26,09:00,Hyderabad,31.2,50,12.5,1007.2,0.0,3,139,22.2,Warm,November,11,Wednesday
2025-11-26,10:00,Mumbai,27.5,73,8.1,1015.7,0.0,4,171,22.2,Warm,November,11,Wednesday
2025-11-26,11:00,Delhi,21.2,38,7.0,1015.4,0.0,5,203,22.2,Mild,November,11,Wednesday
2025-11-26,12:00,Bangalore,24.1,64,7.2,1016.4,12.9,7,98,22.2,Mild,November,11,Wednesday
2025-11-26,13:00,Chennai,27.1,68,6.4,1016.2,0.0,6,103,22.2,Warm,November,11,Wednesday
2025-11-26,14:00,Hyderabad,29.6,47,14.4,1013.9,0.0,3,95,22.2,Warm,November,11,Wednesday
2025-11-26,15:00,Mumbai,26.6,70,2.5,1012.7,0.0,4,128,22.2,Warm,November,11,Wednesday
2025-11-26,16:00,Delhi,19.1,55,5.0,1023.0,0.0,2,170,22.2,Mild,November,11,Wednesday
2025-11-26,17:00,Bangalore,19.3,68,6.4,1021.4,0.0,1,103,22.2,Mild,November,11,Wednesday
2025-11-26,18:00,Chennai,22.6,70,7.6,1014.0,0.0,0,122,22.2,Mild,November,11,Wednesday
2025-11-26,19:00,Hyderabad,24.2,65,3.5,1014.9,0.0,0,137,22.2,Mild,November,11,Wednesday
2025-11-26,20:00,Mumbai,20.6,73,9.1,1016.0,0.0,0,170,22.2,Mild,November,11,Wednesday
2025-11-26,21:00,Delhi,16.8,65,5.7,1018.1,0.0,0,211,22.2,Mild,November,11,Wednesday
2025-11-26,22:00,Bangalore,13.8,70,6.9,1018.3,0.0,0,111,22.2,Cold,November,11,Wednesday
2025-11-26,23:00,Chennai,18.0,75,3.1,1016.2,0.0,0,98,22.2,Mild,November,11,Wednesday
2025-11-27,00:00,Hyderabad,17.3,69,8.9,1010.9,0.0,0,112,21.4,Mild,November,11,Thursday
2025-11-27,01:00,Mumbai,18.7,69,6.4,1015.7,0.0,0,129,21.4,Mild,November,11,Thursday
2025-11-27,02:00,Delhi,16.9,52,7.7,1015.9,0.0,0,196,21.4,Mild,November,11,Thursday
2025-11-27,03:00,Bangalore,17.7,72,8.7,1016.8,0.0,0,99,21.4,Mild,November,11,Thursday
2025-11-27,04:00,Chennai,23.5,70,2.2,1018.2,0.0,0,112,21.4,Mild,November,11,Thursday
2025-11-27,05:00,Hyderabad,24.4,65,7.4,1012.7,0.0,0,114,21.4,Mild,November,11,Thursday
2025-11-27,06:00,Mumbai,25.2,89,6.8,1016.1,0.0,0,120,21.4,Warm,November,11,Thursday
2025-11-27,07:00,Delhi,22.6,45,6.6,1019.3,0.0,1,176,21.4,Mild,November,11,Thursday
2025-11-27,08:00,Bangalore,17.7,57,10.0,1018.1,0.0,2,119,21.4,Mild,November,11,Thursday
2025-11-27,09:00,Chennai,27.6,66,5.7,1011.5,0.0,3,129,21.4,Warm,November,11,Thursday
2025-11-27,10:00,Hyderabad,28.9,55,11.4,1011.9,0.0,4,152,21.4,Warm,November,11,Thursday
2025-11-27,11:00,Mumbai,27.0,70,7.9,1020.9,20.9,5,135,21.4,Warm,November,11,Thursday
2025-11-27,12:00,Delhi,21.7,54,5.4,1013.3,0.0,7,187,21.4,Mild,November,11,Thursday
2025-11-27,13:00,Bangalore,23.3,58,7.3,1016.4,0.0,5,87,21.4,Mild,November,11,Thursday
2025-11-27,14:00,Chennai,27.8,62,9.4,1012.4,0.0,4,132,21.4,Warm,November,11,Thursday
2025-11-27,15:00,Hyderabad,26.1,52,6.3,1016.1,17.1,3,123,21.4,Warm,November,11,Thursday
2025-11-27,16:00,Mumbai,25.0,76,1.0,1017.9,0.0,2,121,21.4,Warm,November,11,Thursday
2025-11-27,17:00,Delhi,18.5,54,11.2,1016.7,0.0,0,213,21.4,Mild,November,11,Thursday
2025-11-27,18:00,Bangalore,16.4,72,8.1,1012.9,0.0,0,110,21.4,Mild,November,11,Thursday
2025-11-27,19:00,Chennai,21.2,73,9.2,1020.3,0.0,0,135,21.4,Mild,November,11,Thursday
2025-11-27,20:00,Hyderabad,20.8,57,10.4,1016.0,0.0,0,139,21.4,Mild,November,11,Thursday
2025-11-27,21:00,Mumbai,18.8,74,12.7,1017.1,0.0,0,144,21.4,Mild,November,11,Thursday
2025-11-27,22:00,Delhi,13.6,57,8.4,1020.3,0.0,0,172,21.4,Cold,November,11,Thursday
2025-11-27,23:00,Bangalore,12.1,87,7.7,1020.2,5.7,0,99,21.4,Cold,November,11,Thursday
2025-11-28,00:00,Chennai,19.9,75,6.4,1009.2,0.0,0,96,22.4,Mild,November,11,Friday
2025-11-28,01:00,Hyderabad,21.6,64,5.8,1022.3,0.0,0,109,22.4,Mild,November,11,Friday
2025-11-28,02:00,Mumbai,20.2,78,11.7,1019.5,0.0,0,134,22.4,Mild,November,11,Friday
2025-11-28,03:00,Delhi,17.1,55,13.5,1014.9,0.0,0,187,22.4,Mild,November,11,Friday
2025-11-28,04:00,Bangalore,16.5,68,9.4,1014.1,0.0,0,109,22.4,Mild,November,11,Friday
2025-11-28,05:00,Chennai,23.7,72,6.9,1012.8,0.0,0,119,22.4,Mild,November,11,Friday
2025-11-28,06:00,Hyderabad,25.4,62,5.8,1011.8,0.0,0,116,22.4,Warm,November,11,Friday
2025-11-28,07:00,Mumbai,25.6,66,7.1,1004.1,0.0,1,119,22.4,Warm,November,11,Friday
2025-11-28,08:00,Delhi,25.8,42,5.6,1021.2,0.0,2,193,22.4,Warm,November,11,Friday
2025-11-28,09:00,Bangalore,23.4,60,4.9,1014.3,0.0,3,120,22.4,Mild,November,11,Friday
2025-11-28,10:00,Chennai,26.5,64,9.5,1013.5,0.0,4,116,22.4,Warm,November,11,Friday
2025-11-28,11:00,Hyderabad,29.7,50,7.9,1012.1,0.0,6,118,22.4,Warm,November,11,Friday
2025-11-28,12:00,Mumbai,27.4,80,9.3,1015.1,0.0,6,122,22.4,Warm,November,11,Friday
2025-11-28,13:00,Delhi,23.7,45,7.3,1010.6,0.0,6,211,22.4,Mild,November,11,Friday
2025-11-28,14:00,Bangalore,20.7,66,5.5,1016.9,0.0,4,98,22.4,Mild,November,11,Friday
2025-11-28,15:00,Chennai,26.3,60,9.9,1016.6,0.0,3,106,22.4,Warm,November,11,Friday
2025-11-28,16:00,Hyderabad,26.7,62,5.3,1010.4,0.0,2,144,22.4,Warm,November,11,Friday
2025-11-28,17:00,Mumbai,26.1,72,7.6,1012.0,0.0,1,160,22.4,Warm,November,11,Friday
2025-11-28,18:00,Delhi,19.5,54,1.1,1016.9,0.0,0,196,22.4,Mild,November,11,Friday
2025-11-28,19:00,Bangalore,16.7,72,2.1,1017.2,0.0,0,130,22.4,Mild,November,11,Friday
2025-11-28,20:00,Chennai,18.1,76,9.6,1021.7,0.0,0,143,22.4,Mild,November,11,Friday
2025-11-28,21:00,Hyderabad,21.1,59,5.7,1015.1,0.0,0,130,22.4,Mild,November,11,Friday
2025-11-28,22:00,Mumbai,19.5,86,9.8,1015.7,23.4,0,119,22.4,Mild,November,11,Friday
2025-11-28,23:00,Delhi,15.4,58,11.4,1013.0,14.2,0,195,22.4,Mild,November,11,Friday
2025-11-29,00:00,Bangalore,16.4,72,8.0,1017.1,22.4,0,104,21.9,Mild,November,11,Saturday
2025-11-29,01:00,Chennai,17.5,81,5.3,1021.5,0.0,0,116,21.9,Mild,November,11,Saturday
2025-11-29,02:00,Hyderabad,21.2,57,4.7,1012.3,0.0,0,94,21.9,Mild,November,11,Saturday
2025-11-29,03:00,Mumbai,22.9,83,6.7,1015.6,18.3,0,119,21.9,Mild,November,11,Saturday
2025-11-29,04:00,Delhi,18.4,42,8.6,1017.4,3.4,0,194,21.9,Mild,November,11,Saturday
2025-11-29,05:00,Bangalore,17.9,74,7.2,1008.1,0.0,0,114,21.9,Mild,November,11,Saturday
2025-11-29,06:00,Chennai,25.6,76,11.2,1013.5,0.0,0,118,21.9,Warm,November,11,Saturday
2025-11-29,07:00,Hyderabad,27.3,59,8.0,1011.9,0.0,1,131,21.9,Warm,November,11,Saturday
2025-11-29,08:00,Mumbai,26.6,67,7.4,1012.7,0.0,2,140,21.9,Warm,November,11,Saturday
2025-11-29,09:00,Delhi,22.2,55,6.9,1019.0,0.0,3,198,21.9,Mild,November,11,Saturday
2025-11-29,10:00,Bangalore,22.5,70,8.4,1008.5,3.4,4,125,21.9,Mild,November,11,Saturday
2025-11-29,11:00,Chennai,27.4,76,7.5,1017.3,0.0,6,106,21.9,Warm,November,11,Saturday
2025-11-29,12:00,Hyderabad,27.4,49,10.1,1013.3,0.0,7,131,21.9,Warm,November,11,Saturday
2025-11-29,13:00,Mumbai,24.9,71,6.7,1011.1,0.0,6,157,21.9,Mild,November,11,Saturday
2025-11-29,14:00,Delhi,21.6,48,9.4,1014.1,0.0,4,194,21.9,Mild,November,11,Saturday
2025-11-29,15:00,Bangalore,21.9,71,5.6,1008.7,0.0,2,118,21.9,Mild,November,11,Saturday
2025-11-29,16:00,Chennai,23.7,76,7.7,1014.4,0.0,2,100,21.9,Mild,November,11,Saturday
2025-11-29,17:00,Hyderabad,23.8,59,11.6,1013.0,0.0,1,140,21.9,Mild,November,11,Saturday
2025-11-29,18:00,Mumbai,23.2,71,8.0,1015.4,0.0,0,151,21.9,Mild,November,11,Saturday
2025-11-29,19:00,Delhi,16.8,53,9.1,1012.9,0.0,0,204,21.9,Mild,November,11,Saturday
2025-11-29,20:00,Bangalore,17.1,68,7.3,1014.9,3.5,0,138,21.9,Mild,November,11,Saturday
2025-11-29,21:00,Chennai,18.4,74,4.7,1015.5,0.0,0,135,21.9,Mild,November,11,Saturday
2025-11-29,22:00,Hyderabad,20.8,61,7.5,1015.4,0.0,0,126,21.9,Mild,November,11,Saturday
2025-11-29,23:00,Mumbai,20.2,73,10.5,1016.0,0.0,0,121,21.9,Mild,November,11,Saturday
2025-11-30,00:00,Delhi,13.6,67,11.1,1014.2,0.0,0,187,22.0,Cold,November,11,Sunday
2025-11-30,01:00,Bangalore,15.0,78,6.4,1020.3,0.0,0,100,22.0,Mild,November,11,Sunday
2025-11-30,02:00,Chennai,20.4,76,8.9,1015.8,0.0,0,104,22.0,Mild,November,11,Sunday
2025-11-30,03:00,Hyderabad,22.4,55,15.7,1016.1,0.0,0,124,22.0,Mild,November,11,Sunday
2025-11-30,04:00,Mumbai,23.9,69,4.8,1015.9,0.0,0,118,22.0,Mild,November,11,Sunday
2025-11-30,05:00,Delhi,23.8,53,9.1,1012.9,0.0,0,171,22.0,Mild,November,11,Sunday
2025-11-30,06:00,Bangalore,19.7,65,11.2,1017.0,0.0,0,121,22.0,Mild,November,11,Sunday
2025-11-30,07:00,Chennai,25.1,62,5.1,1015.4,0.0,1,112,22.0,Warm,November,11,Sunday
2025-11-30,08:00,Hyderabad,27.5,55,8.1,1013.1,23.7,2,124,22.0,Warm,November,11,Sunday
2025-11-30,09:00,Mumbai,28.2,71,9.8,1011.5,0.0,4,143,22.0,Warm,November,11,Sunday
2025-11-30,10:00,Delhi,23.1,51,12.6,1010.8,0.0,5,198,22.0,Mild,November,11,Sunday
2025-11-30,11:00,Bangalore,24.7,65,5.5,1015.1,0.0,6,103,22.0,Mild,November,11,Sunday
2025-11-30,12:00,Chennai,25.0,72,8.2,1014.0,0.0,8,87,22.0,Warm,November,11,Sunday
2025-11-30,13:00,Hyderabad,29.0,59,7.3,1017.1,0.0,6,112,22.0,Warm,November,11,Sunday
2025-11-30,14:00,Mumbai,29.4,63,6.8,1016.9,0.0,5,154,22.0,Warm,November,11,Sunday
2025-11-30,15:00,Delhi,22.7,50,7.4,1015.3,19.1,3,186,22.0,Mild,November,11,Sunday
2025-11-30,16:00,Bangalore,19.4,59,4.9,1016.3,0.0,2,114,22.0,Mild,November,11,Sunday
2025-11-30,17:00,Chennai,21.4,80,9.2,1008.1,0.0,1,124,22.0,Mild,November,11,Sunday
2025-11-30,18:00,Hyderabad,21.8,58,12.0,1017.0,0.0,0,121,22.0,Mild,November,11,Sunday
2025-11-30,19:00,Mumbai,21.0,72,8.6,1011.0,0.0,0,153,22.0,Mild,November,11,Sunday
2025-11-30,20:00,Delhi,17.7,53,5.3,1016.8,5.3,0,207,22.0,Mild,November,11,Sunday
2025-11-30,21:00,Bangalore,13.3,68,9.8,1016.8,0.0,0,100,22.0,Cold,November,11,Sunday
2025-11-30,22:00,Chennai,18.9,75,4.9,1019.1,0.0,0,121,22.0,Mild,November,11,Sunday
2025-11-30,23:00,Hyderabad,20.9,65,9.4,1014.6,0.0,0,118,22.0,Mild,November,11,Sunday
2025-12-01,00:00,Mumbai,17.9,71,6.6,1012.4,0.0,0,113,22.0,Mild,December,12,Monday
2025-12-01,01:00,Delhi,15.0,59,9.6,1016.9,0.0,0,198,22.0,Mild,December,12,Monday
2025-12-01,02:00,Bangalore,16.2,69,8.3,1007.4,0.0,0,99,22.0,Mild,December,12,Monday
2025-12-01,03:00,Chennai,22.0,75,11.3,1010.9,0.0,0,95,22.0,Mild,December,12,Monday
2025-12-01,04:00,Hyderabad,22.4,58,11.3,1011.9,0.0,0,131,22.0,Mild,December,12,Monday
2025-12-01,05:00,Mumbai,22.6,82,12.9,1012.7,0.0,0,134,22.0,Mild,December,12,Monday
2025-12-01,06:00,Delhi,19.6,49,12.1,1015.3,0.0,0,204,22.0,Mild,December,12,Monday
2025-12-01,07:00,Bangalore,19.2,66,5.2,1013.0,0.0,1,77,22.0,Mild,December,12,Monday
2025-12-01,08:00,Chennai,30.3,67,11.9,1010.8,0.0,2,122,22.0,Warm,December,12,Monday
2025-12-01,09:00,Hyderabad,31.0,45,3.3,1012.0,0.0,3,136,22.0,Warm,December,12,Monday
2025-12-01,10:00,Mumbai,28.9,71,7.5,1014.4,0.0,4,161,22.0,Warm,December,12,Monday
2025-12-01,11:00,Delhi,23.9,51,5.5,1014.9,0.0,5,185,22.0,Mild,December,12,Monday
2025-12-01,12:00,Bangalore,21.1,71,12.4,1011.2,0.0,6,99,22.0,Mild,December,12,Monday
2025-12-01,13:00,Chennai,28.2,70,2.3,1013.4,0.0,6,102,22.0,Warm,December,12,Monday
2025-12-01,14:00,Hyderabad,27.4,46,3.7,1013.6,0.0,4,129,22.0,Warm,December,12,Monday
2025-12-01,15:00,Mumbai,25.3,75,12.1,1015.7,0.0,3,117,22.0,Warm,December,12,Monday
2025-12-01,16:00,Delhi,20.8,46,5.9,1014.0,0.0,2,166,22.0,Mild,December,12,Monday
2025-12-01,17:00,Bangalore,20.2,61,7.5,1010.8,0.0,1,107,22.0,Mild,December,12,Monday
2025-12-01,18:00,Chennai,24.1,76,6.4,1010.6,0.0,0,127,22.0,Mild,December,12,Monday
2025-12-01,19:00,Hyderabad,22.5,55,8.1,1018.0,0.0,0,130,22.0,Mild,December,12,Monday
2025-12-01,20:00,Mumbai,18.7,82,7.2,1024.7,0.0,0,152,22.0,Mild,December,12,Monday
2025-12-01,21:00,Delhi,13.1,58,8.5,1017.1,0.0,0,189,22.0,Cold,December,12,Monday
2025-12-01,22:00,Bangalore,16.2,81,7.8,1012.3,0.0,0,112,22.0,Mild,December,12,Monday
2025-12-01,23:00,Chennai,20.4,78,9.6,1013.3,0.0,0,119,22.0,Mild,December,12,Monday
2025-12-02,00:00,Hyderabad,19.7,60,3.3,1015.3,0.0,0,95,21.2,Mild,December,12,Tuesday
2025-12-02,01:00,Mumbai,16.8,78,9.9,1016.2,8.1,0,140,21.2,Mild,December,12,Tuesday
2025-12-02,02:00,Delhi,15.1,59,11.5,1017.7,0.0,0,195,21.2,Mild,December,12,Tuesday
2025-12-02,03:00,Bangalore,15.9,71,11.6,1015.6,0.0,0,108,21.2,Mild,December,12,Tuesday
2025-12-02,04:00,Chennai,21.0,69,3.6,1017.9,22.5,0,111,21.2,Mild,December,12,Tuesday
2025-12-02,05:00,Hyderabad,22.2,65,3.7,1015.8,0.0,0,115,21.2,Mild,December,12,Tuesday
2025-12-02,06:00,Mumbai,24.6,71,7.0,1013.2,0.0,0,148,21.2,Mild,December,12,Tuesday
2025-12-02,07:00,Delhi,19.5,61,6.2,1015.3,0.0,1,200,21.2,Mild,December,12,Tuesday
2025-12-02,08:00,Bangalore,19.5,70,5.1,1013.9,0.0,2,112,21.2,Mild,December,12,Tuesday
2025-12-02,09:00,Chennai,26.0,69,10.2,1015.0,0.0,3,148,21.2,Warm,December,12,Tuesday
2025-12-02,10:00,Hyderabad,28.8,60,10.8,1018.1,0.0,5,140,21.2,Warm,December,12,Tuesday
2025-12-02,11:00,Mumbai,28.4,64,5.3,1013.2,0.0,5,113,21.2,Warm,December,12,Tuesday
2025-12-02,12:00,Delhi,27.0,45,4.1,1011.0,0.0,7,210,21.2,Warm,December,12,Tuesday
2025-12-02,13:00,Bangalore,23.7,72,1.7,1016.0,0.0,6,98,21.2,Mild,December,12,Tuesday
2025-12-02,14:00,Chennai,29.5,67,8.0,1012.0,0.0,4,144,21.2,Warm,December,12,Tuesday
2025-12-02,15:00,Hyderabad,23.1,63,8.0,1016.2,0.0,5,114,21.2,Mild,December,12,Tuesday
2025-12-02,16:00,Mumbai,22.3,62,10.2,1018.4,0.0,2,99,21.2,Mild,December,12,Tuesday
2025-12-02,17:00,Delhi,19.0,46,2.2,1016.9,0.0,1,217,21.2,Mild,December,12,Tuesday
2025-12-02,18:00,Bangalore,14.8,70,9.6,1020.8,0.0,0,110,21.2,Cold,December,12,Tuesday
2025-12-02,19:00,Chennai,19.0,80,8.1,1016.1,0.0,0,154,21.2,Mild,December,12,Tuesday
2025-12-02,20:00,Hyderabad,20.5,62,4.6,1015.2,0.0,0,124,21.2,Mild,December,12,Tuesday
2025-12-02,21:00,Mumbai,18.5,83,12.5,1020.1,0.0,0,109,21.2,Mild,December,12,Tuesday
2025-12-02,22:00,Delhi,17.7,53,10.5,1017.2,0.0,0,196,21.2,Mild,December,12,Tuesday
2025-12-02,23:00,Bangalore,17.2,77,13.1,1018.9,0.0,0,107,21.2,Mild,December,12,Tuesday
2025-12-03,00:00,Chennai,17.4,78,5.9,1023.2,0.0,0,113,21.6,Mild,December,12,Wednesday
2025-12-03,01:00,Hyderabad,20.2,64,8.5,1014.3,0.0,0,109,21.6,Mild,December,12,Wednesday
2025-12-03,02:00,Mumbai,17.9,82,7.1,1021.6,0.0,0,123,21.6,Mild,December,12,Wednesday
2025-12-03,03:00,Delhi,18.0,51,6.2,1020.2,0.0,0,196,21.6,Mild,December,12,Wednesday
2025-12-03,04:00,Bangalore,19.0,61,9.6,1017.7,0.0,0,97,21.6,Mild,December,12,Wednesday
2025-12-03,05:00,Chennai,25.8,70,5.8,1015.8,0.0,0,125,21.6,Warm,December,12,Wednesday
2025-12-03,06:00,Hyderabad,24.2,59,5.6,1020.6,0.0,0,129,21.6,Mild,December,12,Wednesday
2025-12-03,07:00,Mumbai,23.8,74,5.5,1016.7,0.0,1,122,21.6,Mild,December,12,Wednesday
2025-12-03,08:00,Delhi,22.4,50,10.4,1016.6,0.0,2,210,21.6,Mild,December,12,Wednesday
2025-12-03,09:00,Bangalore,21.3,63,10.8,1015.7,0.0,3,114,21.6,Mild,December,12,Wednesday
2025-12-03,10:00,Chennai,31.2,61,7.9,1013.4,0.0,4,136,21.6,Warm,December,12,Wednesday
2025-12-03,11:00,Hyderabad,27.8,56,14.8,1012.7,0.0,5,100,21.6,Warm,December,12,Wednesday
2025-12-03,12:00,Mumbai,26.8,59,10.6,1011.9,0.0,7,136,21.6,Warm,December,12,Wednesday
2025-12-03,13:00,Delhi,23.6,61,3.2,1017.8,0.0,5,205,21.6,Mild,December,12,Wednesday
2025-12-03,14:00,Bangalore,20.6,69,6.1,1019.0,0.0,5,102,21.6,Mild,December,12,Wednesday
2025-12-03,15:00,Chennai,28.4,72,7.1,1016.4,0.0,3,120,21.6,Warm,December,12,Wednesday
2025-12-03,16:00,Hyderabad,25.4,53,8.1,1013.1,0.0,3,110,21.6,Warm,December,12,Wednesday
2025-12-03,17:00,Mumbai,23.2,86,7.9,1017.6,0.0,0,139,21.6,Mild,December,12,Wednesday
2025-12-03,18:00,Delhi,17.7,46,6.3,1016.6,0.0,0,200,21.6,Mild,December,12,Wednesday
2025-12-03,19:00,Bangalore,15.3,78,14.7,1014.0,0.0,0,108,21.6,Mild,December,12,Wednesday
2025-12-03,20:00,Chennai,18.0,73,5.6,1017.4,0.0,0,150,21.6,Mild,December,12,Wednesday
2025-12-03,21:00,Hyderabad,18.2,69,4.0,1018.7,0.0,0,118,21.6,Mild,December,12,Wednesday
2025-12-03,22:00,Mumbai,20.7,72,7.5,1012.6,0.0,0,127,21.6,Mild,December,12,Wednesday
2025-12-03,23:00,Delhi,12.5,60,11.0,1017.8,0.0,0,199,21.6,Cold,December,12,Wednesday
2025-12-04,00:00,Bangalore,11.5,79,7.7,1012.8,0.0,0,87,21.3,Cold,December,12,Thursday
2025-12-04,01:00,Chennai,16.3,78,6.2,1012.7,0.0,0,112,21.3,Mild,December,12,Thursday
2025-12-04,02:00,Hyderabad,18.8,51,9.7,1021.3,0.0,0,122,21.3,Mild,December,12,Thursday
2025-12-04,03:00,Mumbai,22.7,79,8.3,1011.2,0.0,0,125,21.3,Mild,December,12,Thursday
2025-12-04,04:00,Delhi,16.2,52,12.8,1020.9,0.0,0,168,21.3,Mild,December,12,Thursday
2025-12-04,05:00,Bangalore,17.2,72,10.0,1019.4,9.0,0,127,21.3,Mild,December,12,Thursday
2025-12-04,06:00,Chennai,24.3,68,7.6,1017.7,0.0,0,116,21.3,Mild,December,12,Thursday
2025-12-04,07:00,Hyderabad,25.7,52,9.0,1016.4,0.0,1,115,21.3,Warm,December,12,Thursday
2025-12-04,08:00,Mumbai,29.5,57,5.1,1015.7,0.0,2,153,21.3,Warm,December,12,Thursday
2025-12-04,09:00,Delhi,23.1,58,9.1,1021.0,0.0,2,193,21.3,Mild,December,12,Thursday
2025-12-04,10:00,Bangalore,24.8,56,6.0,1017.7,0.0,4,121,21.3,Mild,December,12,Thursday
2025-12-04,11:00,Chennai,27.2,69,7.2,1017.3,0.0,6,120,21.3,Warm,December,12,Thursday
2025-12-04,12:00,Hyderabad,28.1,55,6.6,1008.6,0.0,6,128,21.3,Warm,December,12,Thursday
2025-12-04,13:00,Mumbai,27.2,71,8.9,1015.0,0.0,5,121,21.3,Warm,December,12,Thursday
2025-12-04,14:00,Delhi,22.6,44,12.5,1014.5,0.0,5,176,21.3,Mild,December,12,Thursday
2025-12-04,15:00,Bangalore,22.0,73,10.3,1008.6,0.0,4,101,21.3,Mild,December,12,Thursday
2025-12-04,16:00,Chennai,23.4,75,7.9,1015.3,0.0,3,101,21.3,Mild,December,12,Thursday
2025-12-04,17:00,Hyderabad,22.9,60,7.1,1012.5,0.0,1,141,21.3,Mild,December,12,Thursday
2025-12-04,18:00,Mumbai,22.3,79,7.5,1017.2,0.0,0,120,21.3,Mild,December,12,Thursday
2025-12-04,19:00,Delhi,16.4,48,8.8,1010.8,0.0,0,209,21.3,Mild,December,12,Thursday
2025-12-04,20:00,Bangalore,15.6,66,5.1,1017.4,0.0,0,116,21.3,Mild,December,12,Thursday
2025-12-04,21:00,Chennai,18.9,78,4.3,1016.3,0.0,0,121,21.3,Mild,December,12,Thursday
2025-12-04,22:00,Hyderabad,18.0,60,13.3,1016.1,0.0,0,111,21.3,Mild,December,12,Thursday
2025-12-04,23:00,Mumbai,16.6,85,8.9,1014.6,0.0,0,135,21.3,Mild,December,12,Thursday
2025-12-05,00:00,Delhi,10.8,67,4.2,1020.3,0.0,0,200,21.1,Cold,December,12,Friday
2025-12-05,01:00,Bangalore,15.4,72,2.7,1016.7,0.0,0,102,21.1,Mild,December,12,Friday
2025-12-05,02:00,Chennai,22.4,69,6.1,1014.4,0.0,0,135,21.1,Mild,December,12,Friday
2025-12-05,03:00,Hyderabad,22.0,68,5.9,1014.2,0.0,0,123,21.1,Mild,December,12,Friday
2025-12-05,04:00,Mumbai,19.4,81,16.6,1015.9,0.0,0,140,21.1,Mild,December,12,Friday
2025-12-05,05:00,Delhi,17.1,59,5.2,1013.4,0.0,0,194,21.1,Mild,December,12,Friday
2025-12-05,06:00,Bangalore,17.9,71,5.5,1015.8,0.0,0,106,21.1,Mild,December,12,Friday
2025-12-05,07:00,Chennai,25.1,73,9.4,1016.3,0.0,1,126,21.1,Warm,December,12,Friday
2025-12-05,08:00,Hyderabad,26.8,58,4.2,1017.3,0.0,3,132,21.1,Warm,December,12,Friday
2025-12-05,09:00,Mumbai,27.1,68,4.1,1010.2,0.0,3,139,21.1,Warm,December,12,Friday
2025-12-05,10:00,Delhi,25.2,50,8.0,1013.1,0.0,3,187,21.1,Warm,December,12,Friday
2025-12-05,11:00,Bangalore,20.7,63,10.1,1014.3,0.0,5,97,21.1,Mild,December,12,Friday
2025-12-05,12:00,Chennai,28.5,77,9.1,1012.8,0.0,6,126,21.1,Warm,December,12,Friday
2025-12-05,13:00,Hyderabad,27.7,48,7.8,1008.8,0.0,5,109,21.1,Warm,December,12,Friday
2025-12-05,14:00,Mumbai,27.2,72,11.9,1018.0,0.0,4,112,21.1,Warm,December,12,Friday
2025-12-05,15:00,Delhi,22.6,52,10.5,1015.4,0.0,4,177,21.1,Mild,December,12,Friday
2025-12-05,16:00,Bangalore,17.8,60,12.6,1018.1,0.0,2,121,21.1,Mild,December,12,Friday
2025-12-05,17:00,Chennai,23.7,72,8.3,1016.6,0.0,1,121,21.1,Mild,December,12,Friday
2025-12-05,18:00,Hyderabad,21.8,63,8.4,1021.2,0.0,0,133,21.1,Mild,December,12,Friday
2025-12-05,19:00,Mumbai,18.0,77,7.5,1014.5,0.0,0,147,21.1,Mild,December,12,Friday
2025-12-05,20:00,Delhi,16.7,50,9.3,1017.8,0.0,0,173,21.1,Mild,December,12,Friday
2025-12-05,21:00,Bangalore,12.8,76,10.3,1017.3,0.0,0,113,21.1,Cold,December,12,Friday
2025-12-05,22:00,Chennai,18.9,69,12.9,1020.1,0.0,0,124,21.1,Mild,December,12,Friday
2025-12-05,23:00,Hyderabad,19.8,64,10.7,1017.4,0.0,0,105,21.1,Mild,December,12,Friday
2025-12-06,00:00,Mumbai,16.5,87,14.0,1017.6,0.0,0,122,21.8,Mild,December,12,Saturday
2025-12-06,01:00,Delhi,16.8,58,7.8,1013.0,0.0,0,180,21.8,Mild,December,12,Saturday
2025-12-06,02:00,Bangalore,16.5,74,7.9,1016.5,0.0,0,102,21.8,Mild,December,12,Saturday
2025-12-06,03:00,Chennai,22.9,75,5.1,1013.0,0.0,0,122,21.8,Mild,December,12,Saturday
2025-12-06,04:00,Hyderabad,22.9,66,12.3,1011.6,0.0,0,99,21.8,Mild,December,12,Saturday
2025-12-06,05:00,Mumbai,23.2,71,7.8,1011.4,0.0,0,151,21.8,Mild,December,12,Saturday
2025-12-06,06:00,Delhi,22.2,50,9.4,1011.6,0.0,0,198,21.8,Mild,December,12,Saturday
2025-12-06,07:00,Bangalore,20.2,64,10.9,1018.5,0.0,1,109,21.8,Mild,December,12,Saturday
2025-12-06,08:00,Chennai,25.0,66,7.0,1012.8,0.0,2,112,21.8,Warm,December,12,Saturday
2025-12-06,09:00,Hyderabad,28.4,62,10.0,1008.8,0.0,4,143,21.8,Warm,December,12,Saturday
2025-12-06,10:00,Mumbai,28.2,71,12.0,1014.1,0.0,4,175,21.8,Warm,December,12,Saturday
2025-12-06,11:00,Delhi,23.1,51,7.6,1015.0,0.0,5,192,21.8,Mild,December,12,Saturday
2025-12-06,12:00,Bangalore,23.4,61,6.1,1020.2,0.0,7,91,21.8,Mild,December,12,Saturday
2025-12-06,13:00,Chennai,28.4,68,9.1,1008.4,0.0,5,98,21.8,Warm,December,12,Saturday
2025-12-06,14:00,Hyderabad,28.6,51,7.2,1010.9,0.0,3,112,21.8,Warm,December,12,Saturday
2025-12-06,15:00,Mumbai,25.5,76,7.6,1016.1,0.0,3,108,21.8,Warm,December,12,Saturday
2025-12-06,16:00,Delhi,20.6,50,7.6,1020.2,0.0,2,207,21.8,Mild,December,12,Saturday
2025-12-06,17:00,Bangalore,19.1,56,6.8,1014.0,0.0,1,130,21.8,Mild,December,12,Saturday
2025-12-06,18:00,Chennai,22.3,78,10.1,1018.4,0.0,0,127,21.8,Mild,December,12,Saturday
2025-12-06,19:00,Hyderabad,22.4,62,4.6,1016.1,0.0,0,135,21.8,Mild,December,12,Saturday
2025-12-06,20:00,Mumbai,18.8,79,5.9,1018.7,21.1,0,127,21.8,Mild,December,12,Saturday
2025-12-06,21:00,Delhi,14.8,53,6.6,1021.0,0.0,0,189,21.8,Cold,December,12,Saturday
2025-12-06,22:00,Bangalore,14.0,71,10.3,1018.6,0.0,0,119,21.8,Cold,December,12,Saturday
2025-12-06,23:00,Chennai,18.4,71,9.4,1010.1,0.0,0,124,21.8,Mild,December,12,Saturday
2025-12-07,00:00,Hyderabad,20.9,70,5.7,1015.4,0.0,0,120,21.1,Mild,December,12,Sunday
2025-12-07,01:00,Mumbai,19.3,76,7.7,1019.3,0.0,0,154,21.1,Mild,December,12,Sunday
2025-12-07,02:00,Delhi,13.9,58,10.2,1018.2,0.0,0,182,21.1,Cold,December,12,Sunday
2025-12-07,03:00,Bangalore,15.4,75,2.4,1014.3,0.0,0,110,21.1,Mild,December,12,Sunday
2025-12-07,04:00,Chennai,21.7,65,3.6,1020.2,0.0,0,137,21.1,Mild,December,12,Sunday
2025-12-07,05:00,Hyderabad,23.0,57,7.7,1021.0,0.0,0,119,21.1,Mild,December,12,Sunday
2025-12-07,06:00,Mumbai,23.0,78,6.7,1017.1,0.0,0,154,21.1,Mild,December,12,Sunday
2025-12-07,07:00,Delhi,21.2,44,6.3,1015.6,0.0,0,198,21.1,Mild,December,12,Sunday
2025-12-07,08:00,Bangalore,21.4,59,4.6,1012.2,0.0,2,129,21.1,Mild,December,12,Sunday
2025-12-07,09:00,Chennai,30.7,68,12.3,1014.0,0.0,3,147,21.1,Warm,December,12,Sunday
2025-12-07,10:00,Hyderabad,27.6,56,5.2,1013.5,0.0,5,124,21.1,Warm,December,12,Sunday
2025-12-07,11:00,Mumbai,26.5,69,10.3,1010.3,0.0,5,120,21.1,Warm,December,12,Sunday
2025-12-07,12:00,Delhi,21.0,43,5.1,1011.5,0.0,6,192,21.1,Mild,December,12,Sunday
2025-12-07,13:00,Bangalore,22.7,68,12.1,1014.9,0.0,5,101,21.1,Mild,December,12,Sunday
2025-12-07,14:00,Chennai,27.5,66,8.4,1011.0,0.0,5,95,21.1,Warm,December,12,Sunday
2025-12-07,15:00,Hyderabad,28.5,56,5.4,1016.1,0.0,2,120,21.1,Warm,December,12,Sunday
2025-12-07,16:00,Mumbai,22.6,66,10.3,1018.5,0.0,3,106,21.1,Mild,December,12,Sunday
2025-12-07,17:00,Delhi,19.1,48,9.7,1017.2,0.0,1,202,21.1,Mild,December,12,Sunday
2025-12-07,18:00,Bangalore,14.9,74,12.7,1018.9,0.0,0,127,21.1,Cold,December,12,Sunday
2025-12-07,19:00,Chennai,21.7,72,13.6,1015.7,0.0,0,135,21.1,Mild,December,12,Sunday
2025-12-07,20:00,Hyderabad,18.5,62,7.0,1021.2,0.0,0,138,21.1,Mild,December,12,Sunday
2025-12-07,21:00,Mumbai,18.8,69,5.9,1017.2,0.0,0,128,21.1,Mild,December,12,Sunday
2025-12-07,22:00,Delhi,12.7,61,10.6,1019.1,0.0,0,209,21.1,Cold,December,12,Sunday
2025-12-07,23:00,Bangalore,13.8,63,7.4,1019.1,0.0,0,128,21.1,Cold,December,12,Sunday
2025-12-08,00:00,Chennai,21.5,77,5.4,1017.5,0.0,0,88,21.7,Mild,December,12,Monday
2025-12-08,01:00,Hyderabad,23.0,60,7.4,1014.4,0.0,0,107,21.7,Mild,December,12,Monday
2025-12-08,02:00,Mumbai,18.3,76,2.3,1018.4,0.0,0,134,21.7,Mild,December,12,Monday
2025-12-08,03:00,Delhi,17.4,55,3.1,1017.6,16.8,0,180,21.7,Mild,December,12,Monday
2025-12-08,04:00,Bangalore,16.0,62,1.2,1014.9,0.0,0,104,21.7,Mild,December,12,Monday
2025-12-08,05:00,Chennai,23.2,75,3.8,1013.4,0.0,0,121,21.7,Mild,December,12,Monday
2025-12-08,06:00,Hyderabad,26.8,60,11.9,1008.7,0.0,0,116,21.7,Warm,December,12,Monday
2025-12-08,07:00,Mumbai,26.5,73,14.3,1013.6,0.0,1,123,21.7,Warm,December,12,Monday
2025-12-08,08:00,Delhi,22.1,48,5.6,1016.6,0.0,1,187,21.7,Mild,December,12,Monday
2025-12-08,09:00,Bangalore,20.5,70,10.2,1018.6,0.0,2,119,21.7,Mild,December,12,Monday
2025-12-08,10:00,Chennai,26.3,73,2.7,1015.4,0.0,4,138,21.7,Warm,December,12,Monday
2025-12-08,11:00,Hyderabad,29.2,51,5.3,1010.7,0.0,6,128,21.7,Warm,December,12,Monday
2025-12-08,12:00,Mumbai,25.4,69,7.7,1015.2,0.0,7,138,21.7,Warm,December,12,Monday
2025-12-08,13:00,Delhi,27.4,46,7.7,1012.1,13.7,5,195,21.7,Warm,December,12,Monday
2025-12-08,14:00,Bangalore,19.1,69,9.3,1018.2,0.0,5,94,21.7,Mild,December,12,Monday
2025-12-08,15:00,Chennai,27.0,65,7.2,1016.7,0.0,3,95,21.7,Warm,December,12,Monday
2025-12-08,16:00,Hyderabad,25.3,62,7.3,1016.3,0.0,2,135,21.7,Warm,December,12,Monday
2025-12-08,17:00,Mumbai,21.7,72,8.4,1012.2,0.0,1,145,21.7,Mild,December,12,Monday
2025-12-08,18:00,Delhi,18.7,49,5.1,1017.5,0.0,0,195,21.7,Mild,December,12,Monday
2025-12-08,19:00,Bangalore,14.0,69,11.2,1018.3,0.0,0,117,21.7,Cold,December,12,Monday
2025-12-08,20:00,Chennai,20.0,73,5.4,1016.2,0.0,0,126,21.7,Mild,December,12,Monday
2025-12-08,21:00,Hyderabad,20.5,59,13.2,1016.7,0.0,0,112,21.7,Mild,December,12,Monday
2025-12-08,22:00,Mumbai,17.2,71,6.2,1016.3,0.0,0,135,21.7,Mild,December,12,Monday
2025-12-08,23:00,Delhi,13.4,58,9.7,1018.7,0.0,0,193,21.7,Cold,December,12,Monday
2025-12-09,00:00,Bangalore,13.5,83,3.4,1018.6,9.6,0,99,21.4,Cold,December,12,Tuesday
2025-12-09,01:00,Chennai,19.9,78,10.6,1017.6,0.0,0,111,21.4,Mild,December,12,Tuesday
2025-12-09,02:00,Hyderabad,20.6,63,10.3,1017.5,0.0,0,117,21.4,Mild,December,12,Tuesday
2025-12-09,03:00,Mumbai,20.0,74,12.0,1017.8,0.0,0,134,21.4,Mild,December,12,Tuesday
2025-12-09,04:00,Delhi,17.4,49,2.8,1017.2,0.0,0,175,21.4,Mild,December,12,Tuesday
2025-12-09,05:00,Bangalore,17.2,70,10.4,1020.5,0.0,0,104,21.4,Mild,December,12,Tuesday
2025-12-09,06:00,Chennai,22.4,65,11.3,1011.8,0.0,0,130,21.4,Mild,December,12,Tuesday
2025-12-09,07:00,Hyderabad,24.0,65,6.6,1007.0,0.0,1,129,21.4,Mild,December,12,Tuesday
2025-12-09,08:00,Mumbai,27.0,79,6.2,1014.2,0.0,2,163,21.4,Warm,December,12,Tuesday
2025-12-09,09:00,Delhi,23.4,45,7.0,1018.6,0.0,4,221,21.4,Mild,December,12,Tuesday
2025-12-09,10:00,Bangalore,20.4,78,3.0,1007.6,0.0,4,122,21.4,Mild,December,12,Tuesday
2025-12-09,11:00,Chennai,29.8,74,2.6,1006.0,0.0,6,104,21.4,Warm,December,12,Tuesday
2025-12-09,12:00,Hyderabad,30.3,60,6.7,1008.8,0.0,8,120,21.4,Warm,December,12,Tuesday
2025-12-09,13:00,Mumbai,29.2,66,5.5,1014.1,0.0,5,137,21.4,Warm,December,12,Tuesday
2025-12-09,14:00,Delhi,24.3,44,0.1,1008.7,10.8,4,198,21.4,Mild,December,12,Tuesday
2025-12-09,15:00,Bangalore,21.9,58,3.0,1018.4,0.0,3,96,21.4,Mild,December,12,Tuesday
2025-12-09,16:00,Chennai,24.9,73,7.2,1015.1,0.0,2,102,21.4,Mild,December,12,Tuesday
2025-12-09,17:00,Hyderabad,23.6,63,9.8,1015.2,0.0,0,128,21.4,Mild,December,12,Tuesday
2025-12-09,18:00,Mumbai,21.5,80,10.9,1016.5,0.0,0,140,21.4,Mild,December,12,Tuesday
2025-12-09,19:00,Delhi,14.4,58,5.6,1015.9,0.0,0,201,21.4,Cold,December,12,Tuesday
2025-12-09,20:00,Bangalore,15.3,66,10.1,1016.9,0.0,0,126,21.4,Mild,December,12,Tuesday
2025-12-09,21:00,Chennai,16.5,73,8.8,1013.0,0.0,0,111,21.4,Mild,December,12,Tuesday
2025-12-09,22:00,Hyderabad,18.3,70,5.8,1018.6,0.0,0,111,21.4,Mild,December,12,Tuesday
2025-12-09,23:00,Mumbai,18.5,67,5.3,1019.6,0.0,0,123,21.4,Mild,December,12,Tuesday
2025-12-10,00:00,Delhi,15.5,59,3.3,1016.2,0.0,0,208,21.4,Mild,December,12,Wednesday
2025-12-10,01:00,Bangalore,14.6,67,11.2,1019.4,0.0,0,100,21.4,Cold,December,12,Wednesday
2025-12-10,02:00,Chennai,18.9,72,9.8,1019.0,0.0,0,121,21.4,Mild,December,12,Wednesday
2025-12-10,03:00,Hyderabad,20.2,65,8.6,1017.5,0.0,0,109,21.4,Mild,December,12,Wednesday
2025-12-10,04:00,Mumbai,19.6,91,3.4,1011.5,0.0,0,118,21.4,Mild,December,12,Wednesday
2025-12-10,05:00,Delhi,16.6,56,10.4,1017.4,0.0,0,194,21.4,Mild,December,12,Wednesday
2025-12-10,06:00,Bangalore,23.1,64,5.1,1015.8,0.0,0,92,21.4,Mild,December,12,Wednesday
2025-12-10,07:00,Chennai,26.2,76,12.5,1014.2,0.0,1,115,21.4,Warm,December,12,Wednesday
2025-12-10,08:00,Hyderabad,26.6,63,8.8,1006.8,0.0,2,139,21.4,Warm,December,12,Wednesday
2025-12-10,09:00,Mumbai,29.4,69,4.1,1016.3,0.0,3,139,21.4,Warm,December,12,Wednesday
2025-12-10,10:00,Delhi,22.7,44,10.0,1018.4,0.0,5,209,21.4,Mild,December,12,Wednesday
2025-12-10,11:00,Bangalore,22.7,62,10.0,1019.0,0.0,5,108,21.4,Mild,December,12,Wednesday
2025-12-10,12:00,Chennai,30.3,68,8.6,1015.9,0.0,6,105,21.4,Warm,December,12,Wednesday
2025-12-10,13:00,Hyderabad,28.7,57,5.0,1008.2,0.0,7,115,21.4,Warm,December,12,Wednesday
2025-12-10,14:00,Mumbai,28.1,70,13.0,1013.9,0.0,4,137,21.4,Warm,December,12,Wednesday
2025-12-10,15:00,Delhi,20.4,62,7.8,1020.7,0.0,4,205,21.4,Mild,December,12,Wednesday
2025-12-10,16:00,Bangalore,18.1,68,7.5,1010.7,0.0,2,76,21.4,Mild,December,12,Wednesday
2025-12-10,17:00,Chennai,25.9,65,10.9,1017.8,0.0,0,134,21.4,Warm,December,12,Wednesday
2025-12-10,18:00,Hyderabad,21.8,58,9.5,1013.1,0.0,0,156,21.4,Mild,December,12,Wednesday
2025-12-10,19:00,Mumbai,20.4,77,8.3,1019.7,0.0,0,145,21.4,Mild,December,12,Wednesday
2025-12-10,20:00,Delhi,16.1,61,8.8,1013.3,0.0,0,179,21.4,Mild,December,12,Wednesday
2025-12-10,21:00,Bangalore,14.6,74,3.8,1026.4,0.0,0,105,21.4,Cold,December,12,Wednesday
2025-12-10,22:00,Chennai,14.7,71,3.7,1018.0,0.0,0,95,21.4,Cold,December,12,Wednesday
2025-12-10,23:00,Hyderabad,19.0,62,6.6,1013.4,0.0,0,118,21.4,Mild,December,12,Wednesday
2025-12-11,00:00,Mumbai,16.7,82,10.9,1014.5,22.3,0,123,20.9,Mild,December,12,Thursday
2025-12-11,01:00,Delhi,14.4,60,6.9,1015.9,0.0,0,211,20.9,Cold,December,12,Thursday
2025-12-11,02:00,Bangalore,16.1,70,11.9,1019.7,0.0,0,93,20.9,Mild,December,12,Thursday
2025-12-11,03:00,Chennai,21.2,77,10.8,1021.1,0.0,0,111,20.9,Mild,December,12,Thursday
2025-12-11,04:00,Hyderabad,23.3,69,9.5,1019.8,0.0,0,137,20.9,Mild,December,12,Thursday
2025-12-11,05:00,Mumbai,22.4,74,7.9,1014.0,0.0,0,127,20.9,Mild,December,12,Thursday
2025-12-11,06:00,Delhi,20.8,51,6.1,1017.1,0.0,0,200,20.9,Mild,December,12,Thursday
2025-12-11,07:00,Bangalore,20.1,73,10.0,1012.7,0.0,1,99,20.9,Mild,December,12,Thursday
2025-12-11,08:00,Chennai,25.3,62,13.4,1015.3,0.0,2,130,20.9,Warm,December,12,Thursday
2025-12-11,09:00,Hyderabad,27.2,53,9.7,1011.4,0.0,4,157,20.9,Warm,December,12,Thursday
2025-12-11,10:00,Mumbai,25.4,75,8.0,1017.8,0.0,4,140,20.9,Warm,December,12,Thursday
2025-12-11,11:00,Delhi,22.4,53,1.8,1015.7,0.0,6,189,20.9,Mild,December,12,Thursday
2025-12-11,12:00,Bangalore,24.3,67,5.0,1015.3,0.0,7,107,20.9,Mild,December,12,Thursday
2025-12-11,13:00,Chennai,29.6,68,8.0,1017.8,0.0,6,125,20.9,Warm,December,12,Thursday
2025-12-11,14:00,Hyderabad,28.5,59,8.3,1014.1,0.0,5,128,20.9,Warm,December,12,Thursday
2025-12-11,15:00,Mumbai,23.9,81,9.6,1018.7,0.0,3,128,20.9,Mild,December,12,Thursday
2025-12-11,16:00,Delhi,16.3,72,7.6,1016.6,0.0,2,193,20.9,Mild,December,12,Thursday
2025-12-11,17:00,Bangalore,18.4,64,6.4,1018.7,0.0,0,124,20.9,Mild,December,12,Thursday
2025-12-11,18:00,Chennai,20.0,79,8.5,1018.5,0.0,0,150,20.9,Mild,December,12,Thursday
2025-12-11,19:00,Hyderabad,21.0,59,12.1,1021.2,0.0,0,112,20.9,Mild,December,12,Thursday
2025-12-11,20:00,Mumbai,22.0,83,14.5,1014.4,0.0,0,138,20.9,Mild,December,12,Thursday
2025-12-11,21:00,Delhi,14.5,60,9.4,1017.7,0.0,0,196,20.9,Cold,December,12,Thursday
2025-12-11,22:00,Bangalore,14.8,68,10.7,1015.2,0.0,0,95,20.9,Cold,December,12,Thursday
2025-12-11,23:00,Chennai,13.5,72,4.6,1020.0,0.0,0,126,20.9,Cold,December,12,Thursday
2025-12-12,00:00,Hyderabad,20.5,64,13.7,1017.9,0.0,0,124,21.1,Mild,December,12,Friday
2025-12-12,01:00,Mumbai,16.0,81,8.5,1020.3,0.0,0,133,21.1,Mild,December,12,Friday
2025-12-12,02:00,Delhi,15.4,64,6.8,1020.1,0.0,0,182,21.1,Mild,December,12,Friday
2025-12-12,03:00,Bangalore,16.4,69,11.5,1019.6,0.0,0,114,21.1,Mild,December,12,Friday
2025-12-12,04:00,Chennai,20.1,79,8.5,1013.6,0.0,0,97,21.1,Mild,December,12,Friday
2025-12-12,05:00,Hyderabad,23.7,54,9.4,1012.5,0.0,0,119,21.1,Mild,December,12,Friday
2025-12-12,06:00,Mumbai,24.8,77,5.2,1016.6,0.0,0,110,21.1,Mild,December,12,Friday
2025-12-12,07:00,Delhi,22.1,47,8.1,1009.4,0.0,1,205,21.1,Mild,December,12,Friday
2025-12-12,08:00,Bangalore,22.8,66,6.3,1019.5,0.0,1,108,21.1,Mild,December,12,Friday
2025-12-12,09:00,Chennai,24.1,78,5.2,1015.0,0.0,3,135,21.1,Mild,December,12,Friday
2025-12-12,10:00,Hyderabad,29.6,55,8.4,1016.8,0.0,4,146,21.1,Warm,December,12,Friday
2025-12-12,11:00,Mumbai,27.4,66,11.3,1011.3,0.0,4,125,21.1,Warm,December,12,Friday
2025-12-12,12:00,Delhi,23.9,51,13.9,1015.7,0.0,7,182,21.1,Mild,December,12,Friday
2025-12-12,13:00,Bangalore,21.2,62,13.9,1016.5,0.0,6,101,21.1,Mild,December,12,Friday
2025-12-12,14:00,Chennai,26.1,72,7.2,1019.6,0.0,4,115,21.1,Warm,December,12,Friday
2025-12-12,15:00,Hyderabad,27.3,51,6.1,1018.6,0.0,4,108,21.1,Warm,December,12,Friday
2025-12-12,16:00,Mumbai,19.5,76,8.2,1013.9,0.0,3,140,21.1,Mild,December,12,Friday
2025-12-12,17:00,Delhi,19.4,42,13.8,1018.5,0.0,1,203,21.1,Mild,December,12,Friday
2025-12-12,18:00,Bangalore,18.2,72,5.0,1015.8,0.0,0,123,21.1,Mild,December,12,Friday
2025-12-12,19:00,Chennai,21.4,72,1.6,1020.0,0.0,0,108,21.1,Mild,December,12,Friday
2025-12-12,20:00,Hyderabad,22.2,51,11.2,1013.3,0.0,0,129,21.1,Mild,December,12,Friday
2025-12-12,21:00,Mumbai,17.8,78,8.0,1017.3,0.0,0,133,21.1,Mild,December,12,Friday
2025-12-12,22:00,Delhi,14.5,56,5.4,1013.1,0.0,0,181,21.1,Cold,December,12,Friday
2025-12-12,23:00,Bangalore,11.6,80,7.4,1017.1,0.0,0,99,21.1,Cold,December,12,Friday
2025-12-13,00:00,Chennai,17.2,78,7.8,1018.4,0.0,0,122,21.1,Mild,December,12,Saturday
2025-12-13,01:00,Hyderabad,17.9,57,0.0,1014.0,0.0,0,117,21.1,Mild,December,12,Saturday
2025-12-13,02:00,Mumbai,16.6,80,12.8,1021.5,0.0,0,142,21.1,Mild,December,12,Saturday
2025-12-13,03:00,Delhi,16.0,44,11.6,1016.4,0.0,0,175,21.1,Mild,December,12,Saturday
2025-12-13,04:00,Bangalore,14.1,77,6.4,1009.7,0.0,0,120,21.1,Cold,December,12,Saturday
2025-12-13,05:00,Chennai,25.2,83,7.7,1009.5,0.0,0,99,21.1,Warm,December,12,Saturday
2025-12-13,06:00,Hyderabad,25.5,55,8.6,1014.9,0.0,0,111,21.1,Warm,December,12,Saturday
2025-12-13,07:00,Mumbai,24.5,75,5.8,1016.7,0.0,0,114,21.1,Mild,December,12,Saturday
2025-12-13,08:00,Delhi,22.6,47,17.3,1019.8,0.0,1,194,21.1,Mild,December,12,Saturday
2025-12-13,09:00,Bangalore,21.6,61,9.8,1015.6,0.0,3,112,21.1,Mild,December,12,Saturday
2025-12-13,10:00,Chennai,28.6,74,4.3,1016.1,0.0,4,129,21.1,Warm,December,12,Saturday
2025-12-13,11:00,Hyderabad,27.7,56,2.0,1012.1,0.0,6,96,21.1,Warm,December,12,Saturday
2025-12-13,12:00,Mumbai,29.8,67,9.9,1010.8,0.0,7,150,21.1,Warm,December,12,Saturday
2025-12-13,13:00,Delhi,21.6,52,11.8,1014.5,0.0,5,178,21.1,Mild,December,12,Saturday
2025-12-13,14:00,Bangalore,23.5,59,9.7,1012.5,0.0,4,118,21.1,Mild,December,12,Saturday
2025-12-13,15:00,Chennai,27.6,71,7.2,1013.2,0.0,4,139,21.1,Warm,December,12,Saturday
2025-12-13,16:00,Hyderabad,23.3,59,8.0,1015.1,0.0,2,121,21.1,Mild,December,12,Saturday
2025-12-13,17:00,Mumbai,19.4,76,9.9,1014.3,24.2,1,152,21.1,Mild,December,12,Saturday
2025-12-13,18:00,Delhi,15.3,63,5.4,1018.3,0.0,0,199,21.1,Mild,December,12,Saturday
2025-12-13,19:00,Bangalore,14.9,71,9.2,1010.6,0.0,0,115,21.1,Cold,December,12,Saturday
2025-12-13,20:00,Chennai,19.1,77,10.9,1017.7,0.0,0,126,21.1,Mild,December,12,Saturday
2025-12-13,21:00,Hyderabad,19.8,57,7.7,1020.4,0.0,0,140,21.1,Mild,December,12,Saturday
2025-12-13,22:00,Mumbai,18.0,74,9.6,1017.2,0.0,0,134,21.1,Mild,December,12,Saturday
2025-12-13,23:00,Delhi,15.9,61,8.5,1010.5,0.0,0,187,21.1,Mild,December,12,Saturday
2025-12-14,00:00,Bangalore,15.3,67,7.8,1018.9,0.0,0,113,21.8,Mild,December,12,Sunday
2025-12-14,01:00,Chennai,20.7,78,13.1,1018.2,0.0,0,120,21.8,Mild,December,12,Sunday
2025-12-14,02:00,Hyderabad,20.5,67,5.8,1011.5,0.0,0,110,21.8,Mild,December,12,Sunday
2025-12-14,03:00,Mumbai,22.0,73,7.3,1016.6,0.0,0,141,21.8,Mild,December,12,Sunday
2025-12-14,04:00,Delhi,17.3,45,10.0,1018.0,0.0,0,199,21.8,Mild,December,12,Sunday
2025-12-14,05:00,Bangalore,19.0,75,7.3,1018.6,0.0,0,108,21.8,Mild,December,12,Sunday
2025-12-14,06:00,Chennai,24.7,60,5.4,1023.8,0.0,0,119,21.8,Mild,December,12,Sunday
2025-12-14,07:00,Hyderabad,28.6,54,10.8,1013.0,0.0,1,121,21.8,Warm,December,12,Sunday
2025-12-14,08:00,Mumbai,26.3,73,14.6,1011.0,0.0,2,133,21.8,Warm,December,12,Sunday
2025-12-14,09:00,Delhi,24.1,45,10.0,1010.6,0.0,3,199,21.8,Mild,December,12,Sunday
2025-12-14,10:00,Bangalore,21.6,71,18.5,1017.9,0.0,4,100,21.8,Mild,December,12,Sunday
2025-12-14,11:00,Chennai,29.6,72,13.8,1016.7,13.2,5,135,21.8,Warm,December,12,Sunday
2025-12-14,12:00,Hyderabad,28.0,60,9.0,1016.3,0.0,7,135,21.8,Warm,December,12,Sunday
2025-12-14,13:00,Mumbai,27.6,75,12.0,1014.3,0.0,6,118,21.8,Warm,December,12,Sunday
2025-12-14,14:00,Delhi,23.8,50,10.5,1013.8,0.0,4,191,21.8,Mild,December,12,Sunday
2025-12-14,15:00,Bangalore,18.8,65,7.8,1017.8,0.0,3,91,21.8,Mild,December,12,Sunday
2025-12-14,16:00,Chennai,25.4,76,4.1,1018.8,0.0,2,85,21.8,Warm,December,12,Sunday
2025-12-14,17:00,Hyderabad,24.2,59,9.8,1017.4,0.0,0,121,21.8,Mild,December,12,Sunday
2025-12-14,18:00,Mumbai,19.9,78,9.6,1022.5,0.0,0,131,21.8,Mild,December,12,Sunday
2025-12-14,19:00,Delhi,17.7,54,8.6,1012.3,0.0,0,218,21.8,Mild,December,12,Sunday
2025-12-14,20:00,Bangalore,11.3,78,10.8,1019.1,0.0,0,106,21.8,Cold,December,12,Sunday
2025-12-14,21:00,Chennai,17.2,79,9.1,1018.8,0.0,0,105,21.8,Mild,December,12,Sunday
2025-12-14,22:00,Hyderabad,20.4,75,5.5,1013.2,0.0,0,126,21.8,Mild,December,12,Sunday
2025-12-14,23:00,Mumbai,18.7,81,7.2,1017.6,0.0,0,124,21.8,Mild,December,12,Sunday
2025-12-15,00:00,Delhi,14.0,63,7.2,1020.2,0.0,0,188,21.7,Cold,December,12,Monday
2025-12-15,01:00,Bangalore,14.9,70,5.1,1015.3,0.0,0,113,21.7,Cold,December,12,Monday
2025-12-15,02:00,Chennai,20.9,76,8.1,1021.9,4.1,0,103,21.7,Mild,December,12,Monday
2025-12-15,03:00,Hyderabad,21.9,55,11.0,1018.2,0.0,0,117,21.7,Mild,December,12,Monday
2025-12-15,04:00,Mumbai,22.2,77,6.5,1010.5,0.0,0,127,21.7,Mild,December,12,Monday
2025-12-15,05:00,Delhi,20.4,54,4.1,1016.4,0.0,0,203,21.7,Mild,December,12,Monday
2025-12-15,06:00,Bangalore,19.6,64,7.8,1009.8,0.0,0,103,21.7,Mild,December,12,Monday
2025-12-15,07:00,Chennai,28.1,73,5.9,1009.8,0.0,1,113,21.7,Warm,December,12,Monday
2025-12-15,08:00,Hyderabad,27.6,50,6.7,1014.4,0.0,2,118,21.7,Warm,December,12,Monday
2025-12-15,09:00,Mumbai,27.7,67,4.9,1011.1,0.0,4,143,21.7,Warm,December,12,Monday
2025-12-15,10:00,Delhi,25.0,50,9.9,1012.1,0.0,5,216,21.7,Warm,December,12,Monday
2025-12-15,11:00,Bangalore,22.5,67,14.6,1015.7,0.0,4,111,21.7,Mild,December,12,Monday
2025-12-15,12:00,Chennai,29.5,75,11.3,1011.8,0.0,7,120,21.7,Warm,December,12,Monday
2025-12-15,13:00,Hyderabad,29.2,60,10.8,1012.2,0.0,5,108,21.7,Warm,December,12,Monday
2025-12-15,14:00,Mumbai,26.2,64,4.9,1013.4,0.0,4,128,21.7,Warm,December,12,Monday
2025-12-15,15:00,Delhi,21.4,56,8.5,1016.1,0.0,2,199,21.7,Mild,December,12,Monday
2025-12-15,16:00,Bangalore,17.6,71,13.5,1021.5,0.0,2,106,21.7,Mild,December,12,Monday
2025-12-15,17:00,Chennai,22.9,66,8.5,1016.6,0.0,0,142,21.7,Mild,December,12,Monday
2025-12-15,18:00,Hyderabad,22.5,59,9.4,1011.8,0.0,0,139,21.7,Mild,December,12,Monday
2025-12-15,19:00,Mumbai,20.4,81,8.7,1020.2,0.0,0,142,21.7,Mild,December,12,Monday
2025-12-15,20:00,Delhi,15.3,51,12.2,1018.2,0.0,0,197,21.7,Mild,December,12,Monday
2025-12-15,21:00,Bangalore,15.5,61,11.6,1021.6,0.0,0,107,21.7,Mild,December,12,Monday
2025-12-15,22:00,Chennai,17.8,81,3.3,1016.5,0.0,0,85,21.7,Mild,December,12,Monday
2025-12-15,23:00,Hyderabad,17.4,58,11.8,1017.1,0.0,0,117,21.7,Mild,December,12,Monday
2025-12-16,00:00,Mumbai,18.5,78,11.9,1019.9,0.0,0,126,21.3,Mild,December,12,Tuesday
2025-12-16,01:00,Delhi,12.9,57,11.8,1024.3,0.0,0,195,21.3,Cold,December,12,Tuesday
2025-12-16,02:00,Bangalore,14.7,65,10.6,1014.0,0.0,0,115,21.3,Cold,December,12,Tuesday
2025-12-16,03:00,Chennai,21.4,68,9.8,1014.9,0.0,0,128,21.3,Mild,December,12,Tuesday
2025-12-16,04:00,Hyderabad,23.9,51,3.9,1019.4,0.0,0,104,21.3,Mild,December,12,Tuesday
2025-12-16,05:00,Mumbai,24.2,67,6.6,1014.9,0.0,0,139,21.3,Mild,December,12,Tuesday
2025-12-16,06:00,Delhi,19.5,52,13.0,1013.7,0.0,0,189,21.3,Mild,December,12,Tuesday
2025-12-16,07:00,Bangalore,19.9,68,10.1,1018.9,0.0,1,106,21.3,Mild,December,12,Tuesday
2025-12-16,08:00,Chennai,25.3,73,11.2,1014.2,0.0,2,148,21.3,Warm,December,12,Tuesday
2025-12-16,09:00,Hyderabad,31.1,46,9.1,1012.4,0.0,4,132,21.3,Warm,December,12,Tuesday
2025-12-16,10:00,Mumbai,24.4,77,9.7,1012.4,0.0,5,144,21.3,Mild,December,12,Tuesday
2025-12-16,11:00,Delhi,24.1,53,7.7,1017.8,0.0,6,187,21.3,Mild,December,12,Tuesday
2025-12-16,12:00,Bangalore,23.0,67,0.1,1011.4,0.0,7,88,21.3,Mild,December,12,Tuesday
2025-12-16,13:00,Chennai,25.3,74,6.2,1012.9,0.0,5,131,21.3,Warm,December,12,Tuesday
2025-12-16,14:00,Hyderabad,26.4,61,11.3,1013.5,0.0,4,126,21.3,Warm,December,12,Tuesday
2025-12-16,15:00,Mumbai,24.4,79,10.6,1011.5,0.0,3,122,21.3,Mild,December,12,Tuesday
2025-12-16,16:00,Delhi,23.0,53,2.8,1017.1,0.0,2,178,21.3,Mild,December,12,Tuesday
2025-12-16,17:00,Bangalore,19.2,73,6.0,1015.7,0.0,2,117,21.3,Mild,December,12,Tuesday
2025-12-16,18:00,Chennai,22.9,74,11.8,1012.1,0.0,0,135,21.3,Mild,December,12,Tuesday
2025-12-16,19:00,Hyderabad,20.2,66,6.2,1013.1,0.0,0,151,21.3,Mild,December,12,Tuesday
2025-12-16,20:00,Mumbai,19.5,73,7.0,1015.8,0.0,0,141,21.3,Mild,December,12,Tuesday
2025-12-16,21:00,Delhi,12.8,54,6.1,1019.0,0.0,0,193,21.3,Cold,December,12,Tuesday
2025-12-16,22:00,Bangalore,15.1,75,11.7,1021.2,0.0,0,112,21.3,Mild,December,12,Tuesday
2025-12-16,23:00,Chennai,19.5,79,7.5,1018.5,0.0,0,107,21.3,Mild,December,12,Tuesday
2025-12-17,00:00,Hyderabad,17.3,59,0.0,1016.8,0.0,0,106,20.8,Mild,December,12,Wednesday
2025-12-17,01:00,Mumbai,18.7,76,5.3,1013.7,0.0,0,123,20.8,Mild,December,12,Wednesday
2025-12-17,02:00,Delhi,13.6,58,10.4,1014.1,0.0,0,199,20.8,Cold,December,12,Wednesday
2025-12-17,03:00,Bangalore,15.3,69,7.3,1013.1,0.0,0,85,20.8,Mild,December,12,Wednesday
2025-12-17,04:00,Chennai,22.1,64,12.1,1018.9,0.0,0,136,20.8,Mild,December,12,Wednesday
2025-12-17,05:00,Hyderabad,23.2,59,10.4,1013.6,0.0,0,123,20.8,Mild,December,12,Wednesday
2025-12-17,06:00,Mumbai,25.0,76,8.4,1012.6,0.0,0,121,20.8,Warm,December,12,Wednesday
2025-12-17,07:00,Delhi,18.9,54,0.0,1018.9,0.0,1,182,20.8,Mild,December,12,Wednesday
2025-12-17,08:00,Bangalore,22.8,73,6.5,1016.6,0.0,2,124,20.8,Mild,December,12,Wednesday
2025-12-17,09:00,Chennai,26.1,70,4.9,1015.9,0.0,3,132,20.8,Warm,December,12,Wednesday
2025-12-17,10:00,Hyderabad,27.1,60,6.7,1012.7,0.0,6,133,20.8,Warm,December,12,Wednesday
2025-12-17,11:00,Mumbai,25.7,69,7.5,1011.0,0.0,6,137,20.8,Warm,December,12,Wednesday
2025-12-17,12:00,Delhi,24.8,48,6.2,1011.0,0.0,7,180,20.8,Mild,December,12,Wednesday
2025-12-17,13:00,Bangalore,23.4,61,5.4,1017.2,0.0,6,108,20.8,Mild,December,12,Wednesday
2025-12-17,14:00,Chennai,26.0,66,11.2,1012.2,0.0,5,117,20.8,Warm,December,12,Wednesday
2025-12-17,15:00,Hyderabad,24.9,64,5.0,1014.4,0.0,3,126,20.8,Mild,December,12,Wednesday
2025-12-17,16:00,Mumbai,24.3,76,7.9,1013.7,0.0,2,125,20.8,Mild,December,12,Wednesday
2025-12-17,17:00,Delhi,17.6,45,6.5,1014.7,0.0,1,221,20.8,Mild,December,12,Wednesday
2025-12-17,18:00,Bangalore,18.6,72,14.7,1016.5,0.0,0,120,20.8,Mild,December,12,Wednesday
2025-12-17,19:00,Chennai,20.3,69,9.1,1014.4,0.0,0,152,20.8,Mild,December,12,Wednesday
2025-12-17,20:00,Hyderabad,21.0,56,9.6,1010.5,0.0,0,138,20.8,Mild,December,12,Wednesday
2025-12-17,21:00,Mumbai,19.2,68,3.0,1014.3,0.0,0,133,20.8,Mild,December,12,Wednesday
2025-12-17,22:00,Delhi,14.7,55,8.6,1017.8,0.0,0,199,20.8,Cold,December,12,Wednesday
2025-12-17,23:00,Bangalore,8.8,76,5.7,1021.1,0.0,0,124,20.8,Cold,December,12,Wednesday
2025-12-18,00:00,Chennai,18.2,75,7.0,1015.2,0.0,0,105,21.2,Mild,December,12,Thursday
2025-12-18,01:00,Hyderabad,20.5,64,9.4,1011.4,0.0,0,149,21.2,Mild,December,12,Thursday
2025-12-18,02:00,Mumbai,18.0,80,7.4,1015.8,2.6,0,133,21.2,Mild,December,12,Thursday
2025-12-18,03:00,Delhi,18.0,48,4.0,1021.2,0.0,0,197,21.2,Mild,December,12,Thursday
2025-12-18,04:00,Bangalore,14.9,71,11.8,1020.4,0.0,0,95,21.2,Cold,December,12,Thursday
2025-12-18,05:00,Chennai,23.0,74,5.6,1010.7,0.0,0,111,21.2,Mild,December,12,Thursday
2025-12-18,06:00,Hyderabad,24.1,65,7.8,1013.8,0.0,0,111,21.2,Mild,December,12,Thursday
2025-12-18,07:00,Mumbai,27.5,69,5.0,1011.6,0.0,1,137,21.2,Warm,December,12,Thursday
2025-12-18,08:00,Delhi,20.8,53,10.0,1018.0,0.0,2,203,21.2,Mild,December,12,Thursday
2025-12-18,09:00,Bangalore,22.2,76,4.3,1010.7,0.0,3,120,21.2,Mild,December,12,Thursday
2025-12-18,10:00,Chennai,27.0,74,9.6,1015.5,0.0,4,118,21.2,Warm,December,12,Thursday
2025-12-18,11:00,Hyderabad,29.4,54,8.1,1011.7,0.0,5,103,21.2,Warm,December,12,Thursday
2025-12-18,12:00,Mumbai,25.3,62,6.5,1014.9,0.0,7,118,21.2,Warm,December,12,Thursday
2025-12-18,13:00,Delhi,23.2,57,4.5,1014.0,0.0,5,196,21.2,Mild,December,12,Thursday
2025-12-18,14:00,Bangalore,21.6,68,7.9,1011.8,0.0,4,109,21.2,Mild,December,12,Thursday
2025-12-18,15:00,Chennai,26.4,76,9.8,1016.1,0.0,3,121,21.2,Warm,December,12,Thursday
2025-12-18,16:00,Hyderabad,24.8,63,10.2,1018.9,0.0,2,134,21.2,Mild,December,12,Thursday
2025-12-18,17:00,Mumbai,22.1,77,9.0,1014.1,0.0,0,161,21.2,Mild,December,12,Thursday
2025-12-18,18:00,Delhi,17.6,56,9.7,1012.8,0.0,0,207,21.2,Mild,December,12,Thursday
2025-12-18,19:00,Bangalore,14.4,71,5.0,1023.5,0.0,0,108,21.2,Cold,December,12,Thursday
2025-12-18,20:00,Chennai,18.6,75,8.7,1017.1,0.0,0,138,21.2,Mild,December,12,Thursday
2025-12-18,21:00,Hyderabad,17.6,63,11.7,1018.5,0.0,0,123,21.2,Mild,December,12,Thursday
2025-12-18,22:00,Mumbai,19.0,86,5.9,1019.7,0.0,0,132,21.2,Mild,December,12,Thursday
2025-12-18,23:00,Delhi,14.5,61,10.3,1017.1,0.0,0,201,21.2,Cold,December,12,Thursday
2025-12-19,00:00,Bangalore,12.2,79,12.0,1019.8,0.0,0,127,21.4,Cold,December,12,Friday
2025-12-19,01:00,Chennai,21.1,75,7.9,1014.2,0.0,0,115,21.4,Mild,December,12,Friday
2025-12-19,02:00,Hyderabad,22.8,58,6.1,1015.9,0.0,0,122,21.4,Mild,December,12,Friday
2025-12-19,03:00,Mumbai,20.4,89,2.1,1011.0,0.0,0,134,21.4,Mild,December,12,Friday
2025-12-19,04:00,Delhi,16.4,53,9.3,1020.2,0.0,0,199,21.4,Mild,December,12,Friday
2025-12-19,05:00,Bangalore,20.9,71,3.9,1015.8,0.0,0,105,21.4,Mild,December,12,Friday
2025-12-19,06:00,Chennai,22.5,76,7.9,1011.5,0.0,0,100,21.4,Mild,December,12,Friday
2025-12-19,07:00,Hyderabad,26.9,56,1.9,1016.5,0.0,1,123,21.4,Warm,December,12,Friday
2025-12-19,08:00,Mumbai,25.3,66,7.0,1015.3,0.0,1,148,21.4,Warm,December,12,Friday
2025-12-19,09:00,Delhi,24.1,50,7.8,1015.6,0.0,3,206,21.4,Mild,December,12,Friday
2025-12-19,10:00,Bangalore,23.3,71,8.3,1014.5,0.0,4,117,21.4,Mild,December,12,Friday
2025-12-19,11:00,Chennai,27.5,63,9.2,1011.9,0.0,6,101,21.4,Warm,December,12,Friday
2025-12-19,12:00,Hyderabad,29.4,46,8.0,1014.5,0.0,7,109,21.4,Warm,December,12,Friday
2025-12-19,13:00,Mumbai,27.0,78,8.3,1016.1,0.0,5,123,21.4,Warm,December,12,Friday
2025-12-19,14:00,Delhi,23.3,44,9.1,1014.5,0.0,4,189,21.4,Mild,December,12,Friday
2025-12-19,15:00,Bangalore,21.2,69,5.0,1016.2,0.0,3,103,21.4,Mild,December,12,Friday
2025-12-19,16:00,Chennai,24.2,66,6.5,1011.8,0.0,2,126,21.4,Mild,December,12,Friday
2025-12-19,17:00,Hyderabad,23.6,60,10.8,1012.5,0.0,0,151,21.4,Mild,December,12,Friday
2025-12-19,18:00,Mumbai,21.4,69,14.1,1018.3,0.0,0,149,21.4,Mild,December,12,Friday
2025-12-19,19:00,Delhi,18.2,59,6.4,1014.9,0.0,0,191,21.4,Mild,December,12,Friday
2025-12-19,20:00,Bangalore,12.3,78,10.7,1018.2,0.0,0,148,21.4,Cold,December,12,Friday
2025-12-19,21:00,Chennai,19.0,80,10.2,1020.6,0.0,0,135,21.4,Mild,December,12,Friday
2025-12-19,22:00,Hyderabad,18.4,64,7.8,1014.8,0.0,0,118,21.4,Mild,December,12,Friday
2025-12-19,23:00,Mumbai,12.8,89,11.5,1015.4,0.0,0,127,21.4,Cold,December,12,Friday
2025-12-20,00:00,Delhi,14.7,51,5.5,1018.7,0.0,0,170,21.1,Cold,December,12,Saturday
2025-12-20,01:00,Bangalore,13.0,69,13.0,1018.4,0.0,0,109,21.1,Cold,December,12,Saturday
2025-12-20,02:00,Chennai,18.2,71,8.0,1014.3,0.0,0,115,21.1,Mild,December,12,Saturday
2025-12-20,03:00,Hyderabad,22.3,60,5.0,1016.3,0.0,0,123,21.1,Mild,December,12,Saturday
2025-12-20,04:00,Mumbai,22.3,67,7.2,1015.2,0.0,0,128,21.1,Mild,December,12,Saturday
2025-12-20,05:00,Delhi,21.4,48,12.7,1022.2,0.0,0,199,21.1,Mild,December,12,Saturday
2025-12-20,06:00,Bangalore,18.0,70,5.6,1008.9,0.0,0,100,21.1,Mild,December,12,Saturday
2025-12-20,07:00,Chennai,25.3,81,6.8,1012.9,0.0,0,113,21.1,Warm,December,12,Saturday
2025-12-20,08:00,Hyderabad,28.3,51,5.7,1009.1,0.0,1,125,21.1,Warm,December,12,Saturday
2025-12-20,09:00,Mumbai,26.0,78,2.7,1014.2,0.0,3,124,21.1,Warm,December,12,Saturday
2025-12-20,10:00,Delhi,25.1,49,7.8,1012.1,0.0,4,248,21.1,Warm,December,12,Saturday
2025-12-20,11:00,Bangalore,21.9,68,10.3,1015.1,0.0,6,89,21.1,Mild,December,12,Saturday
2025-12-20,12:00,Chennai,28.3,76,9.8,1018.8,0.0,7,107,21.1,Warm,December,12,Saturday
2025-12-20,13:00,Hyderabad,28.4,48,5.5,1011.5,0.0,6,112,21.1,Warm,December,12,Saturday
2025-12-20,14:00,Mumbai,25.6,71,0.4,1012.4,0.0,5,135,21.1,Warm,December,12,Saturday
2025-12-20,15:00,Delhi,20.2,65,4.9,1016.1,0.0,3,208,21.1,Mild,December,12,Saturday
2025-12-20,16:00,Bangalore,18.3,66,9.7,1017.8,0.0,2,107,21.1,Mild,December,12,Saturday
2025-12-20,17:00,Chennai,24.4,67,9.7,1012.7,0.0,1,135,21.1,Mild,December,12,Saturday
2025-12-20,18:00,Hyderabad,21.1,64,3.1,1013.2,0.0,1,143,21.1,Mild,December,12,Saturday
2025-12-20,19:00,Mumbai,18.6,75,7.3,1015.0,0.0,0,146,21.1,Mild,December,12,Saturday
2025-12-20,20:00,Delhi,14.5,54,7.4,1020.4,0.0,0,210,21.1,Cold,December,12,Saturday
2025-12-20,21:00,Bangalore,10.8,77,10.0,1023.8,0.0,0,84,21.1,Cold,December,12,Saturday
2025-12-20,22:00,Chennai,19.6,74,7.7,1011.5,0.0,0,110,21.1,Mild,December,12,Saturday
2025-12-20,23:00,Hyderabad,20.5,55,7.6,1015.6,0.0,0,113,21.1,Mild,December,12,Saturday
2025-12-21,00:00,Mumbai,16.2,80,8.7,1023.1,0.0,0,135,21.3,Mild,December,12,Sunday
2025-12-21,01:00,Delhi,14.8,54,4.7,1019.5,0.0,0,205,21.3,Cold,December,12,Sunday
2025-12-21,02:00,Bangalore,14.1,64,8.7,1017.4,8.9,0,89,21.3,Cold,December,12,Sunday
2025-12-21,03:00,Chennai,21.4,66,9.8,1013.7,0.0,0,102,21.3,Mild,December,12,Sunday
2025-12-21,04:00,Hyderabad,22.3,62,4.9,1014.4,0.0,0,126,21.3,Mild,December,12,Sunday
2025-12-21,05:00,Mumbai,21.8,80,3.7,1019.7,0.0,0,105,21.3,Mild,December,12,Sunday
2025-12-21,06:00,Delhi,18.5,41,6.5,1012.7,0.0,1,196,21.3,Mild,December,12,Sunday
2025-12-21,07:00,Bangalore,20.5,65,8.4,1015.0,0.0,1,100,21.3,Mild,December,12,Sunday
2025-12-21,08:00,Chennai,29.2,70,4.3,1012.9,0.0,2,126,21.3,Warm,December,12,Sunday
2025-12-21,09:00,Hyderabad,28.5,59,5.2,1013.0,0.0,4,123,21.3,Warm,December,12,Sunday
2025-12-21,10:00,Mumbai,27.5,77,10.6,1010.1,0.0,5,139,21.3,Warm,December,12,Sunday
2025-12-21,11:00,Delhi,25.9,56,8.8,1010.8,0.0,6,208,21.3,Warm,December,12,Sunday
2025-12-21,12:00,Bangalore,24.2,68,11.8,1013.7,0.0,7,95,21.3,Mild,December,12,Sunday
2025-12-21,13:00,Chennai,29.0,69,5.9,1011.5,0.0,6,121,21.3,Warm,December,12,Sunday
2025-12-21,14:00,Hyderabad,28.9,51,5.7,1009.2,0.0,4,145,21.3,Warm,December,12,Sunday
2025-12-21,15:00,Mumbai,26.1,73,2.1,1011.1,0.0,3,138,21.3,Warm,December,12,Sunday
2025-12-21,16:00,Delhi,19.7,56,7.7,1020.4,0.0,2,180,21.3,Mild,December,12,Sunday
2025-12-21,17:00,Bangalore,18.7,72,6.3,1017.6,0.0,0,121,21.3,Mild,December,12,Sunday
2025-12-21,18:00,Chennai,22.1,73,7.7,1013.0,0.0,0,110,21.3,Mild,December,12,Sunday
2025-12-21,19:00,Hyderabad,22.2,64,6.3,1013.0,0.0,0,151,21.3,Mild,December,12,Sunday
2025-12-21,20:00,Mumbai,15.3,87,5.7,1019.3,0.0,0,124,21.3,Mild,December,12,Sunday
2025-12-21,21:00,Delhi,14.8,57,11.4,1019.7,0.0,0,170,21.3,Cold,December,12,Sunday
2025-12-21,22:00,Bangalore,13.4,77,10.1,1017.2,0.0,0,100,21.3,Cold,December,12,Sunday
2025-12-21,23:00,Chennai,16.7,81,8.1,1017.9,6.6,0,108,21.3,Mild,December,12,Sunday
2025-12-22,00:00,Hyderabad,17.2,56,8.8,1014.1,0.0,0,123,21.4,Mild,December,12,Monday
2025-12-22,01:00,Mumbai,17.4,82,5.9,1021.2,0.0,0,133,21.4,Mild,December,12,Monday
2025-12-22,02:00,Delhi,16.2,48,7.0,1010.6,0.0,0,197,21.4,Mild,December,12,Monday
2025-12-22,03:00,Bangalore,17.1,72,9.3,1010.5,0.0,0,81,21.4,Mild,December,12,Monday
2025-12-22,04:00,Chennai,20.2,78,8.9,1017.6,0.0,0,120,21.4,Mild,December,12,Monday
2025-12-22,05:00,Hyderabad,23.1,63,2.2,1013.4,0.0,0,123,21.4,Mild,December,12,Monday
2025-12-22,06:00,Mumbai,23.5,72,11.3,1012.6,0.0,0,118,21.4,Mild,December,12,Monday
2025-12-22,07:00,Delhi,21.0,47,11.3,1013.6,0.0,0,185,21.4,Mild,December,12,Monday
2025-12-22,08:00,Bangalore,19.7,62,8.7,1011.6,0.0,3,125,21.4,Mild,December,12,Monday
2025-12-22,09:00,Chennai,28.4,71,8.3,1013.0,0.0,3,132,21.4,Warm,December,12,Monday
2025-12-22,10:00,Hyderabad,28.6,57,8.4,1009.8,0.0,5,137,21.4,Warm,December,12,Monday
2025-12-22,11:00,Mumbai,28.1,71,4.7,1013.7,0.0,5,129,21.4,Warm,December,12,Monday
2025-12-22,12:00,Delhi,24.8,46,7.8,1024.5,0.0,6,179,21.4,Mild,December,12,Monday
2025-12-22,13:00,Bangalore,21.9,60,9.0,1015.8,0.0,6,111,21.4,Mild,December,12,Monday
2025-12-22,14:00,Chennai,26.3,78,9.1,1014.6,0.0,5,111,21.4,Warm,December,12,Monday
2025-12-22,15:00,Hyderabad,26.9,53,8.8,1007.3,0.0,3,126,21.4,Warm,December,12,Monday
2025-12-22,16:00,Mumbai,26.7,68,2.0,1015.9,0.0,2,133,21.4,Warm,December,12,Monday
2025-12-22,17:00,Delhi,17.8,54,4.1,1018.4,0.0,1,205,21.4,Mild,December,12,Monday
2025-12-22,18:00,Bangalore,20.2,66,11.7,1017.7,13.6,0,114,21.4,Mild,December,12,Monday
2025-12-22,19:00,Chennai,22.9,73,4.9,1015.0,0.0,0,136,21.4,Mild,December,12,Monday
2025-12-22,20:00,Hyderabad,20.2,65,7.9,1009.7,0.0,0,142,21.4,Mild,December,12,Monday
2025-12-22,21:00,Mumbai,17.1,83,12.9,1015.2,0.0,0,142,21.4,Mild,December,12,Monday
2025-12-22,22:00,Delhi,17.2,62,11.5,1015.9,10.8,0,176,21.4,Mild,December,12,Monday
2025-12-22,23:00,Bangalore,12.2,71,10.4,1013.9,0.0,0,86,21.4,Cold,December,12,Monday
2025-12-23,00:00,Chennai,19.6,86,6.3,1017.5,0.0,0,121,21.4,Mild,December,12,Tuesday
2025-12-23,01:00,Hyderabad,18.8,58,9.9,1019.9,0.0,0,125,21.4,Mild,December,12,Tuesday
2025-12-23,02:00,Mumbai,18.1,81,6.9,1019.2,0.0,0,130,21.4,Mild,December,12,Tuesday
2025-12-23,03:00,Delhi,17.8,60,8.6,1013.9,0.0,0,202,21.4,Mild,December,12,Tuesday
2025-12-23,04:00,Bangalore,17.6,72,11.0,1014.1,15.8,0,96,21.4,Mild,December,12,Tuesday
2025-12-23,05:00,Chennai,23.5,69,7.3,1015.7,8.7,0,119,21.4,Mild,December,12,Tuesday
2025-12-23,06:00,Hyderabad,25.3,52,4.1,1010.3,0.0,0,122,21.4,Warm,December,12,Tuesday
2025-12-23,07:00,Mumbai,22.9,84,6.6,1013.6,0.0,0,136,21.4,Mild,December,12,Tuesday
2025-12-23,08:00,Delhi,23.7,48,10.1,1016.9,0.0,2,191,21.4,Mild,December,12,Tuesday
2025-12-23,09:00,Bangalore,25.2,61,5.9,1013.4,0.0,3,131,21.4,Warm,December,12,Tuesday
2025-12-23,10:00,Chennai,28.3,72,15.8,1017.8,0.0,4,148,21.4,Warm,December,12,Tuesday
2025-12-23,11:00,Hyderabad,28.1,49,6.6,1013.1,0.0,6,123,21.4,Warm,December,12,Tuesday
2025-12-23,12:00,Mumbai,23.9,76,14.5,1013.5,0.9,6,134,21.4,Mild,December,12,Tuesday
2025-12-23,13:00,Delhi,25.3,46,8.6,1013.2,0.0,5,201,21.4,Warm,December,12,Tuesday
2025-12-23,14:00,Bangalore,21.3,67,13.3,1012.9,0.0,4,104,21.4,Mild,December,12,Tuesday
2025-12-23,15:00,Chennai,28.0,65,11.0,1012.4,0.0,3,112,21.4,Warm,December,12,Tuesday
2025-12-23,16:00,Hyderabad,23.1,59,2.7,1015.4,0.0,3,126,21.4,Mild,December,12,Tuesday
2025-12-23,17:00,Mumbai,22.3,80,9.3,1019.1,0.0,1,141,21.4,Mild,December,12,Tuesday
2025-12-23,18:00,Delhi,16.0,55,8.2,1023.3,0.0,0,212,21.4,Mild,December,12,Tuesday
2025-12-23,19:00,Bangalore,11.3,76,7.9,1018.1,0.0,0,115,21.4,Cold,December,12,Tuesday
2025-12-23,20:00,Chennai,20.4,81,6.6,1014.3,5.2,0,127,21.4,Mild,December,12,Tuesday
2025-12-23,21:00,Hyderabad,19.9,61,14.6,1016.5,0.0,0,109,21.4,Mild,December,12,Tuesday
2025-12-23,22:00,Mumbai,19.0,82,6.3,1018.3,0.0,0,118,21.4,Mild,December,12,Tuesday
2025-12-23,23:00,Delhi,13.4,62,6.3,1020.2,0.0,0,205,21.4,Cold,December,12,Tuesday
2025-12-24,00:00,Bangalore,14.5,80,4.5,1023.9,0.0,0,92,22.0,Cold,December,12,Wednesday
2025-12-24,01:00,Chennai,20.1,83,9.7,1017.9,0.0,0,96,22.0,Mild,December,12,Wednesday
2025-12-24,02:00,Hyderabad,20.8,65,4.3,1015.4,0.0,0,115,22.0,Mild,December,12,Wednesday
2025-12-24,03:00,Mumbai,23.0,79,6.2,1012.7,0.0,0,151,22.0,Mild,December,12,Wednesday
2025-12-24,04:00,Delhi,19.8,50,5.2,1021.9,0.0,0,155,22.0,Mild,December,12,Wednesday
2025-12-24,05:00,Bangalore,19.1,67,5.6,1018.8,0.0,0,116,22.0,Mild,December,12,Wednesday
2025-12-24,06:00,Chennai,25.2,70,7.4,1013.0,0.0,0,108,22.0,Warm,December,12,Wednesday
2025-12-24,07:00,Hyderabad,27.6,57,10.0,1014.5,0.0,1,104,22.0,Warm,December,12,Wednesday
2025-12-24,08:00,Mumbai,25.5,72,7.5,1016.8,0.0,1,148,22.0,Warm,December,12,Wednesday
2025-12-24,09:00,Delhi,24.2,51,7.4,1017.0,0.0,4,195,22.0,Mild,December,12,Wednesday
2025-12-24,10:00,Bangalore,23.8,68,6.0,1007.7,0.0,4,110,22.0,Mild,December,12,Wednesday
2025-12-24,11:00,Chennai,28.2,76,10.8,1012.6,0.0,6,122,22.0,Warm,December,12,Wednesday
2025-12-24,12:00,Hyderabad,28.7,56,5.8,1016.8,0.0,6,117,22.0,Warm,December,12,Wednesday
2025-12-24,13:00,Mumbai,25.7,67,2.7,1017.7,0.0,5,140,22.0,Warm,December,12,Wednesday
2025-12-24,14:00,Delhi,20.7,54,11.3,1011.9,0.0,5,185,22.0,Mild,December,12,Wednesday
2025-12-24,15:00,Bangalore,22.4,70,4.6,1018.6,0.0,3,118,22.0,Mild,December,12,Wednesday
2025-12-24,16:00,Chennai,26.8,67,3.7,1018.3,0.0,3,108,22.0,Warm,December,12,Wednesday
2025-12-24,17:00,Hyderabad,26.0,58,7.8,1008.2,0.0,1,147,22.0,Warm,December,12,Wednesday
2025-12-24,18:00,Mumbai,19.9,76,7.9,1018.2,0.0,0,159,22.0,Mild,December,12,Wednesday
2025-12-24,19:00,Delhi,13.7,50,6.6,1015.4,0.0,0,205,22.0,Cold,December,12,Wednesday
2025-12-24,20:00,Bangalore,13.9,69,14.1,1014.0,0.0,0,124,22.0,Cold,December,12,Wednesday
2025-12-24,21:00,Chennai,20.8,71,10.3,1010.4,0.0,0,105,22.0,Mild,December,12,Wednesday
2025-12-24,22:00,Hyderabad,19.2,65,12.7,1018.5,0.0,0,122,22.0,Mild,December,12,Wednesday
2025-12-24,23:00,Mumbai,18.0,83,5.2,1013.6,0.0,0,146,22.0,Mild,December,12,Wednesday
2025-12-25,00:00,Delhi,13.6,57,9.8,1023.0,0.0,0,178,21.2,Cold,December,12,Thursday
2025-12-25,01:00,Bangalore,13.4,66,7.8,1018.8,0.0,0,111,21.2,Cold,December,12,Thursday
2025-12-25,02:00,Chennai,20.4,77,3.9,1013.5,0.0,0,112,21.2,Mild,December,12,Thursday
2025-12-25,03:00,Hyderabad,19.6,64,5.3,1017.3,0.0,0,120,21.2,Mild,December,12,Thursday
2025-12-25,04:00,Mumbai,21.0,75,8.6,1014.6,0.0,0,131,21.2,Mild,December,12,Thursday
2025-12-25,05:00,Delhi,19.9,43,9.1,1017.4,0.0,0,203,21.2,Mild,December,12,Thursday
2025-12-25,06:00,Bangalore,18.7,81,5.0,1017.6,0.0,0,112,21.2,Mild,December,12,Thursday
2025-12-25,07:00,Chennai,26.2,66,1.5,1005.2,0.0,1,108,21.2,Warm,December,12,Thursday
2025-12-25,08:00,Hyderabad,27.8,58,3.4,1021.0,0.0,1,138,21.2,Warm,December,12,Thursday
2025-12-25,09:00,Mumbai,23.1,73,5.3,1017.9,0.0,4,131,21.2,Mild,December,12,Thursday
2025-12-25,10:00,Delhi,24.1,45,7.4,1013.6,0.0,4,193,21.2,Mild,December,12,Thursday
2025-12-25,11:00,Bangalore,24.5,71,2.2,1017.2,0.0,6,120,21.2,Mild,December,12,Thursday
2025-12-25,12:00,Chennai,28.6,67,13.4,1012.3,0.0,8,110,21.2,Warm,December,12,Thursday
2025-12-25,13:00,Hyderabad,28.8,51,11.6,1012.1,0.0,5,130,21.2,Warm,December,12,Thursday
2025-12-25,14:00,Mumbai,26.9,62,11.6,1016.5,0.0,4,131,21.2,Warm,December,12,Thursday
2025-12-25,15:00,Delhi,19.1,52,2.6,1015.7,16.6,3,196,21.2,Mild,December,12,Thursday
2025-12-25,16:00,Bangalore,19.9,58,8.2,1013.0,0.0,2,102,21.2,Mild,December,12,Thursday
2025-12-25,17:00,Chennai,21.9,70,4.1,1014.4,0.0,1,127,21.2,Mild,December,12,Thursday
2025-12-25,18:00,Hyderabad,24.3,63,0.0,1014.7,0.0,0,132,21.2,Mild,December,12,Thursday
2025-12-25,19:00,Mumbai,21.5,79,7.7,1019.5,0.0,0,132,21.2,Mild,December,12,Thursday
2025-12-25,20:00,Delhi,16.3,52,9.2,1012.7,0.0,0,208,21.2,Mild,December,12,Thursday
2025-12-25,21:00,Bangalore,12.1,76,9.8,1015.1,0.0,0,98,21.2,Cold,December,12,Thursday
2025-12-25,22:00,Chennai,18.6,79,11.6,1019.0,0.0,0,110,21.2,Mild,December,12,Thursday
2025-12-25,23:00,Hyderabad,17.7,69,8.4,1015.7,0.0,0,129,21.2,Mild,December,12,Thursday
2025-12-26,00:00,Mumbai,17.3,77,3.8,1019.6,0.0,0,125,21.6,Mild,December,12,Friday
2025-12-26,01:00,Delhi,14.1,56,3.9,1016.6,0.0,0,181,21.6,Cold,December,12,Friday
2025-12-26,02:00,Bangalore,12.2,64,8.4,1016.0,0.0,0,105,21.6,Cold,December,12,Friday
2025-12-26,03:00,Chennai,19.3,74,6.7,1012.3,0.0,0,105,21.6,Mild,December,12,Friday
2025-12-26,04:00,Hyderabad,23.5,56,4.1,1013.0,4.9,0,127,21.6,Mild,December,12,Friday
2025-12-26,05:00,Mumbai,26.6,71,8.2,1011.6,0.0,0,124,21.6,Warm,December,12,Friday
2025-12-26,06:00,Delhi,21.0,47,4.3,1013.4,0.0,0,194,21.6,Mild,December,12,Friday
2025-12-26,07:00,Bangalore,23.7,58,3.9,1014.0,0.0,1,115,21.6,Mild,December,12,Friday
2025-12-26,08:00,Chennai,26.4,68,6.7,1013.5,0.0,3,133,21.6,Warm,December,12,Friday
2025-12-26,09:00,Hyderabad,30.9,56,4.5,1011.9,0.0,3,142,21.6,Warm,December,12,Friday
2025-12-26,10:00,Mumbai,28.2,59,9.6,1013.7,0.0,4,142,21.6,Warm,December,12,Friday
2025-12-26,11:00,Delhi,23.1,52,7.1,1013.4,0.0,5,209,21.6,Mild,December,12,Friday
2025-12-26,12:00,Bangalore,22.0,65,6.0,1014.1,14.2,7,109,21.6,Mild,December,12,Friday
2025-12-26,13:00,Chennai,26.6,70,6.5,1015.7,0.0,5,105,21.6,Warm,December,12,Friday
2025-12-26,14:00,Hyderabad,28.4,55,11.9,1020.5,0.0,4,128,21.6,Warm,December,12,Friday
2025-12-26,15:00,Mumbai,24.8,72,10.0,1015.0,0.0,3,128,21.6,Mild,December,12,Friday
2025-12-26,16:00,Delhi,19.8,45,7.8,1017.4,0.0,3,195,21.6,Mild,December,12,Friday
2025-12-26,17:00,Bangalore,18.9,72,10.3,1018.2,0.0,0,114,21.6,Mild,December,12,Friday
2025-12-26,18:00,Chennai,22.2,72,11.1,1014.4,0.0,0,153,21.6,Mild,December,12,Friday
2025-12-26,19:00,Hyderabad,22.9,63,6.5,1013.9,0.0,0,121,21.6,Mild,December,12,Friday
2025-12-26,20:00,Mumbai,21.5,78,7.8,1015.6,0.0,0,130,21.6,Mild,December,12,Friday
2025-12-26,21:00,Delhi,14.3,53,0.0,1014.3,0.0,0,182,21.6,Cold,December,12,Friday
2025-12-26,22:00,Bangalore,10.7,76,11.0,1017.6,0.0,0,121,21.6,Cold,December,12,Friday
2025-12-26,23:00,Chennai,19.0,80,6.4,1017.4,0.0,0,123,21.6,Mild,December,12,Friday
2025-12-27,00:00,Hyderabad,22.8,64,6.5,1013.7,0.0,0,128,21.1,Mild,December,12,Saturday
2025-12-27,01:00,Mumbai,18.4,73,10.5,1016.4,0.0,0,133,21.1,Mild,December,12,Saturday
2025-12-27,02:00,Delhi,16.9,55,8.8,1012.1,0.0,0,205,21.1,Mild,December,12,Saturday
2025-12-27,03:00,Bangalore,15.8,73,12.5,1015.7,0.0,0,104,21.1,Mild,December,12,Saturday
2025-12-27,04:00,Chennai,21.9,78,11.3,1016.0,0.0,0,100,21.1,Mild,December,12,Saturday
2025-12-27,05:00,Hyderabad,23.6,60,8.9,1010.5,0.0,0,152,21.1,Mild,December,12,Saturday
2025-12-27,06:00,Mumbai,24.5,65,10.4,1017.2,0.0,0,120,21.1,Mild,December,12,Saturday
2025-12-27,07:00,Delhi,21.1,46,9.4,1015.7,0.0,1,204,21.1,Mild,December,12,Saturday
2025-12-27,08:00,Bangalore,21.2,63,6.7,1013.7,0.0,2,126,21.1,Mild,December,12,Saturday
2025-12-27,09:00,Chennai,23.5,70,7.9,1020.5,10.2,3,128,21.1,Mild,December,12,Saturday
2025-12-27,10:00,Hyderabad,27.9,47,6.9,1010.3,0.0,4,151,21.1,Warm,December,12,Saturday
2025-12-27,11:00,Mumbai,25.0,71,14.8,1010.5,0.0,6,104,21.1,Warm,December,12,Saturday
2025-12-27,12:00,Delhi,23.8,51,12.0,1016.8,0.0,7,204,21.1,Mild,December,12,Saturday
2025-12-27,13:00,Bangalore,21.1,52,8.7,1014.4,0.0,6,108,21.1,Mild,December,12,Saturday
2025-12-27,14:00,Chennai,26.6,69,10.8,1012.9,0.0,4,102,21.1,Warm,December,12,Saturday
2025-12-27,15:00,Hyderabad,27.2,61,7.7,1015.7,1.3,3,139,21.1,Warm,December,12,Saturday
2025-12-27,16:00,Mumbai,24.2,75,6.0,1013.4,0.0,1,119,21.1,Mild,December,12,Saturday
2025-12-27,17:00,Delhi,19.2,53,6.2,1018.9,0.0,0,209,21.1,Mild,December,12,Saturday
2025-12-27,18:00,Bangalore,15.4,69,12.9,1022.2,0.0,0,164,21.1,Mild,December,12,Saturday
2025-12-27,19:00,Chennai,18.0,79,9.5,1012.4,0.0,0,140,21.1,Mild,December,12,Saturday
2025-12-27,20:00,Hyderabad,19.0,74,9.5,1015.2,11.1,0,146,21.1,Mild,December,12,Saturday
2025-12-27,21:00,Mumbai,20.4,74,4.1,1016.5,0.0,0,117,21.1,Mild,December,12,Saturday
2025-12-27,22:00,Delhi,14.9,56,9.7,1015.9,0.0,0,183,21.1,Cold,December,12,Saturday
2025-12-27,23:00,Bangalore,13.3,74,5.1,1013.7,0.0,0,122,21.1,Cold,December,12,Saturday
2025-12-28,00:00,Chennai,17.8,80,4.4,1016.9,0.0,0,113,21.8,Mild,December,12,Sunday
2025-12-28,01:00,Hyderabad,18.7,63,6.3,1015.7,0.0,0,119,21.8,Mild,December,12,Sunday
2025-12-28,02:00,Mumbai,16.6,84,10.7,1011.5,0.0,0,142,21.8,Mild,December,12,Sunday
2025-12-28,03:00,Delhi,15.8,55,11.2,1020.6,0.0,0,190,21.8,Mild,December,12,Sunday
2025-12-28,04:00,Bangalore,15.2,73,7.4,1023.2,0.0,0,109,21.8,Mild,December,12,Sunday
2025-12-28,05:00,Chennai,22.7,69,8.8,1016.5,0.0,0,110,21.8,Mild,December,12,Sunday
2025-12-28,06:00,Hyderabad,28.1,54,3.6,1010.8,0.0,0,116,21.8,Warm,December,12,Sunday
2025-12-28,07:00,Mumbai,24.7,64,8.0,1018.9,0.0,2,131,21.8,Mild,December,12,Sunday
2025-12-28,08:00,Delhi,26.1,41,8.2,1011.6,0.0,2,180,21.8,Warm,December,12,Sunday
2025-12-28,09:00,Bangalore,23.0,60,8.8,1012.8,0.0,3,139,21.8,Mild,December,12,Sunday
2025-12-28,10:00,Chennai,26.8,78,6.9,1014.8,0.0,5,147,21.8,Warm,December,12,Sunday
2025-12-28,11:00,Hyderabad,27.8,59,0.7,1015.4,0.0,5,123,21.8,Warm,December,12,Sunday
2025-12-28,12:00,Mumbai,28.0,75,7.9,1010.8,0.0,7,121,21.8,Warm,December,12,Sunday
2025-12-28,13:00,Delhi,28.6,45,6.5,1013.0,14.3,6,200,21.8,Warm,December,12,Sunday
2025-12-28,14:00,Bangalore,25.0,65,8.3,1015.3,0.0,4,93,21.8,Warm,December,12,Sunday
2025-12-28,15:00,Chennai,25.0,75,9.1,1012.2,0.0,3,106,21.8,Warm,December,12,Sunday
2025-12-28,16:00,Hyderabad,25.1,56,9.1,1009.6,0.0,2,105,21.8,Warm,December,12,Sunday
2025-12-28,17:00,Mumbai,23.0,75,6.7,1011.7,0.0,1,153,21.8,Mild,December,12,Sunday
2025-12-28,18:00,Delhi,17.0,48,1.7,1019.3,0.0,0,225,21.8,Mild,December,12,Sunday
2025-12-28,19:00,Bangalore,17.7,71,7.9,1016.1,0.0,0,103,21.8,Mild,December,12,Sunday
2025-12-28,20:00,Chennai,20.4,75,9.8,1011.8,0.0,0,129,21.8,Mild,December,12,Sunday
2025-12-28,21:00,Hyderabad,19.7,66,13.0,1019.2,0.0,0,135,21.8,Mild,December,12,Sunday
2025-12-28,22:00,Mumbai,15.6,89,5.4,1020.6,0.0,0,115,21.8,Mild,December,12,Sunday
2025-12-28,23:00,Delhi,16.0,57,7.4,1016.7,0.0,0,184,21.8,Mild,December,12,Sunday
2025-12-29,00:00,Bangalore,12.1,82,7.3,1019.0,0.0,0,115,21.4,Cold,December,12,Monday
2025-12-29,01:00,Chennai,19.8,78,8.0,1018.2,0.0,0,117,21.4,Mild,December,12,Monday
2025-12-29,02:00,Hyderabad,20.8,65,10.2,1016.8,0.0,0,114,21.4,Mild,December,12,Monday
2025-12-29,03:00,Mumbai,18.1,76,8.3,1019.4,0.0,0,135,21.4,Mild,December,12,Monday
2025-12-29,04:00,Delhi,20.0,40,8.8,1016.7,0.0,0,206,21.4,Mild,December,12,Monday
2025-12-29,05:00,Bangalore,15.6,66,9.9,1018.0,0.0,0,110,21.4,Mild,December,12,Monday
2025-12-29,06:00,Chennai,23.5,73,5.3,1017.6,0.0,0,118,21.4,Mild,December,12,Monday
2025-12-29,07:00,Hyderabad,27.0,61,5.4,1012.4,0.0,1,129,21.4,Warm,December,12,Monday
2025-12-29,08:00,Mumbai,26.7,75,11.4,1010.0,0.0,2,140,21.4,Warm,December,12,Monday
2025-12-29,09:00,Delhi,24.2,57,4.6,1017.9,0.0,2,186,21.4,Mild,December,12,Monday
2025-12-29,10:00,Bangalore,25.3,59,9.2,1014.2,0.0,4,143,21.4,Warm,December,12,Monday
2025-12-29,11:00,Chennai,29.5,68,14.4,1016.5,0.0,6,119,21.4,Warm,December,12,Monday
2025-12-29,12:00,Hyderabad,26.5,69,7.4,1017.8,0.0,6,122,21.4,Warm,December,12,Monday
2025-12-29,13:00,Mumbai,27.9,82,10.5,1014.1,0.0,6,147,21.4,Warm,December,12,Monday
2025-12-29,14:00,Delhi,21.9,53,5.4,1008.5,0.0,4,213,21.4,Mild,December,12,Monday
2025-12-29,15:00,Bangalore,19.5,73,6.5,1013.2,0.0,3,109,21.4,Mild,December,12,Monday
2025-12-29,16:00,Chennai,25.5,70,7.7,1010.8,0.0,3,110,21.4,Warm,December,12,Monday
2025-12-29,17:00,Hyderabad,24.3,57,11.4,1025.0,0.0,0,132,21.4,Mild,December,12,Monday
2025-12-29,18:00,Mumbai,21.4,76,8.3,1014.8,0.0,0,154,21.4,Mild,December,12,Monday
2025-12-29,19:00,Delhi,13.1,53,6.8,1015.8,0.0,0,205,21.4,Cold,December,12,Monday
2025-12-29,20:00,Bangalore,16.1,69,8.5,1021.6,0.0,0,110,21.4,Mild,December,12,Monday
2025-12-29,21:00,Chennai,18.7,69,6.4,1017.6,0.0,0,107,21.4,Mild,December,12,Monday
2025-12-29,22:00,Hyderabad,20.7,63,8.8,1017.5,0.0,0,123,21.4,Mild,December,12,Monday
2025-12-29,23:00,Mumbai,15.5,75,9.5,1021.2,0.0,0,136,21.4,Mild,December,12,Monday
2025-12-30,00:00,Delhi,15.6,61,12.9,1018.2,0.0,0,163,20.9,Mild,December,12,Tuesday
2025-12-30,01:00,Bangalore,11.2,74,10.1,1016.7,0.0,0,105,20.9,Cold,December,12,Tuesday
2025-12-30,02:00,Chennai,19.3,82,9.3,1013.7,0.0,0,117,20.9,Mild,December,12,Tuesday
2025-12-30,03:00,Hyderabad,22.8,61,10.0,1016.2,0.0,0,126,20.9,Mild,December,12,Tuesday
2025-12-30,04:00,Mumbai,21.2,82,3.6,1015.1,0.0,0,149,20.9,Mild,December,12,Tuesday
2025-12-30,05:00,Delhi,19.2,58,11.6,1017.3,0.0,0,190,20.9,Mild,December,12,Tuesday
2025-12-30,06:00,Bangalore,18.3,71,3.8,1018.7,0.0,0,99,20.9,Mild,December,12,Tuesday
2025-12-30,07:00,Chennai,26.1,65,9.8,1016.7,0.0,1,103,20.9,Warm,December,12,Tuesday
2025-12-30,08:00,Hyderabad,26.8,55,4.6,1012.6,0.0,2,139,20.9,Warm,December,12,Tuesday
2025-12-30,09:00,Mumbai,25.4,69,3.1,1017.2,0.0,3,152,20.9,Warm,December,12,Tuesday
2025-12-30,10:00,Delhi,22.3,41,7.8,1014.1,0.0,5,196,20.9,Mild,December,12,Tuesday
2025-12-30,11:00,Bangalore,22.4,56,7.4,1017.2,0.0,6,114,20.9,Mild,December,12,Tuesday
2025-12-30,12:00,Chennai,27.7,75,2.5,1012.2,0.0,7,112,20.9,Warm,December,12,Tuesday
2025-12-30,13:00,Hyderabad,28.9,51,4.9,1012.1,0.0,5,111,20.9,Warm,December,12,Tuesday
2025-12-30,14:00,Mumbai,26.9,69,8.6,1017.0,0.0,5,132,20.9,Warm,December,12,Tuesday
2025-12-30,15:00,Delhi,21.3,53,2.7,1011.2,0.0,3,195,20.9,Mild,December,12,Tuesday
2025-12-30,16:00,Bangalore,19.3,64,6.4,1014.6,0.0,2,87,20.9,Mild,December,12,Tuesday
2025-12-30,17:00,Chennai,22.4,66,7.5,1016.9,0.0,1,146,20.9,Mild,December,12,Tuesday
2025-12-30,18:00,Hyderabad,24.6,61,6.1,1011.4,0.0,1,156,20.9,Mild,December,12,Tuesday
2025-12-30,19:00,Mumbai,18.7,75,6.2,1018.6,0.0,0,159,20.9,Mild,December,12,Tuesday
2025-12-30,20:00,Delhi,14.3,58,13.6,1014.3,0.0,0,232,20.9,Cold,December,12,Tuesday
2025-12-30,21:00,Bangalore,12.1,74,3.0,1017.2,0.0,0,108,20.9,Cold,December,12,Tuesday
2025-12-30,22:00,Chennai,18.6,71,7.7,1017.3,0.0,0,128,20.9,Mild,December,12,Tuesday
2025-12-30,23:00,Hyderabad,17.2,63,6.5,1022.1,0.0,0,122,20.9,Mild,December,12,Tuesday
2025-12-31,00:00,Mumbai,17.7,77,9.9,1015.8,0.0,0,125,21.0,Mild,December,12,Wednesday
2025-12-31,01:00,Delhi,15.3,57,13.1,1014.2,0.0,0,178,21.0,Mild,December,12,Wednesday
2025-12-31,02:00,Bangalore,13.6,70,3.7,1013.8,0.0,0,121,21.0,Cold,December,12,Wednesday
2025-12-31,03:00,Chennai,20.1,74,5.2,1015.7,0.0,0,126,21.0,Mild,December,12,Wednesday
2025-12-31,04:00,Hyderabad,21.8,62,8.4,1011.4,0.0,0,103,21.0,Mild,December,12,Wednesday
2025-12-31,05:00,Mumbai,21.7,70,7.7,1012.8,0.0,0,155,21.0,Mild,December,12,Wednesday
2025-12-31,06:00,Delhi,20.8,54,3.1,1017.7,0.0,0,174,21.0,Mild,December,12,Wednesday
2025-12-31,07:00,Bangalore,20.2,74,6.9,1018.3,0.0,1,107,21.0,Mild,December,12,Wednesday
2025-12-31,08:00,Chennai,25.5,84,7.5,1011.1,0.0,2,109,21.0,Warm,December,12,Wednesday
2025-12-31,09:00,Hyderabad,30.0,59,4.6,1007.8,0.0,3,137,21.0,Warm,December,12,Wednesday
2025-12-31,10:00,Mumbai,25.4,81,8.1,1015.1,0.0,4,138,21.0,Warm,December,12,Wednesday
2025-12-31,11:00,Delhi,26.1,50,4.2,1015.7,0.0,5,219,21.0,Warm,December,12,Wednesday
2025-12-31,12:00,Bangalore,24.2,60,6.6,1015.4,0.0,7,100,21.0,Mild,December,12,Wednesday
2025-12-31,13:00,Chennai,27.9,67,11.3,1010.4,0.0,6,106,21.0,Warm,December,12,Wednesday
2025-12-31,14:00,Hyderabad,26.3,56,2.5,1014.2,0.0,4,113,21.0,Warm,December,12,Wednesday
2025-12-31,15:00,Mumbai,22.2,84,3.6,1014.9,0.0,3,139,21.0,Mild,December,12,Wednesday
2025-12-31,16:00,Delhi,21.5,45,6.2,1018.6,0.0,2,191,21.0,Mild,December,12,Wednesday
2025-12-31,17:00,Bangalore,18.3,63,5.4,1015.7,0.0,1,133,21.0,Mild,December,12,Wednesday
2025-12-31,18:00,Chennai,19.4,78,4.8,1017.3,0.0,0,133,21.0,Mild,December,12,Wednesday
2025-12-31,19:00,Hyderabad,21.6,61,5.3,1018.3,0.0,0,141,21.0,Mild,December,12,Wednesday
2025-12-31,20:00,Mumbai,20.7,81,8.4,1016.9,0.0,0,147,21.0,Mild,December,12,Wednesday
2025-12-31,21:00,Delhi,13.7,51,5.4,1018.8,0.0,0,206,21.0,Cold,December,12,Wednesday
2025-12-31,22:00,Bangalore,13.1,77,8.7,1016.8,0.0,0,97,21.0,Cold,December,12,Wednesday
2025-12-31,23:00,Chennai,17.3,71,9.7,1017.6,0.0,0,124,21.0,Mild,December,12,Wednesday
