date,time,city,temperature,humidity,wind_speed,pressure,rainfall,uv_index,air_quality
2025-01-01,00:00,Hyderabad,19.1,62,7.7,1018.4,0.0,0,108
2025-01-01,01:00,Mumbai,15.5,86,9.6,1019.4,0.0,0,131
2025-01-01,02:00,Delhi,16.6,56,5.8,1014.0,0.0,0,171
2025-01-01,03:00,Bangalore,14.2,81,8.2,1016.9,0.0,0,94
2025-01-01,04:00,Chennai,23.1,72,9.1,1015.8,0.0,0,97
2025-01-01,05:00,Hyderabad,22.5,60,4.3,1018.1,0.0,0,118
2025-01-01,06:00,Mumbai,24.9,67,10.5,1011.5,0.0,0,132
2025-01-01,07:00,Delhi,21.5,53,8.1,1016.9,0.0,0,181
2025-01-01,08:00,Bangalore,21.0,69,7.2,1022.7,0.0,2,115
2025-01-01,09:00,Chennai,27.3,67,1.4,1020.0,0.0,2,123
2025-01-01,10:00,Hyderabad,30.4,47,8.1,1013.6,0.0,4,143
2025-01-01,11:00,Mumbai,30.5,66,6.3,1016.9,0.0,6,123
2025-01-01,12:00,Delhi,23.9,53,5.8,1013.9,0.0,7,182
2025-01-01,13:00,Bangalore,23.5,82,6.7,1014.9,0.0,6,115
2025-01-01,14:00,Chennai,27.1,65,10.7,1015.0,0.0,3,109
2025-01-01,15:00,Hyderabad,26.8,56,7.2,1009.5,0.0,3,137
2025-01-01,16:00,Mumbai,25.2,77,0.9,1016.6,0.0,2,144
2025-01-01,17:00,Delhi,20.6,62,9.7,1014.0,0.0,0,200
2025-01-01,18:00,Bangalore,17.0,64,8.7,1013.3,8.2,1,123
2025-01-01,19:00,Chennai,22.7,67,7.6,1016.2,0.0,0,134
2025-01-01,20:00,Hyderabad,20.4,60,8.1,1016.2,0.0,0,114
2025-01-01,21:00,Mumbai,16.4,81,7.4,1023.1,0.0,0,133
2025-01-01,22:00,Delhi,16.1,55,6.0,1013.5,0.0,0,226
2025-01-01,23:00,Bangalore,11.5,77,9.6,1020.0,0.0,0,97
2025-01-02,00:00,Chennai,17.8,78,9.1,1015.2,0.0,0,108
2025-01-02,01:00,Hyderabad,20.2,61,8.3,1020.4,0.0,0,138
2025-01-02,02:00,Mumbai,21.7,71,6.5,1016.7,0.0,0,108
2025-01-02,03:00,Delhi,18.0,57,5.0,1018.2,0.0,0,173
2025-01-02,04:00,Bangalore,13.0,77,9.8,1014.9,0.0,0,125
2025-01-02,05:00,Chennai,23.8,78,5.9,1016.0,0.0,0,126
2025-01-02,06:00,Hyderabad,24.7,63,5.1,1025.4,0.0,0,146
2025-01-02,07:00,Mumbai,24.5,76,6.5,1012.6,0.0,1,140
2025-01-02,08:00,Delhi,23.2,54,7.8,1015.7,0.0,1,242
2025-01-02,09:00,Bangalore,21.2,59,6.4,1017.1,0.0,3,106
2025-01-02,10:00,Chennai,27.1,70,7.0,1010.8,0.0,4,146
2025-01-02,11:00,Hyderabad,32.3,55,8.9,1008.6,0.0,5,138
2025-01-02,12:00,Mumbai,29.6,70,12.0,1010.8,0.0,6,102
2025-01-02,13:00,Delhi,23.0,52,12.6,1015.3,0.0,6,186
2025-01-02,14:00,Bangalore,22.9,65,6.8,1004.7,0.0,5,112
2025-01-02,15:00,Chennai,26.1,70,14.9,1018.7,0.0,2,127
2025-01-02,16:00,Hyderabad,27.8,54,4.0,1018.0,20.4,2,114
2025-01-02,17:00,Mumbai,24.8,76,7.4,1015.6,0.0,1,142
2025-01-02,18:00,Delhi,19.9,52,6.0,1014.5,0.0,0,224
2025-01-02,19:00,Bangalore,14.0,77,9.7,1017.8,0.0,0,120
2025-01-02,20:00,Chennai,18.9,73,7.8,1012.5,0.0,0,134
2025-01-02,21:00,Hyderabad,19.9,71,3.6,1010.6,0.0,0,113
2025-01-02,22:00,Mumbai,18.3,81,5.7,1022.5,0.0,0,146
2025-01-02,23:00,Delhi,11.7,60,10.2,1022.7,0.0,0,202
2025-01-03,00:00,Bangalore,11.6,78,11.9,1024.2,0.0,0,126
2025-01-03,01:00,Chennai,18.4,78,7.5,1016.3,0.0,0,104
2025-01-03,02:00,Hyderabad,21.6,52,8.9,1013.3,0.0,0,138
2025-01-03,03:00,Mumbai,22.1,78,6.3,1016.7,0.0,0,117
2025-01-03,04:00,Delhi,18.2,50,9.9,1016.8,0.0,0,210
2025-01-03,05:00,Bangalore,15.2,70,12.2,1010.6,0.0,0,124
2025-01-03,06:00,Chennai,25.2,70,9.8,1014.1,0.0,0,120
2025-01-03,07:00,Hyderabad,24.5,62,6.4,1018.4,0.0,0,130
2025-01-03,08:00,Mumbai,26.1,80,14.8,1014.2,0.0,2,125
2025-01-03,09:00,Delhi,22.8,46,12.0,1017.0,0.0,3,226
2025-01-03,10:00,Bangalore,22.8,61,6.9,1018.0,0.0,4,126
2025-01-03,11:00,Chennai,25.1,77,5.1,1008.7,0.0,5,129
2025-01-03,12:00,Hyderabad,30.2,54,4.4,1014.6,0.0,6,122
2025-01-03,13:00,Mumbai,27.4,77,12.4,1010.7,0.0,6,137
2025-01-03,14:00,Delhi,21.8,48,10.1,1010.9,0.0,4,197
2025-01-03,15:00,Bangalore,21.8,67,2.2,1016.4,0.0,3,113
2025-01-03,16:00,Chennai,25.3,79,5.8,1014.5,0.0,3,115
2025-01-03,17:00,Hyderabad,24.3,57,6.3,1015.6,0.0,1,134
2025-01-03,18:00,Mumbai,21.4,86,2.8,1017.0,0.0,0,143
2025-01-03,19:00,Delhi,19.7,49,4.4,1013.0,0.0,0,212
2025-01-03,20:00,Bangalore,13.0,80,5.0,1015.8,0.0,0,121
2025-01-03,21:00,Chennai,17.2,71,3.8,1016.3,0.0,0,123
2025-01-03,22:00,Hyderabad,19.9,62,10.6,1014.4,0.0,0,118
2025-01-03,23:00,Mumbai,16.9,73,10.8,1018.1,0.0,0,122
2025-01-04,00:00,Delhi,14.9,47,11.1,1013.5,0.0,0,180
2025-01-04,01:00,Bangalore,14.0,67,10.8,1017.9,0.0,0,122
2025-01-04,02:00,Chennai,16.7,71,10.4,1013.1,0.0,0,110
2025-01-04,03:00,Hyderabad,22.0,66,10.7,1015.9,0.0,0,114
2025-01-04,04:00,Mumbai,21.9,73,8.3,1014.9,0.0,0,128
2025-01-04,05:00,Delhi,18.9,53,7.0,1015.1,0.0,0,201
2025-01-04,06:00,Bangalore,20.0,69,10.6,1016.2,0.0,0,109
2025-01-04,07:00,Chennai,24.7,73,8.3,1002.1,0.0,0,102
2025-01-04,08:00,Hyderabad,25.6,53,3.9,1016.2,3.9,2,147
2025-01-04,09:00,Mumbai,28.6,67,7.2,1011.8,0.0,2,129
2025-01-04,10:00,Delhi,22.5,57,11.7,1016.6,7.9,4,191
2025-01-04,11:00,Bangalore,19.8,61,10.9,1020.1,0.0,6,121
2025-01-04,12:00,Chennai,29.6,72,4.7,1019.4,0.0,8,107
2025-01-04,13:00,Hyderabad,29.8,51,10.6,1009.9,0.0,6,144
2025-01-04,14:00,Mumbai,28.6,64,3.8,1012.6,0.0,4,139
2025-01-04,15:00,Delhi,21.4,54,4.5,1012.4,0.0,3,187
2025-01-04,16:00,Bangalore,22.4,67,6.9,1016.9,0.0,2,95
2025-01-04,17:00,Chennai,22.3,83,9.0,1016.2,0.0,1,116
2025-01-04,18:00,Hyderabad,25.5,57,5.7,1021.6,0.0,0,132
2025-01-04,19:00,Mumbai,18.5,79,3.4,1014.3,0.0,0,133
2025-01-04,20:00,Delhi,16.6,57,7.1,1014.6,0.0,0,190
2025-01-04,21:00,Bangalore,14.2,65,10.2,1015.5,0.0,0,121
2025-01-04,22:00,Chennai,18.4,79,8.5,1017.9,0.0,0,115
2025-01-04,23:00,Hyderabad,18.2,65,11.4,1015.2,0.0,0,87
2025-01-05,00:00,Mumbai,17.8,82,8.7,1018.7,0.0,0,144
2025-01-05,01:00,Delhi,15.1,54,16.0,1013.1,0.0,0,183
2025-01-05,02:00,Bangalore,15.9,67,10.7,1014.4,0.0,0,97
2025-01-05,03:00,Chennai,21.1,86,10.3,1010.1,0.0,0,118
2025-01-05,04:00,Hyderabad,24.8,62,9.6,1015.1,0.0,0,107
2025-01-05,05:00,Mumbai,27.3,78,11.5,1009.6,0.0,0,116
2025-01-05,06:00,Delhi,18.9,53,2.4,1018.4,0.0,0,205
2025-01-05,07:00,Bangalore,18.8,63,9.9,1015.7,0.0,1,99
2025-01-05,08:00,Chennai,27.0,72,11.3,1014.0,0.0,2,138
2025-01-05,09:00,Hyderabad,27.9,49,3.6,1014.9,0.0,3,118
2025-01-05,10:00,Mumbai,25.7,63,4.6,1016.0,0.0,5,132
2025-01-05,11:00,Delhi,25.0,50,6.2,1019.2,0.0,6,196
2025-01-05,12:00,Bangalore,22.2,59,11.3,1014.1,0.0,7,106
2025-01-05,13:00,Chennai,26.4,72,8.0,1015.4,0.0,6,101
2025-01-05,14:00,Hyderabad,33.4,46,6.9,1009.9,0.0,4,106
2025-01-05,15:00,Mumbai,23.3,66,9.7,1018.6,0.0,3,130
2025-01-05,16:00,Delhi,19.7,56,5.2,1010.9,0.0,2,180
2025-01-05,17:00,Bangalore,20.8,64,4.9,1014.7,0.0,0,148
2025-01-05,18:00,Chennai,20.5,79,12.4,1015.5,0.0,0,134
2025-01-05,19:00,Hyderabad,20.1,69,4.4,1012.4,0.0,0,108
2025-01-05,20:00,Mumbai,18.2,72,9.8,1022.4,0.0,0,167
2025-01-05,21:00,Delhi,15.0,59,4.4,1016.3,0.0,0,216
2025-01-05,22:00,Bangalore,13.2,71,8.4,1019.8,0.0,0,92
2025-01-05,23:00,Chennai,17.0,78,12.3,1009.7,0.0,0,103
2025-01-06,00:00,Hyderabad,19.0,69,6.3,1020.7,0.0,0,103
2025-01-06,01:00,Mumbai,18.8,73,11.3,1014.9,0.0,0,127
2025-01-06,02:00,Delhi,17.0,39,2.2,1015.2,0.0,0,190
2025-01-06,03:00,Bangalore,14.7,77,4.8,1016.7,0.0,0,111
2025-01-06,04:00,Chennai,24.1,69,7.0,1014.9,0.0,0,111
2025-01-06,05:00,Hyderabad,23.5,51,4.7,1017.9,0.0,0,133
2025-01-06,06:00,Mumbai,23.8,80,8.8,1009.7,0.0,0,116
2025-01-06,07:00,Delhi,22.4,43,9.3,1011.6,0.0,1,158
2025-01-06,08:00,Bangalore,22.6,61,11.9,1011.8,0.0,1,127
2025-01-06,09:00,Chennai,26.5,67,12.4,1014.4,0.0,2,145
2025-01-06,10:00,Hyderabad,30.0,70,3.1,1012.9,0.0,4,118
2025-01-06,11:00,Mumbai,25.5,66,9.6,1015.1,0.0,6,126
2025-01-06,12:00,Delhi,25.5,52,10.9,1009.5,0.0,6,211
2025-01-06,13:00,Bangalore,24.0,62,6.5,1016.2,0.0,5,104
2025-01-06,14:00,Chennai,27.9,78,8.3,1017.3,0.0,4,104
2025-01-06,15:00,Hyderabad,27.3,51,5.8,1011.8,0.0,3,123
2025-01-06,16:00,Mumbai,25.5,69,8.2,1010.8,0.0,2,120
2025-01-06,17:00,Delhi,23.2,48,6.0,1010.9,0.0,0,220
2025-01-06,18:00,Bangalore,17.6,59,8.1,1015.5,0.0,0,109
2025-01-06,19:00,Chennai,22.5,68,4.9,1014.5,0.0,0,112
2025-01-06,20:00,Hyderabad,18.5,56,6.4,1014.4,0.0,0,117
2025-01-06,21:00,Mumbai,17.3,83,9.3,1016.8,0.0,0,122
2025-01-06,22:00,Delhi,10.6,57,1.5,1017.5,0.0,0,189
2025-01-06,23:00,Bangalore,16.1,62,8.6,1017.1,0.0,0,94
2025-01-07,00:00,Chennai,19.3,75,13.8,1015.0,0.0,0,146
2025-01-07,01:00,Hyderabad,19.5,65,5.3,1016.3,0.0,0,118
2025-01-07,02:00,Mumbai,17.1,82,6.1,1013.4,0.0,0,135
2025-01-07,03:00,Delhi,16.5,55,8.7,1019.9,0.0,0,179
2025-01-07,04:00,Bangalore,17.1,72,10.9,1011.0,0.0,0,99
2025-01-07,05:00,Chennai,23.7,77,7.2,1013.5,0.0,0,115
2025-01-07,06:00,Hyderabad,26.7,61,5.6,1009.6,0.0,0,129
2025-01-07,07:00,Mumbai,26.2,77,10.8,1016.2,0.0,1,129
2025-01-07,08:00,Delhi,21.7,55,13.6,1013.7,0.0,2,191
2025-01-07,09:00,Bangalore,24.0,64,6.4,1016.0,0.0,3,109
2025-01-07,10:00,Chennai,27.0,64,7.5,1013.5,0.0,4,136
2025-01-07,11:00,Hyderabad,28.8,55,8.2,1011.3,0.0,6,112
2025-01-07,12:00,Mumbai,29.6,78,13.9,1013.2,0.0,7,136
2025-01-07,13:00,Delhi,24.6,55,8.5,1014.7,0.0,6,200
2025-01-07,14:00,Bangalore,22.1,67,7.8,1011.7,0.0,4,108
2025-01-07,15:00,Chennai,25.1,71,0.8,1014.3,0.0,3,91
2025-01-07,16:00,Hyderabad,23.9,59,9.0,1014.6,0.0,1,130
2025-01-07,17:00,Mumbai,19.5,79,9.1,1016.7,0.0,1,148
2025-01-07,18:00,Delhi,16.7,50,3.6,1025.6,0.0,0,209
2025-01-07,19:00,Bangalore,17.7,74,10.6,1013.2,0.0,0,118
2025-01-07,20:00,Chennai,18.7,73,8.6,1014.6,0.0,0,141
2025-01-07,21:00,Hyderabad,21.3,64,6.5,1013.1,0.0,0,123
2025-01-07,22:00,Mumbai,17.7,80,6.8,1020.7,0.0,0,141
2025-01-07,23:00,Delhi,12.4,56,5.5,1017.3,0.0,0,179
2025-01-08,00:00,Bangalore,15.3,71,2.0,1016.0,0.0,0,73
2025-01-08,01:00,Chennai,17.8,83,9.0,1020.9,0.0,0,133
2025-01-08,02:00,Hyderabad,22.6,55,11.8,1010.4,0.0,0,110
2025-01-08,03:00,Mumbai,23.1,74,4.7,1012.3,23.2,0,134
2025-01-08,04:00,Delhi,17.0,58,12.2,1015.9,21.8,0,200
2025-01-08,05:00,Bangalore,16.9,68,10.7,1020.2,0.0,0,104
2025-01-08,06:00,Chennai,23.6,69,9.3,1011.6,0.0,0,110
2025-01-08,07:00,Hyderabad,26.6,60,8.6,1010.7,0.0,0,112
2025-01-08,08:00,Mumbai,24.9,70,8.9,1014.6,0.0,2,141
2025-01-08,09:00,Delhi,25.9,40,8.4,1017.1,0.0,3,215
2025-01-08,10:00,Bangalore,23.2,66,9.6,1014.9,18.7,5,125
2025-01-08,11:00,Chennai,29.6,66,4.6,1015.8,0.0,5,117
2025-01-08,12:00,Hyderabad,28.8,67,8.8,1015.9,0.0,6,116
2025-01-08,13:00,Mumbai,25.6,74,8.4,1011.9,0.0,6,143
2025-01-08,14:00,Delhi,19.9,61,11.0,1016.2,0.0,5,181
2025-01-08,15:00,Bangalore,21.6,64,10.3,1017.3,0.0,4,78
2025-01-08,16:00,Chennai,24.4,67,11.9,1017.0,0.0,1,119
2025-01-08,17:00,Hyderabad,25.1,52,5.0,1013.4,0.0,0,114
2025-01-08,18:00,Mumbai,21.6,77,4.7,1019.0,0.0,0,127
2025-01-08,19:00,Delhi,14.7,55,6.8,1020.5,0.0,0,210
2025-01-08,20:00,Bangalore,14.7,73,5.4,1017.5,0.0,0,141
2025-01-08,21:00,Chennai,20.0,84,10.8,1018.5,0.0,0,101
2025-01-08,22:00,Hyderabad,17.6,66,9.7,1010.6,0.0,0,126
2025-01-08,23:00,Mumbai,15.8,78,11.1,1017.9,0.0,0,133
2025-01-09,00:00,Delhi,15.6,53,7.2,1013.9,0.0,0,190
2025-01-09,01:00,Bangalore,15.6,65,9.4,1018.9,0.0,0,114
2025-01-09,02:00,Chennai,18.7,79,3.7,1013.3,0.0,0,119
2025-01-09,03:00,Hyderabad,22.1,59,5.8,1014.6,0.0,0,102
2025-01-09,04:00,Mumbai,22.5,72,6.6,1014.4,0.0,0,148
2025-01-09,05:00,Delhi,18.9,48,10.5,1018.7,0.0,0,186
2025-01-09,06:00,Bangalore,20.4,58,5.3,1010.9,0.0,0,91
2025-01-09,07:00,Chennai,24.9,67,6.2,1016.7,0.0,1,143
2025-01-09,08:00,Hyderabad,26.8,57,8.8,1014.9,0.0,3,147
2025-01-09,09:00,Mumbai,28.8,62,10.6,1014.0,0.0,4,153
2025-01-09,10:00,Delhi,25.7,56,8.7,1008.9,0.0,4,209
2025-01-09,11:00,Bangalore,22.9,62,5.7,1016.0,0.0,5,109
2025-01-09,12:00,Chennai,27.2,78,2.4,1014.9,0.0,8,103
2025-01-09,13:00,Hyderabad,27.5,57,5.3,1016.2,0.0,6,100
2025-01-09,14:00,Mumbai,27.1,75,4.1,1009.1,0.0,5,143
2025-01-09,15:00,Delhi,22.6,47,8.2,1012.8,0.0,3,200
2025-01-09,16:00,Bangalore,20.7,66,5.3,1016.6,1.4,2,104
2025-01-09,17:00,Chennai,24.8,71,14.8,1015.8,0.0,0,112
2025-01-09,18:00,Hyderabad,23.9,63,10.2,1010.8,0.0,0,122
2025-01-09,19:00,Mumbai,21.0,77,7.8,1021.4,0.0,0,142
2025-01-09,20:00,Delhi,14.0,60,9.6,1017.5,0.0,0,208
2025-01-09,21:00,Bangalore,14.5,67,13.0,1021.8,0.0,0,119
2025-01-09,22:00,Chennai,18.7,77,9.7,1012.6,0.0,0,122
2025-01-09,23:00,Hyderabad,17.4,68,15.0,1020.9,0.0,0,105
2025-01-10,00:00,Mumbai,17.8,86,7.7,1014.0,0.0,0,138
2025-01-10,01:00,Delhi,16.2,55,13.3,1017.7,0.0,0,188
2025-01-10,02:00,Bangalore,12.8,74,3.2,1017.7,0.0,0,108
2025-01-10,03:00,Chennai,21.3,72,8.6,1012.3,0.0,0,100
2025-01-10,04:00,Hyderabad,21.1,70,10.0,1013.3,0.0,0,122
2025-01-10,05:00,Mumbai,23.0,76,11.3,1013.6,0.0,0,121
2025-01-10,06:00,Delhi,20.4,52,6.0,1012.6,0.0,0,186
2025-01-10,07:00,Bangalore,21.6,59,12.6,1015.3,0.0,0,118
2025-01-10,08:00,Chennai,26.6,59,8.1,1008.7,0.0,2,144
2025-01-10,09:00,Hyderabad,29.7,57,4.6,1012.6,0.0,3,129
2025-01-10,10:00,Mumbai,29.6,63,10.1,1012.6,0.0,5,119
2025-01-10,11:00,Delhi,28.7,43,16.3,1014.5,0.0,6,175
2025-01-10,12:00,Bangalore,25.3,58,1.3,1017.0,0.0,7,109
2025-01-10,13:00,Chennai,27.8,70,5.2,1010.8,0.0,6,102
2025-01-10,14:00,Hyderabad,24.6,53,11.7,1011.3,0.0,4,114
2025-01-10,15:00,Mumbai,24.5,80,11.2,1011.7,0.0,3,129
2025-01-10,16:00,Delhi,21.9,35,11.3,1013.9,0.0,3,206
2025-01-10,17:00,Bangalore,20.4,57,9.9,1014.7,0.0,1,125
2025-01-10,18:00,Chennai,21.0,74,8.9,1009.6,0.0,0,123
2025-01-10,19:00,Hyderabad,18.6,58,3.9,1014.9,0.0,0,134
2025-01-10,20:00,Mumbai,21.1,83,11.8,1016.3,0.0,0,150
2025-01-10,21:00,Delhi,13.3,56,7.2,1013.7,0.0,0,234
2025-01-10,22:00,Bangalore,11.0,73,8.5,1017.6,0.0,0,96
2025-01-10,23:00,Chennai,17.1,76,5.5,1020.6,0.0,0,100
2025-01-11,00:00,Hyderabad,21.2,73,2.0,1018.3,0.0,0,124
2025-01-11,01:00,Mumbai,19.2,80,10.3,1015.5,0.0,0,119
2025-01-11,02:00,Delhi,18.2,48,8.0,1020.8,0.0,0,197
2025-01-11,03:00,Bangalore,16.8,64,7.3,1020.5,0.0,0,129
2025-01-11,04:00,Chennai,20.8,68,3.4,1012.2,0.0,0,116
2025-01-11,05:00,Hyderabad,24.1,66,9.2,1010.9,0.0,0,111
2025-01-11,06:00,Mumbai,22.4,79,3.8,1015.3,0.0,0,126
2025-01-11,07:00,Delhi,22.7,43,7.7,1016.3,0.0,0,195
2025-01-11,08:00,Bangalore,22.6,72,6.2,1019.6,0.0,3,94
2025-01-11,09:00,Chennai,28.7,72,5.6,1012.4,0.0,3,139
2025-01-11,10:00,Hyderabad,30.3,57,4.9,1015.7,0.0,5,129
2025-01-11,11:00,Mumbai,27.0,78,6.0,1018.6,0.0,5,128
2025-01-11,12:00,Delhi,24.1,50,11.4,1013.6,0.0,7,200
2025-01-11,13:00,Bangalore,24.4,66,11.2,1011.7,0.0,5,99
2025-01-11,14:00,Chennai,24.2,76,7.3,1009.7,0.0,4,124
2025-01-11,15:00,Hyderabad,27.6,62,11.2,1015.3,0.0,3,155
2025-01-11,16:00,Mumbai,23.9,72,11.0,1014.4,0.0,1,154
2025-01-11,17:00,Delhi,19.5,50,4.5,1015.9,0.0,1,213
2025-01-11,18:00,Bangalore,15.5,72,5.2,1015.1,0.0,0,115
2025-01-11,19:00,Chennai,23.4,72,7.2,1017.6,0.0,0,111
2025-01-11,20:00,Hyderabad,20.4,59,13.2,1012.8,0.0,0,148
2025-01-11,21:00,Mumbai,16.3,76,7.3,1012.6,11.9,0,150
2025-01-11,22:00,Delhi,14.1,58,4.1,1017.1,0.0,0,174
2025-01-11,23:00,Bangalore,12.0,69,8.9,1017.0,0.0,0,133
2025-01-12,00:00,Chennai,19.4,77,8.4,1015.5,0.0,0,121
2025-01-12,01:00,Hyderabad,18.0,69,13.3,1013.7,0.0,0,126
2025-01-12,02:00,Mumbai,19.8,79,10.6,1014.1,0.0,0,117
2025-01-12,03:00,Delhi,18.5,63,6.5,1018.8,0.0,0,186
2025-01-12,04:00,Bangalore,15.1,69,4.1,1018.3,0.0,0,113
2025-01-12,05:00,Chennai,24.1,85,7.3,1017.1,0.0,0,112
2025-01-12,06:00,Hyderabad,24.5,52,13.7,1015.3,0.0,0,114
2025-01-12,07:00,Mumbai,24.2,83,7.3,1019.9,0.0,0,125
2025-01-12,08:00,Delhi,25.3,45,10.7,1014.3,0.0,3,177
2025-01-12,09:00,Bangalore,22.0,65,6.5,1012.4,0.0,3,112
2025-01-12,10:00,Chennai,26.7,69,7.2,1009.9,0.0,5,130
2025-01-12,11:00,Hyderabad,29.3,44,5.9,1007.4,0.0,6,112
2025-01-12,12:00,Mumbai,27.9,75,7.4,1009.6,0.0,6,116
2025-01-12,13:00,Delhi,23.0,48,1.1,1016.7,0.0,5,202
2025-01-12,14:00,Bangalore,25.0,69,7.9,1007.5,0.0,4,126
2025-01-12,15:00,Chennai,24.6,78,8.2,1021.3,0.0,4,129
2025-01-12,16:00,Hyderabad,25.6,46,8.3,1016.3,0.0,2,125
2025-01-12,17:00,Mumbai,23.6,71,8.6,1016.8,0.0,1,126
2025-01-12,18:00,Delhi,17.1,59,13.3,1021.4,0.0,0,220
2025-01-12,19:00,Bangalore,17.1,71,9.5,1015.9,0.0,0,128
2025-01-12,20:00,Chennai,20.2,84,10.4,1015.2,0.0,0,147
2025-01-12,21:00,Hyderabad,20.3,62,7.0,1017.8,0.0,0,126
2025-01-12,22:00,Mumbai,15.0,81,7.3,1015.0,0.0,0,138
2025-01-12,23:00,Delhi,13.8,55,6.6,1019.0,0.0,0,195
2025-01-13,00:00,Bangalore,12.5,70,4.8,1017.2,0.0,0,100
2025-01-13,01:00,Chennai,18.3,77,13.0,1017.4,0.0,0,111
2025-01-13,02:00,Hyderabad,20.8,60,7.0,1015.3,0.0,0,104
2025-01-13,03:00,Mumbai,20.4,80,10.2,1014.4,0.0,0,129
2025-01-13,04:00,Delhi,17.7,53,2.6,1016.3,0.0,0,176
2025-01-13,05:00,Bangalore,18.4,74,9.2,1018.2,0.0,0,86
2025-01-13,06:00,Chennai,25.8,63,7.2,1013.8,0.0,1,130
2025-01-13,07:00,Hyderabad,27.5,56,8.7,1013.4,0.0,1,99
2025-01-13,08:00,Mumbai,28.7,70,0.0,1017.9,0.0,3,125
2025-01-13,09:00,Delhi,22.2,56,6.0,1012.2,0.0,3,211
2025-01-13,10:00,Bangalore,21.6,65,7.7,1013.4,0.7,4,137
2025-01-13,11:00,Chennai,26.7,68,9.0,1012.0,0.0,5,142
2025-01-13,12:00,Hyderabad,29.2,53,9.1,1010.3,0.0,7,118
2025-01-13,13:00,Mumbai,27.5,74,12.0,1014.6,0.0,6,135
2025-01-13,14:00,Delhi,22.2,53,9.2,1021.2,0.0,4,189
2025-01-13,15:00,Bangalore,22.0,58,6.3,1019.1,0.0,3,114
2025-01-13,16:00,Chennai,26.2,76,8.5,1016.6,0.0,3,107
2025-01-13,17:00,Hyderabad,26.3,54,4.9,1015.7,0.0,1,128
2025-01-13,18:00,Mumbai,22.0,72,6.5,1016.3,0.0,0,131
2025-01-13,19:00,Delhi,17.8,51,6.6,1011.4,0.0,0,175
2025-01-13,20:00,Bangalore,13.5,70,7.4,1018.0,0.0,0,128
2025-01-13,21:00,Chennai,21.8,70,12.0,1018.1,0.0,0,112
2025-01-13,22:00,Hyderabad,21.9,53,4.3,1017.4,0.0,0,138
2025-01-13,23:00,Mumbai,16.4,78,9.8,1015.1,0.0,0,158
2025-01-14,00:00,Delhi,15.1,59,7.6,1020.9,0.0,0,189
2025-01-14,01:00,Bangalore,13.4,71,11.3,1016.0,0.0,0,94
2025-01-14,02:00,Chennai,21.3,72,9.8,1012.1,0.0,0,113
2025-01-14,03:00,Hyderabad,23.7,59,11.6,1009.3,0.0,0,106
2025-01-14,04:00,Mumbai,22.8,76,9.7,1014.7,0.0,0,157
2025-01-14,05:00,Delhi,18.8,55,6.6,1018.9,0.0,0,172
2025-01-14,06:00,Bangalore,19.9,66,5.9,1019.4,0.0,0,97
2025-01-14,07:00,Chennai,26.1,71,6.2,1013.5,0.0,0,98
2025-01-14,08:00,Hyderabad,27.5,58,8.3,1017.9,0.0,1,136
2025-01-14,09:00,Mumbai,25.8,75,6.2,1014.2,0.0,3,133
2025-01-14,10:00,Delhi,25.9,44,4.4,1010.8,13.8,5,219
2025-01-14,11:00,Bangalore,23.7,62,16.2,1020.4,0.0,6,114
2025-01-14,12:00,Chennai,25.3,73,8.8,1015.6,0.0,7,118
2025-01-14,13:00,Hyderabad,27.8,52,9.7,1010.4,0.0,6,122
2025-01-14,14:00,Mumbai,28.8,75,4.4,1016.5,0.0,4,118
2025-01-14,15:00,Delhi,23.4,50,8.1,1016.7,0.0,4,193
2025-01-14,16:00,Bangalore,18.0,71,7.0,1015.7,0.0,2,121
2025-01-14,17:00,Chennai,21.2,73,8.1,1021.7,0.0,1,127
2025-01-14,18:00,Hyderabad,23.1,64,6.9,1018.9,0.0,0,132
2025-01-14,19:00,Mumbai,19.1,81,8.8,1016.6,0.0,0,167
2025-01-14,20:00,Delhi,17.1,52,8.1,1015.2,0.0,0,202
2025-01-14,21:00,Bangalore,12.5,75,7.8,1013.0,0.0,0,113
2025-01-14,22:00,Chennai,19.2,64,3.9,1019.4,6.9,0,128
2025-01-14,23:00,Hyderabad,19.5,56,13.6,1012.0,0.0,0,127
2025-01-15,00:00,Mumbai,20.1,81,9.4,1011.4,0.0,0,140
2025-01-15,01:00,Delhi,17.2,49,4.3,1016.3,7.8,0,195
2025-01-15,02:00,Bangalore,14.3,75,9.3,1019.1,0.0,0,93
2025-01-15,03:00,Chennai,20.6,80,8.5,1019.2,0.0,0,123
2025-01-15,04:00,Hyderabad,22.4,63,7.0,1016.1,0.0,0,147
2025-01-15,05:00,Mumbai,20.8,74,7.2,1014.6,0.0,0,134
2025-01-15,06:00,Delhi,20.4,52,5.1,1017.1,0.0,0,194
2025-01-15,07:00,Bangalore,21.1,74,6.4,1014.6,0.0,0,132
2025-01-15,08:00,Chennai,26.1,77,8.9,1011.6,0.0,2,108
2025-01-15,09:00,Hyderabad,29.7,54,4.9,1019.7,0.0,3,163
2025-01-15,10:00,Mumbai,29.2,69,6.8,1010.0,0.0,4,156
2025-01-15,11:00,Delhi,25.2,44,10.9,1017.0,0.0,5,184
2025-01-15,12:00,Bangalore,19.9,64,3.4,1017.2,0.0,7,122
2025-01-15,13:00,Chennai,29.1,60,5.0,1015.2,0.0,6,132
2025-01-15,14:00,Hyderabad,27.6,48,16.2,1017.8,0.0,4,128
2025-01-15,15:00,Mumbai,27.6,68,2.9,1012.3,0.0,4,120
2025-01-15,16:00,Delhi,20.5,50,8.5,1011.5,0.0,2,187
2025-01-15,17:00,Bangalore,20.8,66,4.0,1018.7,0.0,1,120
2025-01-15,18:00,Chennai,22.2,80,4.1,1014.9,0.0,0,133
2025-01-15,19:00,Hyderabad,22.4,54,5.2,1015.3,2.7,0,108
2025-01-15,20:00,Mumbai,21.5,85,12.8,1017.2,0.0,0,153
2025-01-15,21:00,Delhi,15.7,61,4.8,1017.8,0.0,0,185
2025-01-15,22:00,Bangalore,14.9,72,6.6,1020.1,0.0,0,90
2025-01-15,23:00,Chennai,20.8,87,8.1,1017.6,0.0,0,86
2025-01-16,00:00,Hyderabad,18.4,64,11.0,1018.2,0.0,0,135
2025-01-16,01:00,Mumbai,20.9,78,9.3,1019.5,0.0,0,127
2025-01-16,02:00,Delhi,15.1,57,2.5,1018.8,0.0,0,192
2025-01-16,03:00,Bangalore,16.7,74,5.7,1017.6,0.0,0,88
2025-01-16,04:00,Chennai,22.0,68,5.6,1013.0,0.0,0,109
2025-01-16,05:00,Hyderabad,22.6,54,7.3,1012.8,0.0,0,125
2025-01-16,06:00,Mumbai,24.9,77,9.7,1016.4,0.0,0,124
2025-01-16,07:00,Delhi,22.5,48,9.3,1012.2,0.0,0,205
2025-01-16,08:00,Bangalore,22.2,63,8.1,1014.0,0.0,2,118
2025-01-16,09:00,Chennai,28.1,75,12.2,1017.0,0.0,3,125
2025-01-16,10:00,Hyderabad,28.1,59,5.1,1014.2,0.0,5,132
2025-01-16,11:00,Mumbai,29.3,67,7.6,1008.4,0.0,6,124
2025-01-16,12:00,Delhi,24.3,56,11.4,1016.0,0.0,7,208
2025-01-16,13:00,Bangalore,23.6,50,5.4,1019.4,0.0,6,91
2025-01-16,14:00,Chennai,32.7,61,8.9,1013.5,0.0,4,116
2025-01-16,15:00,Hyderabad,26.1,60,4.3,1011.4,0.0,4,123
2025-01-16,16:00,Mumbai,25.2,74,10.0,1017.0,0.0,2,119
2025-01-16,17:00,Delhi,19.3,52,5.6,1015.6,0.0,2,202
2025-01-16,18:00,Bangalore,16.7,79,6.8,1025.2,0.0,0,136
2025-01-16,19:00,Chennai,23.3,73,12.7,1017.4,0.0,0,112
2025-01-16,20:00,Hyderabad,19.1,64,7.6,1019.4,0.0,0,118
2025-01-16,21:00,Mumbai,16.5,85,10.0,1015.8,0.0,0,157
2025-01-16,22:00,Delhi,16.1,54,13.2,1017.3,0.0,0,188
2025-01-16,23:00,Bangalore,12.0,71,5.6,1021.8,0.0,0,110
2025-01-17,00:00,Chennai,17.9,79,7.3,1022.2,0.0,0,101
2025-01-17,01:00,Hyderabad,19.5,58,8.3,1015.8,0.0,0,116
2025-01-17,02:00,Mumbai,20.0,72,12.2,1020.2,0.0,0,160
2025-01-17,03:00,Delhi,17.2,57,12.4,1019.8,0.0,0,202
2025-01-17,04:00,Bangalore,18.5,67,6.7,1014.6,0.0,0,110
2025-01-17,05:00,Chennai,23.2,70,9.6,1014.4,0.0,0,106
2025-01-17,06:00,Hyderabad,26.0,57,6.4,1014.4,0.0,0,118
2025-01-17,07:00,Mumbai,24.8,65,11.1,1014.3,0.0,1,135
2025-01-17,08:00,Delhi,23.1,48,5.6,1020.8,0.0,2,185
2025-01-17,09:00,Bangalore,26.2,74,10.3,1017.0,16.3,2,127
2025-01-17,10:00,Chennai,27.9,67,4.1,1016.0,0.0,5,132
2025-01-17,11:00,Hyderabad,29.7,48,2.2,1018.2,0.0,6,127
2025-01-17,12:00,Mumbai,29.7,73,4.7,1010.7,0.0,7,108
2025-01-17,13:00,Delhi,23.3,46,4.4,1014.6,0.0,6,193
2025-01-17,14:00,Bangalore,25.2,56,6.5,1014.5,0.0,4,96
2025-01-17,15:00,Chennai,30.6,65,9.5,1012.2,0.0,3,110
2025-01-17,16:00,Hyderabad,24.9,51,12.9,1013.1,1.8,2,123
2025-01-17,17:00,Mumbai,25.7,76,3.8,1014.1,0.0,0,154
2025-01-17,18:00,Delhi,20.0,56,6.2,1014.4,0.0,0,204
2025-01-17,19:00,Bangalore,16.9,64,4.7,1019.6,0.0,0,118
2025-01-17,20:00,Chennai,19.7,73,3.4,1016.7,0.0,0,126
2025-01-17,21:00,Hyderabad,18.9,66,6.0,1014.7,0.0,0,119
2025-01-17,22:00,Mumbai,17.6,77,3.5,1020.5,0.0,0,155
2025-01-17,23:00,Delhi,15.2,49,8.8,1018.8,0.0,0,187
2025-01-18,00:00,Bangalore,17.0,70,7.3,1017.7,0.0,0,96
2025-01-18,01:00,Chennai,19.0,70,10.9,1017.8,0.0,0,99
2025-01-18,02:00,Hyderabad,21.2,59,9.7,1018.8,0.0,0,129
2025-01-18,03:00,Mumbai,21.0,83,13.8,1017.3,0.0,0,118
2025-01-18,04:00,Delhi,18.7,60,13.6,1018.8,0.0,0,178
2025-01-18,05:00,Bangalore,18.7,63,6.6,1019.2,0.0,0,104
2025-01-18,06:00,Chennai,25.6,67,10.5,1015.9,0.0,0,144
2025-01-18,07:00,Hyderabad,26.8,62,9.4,1012.8,0.0,2,118
2025-01-18,08:00,Mumbai,26.7,74,11.7,1012.6,0.0,3,133
2025-01-18,09:00,Delhi,23.1,50,6.0,1019.2,0.0,3,217
2025-01-18,10:00,Bangalore,23.6,65,10.8,1018.2,0.0,4,137
2025-01-18,11:00,Chennai,28.8,73,4.1,1016.3,0.0,6,110
2025-01-18,12:00,Hyderabad,29.6,63,7.9,1018.8,0.0,8,101
2025-01-18,13:00,Mumbai,27.3,62,13.8,1015.0,0.0,6,132
2025-01-18,14:00,Delhi,22.7,45,6.7,1017.3,0.0,4,181
2025-01-18,15:00,Bangalore,23.7,62,3.3,1013.9,0.0,4,111
2025-01-18,16:00,Chennai,27.5,67,7.1,1015.5,0.0,2,84
2025-01-18,17:00,Hyderabad,23.9,61,10.5,1014.7,0.0,1,126
2025-01-18,18:00,Mumbai,19.4,78,7.2,1017.6,0.0,0,145
2025-01-18,19:00,Delhi,18.7,46,7.6,1015.8,0.0,0,241
2025-01-18,20:00,Bangalore,13.9,75,8.0,1015.6,0.0,0,122
2025-01-18,21:00,Chennai,18.6,86,8.4,1018.0,0.0,0,114
2025-01-18,22:00,Hyderabad,18.4,69,5.6,1013.4,0.0,0,120
2025-01-18,23:00,Mumbai,18.0,89,10.6,1015.1,0.0,0,132
2025-01-19,00:00,Delhi,15.6,52,11.2,1018.2,0.0,0,170
2025-01-19,01:00,Bangalore,13.2,72,8.4,1017.3,0.0,0,98
2025-01-19,02:00,Chennai,20.7,79,8.6,1015.3,0.0,0,115
2025-01-19,03:00,Hyderabad,23.5,54,10.0,1017.2,0.0,0,123
2025-01-19,04:00,Mumbai,23.0,85,3.8,1014.4,0.0,0,140
2025-01-19,05:00,Delhi,15.5,57,5.2,1014.0,0.0,0,186
2025-01-19,06:00,Bangalore,18.6,69,9.1,1018.8,0.0,0,92
2025-01-19,07:00,Chennai,30.6,73,3.0,1011.9,0.0,1,114
2025-01-19,08:00,Hyderabad,27.7,53,10.7,1007.6,0.0,2,134
2025-01-19,09:00,Mumbai,29.2,63,4.5,1017.8,0.0,4,159
2025-01-19,10:00,Delhi,25.4,41,8.6,1014.0,0.0,5,199
2025-01-19,11:00,Bangalore,22.9,64,14.2,1014.7,0.0,6,117
2025-01-19,12:00,Chennai,29.5,70,8.7,1016.7,23.0,7,121
2025-01-19,13:00,Hyderabad,28.4,45,9.5,1011.3,14.7,7,109
2025-01-19,14:00,Mumbai,28.5,63,10.8,1012.7,0.0,4,133
2025-01-19,15:00,Delhi,22.0,53,12.0,1021.5,0.0,4,185
2025-01-19,16:00,Bangalore,21.9,78,5.6,1009.0,0.0,2,120
2025-01-19,17:00,Chennai,24.4,76,7.4,1013.2,0.0,2,120
2025-01-19,18:00,Hyderabad,19.8,73,8.8,1015.9,0.0,1,120
2025-01-19,19:00,Mumbai,21.1,83,9.5,1015.0,0.0,0,147
2025-01-19,20:00,Delhi,20.5,57,13.4,1019.8,0.0,0,214
2025-01-19,21:00,Bangalore,15.7,67,7.8,1019.6,0.0,0,104
2025-01-19,22:00,Chennai,19.7,81,8.0,1015.2,0.0,0,83
2025-01-19,23:00,Hyderabad,18.3,64,6.7,1016.1,0.0,0,131
2025-01-20,00:00,Mumbai,16.9,79,6.3,1022.1,0.0,0,140
2025-01-20,01:00,Delhi,14.0,68,9.6,1018.6,0.0,0,188
2025-01-20,02:00,Bangalore,13.4,75,7.2,1014.5,0.0,0,95
2025-01-20,03:00,Chennai,24.9,74,11.2,1020.0,0.0,0,121
2025-01-20,04:00,Hyderabad,24.2,62,12.3,1013.9,0.0,0,100
2025-01-20,05:00,Mumbai,23.1,79,11.7,1016.3,0.0,0,136
2025-01-20,06:00,Delhi,22.3,47,9.1,1013.2,0.0,0,197
2025-01-20,07:00,Bangalore,21.5,66,9.2,1017.0,0.0,0,87
2025-01-20,08:00,Chennai,27.5,75,10.0,1016.2,0.0,3,121
2025-01-20,09:00,Hyderabad,29.6,51,8.5,1013.0,0.0,3,132
2025-01-20,10:00,Mumbai,27.6,68,11.1,1017.7,0.0,4,156
2025-01-20,11:00,Delhi,22.5,45,9.8,1017.5,0.0,5,185
2025-01-20,12:00,Bangalore,23.8,71,5.3,1008.4,0.0,7,97
2025-01-20,13:00,Chennai,26.3,77,11.5,1018.1,0.0,7,117
2025-01-20,14:00,Hyderabad,27.7,43,12.1,1004.2,0.0,5,124
2025-01-20,15:00,Mumbai,24.8,83,4.5,1017.3,0.0,3,125
2025-01-20,16:00,Delhi,22.2,41,9.6,1016.3,0.0,1,179
2025-01-20,17:00,Bangalore,19.6,72,11.2,1016.5,0.0,0,114
2025-01-20,18:00,Chennai,22.3,72,11.6,1013.6,0.0,0,113
2025-01-20,19:00,Hyderabad,22.5,64,8.6,1017.8,0.0,0,147
2025-01-20,20:00,Mumbai,22.9,78,6.9,1017.1,0.0,0,167
2025-01-20,21:00,Delhi,14.0,66,8.7,1017.0,0.0,0,199
2025-01-20,22:00,Bangalore,13.8,70,9.1,1016.7,0.0,0,83
2025-01-20,23:00,Chennai,19.8,75,11.1,1014.9,0.0,0,108
2025-01-21,00:00,Hyderabad,21.2,54,8.4,1009.6,0.0,0,112
2025-01-21,01:00,Mumbai,19.0,76,11.3,1020.2,0.0,0,147
2025-01-21,02:00,Delhi,17.3,55,10.8,1011.9,0.0,0,164
2025-01-21,03:00,Bangalore,17.3,69,5.7,1018.4,0.0,0,92
2025-01-21,04:00,Chennai,22.9,74,5.2,1018.0,0.0,0,125
2025-01-21,05:00,Hyderabad,23.5,58,9.5,1018.9,0.0,0,107
2025-01-21,06:00,Mumbai,24.4,79,10.0,1018.0,0.0,0,116
2025-01-21,07:00,Delhi,21.9,47,7.5,1015.8,0.0,1,188
2025-01-21,08:00,Bangalore,24.3,60,7.7,1014.5,0.0,2,110
2025-01-21,09:00,Chennai,30.3,66,5.4,1014.3,0.0,3,143
2025-01-21,10:00,Hyderabad,28.5,47,6.9,1014.3,0.0,4,115
2025-01-21,11:00,Mumbai,26.9,77,6.0,1012.3,0.0,7,143
2025-01-21,12:00,Delhi,22.8,43,7.7,1019.9,0.0,7,196
2025-01-21,13:00,Bangalore,23.5,54,9.8,1009.9,0.0,5,89
2025-01-21,14:00,Chennai,27.0,63,10.3,1013.9,0.0,4,117
2025-01-21,15:00,Hyderabad,26.9,51,9.8,1018.4,0.0,2,115
2025-01-21,16:00,Mumbai,26.6,68,2.2,1013.8,0.0,2,124
2025-01-21,17:00,Delhi,20.5,54,7.7,1021.3,0.0,1,221
2025-01-21,18:00,Bangalore,17.3,72,5.0,1020.7,0.0,0,109
2025-01-21,19:00,Chennai,21.3,79,10.0,1012.9,0.0,0,105
2025-01-21,20:00,Hyderabad,19.6,72,10.7,1010.1,0.0,0,134
2025-01-21,21:00,Mumbai,18.9,80,9.0,1015.0,0.0,0,116
2025-01-21,22:00,Delhi,16.1,60,6.2,1015.2,0.0,0,207
2025-01-21,23:00,Bangalore,11.8,75,9.9,1022.3,6.9,0,105
2025-01-22,00:00,Chennai,18.2,77,4.5,1016.6,0.0,0,109
2025-01-22,01:00,Hyderabad,19.6,59,10.9,1015.5,0.0,0,123
2025-01-22,02:00,Mumbai,21.3,81,8.2,1016.6,0.0,0,123
2025-01-22,03:00,Delhi,16.7,52,7.0,1014.4,0.0,0,178
2025-01-22,04:00,Bangalore,19.0,73,12.8,1015.6,0.0,0,114
2025-01-22,05:00,Chennai,22.8,71,15.5,1008.8,0.0,0,124
2025-01-22,06:00,Hyderabad,25.4,63,14.8,1017.0,0.0,0,119
2025-01-22,07:00,Mumbai,25.2,73,4.0,1015.8,0.0,1,153
2025-01-22,08:00,Delhi,24.2,49,11.7,1024.0,0.0,3,203
2025-01-22,09:00,Bangalore,23.0,63,5.1,1012.3,0.0,4,130
2025-01-22,10:00,Chennai,30.7,64,6.1,1010.5,0.0,4,124
2025-01-22,11:00,Hyderabad,29.5,56,6.8,1012.9,0.0,6,126
2025-01-22,12:00,Mumbai,28.9,72,10.2,1011.3,0.0,7,129
2025-01-22,13:00,Delhi,24.7,45,8.0,1017.0,16.8,6,208
2025-01-22,14:00,Bangalore,20.9,65,6.5,1018.8,0.0,5,112
2025-01-22,15:00,Chennai,27.1,72,16.9,1012.9,0.0,4,116
2025-01-22,16:00,Hyderabad,26.6,55,13.2,1012.1,0.0,3,120
2025-01-22,17:00,Mumbai,23.0,80,4.5,1016.5,0.0,1,127
2025-01-22,18:00,Delhi,16.5,63,11.0,1018.3,0.0,0,203
2025-01-22,19:00,Bangalore,17.9,74,3.7,1013.5,0.0,0,102
2025-01-22,20:00,Chennai,20.2,74,9.7,1015.3,0.0,0,111
2025-01-22,21:00,Hyderabad,19.2,62,6.3,1014.2,17.1,0,127
2025-01-22,22:00,Mumbai,20.8,65,12.6,1020.7,0.0,0,126
2025-01-22,23:00,Delhi,15.2,56,10.6,1016.2,0.0,0,172
2025-01-23,00:00,Bangalore,12.5,71,12.4,1017.6,0.0,0,86
2025-01-23,01:00,Chennai,19.3,82,10.5,1016.2,0.0,0,126
2025-01-23,02:00,Hyderabad,19.3,69,0.0,1013.0,0.0,0,115
2025-01-23,03:00,Mumbai,20.3,83,3.2,1016.7,0.0,0,126
2025-01-23,04:00,Delhi,18.9,67,10.0,1017.0,0.0,0,182
2025-01-23,05:00,Bangalore,19.6,59,9.4,1010.5,0.0,0,112
2025-01-23,06:00,Chennai,26.6,74,7.2,1012.9,0.0,0,114
2025-01-23,07:00,Hyderabad,29.2,59,6.1,1011.5,0.0,1,137
2025-01-23,08:00,Mumbai,28.4,69,10.0,1014.2,0.0,1,138
2025-01-23,09:00,Delhi,22.2,52,7.7,1013.9,0.0,3,215
2025-01-23,10:00,Bangalore,25.7,52,7.0,1017.8,0.0,5,122
2025-01-23,11:00,Chennai,30.5,73,7.7,1011.4,0.0,6,140
2025-01-23,12:00,Hyderabad,28.5,59,8.9,1008.8,0.0,6,134
2025-01-23,13:00,Mumbai,28.9,65,8.5,1010.1,0.0,6,128
2025-01-23,14:00,Delhi,21.7,51,14.7,1017.6,0.0,4,191
2025-01-23,15:00,Bangalore,22.3,64,3.7,1013.0,0.0,3,115
2025-01-23,16:00,Chennai,26.6,66,1.7,1019.6,0.0,2,105
2025-01-23,17:00,Hyderabad,28.9,52,6.5,1013.8,0.0,1,116
2025-01-23,18:00,Mumbai,21.5,84,11.0,1011.9,0.0,0,139
2025-01-23,19:00,Delhi,16.6,52,5.5,1020.7,0.0,0,187
2025-01-23,20:00,Bangalore,12.4,66,7.9,1017.6,0.0,0,125
2025-01-23,21:00,Chennai,17.7,78,6.4,1014.0,0.0,0,120
2025-01-23,22:00,Hyderabad,19.1,68,3.5,1015.6,0.0,0,119
2025-01-23,23:00,Mumbai,18.0,76,8.0,1014.8,0.0,0,129
2025-01-24,00:00,Delhi,18.1,52,5.7,1016.6,0.0,0,186
2025-01-24,01:00,Bangalore,17.2,76,7.6,1010.9,0.0,0,96
2025-01-24,02:00,Chennai,20.1,77,2.8,1014.9,0.0,0,132
2025-01-24,03:00,Hyderabad,19.7,71,10.6,1015.7,0.0,0,129
2025-01-24,04:00,Mumbai,22.4,69,4.4,1019.1,0.0,0,113
2025-01-24,05:00,Delhi,19.5,46,8.1,1012.4,0.0,0,195
2025-01-24,06:00,Bangalore,16.5,69,9.8,1016.3,0.0,0,93
2025-01-24,07:00,Chennai,26.4,65,9.7,1016.8,0.0,1,105
2025-01-24,08:00,Hyderabad,30.7,56,9.4,1012.4,0.0,2,121
2025-01-24,09:00,Mumbai,26.4,66,8.2,1010.8,0.0,4,146
2025-01-24,10:00,Delhi,25.8,53,9.5,1011.0,0.0,5,206
2025-01-24,11:00,Bangalore,25.1,61,10.5,1015.5,0.0,7,127
2025-01-24,12:00,Chennai,28.8,69,8.0,1011.8,0.0,7,102
2025-01-24,13:00,Hyderabad,28.0,63,6.8,1010.7,0.0,7,108
2025-01-24,14:00,Mumbai,28.3,69,14.5,1014.8,0.0,4,126
2025-01-24,15:00,Delhi,22.7,53,6.8,1007.9,0.0,3,204
2025-01-24,16:00,Bangalore,19.9,69,8.1,1013.5,0.0,1,100
2025-01-24,17:00,Chennai,24.4,64,6.9,1019.8,0.0,1,148
2025-01-24,18:00,Hyderabad,22.9,63,10.7,1014.5,0.0,0,139
2025-01-24,19:00,Mumbai,19.2,75,7.0,1016.1,0.0,0,156
2025-01-24,20:00,Delhi,16.3,56,6.3,1013.8,0.0,0,190
2025-01-24,21:00,Bangalore,13.0,66,5.6,1024.3,0.0,0,117
2025-01-24,22:00,Chennai,19.5,72,12.4,1018.8,0.0,0,101
2025-01-24,23:00,Hyderabad,21.4,55,8.6,1017.5,0.0,0,129
2025-01-25,00:00,Mumbai,15.1,78,10.8,1021.0,0.0,0,135
2025-01-25,01:00,Delhi,13.5,49,13.2,1014.3,0.0,0,184
2025-01-25,02:00,Bangalore,17.6,70,0.9,1015.0,0.0,0,104
2025-01-25,03:00,Chennai,18.4,74,10.6,1014.3,0.0,0,103
2025-01-25,04:00,Hyderabad,24.4,68,8.7,1016.5,0.0,0,134
2025-01-25,05:00,Mumbai,21.3,91,4.0,1011.9,0.0,0,133
2025-01-25,06:00,Delhi,22.0,52,7.5,1012.0,0.0,0,202
2025-01-25,07:00,Bangalore,23.3,69,10.1,1013.5,0.0,0,98
2025-01-25,08:00,Chennai,26.0,67,6.3,1016.2,0.0,2,130
2025-01-25,09:00,Hyderabad,29.9,63,2.7,1015.3,0.0,3,110
2025-01-25,10:00,Mumbai,27.1,73,6.7,1017.4,0.0,4,130
2025-01-25,11:00,Delhi,25.7,46,5.7,1013.7,0.0,6,192
2025-01-25,12:00,Bangalore,25.7,64,11.9,1015.1,0.0,6,91
2025-01-25,13:00,Chennai,26.7,68,11.4,1014.0,0.0,6,121
2025-01-25,14:00,Hyderabad,29.0,47,7.1,1016.5,0.0,4,128
2025-01-25,15:00,Mumbai,24.6,66,9.4,1010.7,0.0,3,128
2025-01-25,16:00,Delhi,23.0,61,3.8,1008.5,0.0,2,191
2025-01-25,17:00,Bangalore,19.5,74,10.7,1017.3,0.0,1,145
2025-01-25,18:00,Chennai,21.7,78,7.1,1015.8,0.0,0,146
2025-01-25,19:00,Hyderabad,19.8,61,9.2,1014.0,0.0,0,143
2025-01-25,20:00,Mumbai,22.0,71,11.3,1017.3,0.0,0,132
2025-01-25,21:00,Delhi,17.3,51,4.4,1021.6,0.0,0,173
2025-01-25,22:00,Bangalore,14.5,69,8.0,1018.3,0.0,0,109
2025-01-25,23:00,Chennai,19.4,79,4.9,1019.8,0.0,0,117
2025-01-26,00:00,Hyderabad,23.1,59,4.6,1013.0,0.0,0,121
2025-01-26,01:00,Mumbai,19.5,77,11.8,1017.2,0.0,0,127
2025-01-26,02:00,Delhi,16.3,54,7.6,1017.0,0.0,0,197
2025-01-26,03:00,Bangalore,15.1,68,12.8,1018.0,0.0,0,103
2025-01-26,04:00,Chennai,23.5,58,11.0,1016.2,0.0,0,109
2025-01-26,05:00,Hyderabad,23.0,55,8.8,1013.4,0.0,0,118
2025-01-26,06:00,Mumbai,27.4,69,10.8,1012.0,0.0,0,136
2025-01-26,07:00,Delhi,23.3,54,5.3,1013.5,0.0,1,173
2025-01-26,08:00,Bangalore,23.0,74,9.3,1013.6,0.0,2,131
2025-01-26,09:00,Chennai,30.0,72,2.3,1013.7,0.0,3,127
2025-01-26,10:00,Hyderabad,30.3,51,7.6,1014.6,0.0,4,118
2025-01-26,11:00,Mumbai,27.4,72,3.4,1015.1,0.0,6,132
2025-01-26,12:00,Delhi,28.0,44,14.0,1012.0,0.0,7,193
2025-01-26,13:00,Bangalore,21.6,67,8.2,1012.9,0.0,5,100
2025-01-26,14:00,Chennai,28.4,67,6.1,1015.4,0.0,4,112
2025-01-26,15:00,Hyderabad,29.9,55,4.9,1013.8,0.0,3,111
2025-01-26,16:00,Mumbai,24.6,72,10.6,1013.3,0.0,1,119
2025-01-26,17:00,Delhi,18.1,47,9.5,1017.7,0.0,1,196
2025-01-26,18:00,Bangalore,19.5,65,3.6,1020.3,2.4,1,136
2025-01-26,19:00,Chennai,24.4,70,8.4,1014.9,0.0,0,134
2025-01-26,20:00,Hyderabad,18.4,73,5.3,1014.1,0.0,0,111
2025-01-26,21:00,Mumbai,17.3,83,4.1,1014.9,0.0,0,133
2025-01-26,22:00,Delhi,15.8,52,12.0,1018.1,0.0,0,190
2025-01-26,23:00,Bangalore,15.1,75,8.5,1019.2,0.0,0,105
2025-01-27,00:00,Chennai,19.7,71,4.8,1018.5,0.0,0,114
2025-01-27,01:00,Hyderabad,20.4,66,9.3,1019.1,0.0,0,96
2025-01-27,02:00,Mumbai,21.4,75,6.5,1014.4,0.0,0,121
2025-01-27,03:00,Delhi,17.2,53,8.8,1019.1,0.0,0,194
2025-01-27,04:00,Bangalore,19.2,56,11.9,1012.4,0.0,0,94
2025-01-27,05:00,Chennai,20.6,67,6.0,1016.2,0.0,0,84
2025-01-27,06:00,Hyderabad,24.6,60,9.5,1014.9,0.0,0,91
2025-01-27,07:00,Mumbai,25.8,70,5.0,1021.1,0.0,2,131
2025-01-27,08:00,Delhi,23.8,52,5.4,1009.9,0.0,3,199
2025-01-27,09:00,Bangalore,21.7,75,7.1,1022.7,0.0,4,112
2025-01-27,10:00,Chennai,29.8,75,9.4,1011.6,0.0,5,146
2025-01-27,11:00,Hyderabad,30.7,56,11.9,1010.6,0.0,5,106
2025-01-27,12:00,Mumbai,28.2,71,3.8,1014.0,0.0,8,127
2025-01-27,13:00,Delhi,25.8,44,14.6,1013.6,0.0,6,205
2025-01-27,14:00,Bangalore,25.3,66,4.3,1014.9,0.0,4,116
2025-01-27,15:00,Chennai,28.6,81,6.9,1010.3,0.0,4,115
2025-01-27,16:00,Hyderabad,25.4,56,6.2,1012.9,0.0,2,133
2025-01-27,17:00,Mumbai,22.7,72,5.9,1015.2,0.0,0,161
2025-01-27,18:00,Delhi,18.8,57,10.7,1019.2,0.0,0,210
2025-01-27,19:00,Bangalore,16.9,75,6.8,1018.1,0.0,0,132
2025-01-27,20:00,Chennai,22.9,76,11.2,1021.0,0.0,0,129
2025-01-27,21:00,Hyderabad,20.4,54,6.8,1019.5,0.0,0,105
2025-01-27,22:00,Mumbai,20.3,86,10.0,1011.7,0.0,0,132
2025-01-27,23:00,Delhi,14.5,61,1.5,1015.1,0.0,0,196
2025-01-28,00:00,Bangalore,14.6,80,2.3,1018.9,0.0,0,119
2025-01-28,01:00,Chennai,21.2,82,5.2,1019.2,0.0,0,112
2025-01-28,02:00,Hyderabad,18.6,61,9.7,1015.3,0.0,0,115
2025-01-28,03:00,Mumbai,21.8,72,5.3,1012.6,0.0,0,136
2025-01-28,04:00,Delhi,19.4,54,10.6,1015.6,0.0,0,199
2025-01-28,05:00,Bangalore,19.1,74,9.9,1014.1,0.0,0,117
2025-01-28,06:00,Chennai,25.3,72,8.6,1013.8,0.0,0,113
2025-01-28,07:00,Hyderabad,27.2,58,9.2,1019.5,0.0,1,131
2025-01-28,08:00,Mumbai,27.6,72,6.8,1013.6,0.0,2,152
2025-01-28,09:00,Delhi,23.8,50,10.5,1013.7,0.0,3,222
2025-01-28,10:00,Bangalore,24.5,67,6.0,1006.6,0.0,5,118
2025-01-28,11:00,Chennai,30.9,74,7.1,1014.5,0.0,7,104
2025-01-28,12:00,Hyderabad,28.7,48,7.4,1012.4,0.0,8,124
2025-01-28,13:00,Mumbai,26.6,70,9.7,1014.0,0.0,6,136
2025-01-28,14:00,Delhi,22.7,50,8.1,1021.6,0.0,4,202
2025-01-28,15:00,Bangalore,21.9,65,10.1,1018.3,0.0,3,93
2025-01-28,16:00,Chennai,25.1,76,12.2,1012.2,0.0,2,107
2025-01-28,17:00,Hyderabad,25.8,59,1.4,1015.9,0.0,0,134
2025-01-28,18:00,Mumbai,19.8,69,11.1,1017.1,0.0,0,137
2025-01-28,19:00,Delhi,17.0,53,6.7,1017.9,0.0,0,205
2025-01-28,20:00,Bangalore,16.1,73,7.4,1021.9,0.0,0,120
2025-01-28,21:00,Chennai,20.8,70,8.1,1013.7,0.0,0,134
2025-01-28,22:00,Hyderabad,17.9,66,5.2,1021.7,0.0,0,139
2025-01-28,23:00,Mumbai,19.7,83,9.5,1018.1,0.0,0,151
2025-01-29,00:00,Delhi,15.9,54,8.3,1015.0,0.0,0,171
2025-01-29,01:00,Bangalore,15.9,76,8.7,1017.7,0.0,0,90
2025-01-29,02:00,Chennai,18.6,78,7.0,1018.9,0.0,0,142
2025-01-29,03:00,Hyderabad,23.8,56,7.7,1013.6,0.0,0,113
2025-01-29,04:00,Mumbai,23.3,72,11.2,1017.8,0.0,0,134
2025-01-29,05:00,Delhi,21.4,58,11.6,1016.5,0.0,0,190
2025-01-29,06:00,Bangalore,18.7,70,7.1,1017.3,0.0,0,114
2025-01-29,07:00,Chennai,31.5,59,7.3,1011.8,0.0,1,94
2025-01-29,08:00,Hyderabad,29.7,57,13.3,1012.5,0.0,2,122
2025-01-29,09:00,Mumbai,29.0,77,7.0,1014.6,0.0,3,146
2025-01-29,10:00,Delhi,24.6,56,8.7,1016.4,0.0,5,195
2025-01-29,11:00,Bangalore,26.0,53,6.9,1013.8,0.0,6,113
2025-01-29,12:00,Chennai,29.2,68,6.1,1011.0,0.0,8,117
2025-01-29,13:00,Hyderabad,29.9,51,7.2,1008.7,0.0,5,129
2025-01-29,14:00,Mumbai,25.5,73,6.0,1012.6,0.0,5,139
2025-01-29,15:00,Delhi,25.5,52,12.2,1018.8,0.0,3,190
2025-01-29,16:00,Bangalore,18.1,65,6.0,1013.5,0.0,2,116
2025-01-29,17:00,Chennai,23.9,71,9.9,1014.0,0.0,1,126
2025-01-29,18:00,Hyderabad,24.3,57,1.4,1012.2,0.0,0,148
2025-01-29,19:00,Mumbai,21.9,72,9.1,1015.7,0.0,0,173
2025-01-29,20:00,Delhi,15.5,63,10.8,1015.4,0.0,0,203
2025-01-29,21:00,Bangalore,15.1,78,10.2,1022.0,0.0,0,118
2025-01-29,22:00,Chennai,20.9,71,10.6,1012.6,0.0,0,93
2025-01-29,23:00,Hyderabad,21.0,66,7.1,1017.2,0.0,0,109
2025-01-30,00:00,Mumbai,19.6,72,16.5,1014.8,0.0,0,140
2025-01-30,01:00,Delhi,13.9,61,5.0,1015.4,0.0,0,192
2025-01-30,02:00,Bangalore,12.5,73,15.7,1015.4,0.0,0,108
2025-01-30,03:00,Chennai,24.0,72,0.0,1013.8,0.0,0,112
2025-01-30,04:00,Hyderabad,25.2,59,7.5,1016.4,0.0,0,103
2025-01-30,05:00,Mumbai,22.1,74,9.6,1014.6,0.0,0,125
2025-01-30,06:00,Delhi,22.4,46,10.9,1015.9,0.0,0,168
2025-01-30,07:00,Bangalore,23.9,64,3.2,1015.3,0.0,0,99
2025-01-30,08:00,Chennai,26.2,76,5.8,1012.6,0.0,3,133
2025-01-30,09:00,Hyderabad,30.0,55,5.2,1014.3,0.0,3,140
2025-01-30,10:00,Mumbai,28.0,67,4.7,1018.8,0.0,5,143
2025-01-30,11:00,Delhi,25.9,45,7.6,1012.1,0.0,6,188
2025-01-30,12:00,Bangalore,22.8,59,9.4,1013.0,0.0,7,99
2025-01-30,13:00,Chennai,29.3,74,9.9,1016.1,0.0,6,94
2025-01-30,14:00,Hyderabad,29.0,57,9.2,1010.1,0.0,4,125
2025-01-30,15:00,Mumbai,28.4,70,5.8,1018.2,0.0,4,134
2025-01-30,16:00,Delhi,21.4,49,5.2,1014.1,0.0,2,200
2025-01-30,17:00,Bangalore,19.6,75,7.7,1019.4,0.0,1,141
2025-01-30,18:00,Chennai,23.9,74,10.8,1015.1,0.0,0,157
2025-01-30,19:00,Hyderabad,24.2,68,5.3,1015.0,0.0,0,133
2025-01-30,20:00,Mumbai,21.7,80,10.0,1015.8,0.0,0,149
2025-01-30,21:00,Delhi,17.9,54,11.4,1016.4,0.0,0,183
2025-01-30,22:00,Bangalore,16.6,71,7.5,1016.3,0.0,0,100
2025-01-30,23:00,Chennai,22.0,73,7.3,1015.2,0.0,0,113
2025-01-31,00:00,Hyderabad,20.3,72,4.8,1010.8,21.7,0,114
2025-01-31,01:00,Mumbai,18.8,68,13.6,1018.5,0.0,0,136
2025-01-31,02:00,Delhi,16.0,55,4.7,1017.2,0.0,0,198
2025-01-31,03:00,Bangalore,17.2,65,7.5,1015.5,0.0,0,109
2025-01-31,04:00,Chennai,22.0,80,8.7,1023.7,0.0,0,121
2025-01-31,05:00,Hyderabad,23.6,67,3.6,1015.2,0.0,0,117
2025-01-31,06:00,Mumbai,25.1,76,11.5,1011.8,0.0,0,150
2025-01-31,07:00,Delhi,21.4,47,8.3,1017.8,0.0,2,185
2025-01-31,08:00,Bangalore,22.2,71,8.4,1016.9,0.0,2,97
2025-01-31,09:00,Chennai,28.0,76,6.4,1013.4,0.0,4,128
2025-01-31,10:00,Hyderabad,33.4,47,6.4,1015.5,0.0,5,142
2025-01-31,11:00,Mumbai,30.8,63,8.6,1006.6,0.0,6,136
2025-01-31,12:00,Delhi,28.3,42,10.2,1012.5,0.0,8,194
2025-01-31,13:00,Bangalore,24.0,57,7.6,1018.7,0.0,6,123
2025-01-31,14:00,Chennai,26.6,76,4.5,1014.5,0.0,5,103
2025-01-31,15:00,Hyderabad,29.1,51,9.3,1014.8,0.0,3,117
2025-01-31,16:00,Mumbai,25.1,79,7.6,1005.5,0.0,3,141
2025-01-31,17:00,Delhi,23.5,49,5.3,1015.1,0.0,1,217
2025-01-31,18:00,Bangalore,20.6,69,6.1,1017.6,0.0,0,103
2025-01-31,19:00,Chennai,19.0,75,8.8,1012.8,0.0,0,131
2025-01-31,20:00,Hyderabad,21.6,67,7.9,1011.6,0.0,0,146
2025-01-31,21:00,Mumbai,17.6,79,10.4,1017.5,0.0,0,122
2025-01-31,22:00,Delhi,18.3,49,8.8,1015.7,0.0,0,187
2025-01-31,23:00,Bangalore,16.3,78,3.4,1018.5,0.0,0,110
2025-02-01,00:00,Chennai,16.3,78,6.5,1014.3,0.0,0,121
2025-02-01,01:00,Hyderabad,19.3,59,9.0,1019.4,0.0,0,110
2025-02-01,02:00,Mumbai,17.5,82,3.4,1017.8,0.0,0,134
2025-02-01,03:00,Delhi,16.9,60,4.0,1020.5,0.0,0,201
2025-02-01,04:00,Bangalore,17.8,63,11.5,1020.0,0.0,0,96
2025-02-01,05:00,Chennai,26.4,79,10.0,1018.3,0.0,0,107
2025-02-01,06:00,Hyderabad,29.3,48,9.4,1014.4,0.0,0,113
2025-02-01,07:00,Mumbai,25.8,63,9.5,1013.9,0.0,1,131
2025-02-01,08:00,Delhi,26.1,43,8.5,1017.7,0.0,2,189
2025-02-01,09:00,Bangalore,23.3,56,6.0,1016.6,0.0,4,142
2025-02-01,10:00,Chennai,30.1,63,3.0,1010.9,0.0,6,123
2025-02-01,11:00,Hyderabad,31.1,50,4.4,1011.2,0.0,5,125
2025-02-01,12:00,Mumbai,30.4,59,4.7,1015.0,0.0,8,126
2025-02-01,13:00,Delhi,25.3,43,9.7,1014.0,0.0,6,187
2025-02-01,14:00,Bangalore,24.9,56,7.3,1013.4,0.0,5,80
2025-02-01,15:00,Chennai,23.9,65,8.5,1022.9,0.0,3,106
2025-02-01,16:00,Hyderabad,26.1,42,6.4,1013.2,0.0,2,103
2025-02-01,17:00,Mumbai,23.8,71,8.1,1011.2,0.0,0,147
2025-02-01,18:00,Delhi,19.3,51,6.9,1019.3,0.0,0,195
2025-02-01,19:00,Bangalore,17.8,63,6.4,1018.7,0.0,0,120
2025-02-01,20:00,Chennai,21.4,70,5.3,1015.5,17.2,0,119
2025-02-01,21:00,Hyderabad,23.3,59,7.5,1016.2,0.0,0,129
2025-02-01,22:00,Mumbai,17.7,70,9.3,1012.6,0.0,0,112
2025-02-01,23:00,Delhi,13.3,53,7.4,1018.7,0.0,0,177
2025-02-02,00:00,Bangalore,15.5,67,7.6,1014.8,0.0,0,109
2025-02-02,01:00,Chennai,22.5,77,2.0,1010.4,0.0,0,140
2025-02-02,02:00,Hyderabad,26.3,60,4.0,1010.0,0.0,0,107
2025-02-02,03:00,Mumbai,22.9,81,4.2,1014.4,10.4,0,119
2025-02-02,04:00,Delhi,18.3,54,1.0,1018.7,0.0,0,188
2025-02-02,05:00,Bangalore,20.4,69,2.9,1018.7,12.1,0,98
2025-02-02,06:00,Chennai,25.0,71,12.3,1012.3,0.0,0,108
2025-02-02,07:00,Hyderabad,30.1,48,12.2,1011.3,0.0,1,106
2025-02-02,08:00,Mumbai,27.3,66,15.0,1014.0,0.0,2,142
2025-02-02,09:00,Delhi,24.5,49,3.6,1014.1,0.0,3,200
2025-02-02,10:00,Bangalore,25.5,60,8.9,1016.6,0.0,5,122
2025-02-02,11:00,Chennai,30.4,70,12.2,1013.3,0.0,6,125
2025-02-02,12:00,Hyderabad,30.1,57,7.3,1010.6,0.0,8,127
2025-02-02,13:00,Mumbai,27.6,76,10.3,1016.2,0.0,6,132
2025-02-02,14:00,Delhi,23.4,51,4.7,1012.7,0.0,5,174
2025-02-02,15:00,Bangalore,21.1,75,7.0,1011.3,0.0,4,101
2025-02-02,16:00,Chennai,25.2,72,10.6,1008.2,0.0,1,120
2025-02-02,17:00,Hyderabad,25.2,53,8.2,1016.6,0.0,0,117
2025-02-02,18:00,Mumbai,21.1,81,5.3,1011.1,0.0,0,145
2025-02-02,19:00,Delhi,16.8,56,6.2,1017.4,0.0,0,200
2025-02-02,20:00,Bangalore,15.6,78,11.3,1018.1,0.0,0,109
2025-02-02,21:00,Chennai,20.8,69,5.5,1017.6,0.0,0,84
2025-02-02,22:00,Hyderabad,19.6,59,9.8,1017.7,0.0,0,105
2025-02-02,23:00,Mumbai,16.7,84,5.9,1016.4,0.0,0,154
2025-02-03,00:00,Delhi,17.5,49,6.4,1014.0,0.0,0,182
2025-02-03,01:00,Bangalore,15.8,68,9.1,1016.9,0.0,0,113
2025-02-03,02:00,Chennai,18.8,72,10.4,1015.7,0.0,0,110
2025-02-03,03:00,Hyderabad,25.7,51,8.0,1014.2,0.0,0,128
2025-02-03,04:00,Mumbai,24.4,69,10.5,1016.2,0.0,0,147
2025-02-03,05:00,Delhi,17.7,50,5.6,1023.5,0.0,0,200
2025-02-03,06:00,Bangalore,20.9,67,8.2,1018.8,0.0,0,101
2025-02-03,07:00,Chennai,28.6,67,7.7,1011.8,0.0,0,130
2025-02-03,08:00,Hyderabad,27.0,58,12.6,1011.8,0.0,2,123
2025-02-03,09:00,Mumbai,29.8,67,5.1,1014.2,0.0,4,148
2025-02-03,10:00,Delhi,24.8,56,7.9,1015.3,18.1,5,192
2025-02-03,11:00,Bangalore,24.9,66,7.9,1012.6,0.0,6,108
2025-02-03,12:00,Chennai,27.6,67,8.9,1009.9,0.0,7,110
2025-02-03,13:00,Hyderabad,30.8,49,5.6,1014.0,0.0,6,107
2025-02-03,14:00,Mumbai,28.8,61,14.2,1009.1,0.0,4,111
2025-02-03,15:00,Delhi,23.5,55,11.8,1023.5,0.0,3,185
2025-02-03,16:00,Bangalore,21.2,68,7.2,1010.8,0.0,2,120
2025-02-03,17:00,Chennai,25.7,72,5.5,1016.9,0.0,1,115
2025-02-03,18:00,Hyderabad,24.8,51,8.9,1007.9,0.0,0,134
2025-02-03,19:00,Mumbai,22.1,83,5.7,1014.8,0.0,0,129
2025-02-03,20:00,Delhi,16.3,56,16.7,1020.0,0.0,0,197
2025-02-03,21:00,Bangalore,14.5,77,9.8,1019.1,0.0,0,97
2025-02-03,22:00,Chennai,19.3,86,9.5,1016.3,0.0,0,109
2025-02-03,23:00,Hyderabad,20.3,54,9.8,1015.6,0.0,0,138
2025-02-04,00:00,Mumbai,20.4,68,7.3,1016.9,0.0,0,136
2025-02-04,01:00,Delhi,16.1,40,8.2,1017.5,0.0,0,181
2025-02-04,02:00,Bangalore,15.6,68,7.7,1014.6,0.0,0,105
2025-02-04,03:00,Chennai,21.6,77,10.6,1013.9,0.0,0,133
2025-02-04,04:00,Hyderabad,23.1,59,7.1,1011.8,0.0,0,121
2025-02-04,05:00,Mumbai,24.1,79,6.6,1011.4,0.0,0,102
2025-02-04,06:00,Delhi,25.3,51,3.1,1008.7,0.0,0,178
2025-02-04,07:00,Bangalore,21.7,70,11.6,1018.0,0.0,1,85
2025-02-04,08:00,Chennai,28.1,62,8.9,1016.1,0.0,2,143
2025-02-04,09:00,Hyderabad,28.8,47,9.4,1013.5,0.0,3,137
2025-02-04,10:00,Mumbai,28.9,74,9.3,1013.5,0.0,4,126
2025-02-04,11:00,Delhi,27.8,44,7.6,1012.2,0.0,7,202
2025-02-04,12:00,Bangalore,26.2,59,14.2,1012.8,0.0,7,118
2025-02-04,13:00,Chennai,31.1,64,10.1,1011.5,0.0,7,103
2025-02-04,14:00,Hyderabad,28.9,58,12.6,1015.7,0.0,5,123
2025-02-04,15:00,Mumbai,27.9,70,4.8,1014.9,0.0,3,125
2025-02-04,16:00,Delhi,21.3,52,8.2,1013.5,0.0,3,180
2025-02-04,17:00,Bangalore,20.3,68,5.9,1014.9,0.0,1,115
2025-02-04,18:00,Chennai,21.3,65,6.8,1013.6,0.0,0,121
2025-02-04,19:00,Hyderabad,19.8,62,4.8,1016.2,0.0,0,139
2025-02-04,20:00,Mumbai,18.2,79,7.9,1021.8,0.0,0,138
2025-02-04,21:00,Delhi,13.3,53,5.1,1021.5,0.0,0,169
2025-02-04,22:00,Bangalore,12.2,79,10.0,1019.5,0.0,0,103
2025-02-04,23:00,Chennai,20.0,68,8.4,1016.8,0.0,0,121
2025-02-05,00:00,Hyderabad,23.2,66,5.4,1014.2,0.0,0,123
2025-02-05,01:00,Mumbai,20.0,75,9.7,1020.5,0.0,0,125
2025-02-05,02:00,Delhi,17.4,50,7.4,1011.2,0.0,0,185
2025-02-05,03:00,Bangalore,17.8,69,13.0,1018.5,0.0,0,121
2025-02-05,04:00,Chennai,25.4,68,5.1,1011.7,0.0,0,93
2025-02-05,05:00,Hyderabad,22.9,55,9.6,1015.5,0.0,0,93
2025-02-05,06:00,Mumbai,26.3,80,9.3,1015.4,0.0,0,122
2025-02-05,07:00,Delhi,25.9,45,8.5,1009.6,0.0,0,168
2025-02-05,08:00,Bangalore,23.5,66,13.3,1010.0,0.0,3,115
2025-02-05,09:00,Chennai,28.0,76,7.4,1017.3,0.0,4,131
2025-02-05,10:00,Hyderabad,28.7,54,9.3,1015.4,0.0,5,122
2025-02-05,11:00,Mumbai,28.8,72,7.6,1018.1,0.0,7,130
2025-02-05,12:00,Delhi,25.4,48,8.0,1014.9,0.0,8,199
2025-02-05,13:00,Bangalore,23.2,68,3.2,1014.3,0.0,6,92
2025-02-05,14:00,Chennai,28.2,75,6.4,1015.4,0.0,5,131
2025-02-05,15:00,Hyderabad,27.7,57,5.3,1015.9,0.0,3,114
2025-02-05,16:00,Mumbai,25.5,68,11.9,1012.3,0.0,2,124
2025-02-05,17:00,Delhi,19.9,56,13.0,1012.9,0.0,0,212
2025-02-05,18:00,Bangalore,20.6,74,9.2,1015.1,0.0,0,126
2025-02-05,19:00,Chennai,20.0,83,9.3,1017.7,0.0,0,126
2025-02-05,20:00,Hyderabad,21.6,61,11.8,1012.6,0.0,0,131
2025-02-05,21:00,Mumbai,20.9,75,5.6,1016.2,0.0,0,119
2025-02-05,22:00,Delhi,15.8,46,6.5,1018.8,0.0,0,164
2025-02-05,23:00,Bangalore,15.2,78,13.4,1014.6,0.0,0,108
2025-02-06,00:00,Chennai,19.7,69,10.0,1015.8,0.0,0,113
2025-02-06,01:00,Hyderabad,21.1,68,12.4,1013.9,0.0,0,121
2025-02-06,02:00,Mumbai,22.5,71,9.1,1011.1,0.0,0,145
2025-02-06,03:00,Delhi,21.9,52,7.0,1017.6,0.0,0,179
2025-02-06,04:00,Bangalore,16.3,65,7.1,1021.9,0.0,0,105
2025-02-06,05:00,Chennai,26.3,61,5.0,1012.7,0.0,0,111
2025-02-06,06:00,Hyderabad,31.4,54,11.3,1013.4,0.0,0,123
2025-02-06,07:00,Mumbai,24.3,75,9.4,1011.7,0.0,1,129
2025-02-06,08:00,Delhi,24.1,37,9.7,1016.6,0.0,3,212
2025-02-06,09:00,Bangalore,23.5,72,11.1,1011.1,11.4,4,95
2025-02-06,10:00,Chennai,27.6,74,5.7,1016.2,0.0,5,126
2025-02-06,11:00,Hyderabad,32.0,50,11.1,1013.0,0.0,7,115
2025-02-06,12:00,Mumbai,30.0,61,13.4,1016.0,0.0,9,139
2025-02-06,13:00,Delhi,23.9,40,10.2,1016.7,0.0,6,195
2025-02-06,14:00,Bangalore,23.0,64,7.5,1013.1,0.0,5,110
2025-02-06,15:00,Chennai,23.9,74,1.4,1011.2,0.0,3,106
2025-02-06,16:00,Hyderabad,26.5,60,7.0,1011.9,0.0,2,131
2025-02-06,17:00,Mumbai,23.7,74,6.9,1010.5,0.0,1,161
2025-02-06,18:00,Delhi,20.8,40,10.6,1009.1,0.0,0,196
2025-02-06,19:00,Bangalore,20.3,72,6.2,1023.2,0.0,0,116
2025-02-06,20:00,Chennai,23.7,62,8.1,1010.7,0.0,0,127
2025-02-06,21:00,Hyderabad,23.5,59,9.9,1017.0,0.0,0,113
2025-02-06,22:00,Mumbai,18.6,88,10.3,1017.2,0.0,0,158
2025-02-06,23:00,Delhi,14.8,59,6.4,1015.4,0.0,0,182
2025-02-07,00:00,Bangalore,12.5,69,8.9,1021.8,0.0,0,120
2025-02-07,01:00,Chennai,20.6,81,13.1,1014.9,0.0,0,107
2025-02-07,02:00,Hyderabad,23.8,65,13.9,1014.3,0.0,0,110
2025-02-07,03:00,Mumbai,23.3,68,7.1,1013.5,0.0,0,140
2025-02-07,04:00,Delhi,20.1,55,9.7,1017.5,0.0,0,204
2025-02-07,05:00,Bangalore,19.5,72,5.4,1018.8,0.0,0,96
2025-02-07,06:00,Chennai,29.5,63,10.0,1015.2,0.0,0,134
2025-02-07,07:00,Hyderabad,28.6,60,7.6,1012.5,0.0,0,151
2025-02-07,08:00,Mumbai,26.6,70,7.2,1008.0,0.0,2,137
2025-02-07,09:00,Delhi,23.1,52,7.0,1012.6,0.0,3,212
2025-02-07,10:00,Bangalore,23.5,66,8.6,1012.4,0.0,4,128
2025-02-07,11:00,Chennai,29.6,74,8.5,1008.9,0.0,6,107
2025-02-07,12:00,Hyderabad,30.8,51,11.7,1018.9,0.0,7,134
2025-02-07,13:00,Mumbai,31.2,65,10.1,1012.0,0.0,7,133
2025-02-07,14:00,Delhi,24.1,48,4.8,1020.2,0.0,5,200
2025-02-07,15:00,Bangalore,18.8,59,10.9,1018.9,0.0,4,108
2025-02-07,16:00,Chennai,28.0,79,1.5,1020.6,0.0,3,125
2025-02-07,17:00,Hyderabad,26.8,62,6.4,1009.5,0.0,1,140
2025-02-07,18:00,Mumbai,24.0,70,10.6,1020.2,0.0,0,139
2025-02-07,19:00,Delhi,20.3,51,8.2,1018.3,0.0,0,205
2025-02-07,20:00,Bangalore,17.4,65,4.4,1011.6,0.0,0,101
2025-02-07,21:00,Chennai,20.8,75,9.5,1014.1,0.0,0,153
2025-02-07,22:00,Hyderabad,21.1,55,2.5,1013.3,0.0,0,101
2025-02-07,23:00,Mumbai,19.9,82,10.5,1010.9,0.0,0,119
2025-02-08,00:00,Delhi,17.5,56,9.2,1015.6,0.0,0,188
2025-02-08,01:00,Bangalore,17.3,74,6.5,1015.9,0.0,0,119
2025-02-08,02:00,Chennai,19.0,76,8.5,1017.5,0.0,0,91
2025-02-08,03:00,Hyderabad,22.8,64,4.0,1013.7,0.0,0,137
2025-02-08,04:00,Mumbai,24.9,77,8.2,1014.1,0.0,0,120
2025-02-08,05:00,Delhi,22.3,45,13.6,1016.7,0.0,0,194
2025-02-08,06:00,Bangalore,22.6,75,3.7,1011.5,0.0,0,101
2025-02-08,07:00,Chennai,27.6,67,6.8,1014.0,0.0,1,108
2025-02-08,08:00,Hyderabad,29.1,60,10.6,1007.5,0.0,2,124
2025-02-08,09:00,Mumbai,28.8,69,8.8,1011.4,0.0,4,151
2025-02-08,10:00,Delhi,26.5,49,12.0,1016.2,0.0,6,214
2025-02-08,11:00,Bangalore,25.1,62,12.1,1017.8,0.0,6,107
2025-02-08,12:00,Chennai,29.9,69,5.5,1008.7,0.0,8,111
2025-02-08,13:00,Hyderabad,31.2,52,7.2,1013.7,0.0,7,109
2025-02-08,14:00,Mumbai,27.6,74,3.2,1013.7,0.0,5,127
2025-02-08,15:00,Delhi,23.4,49,8.4,1016.9,0.0,4,181
2025-02-08,16:00,Bangalore,22.1,65,8.8,1018.8,0.0,2,116
2025-02-08,17:00,Chennai,21.6,79,9.2,1018.1,0.0,1,138
2025-02-08,18:00,Hyderabad,28.1,65,9.0,1014.6,0.0,0,116
2025-02-08,19:00,Mumbai,21.7,76,7.3,1016.8,0.0,0,136
2025-02-08,20:00,Delhi,16.8,60,7.5,1014.6,0.0,0,201
2025-02-08,21:00,Bangalore,16.0,72,9.8,1014.3,0.0,0,123
2025-02-08,22:00,Chennai,25.2,69,8.1,1010.4,0.0,0,121
2025-02-08,23:00,Hyderabad,22.1,65,6.8,1014.6,0.0,0,124
2025-02-09,00:00,Mumbai,19.8,82,7.6,1008.5,0.0,0,109
2025-02-09,01:00,Delhi,18.1,47,7.2,1021.2,0.0,0,186
2025-02-09,02:00,Bangalore,19.3,65,5.6,1012.2,0.0,0,107
2025-02-09,03:00,Chennai,21.5,75,8.2,1014.1,0.0,0,98
2025-02-09,04:00,Hyderabad,24.9,60,9.0,1015.6,0.0,0,121
2025-02-09,05:00,Mumbai,26.1,72,7.3,1012.6,0.0,0,133
2025-02-09,06:00,Delhi,22.8,50,2.9,1015.7,0.0,0,180
2025-02-09,07:00,Bangalore,22.8,60,12.9,1008.1,0.0,0,80
2025-02-09,08:00,Chennai,30.1,64,9.7,1010.6,0.0,3,107
2025-02-09,09:00,Hyderabad,29.5,52,12.4,1011.5,0.0,4,129
2025-02-09,10:00,Mumbai,29.6,66,4.1,1011.6,0.0,4,153
2025-02-09,11:00,Delhi,24.8,44,10.2,1018.6,0.0,6,200
2025-02-09,12:00,Bangalore,24.8,65,8.2,1016.0,0.0,7,129
2025-02-09,13:00,Chennai,30.0,66,9.1,1011.4,0.0,7,110
2025-02-09,14:00,Hyderabad,28.8,51,4.8,1014.3,0.0,5,118
2025-02-09,15:00,Mumbai,27.4,69,11.0,1016.3,0.0,3,128
2025-02-09,16:00,Delhi,24.8,36,3.4,1012.4,0.0,3,191
2025-02-09,17:00,Bangalore,19.5,66,5.6,1011.0,0.0,1,111
2025-02-09,18:00,Chennai,23.0,68,9.4,1018.1,0.0,0,120
2025-02-09,19:00,Hyderabad,23.4,76,10.9,1013.2,0.0,0,139
2025-02-09,20:00,Mumbai,23.6,80,10.3,1016.4,0.0,0,149
2025-02-09,21:00,Delhi,15.2,59,13.2,1016.0,0.0,0,181
2025-02-09,22:00,Bangalore,13.7,75,8.9,1020.8,0.0,0,85
2025-02-09,23:00,Chennai,20.9,75,8.5,1014.0,0.0,0,92
2025-02-10,00:00,Hyderabad,22.3,73,7.8,1011.9,0.0,0,103
2025-02-10,01:00,Mumbai,20.0,78,4.8,1012.1,0.0,0,123
2025-02-10,02:00,Delhi,17.2,57,10.7,1020.5,0.0,0,180
2025-02-10,03:00,Bangalore,18.3,70,7.0,1017.4,0.0,0,116
2025-02-10,04:00,Chennai,23.3,70,5.5,1013.2,0.0,0,118
2025-02-10,05:00,Hyderabad,27.3,59,5.0,1010.8,0.0,0,115
2025-02-10,06:00,Mumbai,26.9,73,9.5,1015.7,0.0,0,123
2025-02-10,07:00,Delhi,26.1,37,7.4,1014.2,0.0,1,198
2025-02-10,08:00,Bangalore,26.0,55,5.6,1015.8,0.0,3,135
2025-02-10,09:00,Chennai,29.5,65,11.7,1016.3,0.0,3,126
2025-02-10,10:00,Hyderabad,34.4,47,7.9,1017.9,0.0,6,150
2025-02-10,11:00,Mumbai,28.8,76,4.2,1016.5,0.0,6,133
2025-02-10,12:00,Delhi,27.9,58,5.9,1014.5,0.0,7,190
2025-02-10,13:00,Bangalore,25.8,61,4.0,1016.4,0.0,7,85
2025-02-10,14:00,Chennai,27.3,76,8.3,1013.3,0.0,4,100
2025-02-10,15:00,Hyderabad,26.9,47,6.1,1009.0,0.0,3,116
2025-02-10,16:00,Mumbai,27.4,70,8.6,1012.4,0.0,3,120
2025-02-10,17:00,Delhi,22.5,48,10.3,1014.9,0.0,1,197
2025-02-10,18:00,Bangalore,19.8,78,11.7,1013.9,0.0,0,107
2025-02-10,19:00,Chennai,25.7,73,11.2,1007.9,0.0,0,110
2025-02-10,20:00,Hyderabad,24.2,57,2.0,1017.1,0.0,0,114
2025-02-10,21:00,Mumbai,19.0,78,3.6,1013.0,0.0,0,127
2025-02-10,22:00,Delhi,16.5,62,9.4,1013.4,0.0,0,174
2025-02-10,23:00,Bangalore,13.6,77,7.5,1019.1,0.0,0,73
2025-02-11,00:00,Chennai,20.1,80,3.5,1018.6,0.0,0,100
2025-02-11,01:00,Hyderabad,21.3,67,7.8,1013.3,0.0,0,129
2025-02-11,02:00,Mumbai,18.9,80,10.9,1018.9,0.0,0,152
2025-02-11,03:00,Delhi,19.6,50,14.4,1013.9,0.0,0,171
2025-02-11,04:00,Bangalore,16.7,73,7.7,1016.4,0.0,0,98
2025-02-11,05:00,Chennai,24.3,74,10.4,1016.2,0.0,0,129
2025-02-11,06:00,Hyderabad,29.2,45,10.7,1008.9,0.0,0,118
2025-02-11,07:00,Mumbai,26.4,78,4.0,1013.3,0.0,1,140
2025-02-11,08:00,Delhi,23.3,54,7.9,1013.6,0.0,2,211
2025-02-11,09:00,Bangalore,25.7,62,12.1,1016.7,0.0,3,118
2025-02-11,10:00,Chennai,30.2,70,10.0,1011.3,0.0,4,124
2025-02-11,11:00,Hyderabad,29.0,55,9.3,1015.8,0.0,6,154
2025-02-11,12:00,Mumbai,26.9,84,5.1,1009.9,0.0,7,129
2025-02-11,13:00,Delhi,27.8,45,10.8,1008.2,0.0,7,181
2025-02-11,14:00,Bangalore,23.3,53,7.8,1016.2,0.0,5,98
2025-02-11,15:00,Chennai,27.7,70,8.6,1017.9,0.0,4,114
2025-02-11,16:00,Hyderabad,24.2,57,14.0,1010.9,0.0,2,110
2025-02-11,17:00,Mumbai,27.8,65,16.9,1013.8,0.0,1,133
2025-02-11,18:00,Delhi,17.8,57,8.6,1016.8,0.0,0,201
2025-02-11,19:00,Bangalore,16.3,82,7.8,1019.8,0.0,0,122
2025-02-11,20:00,Chennai,20.1,76,11.4,1011.0,0.0,0,150
2025-02-11,21:00,Hyderabad,23.7,61,9.7,1012.5,0.0,0,119
2025-02-11,22:00,Mumbai,18.3,75,11.6,1015.9,0.0,0,125
2025-02-11,23:00,Delhi,16.6,56,3.5,1017.5,0.0,0,188
2025-02-12,00:00,Bangalore,15.0,67,1.8,1013.5,0.0,0,107
2025-02-12,01:00,Chennai,21.6,78,4.2,1008.4,0.0,0,123
2025-02-12,02:00,Hyderabad,26.9,57,3.9,1007.8,0.0,0,117
2025-02-12,03:00,Mumbai,20.0,84,7.0,1016.2,0.0,0,133
2025-02-12,04:00,Delhi,19.9,54,14.7,1019.2,0.0,0,183
2025-02-12,05:00,Bangalore,21.0,76,6.7,1020.7,0.0,0,117
2025-02-12,06:00,Chennai,27.0,66,8.1,1009.5,0.0,0,115
2025-02-12,07:00,Hyderabad,29.4,51,7.4,1011.7,0.0,1,107
2025-02-12,08:00,Mumbai,25.4,74,4.2,1014.9,0.0,2,123
2025-02-12,09:00,Delhi,24.6,45,7.2,1015.0,0.0,3,206
2025-02-12,10:00,Bangalore,24.9,61,3.8,1014.7,0.0,5,132
2025-02-12,11:00,Chennai,31.9,63,8.9,1013.7,0.0,7,102
2025-02-12,12:00,Hyderabad,31.1,55,8.8,1013.1,0.0,7,122
2025-02-12,13:00,Mumbai,28.2,65,8.0,1015.8,0.0,6,129
2025-02-12,14:00,Delhi,24.5,46,9.2,1017.4,0.0,5,182
2025-02-12,15:00,Bangalore,21.5,63,6.0,1011.9,0.0,5,99
2025-02-12,16:00,Chennai,27.1,73,7.9,1009.8,0.0,3,124
2025-02-12,17:00,Hyderabad,27.2,57,9.6,1016.9,0.0,2,112
2025-02-12,18:00,Mumbai,22.2,72,2.0,1009.8,0.0,0,128
2025-02-12,19:00,Delhi,17.9,57,8.4,1017.0,0.0,0,236
2025-02-12,20:00,Bangalore,17.3,72,6.4,1014.2,0.0,0,106
2025-02-12,21:00,Chennai,19.2,70,8.9,1018.6,0.0,0,112
2025-02-12,22:00,Hyderabad,21.7,63,9.5,1013.2,0.0,0,90
2025-02-12,23:00,Mumbai,21.2,71,9.2,1019.4,0.0,0,131
2025-02-13,00:00,Delhi,16.7,50,4.5,1022.8,0.0,0,187
2025-02-13,01:00,Bangalore,14.6,68,7.1,1021.0,0.0,0,91
2025-02-13,02:00,Chennai,20.9,71,3.0,1011.0,0.0,0,116
2025-02-13,03:00,Hyderabad,22.9,62,13.8,1017.6,0.0,0,106
2025-02-13,04:00,Mumbai,24.0,79,7.0,1014.6,0.0,0,127
2025-02-13,05:00,Delhi,22.0,55,8.2,1017.5,0.0,0,181
2025-02-13,06:00,Bangalore,23.5,69,4.3,1016.6,0.0,0,126
2025-02-13,07:00,Chennai,27.3,66,3.7,1015.3,0.0,0,107
2025-02-13,08:00,Hyderabad,29.2,55,3.6,1014.6,0.0,2,145
2025-02-13,09:00,Mumbai,30.3,74,7.9,1013.1,22.0,4,140
2025-02-13,10:00,Delhi,27.0,52,2.4,1015.0,0.0,5,200
2025-02-13,11:00,Bangalore,25.0,64,10.3,1013.0,0.0,7,111
2025-02-13,12:00,Chennai,29.5,72,11.7,1008.7,0.0,8,126
2025-02-13,13:00,Hyderabad,30.1,45,9.5,1014.1,0.0,6,125
2025-02-13,14:00,Mumbai,25.0,74,7.2,1017.8,0.0,5,135
2025-02-13,15:00,Delhi,23.5,48,11.1,1010.1,0.0,4,183
2025-02-13,16:00,Bangalore,20.7,73,12.4,1012.9,0.0,2,105
2025-02-13,17:00,Chennai,28.2,66,11.0,1016.0,0.0,1,118
2025-02-13,18:00,Hyderabad,26.9,62,12.1,1012.0,0.0,0,124
2025-02-13,19:00,Mumbai,23.3,65,9.5,1015.8,3.7,0,134
2025-02-13,20:00,Delhi,20.7,53,9.2,1015.4,0.0,0,212
2025-02-13,21:00,Bangalore,16.1,78,9.9,1014.9,0.0,0,90
2025-02-13,22:00,Chennai,22.7,76,7.0,1010.9,0.0,0,111
2025-02-13,23:00,Hyderabad,23.0,57,4.5,1013.4,0.0,0,138
2025-02-14,00:00,Mumbai,21.5,77,1.4,1014.4,0.0,0,122
2025-02-14,01:00,Delhi,17.6,46,6.5,1014.0,0.0,0,174
2025-02-14,02:00,Bangalore,17.4,65,8.8,1019.2,0.0,0,95
2025-02-14,03:00,Chennai,25.2,71,6.4,1016.9,0.0,0,114
2025-02-14,04:00,Hyderabad,23.6,58,8.1,1013.2,19.9,0,112
2025-02-14,05:00,Mumbai,24.5,75,3.2,1016.1,0.0,0,129
2025-02-14,06:00,Delhi,21.4,56,7.4,1016.3,0.0,0,197
2025-02-14,07:00,Bangalore,23.0,60,13.4,1014.5,0.0,0,94
2025-02-14,08:00,Chennai,27.8,65,5.7,1012.1,0.0,2,111
2025-02-14,09:00,Hyderabad,29.8,48,5.8,1012.8,0.0,3,123
2025-02-14,10:00,Mumbai,29.5,72,6.7,1007.7,0.0,6,154
2025-02-14,11:00,Delhi,25.0,49,5.5,1017.2,0.0,6,188
2025-02-14,12:00,Bangalore,25.3,69,5.1,1015.9,0.0,6,107
2025-02-14,13:00,Chennai,30.3,65,11.3,1016.3,0.0,6,92
2025-02-14,14:00,Hyderabad,30.9,56,3.1,1013.6,0.0,4,141
2025-02-14,15:00,Mumbai,26.4,69,10.8,1016.8,0.0,4,139
2025-02-14,16:00,Delhi,24.2,49,2.7,1015.2,0.0,2,187
2025-02-14,17:00,Bangalore,23.1,59,9.2,1020.5,0.0,1,127
2025-02-14,18:00,Chennai,25.4,67,4.5,1012.7,0.0,0,116
2025-02-14,19:00,Hyderabad,23.7,53,8.3,1011.3,0.0,0,122
2025-02-14,20:00,Mumbai,22.1,79,6.0,1016.7,0.0,0,128
2025-02-14,21:00,Delhi,17.4,60,0.7,1014.9,0.0,0,188
2025-02-14,22:00,Bangalore,13.6,78,4.5,1013.1,0.0,0,95
2025-02-14,23:00,Chennai,19.9,75,6.2,1015.3,0.0,0,111
2025-02-15,00:00,Hyderabad,21.6,58,7.2,1009.2,0.0,0,123
2025-02-15,01:00,Mumbai,21.7,75,13.2,1016.1,0.0,0,123
2025-02-15,02:00,Delhi,15.1,48,9.9,1015.1,0.0,0,182
2025-02-15,03:00,Bangalore,18.4,68,5.1,1017.7,0.0,0,101
2025-02-15,04:00,Chennai,25.4,73,8.9,1015.2,0.0,0,120
2025-02-15,05:00,Hyderabad,27.8,59,6.5,1014.7,0.0,0,118
2025-02-15,06:00,Mumbai,26.8,77,9.1,1012.6,0.0,0,114
2025-02-15,07:00,Delhi,26.2,50,9.4,1014.2,0.0,0,190
2025-02-15,08:00,Bangalore,22.7,67,8.7,1012.2,0.0,2,112
2025-02-15,09:00,Chennai,30.6,70,6.4,1017.2,0.0,3,110
2025-02-15,10:00,Hyderabad,30.6,52,10.9,1016.5,0.0,5,146
2025-02-15,11:00,Mumbai,29.9,78,7.5,1010.0,0.0,6,129
2025-02-15,12:00,Delhi,26.5,38,9.2,1012.1,23.3,9,173
2025-02-15,13:00,Bangalore,25.2,66,5.5,1011.9,0.0,7,101
2025-02-15,14:00,Chennai,29.2,68,4.1,1012.3,0.0,5,124
2025-02-15,15:00,Hyderabad,30.7,53,11.1,1007.0,0.0,3,115
2025-02-15,16:00,Mumbai,25.2,73,13.0,1012.3,0.0,2,122
2025-02-15,17:00,Delhi,23.1,49,7.7,1013.5,12.0,0,219
2025-02-15,18:00,Bangalore,18.1,60,11.3,1015.1,0.0,0,124
2025-02-15,19:00,Chennai,21.1,76,8.4,1017.9,0.0,0,114
2025-02-15,20:00,Hyderabad,21.5,69,9.3,1013.1,0.0,0,137
2025-02-15,21:00,Mumbai,18.6,84,8.2,1019.4,0.0,0,124
2025-02-15,22:00,Delhi,18.1,55,10.5,1015.2,0.0,0,182
2025-02-15,23:00,Bangalore,14.9,71,5.9,1014.7,0.0,0,105
2025-02-16,00:00,Chennai,22.9,69,8.5,1017.0,0.0,0,95
2025-02-16,01:00,Hyderabad,24.3,54,6.5,1010.5,0.0,0,114
2025-02-16,02:00,Mumbai,20.9,71,9.4,1016.4,0.0,0,129
2025-02-16,03:00,Delhi,21.2,52,11.6,1016.0,0.0,0,182
2025-02-16,04:00,Bangalore,21.8,66,5.8,1015.0,0.0,0,77
2025-02-16,05:00,Chennai,26.8,62,2.4,1020.7,0.0,0,124
2025-02-16,06:00,Hyderabad,29.3,55,6.6,1010.2,0.0,0,95
2025-02-16,07:00,Mumbai,28.0,75,5.1,1015.2,4.9,1,137
2025-02-16,08:00,Delhi,27.7,48,11.1,1013.3,0.0,2,212
2025-02-16,09:00,Bangalore,24.3,71,10.8,1016.7,0.0,3,110
2025-02-16,10:00,Chennai,30.0,71,9.7,1014.4,0.0,5,133
2025-02-16,11:00,Hyderabad,32.8,41,8.7,1008.0,0.0,6,108
2025-02-16,12:00,Mumbai,30.6,70,10.5,1013.4,0.0,8,132
2025-02-16,13:00,Delhi,27.5,44,6.7,1017.7,0.0,6,176
2025-02-16,14:00,Bangalore,23.9,69,12.1,1017.7,0.0,4,94
2025-02-16,15:00,Chennai,29.7,68,9.7,1007.2,0.0,3,138
2025-02-16,16:00,Hyderabad,28.4,50,7.1,1015.2,0.0,2,117
2025-02-16,17:00,Mumbai,25.5,70,4.2,1012.5,0.0,0,154
2025-02-16,18:00,Delhi,19.4,54,8.3,1015.2,0.0,0,216
2025-02-16,19:00,Bangalore,18.3,65,11.9,1013.1,0.0,0,116
2025-02-16,20:00,Chennai,23.5,72,8.3,1011.1,0.0,0,120
2025-02-16,21:00,Hyderabad,19.6,62,10.0,1013.7,0.0,0,128
2025-02-16,22:00,Mumbai,23.6,76,5.3,1012.6,0.0,0,113
2025-02-16,23:00,Delhi,15.7,53,1.2,1013.6,0.0,0,183
2025-02-17,00:00,Bangalore,16.5,62,9.5,1019.1,5.7,0,107
2025-02-17,01:00,Chennai,21.8,81,8.3,1020.3,0.0,0,105
2025-02-17,02:00,Hyderabad,25.5,59,9.8,1017.2,0.0,0,119
2025-02-17,03:00,Mumbai,23.6,75,7.5,1016.8,0.0,0,130
2025-02-17,04:00,Delhi,20.1,56,8.4,1018.8,0.0,0,212
2025-02-17,05:00,Bangalore,19.8,73,8.3,1016.6,0.0,0,107
2025-02-17,06:00,Chennai,27.0,68,5.4,1014.2,0.0,0,111
2025-02-17,07:00,Hyderabad,30.4,57,3.9,1020.6,0.0,0,138
2025-02-17,08:00,Mumbai,26.8,75,8.7,1018.7,0.0,2,136
2025-02-17,09:00,Delhi,27.2,36,3.2,1013.9,0.0,4,210
2025-02-17,10:00,Bangalore,27.4,63,5.4,1018.8,0.0,5,138
2025-02-17,11:00,Chennai,27.7,72,6.6,1016.6,0.0,7,128
2025-02-17,12:00,Hyderabad,32.4,53,3.7,1008.8,0.0,8,114
2025-02-17,13:00,Mumbai,31.0,66,3.5,1010.3,0.0,6,143
2025-02-17,14:00,Delhi,24.5,52,8.5,1016.4,0.0,6,181
2025-02-17,15:00,Bangalore,26.3,52,5.0,1011.4,0.0,4,116
2025-02-17,16:00,Chennai,28.0,65,11.2,1009.5,0.0,2,102
2025-02-17,17:00,Hyderabad,27.2,58,5.5,1012.4,0.0,1,128
2025-02-17,18:00,Mumbai,22.9,84,10.9,1010.8,0.0,0,149
2025-02-17,19:00,Delhi,19.1,54,8.4,1016.9,0.0,0,212
2025-02-17,20:00,Bangalore,16.4,79,7.0,1014.9,0.0,0,163
2025-02-17,21:00,Chennai,21.5,74,3.1,1015.9,0.0,0,114
2025-02-17,22:00,Hyderabad,23.2,52,5.5,1016.8,0.0,0,112
2025-02-17,23:00,Mumbai,19.0,70,7.6,1018.1,0.0,0,139
2025-02-18,00:00,Delhi,17.1,49,2.8,1016.3,0.0,0,187
2025-02-18,01:00,Bangalore,15.0,73,5.5,1019.5,0.0,0,124
2025-02-18,02:00,Chennai,22.8,79,5.3,1014.1,0.0,0,134
2025-02-18,03:00,Hyderabad,27.0,66,8.3,1015.3,0.0,0,110
2025-02-18,04:00,Mumbai,23.6,70,8.7,1011.3,0.0,0,150
2025-02-18,05:00,Delhi,22.3,53,7.2,1017.9,0.0,0,186
2025-02-18,06:00,Bangalore,20.6,63,13.6,1009.6,0.0,0,114
2025-02-18,07:00,Chennai,28.7,71,5.0,1012.0,0.0,1,118
2025-02-18,08:00,Hyderabad,30.1,54,6.7,1009.7,0.0,3,148
2025-02-18,09:00,Mumbai,29.5,73,7.4,1012.2,0.0,3,144
2025-02-18,10:00,Delhi,27.8,42,8.8,1014.9,0.0,5,205
2025-02-18,11:00,Bangalore,28.8,58,9.4,1014.8,0.0,6,91
2025-02-18,12:00,Chennai,28.0,62,5.0,1011.7,0.0,8,116
2025-02-18,13:00,Hyderabad,31.6,55,3.6,1015.7,0.0,7,106
2025-02-18,14:00,Mumbai,27.1,73,7.8,1011.4,0.0,4,135
2025-02-18,15:00,Delhi,24.1,45,3.9,1011.2,0.0,4,215
2025-02-18,16:00,Bangalore,22.1,60,9.6,1014.4,0.0,1,122
2025-02-18,17:00,Chennai,26.1,81,7.4,1018.3,0.0,2,120
2025-02-18,18:00,Hyderabad,25.5,55,0.0,1014.7,0.0,0,134
2025-02-18,19:00,Mumbai,25.0,79,6.5,1017.4,0.0,0,131
2025-02-18,20:00,Delhi,18.3,61,10.1,1016.5,0.0,0,193
2025-02-18,21:00,Bangalore,17.5,66,9.5,1016.8,0.0,0,95
2025-02-18,22:00,Chennai,23.3,71,8.1,1012.9,0.0,0,112
2025-02-18,23:00,Hyderabad,23.7,67,9.0,1013.4,2.6,0,115
2025-02-19,00:00,Mumbai,22.5,74,8.8,1015.6,0.0,0,112
2025-02-19,01:00,Delhi,17.0,58,12.4,1017.9,0.0,0,182
2025-02-19,02:00,Bangalore,14.8,74,4.0,1016.2,0.0,0,79
2025-02-19,03:00,Chennai,23.4,74,13.2,1015.1,0.0,0,125
2025-02-19,04:00,Hyderabad,25.1,59,9.3,1006.5,0.0,0,137
2025-02-19,05:00,Mumbai,26.3,79,9.1,1020.2,0.0,0,133
2025-02-19,06:00,Delhi,22.5,53,10.7,1017.3,0.0,0,193
2025-02-19,07:00,Bangalore,24.5,52,6.2,1016.2,0.0,1,110
2025-02-19,08:00,Chennai,30.9,65,10.7,1011.7,0.0,2,123
2025-02-19,09:00,Hyderabad,30.2,58,8.9,1011.6,0.0,4,146
2025-02-19,10:00,Mumbai,31.5,78,7.7,1016.1,0.0,6,163
2025-02-19,11:00,Delhi,26.8,41,0.8,1013.0,0.0,6,197
2025-02-19,12:00,Bangalore,25.0,67,5.2,1012.4,0.0,9,92
2025-02-19,13:00,Chennai,31.8,67,12.0,1014.6,0.0,6,123
2025-02-19,14:00,Hyderabad,29.8,54,3.0,1012.3,0.0,5,118
2025-02-19,15:00,Mumbai,28.9,71,8.8,1016.9,0.0,3,129
2025-02-19,16:00,Delhi,22.0,50,12.2,1015.6,0.0,2,184
2025-02-19,17:00,Bangalore,20.0,77,8.9,1014.9,0.0,1,134
2025-02-19,18:00,Chennai,23.5,73,12.6,1014.2,0.0,0,124
2025-02-19,19:00,Hyderabad,26.0,68,8.2,1016.0,0.0,0,138
2025-02-19,20:00,Mumbai,22.6,78,11.4,1017.4,0.0,0,153
2025-02-19,21:00,Delhi,17.2,62,10.3,1015.0,0.0,0,207
2025-02-19,22:00,Bangalore,16.7,74,7.3,1020.2,0.0,0,102
2025-02-19,23:00,Chennai,23.6,84,11.9,1013.5,0.0,0,119
2025-02-20,00:00,Hyderabad,19.9,62,8.4,1010.5,0.0,0,131
2025-02-20,01:00,Mumbai,21.5,81,4.0,1019.1,0.0,0,122
2025-02-20,02:00,Delhi,18.4,50,4.8,1017.2,0.0,0,186
2025-02-20,03:00,Bangalore,18.3,73,10.6,1017.6,12.6,0,111
2025-02-20,04:00,Chennai,24.6,66,14.4,1011.4,0.0,0,105
2025-02-20,05:00,Hyderabad,28.4,52,4.9,1012.8,0.0,0,121
2025-02-20,06:00,Mumbai,25.5,77,9.1,1017.4,0.0,0,120
2025-02-20,07:00,Delhi,22.9,50,6.3,1010.8,0.0,2,181
2025-02-20,08:00,Bangalore,24.7,65,9.6,1010.7,0.0,2,103
2025-02-20,09:00,Chennai,30.3,73,7.0,1010.8,0.0,5,123
2025-02-20,10:00,Hyderabad,34.5,52,3.9,1006.4,0.0,4,121
2025-02-20,11:00,Mumbai,29.7,69,3.0,1015.7,0.0,6,159
2025-02-20,12:00,Delhi,26.2,43,6.9,1017.0,0.0,8,184
2025-02-20,13:00,Bangalore,23.8,58,7.1,1016.2,0.0,7,99
2025-02-20,14:00,Chennai,28.1,83,8.1,1013.4,0.0,5,101
2025-02-20,15:00,Hyderabad,28.3,49,9.4,1016.1,0.0,4,127
2025-02-20,16:00,Mumbai,28.5,69,8.8,1011.7,0.0,3,148
2025-02-20,17:00,Delhi,21.9,62,4.5,1017.7,0.0,1,199
2025-02-20,18:00,Bangalore,19.4,73,7.5,1018.9,0.0,0,122
2025-02-20,19:00,Chennai,24.1,73,8.0,1014.4,0.0,0,135
2025-02-20,20:00,Hyderabad,23.5,59,7.9,1007.9,0.0,0,113
2025-02-20,21:00,Mumbai,22.8,73,6.3,1017.9,0.0,0,165
2025-02-20,22:00,Delhi,13.6,62,1.5,1016.4,0.0,0,179
2025-02-20,23:00,Bangalore,15.3,75,10.7,1019.4,0.0,0,101
2025-02-21,00:00,Chennai,18.3,81,11.1,1018.2,0.0,0,107
2025-02-21,01:00,Hyderabad,23.5,55,4.8,1012.0,0.0,0,113
2025-02-21,02:00,Mumbai,22.7,88,7.3,1015.4,0.0,0,127
2025-02-21,03:00,Delhi,22.3,53,6.5,1018.2,0.0,0,176
2025-02-21,04:00,Bangalore,21.1,71,9.6,1022.0,0.0,0,93
2025-02-21,05:00,Chennai,28.2,60,7.8,1011.0,0.0,0,124
2025-02-21,06:00,Hyderabad,29.9,46,5.4,1011.5,0.0,0,114
2025-02-21,07:00,Mumbai,30.3,60,6.2,1014.5,0.0,1,125
2025-02-21,08:00,Delhi,24.8,51,12.9,1013.9,0.0,2,203
2025-02-21,09:00,Bangalore,24.7,73,5.2,1014.8,0.0,3,94
2025-02-21,10:00,Chennai,31.5,68,9.1,1007.8,0.0,5,121
2025-02-21,11:00,Hyderabad,29.4,63,5.9,1009.7,0.0,6,116
2025-02-21,12:00,Mumbai,28.2,66,10.9,1008.1,0.0,8,130
2025-02-21,13:00,Delhi,27.3,49,8.7,1013.4,0.0,5,198
2025-02-21,14:00,Bangalore,25.7,70,2.1,1014.1,0.0,5,82
2025-02-21,15:00,Chennai,28.1,73,7.7,1010.6,0.0,4,98
2025-02-21,16:00,Hyderabad,28.3,57,11.0,1010.3,0.0,2,141
2025-02-21,17:00,Mumbai,24.7,68,8.0,1013.2,0.0,1,150
2025-02-21,18:00,Delhi,18.7,50,6.5,1017.9,0.0,0,201
2025-02-21,19:00,Bangalore,17.1,73,4.9,1016.0,0.0,0,108
2025-02-21,20:00,Chennai,21.3,83,9.2,1020.3,0.0,0,128
2025-02-21,21:00,Hyderabad,22.4,63,6.6,1012.3,0.0,0,120
2025-02-21,22:00,Mumbai,19.3,70,11.8,1016.0,0.0,0,114
2025-02-21,23:00,Delhi,13.1,58,5.0,1015.7,0.0,0,188
2025-02-22,00:00,Bangalore,17.5,79,6.8,1017.7,0.0,0,86
2025-02-22,01:00,Chennai,20.7,80,4.2,1014.1,0.0,0,116
2025-02-22,02:00,Hyderabad,23.4,56,9.3,1016.6,0.0,0,119
2025-02-22,03:00,Mumbai,23.1,74,4.1,1011.2,0.0,0,97
2025-02-22,04:00,Delhi,22.5,49,11.7,1009.5,0.0,0,197
2025-02-22,05:00,Bangalore,21.2,80,10.7,1013.3,0.0,0,91
2025-02-22,06:00,Chennai,26.5,67,10.2,1014.5,0.0,0,87
2025-02-22,07:00,Hyderabad,29.0,51,6.1,1008.3,0.0,1,96
2025-02-22,08:00,Mumbai,28.6,67,6.4,1011.1,0.0,3,151
2025-02-22,09:00,Delhi,25.8,43,11.9,1014.8,0.0,4,224
2025-02-22,10:00,Bangalore,26.4,59,3.7,1014.5,0.0,5,117
2025-02-22,11:00,Chennai,34.3,68,8.5,1009.9,0.0,7,116
2025-02-22,12:00,Hyderabad,29.5,53,4.4,1013.4,0.0,8,99
2025-02-22,13:00,Mumbai,31.9,74,14.3,1011.1,0.0,6,125
2025-02-22,14:00,Delhi,23.3,47,9.1,1016.1,0.0,6,203
2025-02-22,15:00,Bangalore,24.0,63,11.5,1014.4,0.0,3,101
2025-02-22,16:00,Chennai,27.6,69,5.7,1020.6,0.0,2,97
2025-02-22,17:00,Hyderabad,25.5,60,6.8,1010.9,0.0,1,146
2025-02-22,18:00,Mumbai,24.7,76,8.9,1012.6,0.0,0,166
2025-02-22,19:00,Delhi,21.8,49,8.6,1018.2,0.0,0,201
2025-02-22,20:00,Bangalore,17.4,69,10.9,1019.3,0.0,0,113
2025-02-22,21:00,Chennai,21.9,79,6.7,1011.9,0.0,0,110
2025-02-22,22:00,Hyderabad,17.6,63,6.1,1013.7,0.0,0,132
2025-02-22,23:00,Mumbai,19.6,75,13.3,1023.8,0.0,0,146
2025-02-23,00:00,Delhi,17.9,56,8.7,1019.5,0.0,0,199
2025-02-23,01:00,Bangalore,16.2,67,6.8,1019.2,0.0,0,105
2025-02-23,02:00,Chennai,23.1,64,13.5,1014.0,0.0,0,118
2025-02-23,03:00,Hyderabad,26.0,65,6.1,1019.4,0.0,0,101
2025-02-23,04:00,Mumbai,24.2,78,5.2,1009.8,0.0,0,114
2025-02-23,05:00,Delhi,23.8,48,5.2,1018.9,0.0,0,174
2025-02-23,06:00,Bangalore,22.3,69,5.2,1015.6,0.0,0,108
2025-02-23,07:00,Chennai,29.5,62,11.4,1017.7,0.0,1,112
2025-02-23,08:00,Hyderabad,29.8,49,5.0,1016.6,0.0,4,125
2025-02-23,09:00,Mumbai,30.2,59,11.1,1017.0,0.0,3,163
2025-02-23,10:00,Delhi,24.4,45,9.4,1015.7,0.0,5,211
2025-02-23,11:00,Bangalore,26.1,70,9.7,1010.9,0.0,6,117
2025-02-23,12:00,Chennai,30.9,59,7.7,1009.2,0.0,8,129
2025-02-23,13:00,Hyderabad,30.2,49,10.3,1017.1,0.0,6,114
2025-02-23,14:00,Mumbai,27.1,72,12.9,1019.2,0.0,5,113
2025-02-23,15:00,Delhi,24.5,39,3.2,1011.8,0.0,3,190
2025-02-23,16:00,Bangalore,23.3,68,5.0,1018.0,0.0,2,100
2025-02-23,17:00,Chennai,26.9,73,6.8,1009.0,0.0,1,126
2025-02-23,18:00,Hyderabad,27.3,59,12.8,1011.9,0.0,0,150
2025-02-23,19:00,Mumbai,22.5,76,7.3,1011.2,0.0,0,148
2025-02-23,20:00,Delhi,17.6,60,6.7,1019.2,22.3,0,209
2025-02-23,21:00,Bangalore,18.4,73,10.1,1019.6,0.0,0,112
2025-02-23,22:00,Chennai,22.8,77,10.5,1018.8,0.0,0,106
2025-02-23,23:00,Hyderabad,23.2,57,8.8,1015.6,0.0,0,114
2025-02-24,00:00,Mumbai,21.6,74,6.1,1018.1,0.0,0,135
2025-02-24,01:00,Delhi,17.4,55,8.8,1012.9,0.0,0,202
2025-02-24,02:00,Bangalore,18.5,72,3.6,1017.0,0.0,0,91
2025-02-24,03:00,Chennai,24.9,74,3.5,1012.2,0.0,0,133
2025-02-24,04:00,Hyderabad,22.8,60,9.6,1012.7,0.0,0,121
2025-02-24,05:00,Mumbai,26.2,76,10.9,1014.4,0.0,0,121
2025-02-24,06:00,Delhi,21.5,63,7.7,1012.4,0.0,0,191
2025-02-24,07:00,Bangalore,24.0,67,5.7,1014.6,0.0,2,75
2025-02-24,08:00,Chennai,30.1,77,9.5,1017.4,0.0,2,116
2025-02-24,09:00,Hyderabad,33.8,66,4.4,1009.6,0.0,4,137
2025-02-24,10:00,Mumbai,34.3,65,4.3,1013.6,0.0,6,148
2025-02-24,11:00,Delhi,26.8,54,8.3,1016.7,0.0,6,188
2025-02-24,12:00,Bangalore,25.9,67,7.5,1017.0,0.0,8,108
2025-02-24,13:00,Chennai,31.3,67,7.9,1010.5,0.0,7,111
2025-02-24,14:00,Hyderabad,32.5,64,6.3,1014.2,0.0,6,121
2025-02-24,15:00,Mumbai,29.4,67,7.8,1010.3,0.0,3,127
2025-02-24,16:00,Delhi,23.2,47,3.3,1019.2,0.0,2,183
2025-02-24,17:00,Bangalore,18.7,63,6.9,1014.8,0.0,1,117
2025-02-24,18:00,Chennai,23.9,71,6.6,1005.9,0.0,0,126
2025-02-24,19:00,Hyderabad,25.7,64,7.9,1020.4,0.0,0,162
2025-02-24,20:00,Mumbai,20.2,82,6.0,1014.6,0.0,0,119
2025-02-24,21:00,Delhi,15.1,62,7.4,1017.5,0.0,0,187
2025-02-24,22:00,Bangalore,15.9,77,9.1,1018.5,0.0,0,87
2025-02-24,23:00,Chennai,19.7,80,13.5,1010.3,0.0,0,115
2025-02-25,00:00,Hyderabad,21.3,62,5.0,1015.4,0.0,0,127
2025-02-25,01:00,Mumbai,22.2,83,11.8,1011.7,0.0,0,126
2025-02-25,02:00,Delhi,17.3,53,10.0,1015.8,0.0,0,175
2025-02-25,03:00,Bangalore,20.2,68,9.6,1016.4,0.0,0,113
2025-02-25,04:00,Chennai,24.8,73,3.8,1014.6,0.0,0,137
2025-02-25,05:00,Hyderabad,29.0,55,5.7,1011.5,0.0,0,115
2025-02-25,06:00,Mumbai,25.6,72,5.0,1012.3,0.0,0,139
2025-02-25,07:00,Delhi,22.5,53,15.6,1018.8,0.0,2,210
2025-02-25,08:00,Bangalore,24.8,64,6.6,1014.5,0.0,2,131
2025-02-25,09:00,Chennai,29.4,59,6.3,1013.6,0.0,4,137
2025-02-25,10:00,Hyderabad,30.1,56,9.8,1012.5,0.0,5,141
2025-02-25,11:00,Mumbai,31.6,72,13.5,1013.8,0.0,7,128
2025-02-25,12:00,Delhi,27.2,48,9.6,1010.6,0.0,9,198
2025-02-25,13:00,Bangalore,26.4,74,3.7,1017.0,0.0,7,110
2025-02-25,14:00,Chennai,28.2,68,8.4,1015.9,0.0,5,123
2025-02-25,15:00,Hyderabad,30.4,57,8.8,1012.5,0.0,4,125
2025-02-25,16:00,Mumbai,27.2,71,5.3,1013.3,0.0,2,117
2025-02-25,17:00,Delhi,22.0,53,10.3,1016.0,0.0,1,200
2025-02-25,18:00,Bangalore,19.7,69,6.8,1015.1,0.0,0,136
2025-02-25,19:00,Chennai,26.7,75,8.5,1016.6,0.0,0,143
2025-02-25,20:00,Hyderabad,25.1,55,12.2,1010.8,0.0,0,137
2025-02-25,21:00,Mumbai,22.4,86,12.5,1012.7,0.0,0,142
2025-02-25,22:00,Delhi,20.7,47,11.2,1013.3,0.0,0,174
2025-02-25,23:00,Bangalore,16.2,69,6.5,1015.9,0.0,0,96
2025-02-26,00:00,Chennai,21.4,76,11.8,1013.4,0.0,0,122
2025-02-26,01:00,Hyderabad,21.2,62,8.1,1017.2,0.0,0,117
2025-02-26,02:00,Mumbai,22.0,80,7.1,1010.2,0.0,0,144
2025-02-26,03:00,Delhi,21.0,56,7.4,1023.9,0.0,0,210
2025-02-26,04:00,Bangalore,19.4,71,3.9,1018.3,0.0,0,107
2025-02-26,05:00,Chennai,25.4,74,3.9,1014.5,0.0,0,127
2025-02-26,06:00,Hyderabad,27.2,55,9.3,1011.2,0.0,0,127
2025-02-26,07:00,Mumbai,27.8,63,7.4,1011.6,24.8,2,131
2025-02-26,08:00,Delhi,29.5,42,10.6,1014.2,0.0,3,188
2025-02-26,09:00,Bangalore,25.8,66,12.8,1007.9,0.0,4,142
2025-02-26,10:00,Chennai,32.3,67,12.5,1011.2,0.0,7,135
2025-02-26,11:00,Hyderabad,31.1,59,7.4,1011.7,0.0,7,117
2025-02-26,12:00,Mumbai,30.6,71,11.4,1014.6,0.0,8,136
2025-02-26,13:00,Delhi,26.9,39,7.2,1011.5,0.0,6,207
2025-02-26,14:00,Bangalore,24.8,60,11.5,1019.7,0.0,5,90
2025-02-26,15:00,Chennai,32.0,67,5.4,1006.9,0.0,4,91
2025-02-26,16:00,Hyderabad,26.6,57,6.4,1014.8,0.0,1,115
2025-02-26,17:00,Mumbai,26.9,74,6.5,1012.5,0.0,1,129
2025-02-26,18:00,Delhi,22.9,42,5.5,1015.6,0.0,0,198
2025-02-26,19:00,Bangalore,19.9,61,8.5,1017.4,0.0,0,101
2025-02-26,20:00,Chennai,21.4,78,8.4,1014.5,0.0,0,128
2025-02-26,21:00,Hyderabad,23.4,55,3.9,1013.6,0.0,0,116
2025-02-26,22:00,Mumbai,25.4,67,6.5,1014.6,0.0,0,126
2025-02-26,23:00,Delhi,17.9,54,6.5,1018.5,0.0,0,196
2025-02-27,00:00,Bangalore,19.3,66,0.0,1015.8,0.0,0,99
2025-02-27,01:00,Chennai,22.4,71,8.6,1013.7,0.0,0,103
2025-02-27,02:00,Hyderabad,25.6,60,6.0,1016.3,0.0,0,130
2025-02-27,03:00,Mumbai,25.8,77,12.1,1010.6,0.0,0,130
2025-02-27,04:00,Delhi,20.6,58,7.2,1015.2,0.0,0,172
2025-02-27,05:00,Bangalore,20.4,75,6.5,1018.3,0.0,0,82
2025-02-27,06:00,Chennai,29.4,69,5.1,1014.2,0.0,0,124
2025-02-27,07:00,Hyderabad,32.0,44,8.1,1016.2,0.0,2,140
2025-02-27,08:00,Mumbai,29.3,72,8.7,1010.5,0.0,3,142
2025-02-27,09:00,Delhi,28.5,48,9.0,1013.8,0.0,3,204
2025-02-27,10:00,Bangalore,29.7,58,6.7,1015.9,0.0,6,127
2025-02-27,11:00,Chennai,30.6,74,2.8,1014.8,0.0,7,126
2025-02-27,12:00,Hyderabad,32.2,50,4.8,1011.8,0.0,9,107
2025-02-27,13:00,Mumbai,29.1,70,5.8,1013.4,0.0,7,128
2025-02-27,14:00,Delhi,27.2,45,8.7,1011.3,0.0,6,173
2025-02-27,15:00,Bangalore,24.7,68,6.0,1018.8,0.0,4,123
2025-02-27,16:00,Chennai,26.9,71,10.5,1009.8,0.0,4,110
2025-02-27,17:00,Hyderabad,26.2,57,8.8,1016.0,0.0,1,133
2025-02-27,18:00,Mumbai,25.3,69,6.3,1017.0,0.0,0,141
2025-02-27,19:00,Delhi,20.4,61,2.5,1014.9,0.0,0,196
2025-02-27,20:00,Bangalore,18.7,69,5.9,1017.8,0.0,0,130
2025-02-27,21:00,Chennai,21.1,73,6.0,1016.3,0.0,0,110
2025-02-27,22:00,Hyderabad,21.6,68,9.4,1017.9,0.0,0,101
2025-02-27,23:00,Mumbai,21.6,80,11.9,1012.7,0.0,0,144
2025-02-28,00:00,Delhi,20.7,52,7.0,1015.1,0.0,0,182
2025-02-28,01:00,Bangalore,16.7,82,7.4,1016.8,0.0,0,85
2025-02-28,02:00,Chennai,24.3,77,11.6,1019.5,0.0,0,127
2025-02-28,03:00,Hyderabad,25.1,58,8.0,1009.1,0.0,0,126
2025-02-28,04:00,Mumbai,21.3,81,9.7,1016.8,0.0,0,116
2025-02-28,05:00,Delhi,23.8,52,10.5,1010.6,0.0,0,214
2025-02-28,06:00,Bangalore,22.9,65,8.2,1014.6,0.0,0,104
2025-02-28,07:00,Chennai,28.7,62,5.0,1014.2,0.0,0,111
2025-02-28,08:00,Hyderabad,31.5,51,9.4,1015.4,0.0,2,126
2025-02-28,09:00,Mumbai,28.6,77,6.8,1010.4,0.0,3,126
2025-02-28,10:00,Delhi,30.8,31,8.5,1011.4,0.0,5,196
2025-02-28,11:00,Bangalore,24.4,64,9.2,1014.1,0.0,7,103
2025-02-28,12:00,Chennai,31.3,72,8.6,1015.9,0.0,8,127
2025-02-28,13:00,Hyderabad,35.0,60,10.7,1009.9,0.0,7,101
2025-02-28,14:00,Mumbai,31.4,69,8.4,1015.0,0.0,5,152
2025-02-28,15:00,Delhi,25.8,43,8.3,1020.7,0.0,4,190
2025-02-28,16:00,Bangalore,21.2,73,9.7,1012.0,0.0,4,95
2025-02-28,17:00,Chennai,27.1,83,9.5,1017.9,0.0,1,115
2025-02-28,18:00,Hyderabad,28.1,61,9.8,1013.3,0.0,0,133
2025-02-28,19:00,Mumbai,26.1,78,3.8,1014.1,0.0,0,154
2025-02-28,20:00,Delhi,17.6,54,11.8,1018.6,0.0,0,202
2025-02-28,21:00,Bangalore,15.6,74,7.4,1016.9,0.0,0,109
2025-02-28,22:00,Chennai,21.8,68,11.3,1017.7,0.0,0,124
2025-02-28,23:00,Hyderabad,22.2,64,10.0,1013.8,0.0,0,120
2025-03-01,00:00,Mumbai,24.3,76,3.0,1013.4,0.0,0,81
2025-03-01,01:00,Delhi,17.2,50,6.8,1016.2,0.0,0,145
2025-03-01,02:00,Bangalore,18.0,67,14.2,1019.5,0.0,0,72
2025-03-01,03:00,Chennai,25.3,67,7.4,1014.4,0.0,0,79
2025-03-01,04:00,Hyderabad,26.5,55,5.3,1011.5,0.0,0,104
2025-03-01,05:00,Mumbai,26.6,73,9.7,1017.5,0.0,0,122
2025-03-01,06:00,Delhi,25.1,54,7.9,1011.6,0.0,0,148
2025-03-01,07:00,Bangalore,21.1,67,8.7,1019.2,0.0,1,68
2025-03-01,08:00,Chennai,30.0,68,10.6,1013.9,0.0,3,88
2025-03-01,09:00,Hyderabad,34.0,56,7.2,1009.4,0.0,4,80
2025-03-01,10:00,Mumbai,31.4,66,9.2,1014.7,0.0,6,102
2025-03-01,11:00,Delhi,29.4,38,5.4,1011.2,0.0,8,125
2025-03-01,12:00,Bangalore,27.0,55,10.3,1015.6,0.0,8,50
2025-03-01,13:00,Chennai,32.1,61,11.0,1014.0,0.0,7,59
2025-03-01,14:00,Hyderabad,31.4,51,13.4,1007.8,0.0,4,87
2025-03-01,15:00,Mumbai,29.2,66,12.8,1012.5,0.0,4,75
2025-03-01,16:00,Delhi,26.1,51,9.8,1016.8,0.0,2,157
2025-03-01,17:00,Bangalore,18.9,64,6.9,1013.4,0.0,1,77
2025-03-01,18:00,Chennai,27.7,77,4.0,1019.3,0.0,0,90
2025-03-01,19:00,Hyderabad,24.2,58,9.8,1015.9,0.0,0,81
2025-03-01,20:00,Mumbai,22.3,77,9.3,1017.7,0.0,0,96
2025-03-01,21:00,Delhi,18.1,48,3.4,1023.2,0.0,0,148
2025-03-01,22:00,Bangalore,18.0,65,13.3,1012.5,0.0,0,62
2025-03-01,23:00,Chennai,21.5,82,11.0,1015.1,0.0,0,65
2025-03-02,00:00,Hyderabad,21.7,65,6.4,1019.3,0.0,0,75
2025-03-02,01:00,Mumbai,20.7,85,1.6,1017.9,0.0,0,98
2025-03-02,02:00,Delhi,20.0,53,9.4,1016.1,0.0,0,145
2025-03-02,03:00,Bangalore,18.1,71,9.7,1018.9,0.0,0,58
2025-03-02,04:00,Chennai,29.3,67,9.6,1011.5,0.0,0,97
2025-03-02,05:00,Hyderabad,30.4,58,9.2,1008.7,0.0,0,65
2025-03-02,06:00,Mumbai,28.3,73,6.5,1013.9,0.0,0,64
2025-03-02,07:00,Delhi,27.1,46,6.6,1014.4,0.0,0,141
2025-03-02,08:00,Bangalore,26.9,61,7.7,1011.8,0.0,2,84
2025-03-02,09:00,Chennai,28.6,65,5.4,1009.3,0.0,5,105
2025-03-02,10:00,Hyderabad,33.1,52,9.2,1017.5,0.0,6,100
2025-03-02,11:00,Mumbai,30.0,66,11.2,1009.1,0.0,7,91
2025-03-02,12:00,Delhi,24.6,49,8.6,1017.4,0.0,9,139
2025-03-02,13:00,Bangalore,26.6,59,7.7,1015.8,0.0,7,52
2025-03-02,14:00,Chennai,32.5,74,7.9,1010.0,0.0,5,77
2025-03-02,15:00,Hyderabad,29.7,50,7.3,1019.9,0.0,4,82
2025-03-02,16:00,Mumbai,26.1,73,10.3,1015.0,0.0,2,74
2025-03-02,17:00,Delhi,22.0,53,4.7,1017.7,0.0,0,165
2025-03-02,18:00,Bangalore,19.9,61,10.0,1015.5,0.0,0,82
2025-03-02,19:00,Chennai,25.2,72,8.6,1018.6,0.0,0,85
2025-03-02,20:00,Hyderabad,25.0,57,1.9,1014.3,0.0,0,103
2025-03-02,21:00,Mumbai,21.5,80,4.0,1012.8,0.0,0,71
2025-03-02,22:00,Delhi,18.2,50,8.4,1018.4,0.0,0,145
2025-03-02,23:00,Bangalore,17.9,71,9.3,1015.7,11.9,0,61
2025-03-03,00:00,Chennai,23.2,73,9.2,1012.5,0.0,0,53
2025-03-03,01:00,Hyderabad,25.8,57,5.7,1014.4,0.0,0,86
2025-03-03,02:00,Mumbai,21.4,86,7.7,1013.8,0.0,0,88
2025-03-03,03:00,Delhi,21.7,54,7.7,1012.2,0.0,0,159
2025-03-03,04:00,Bangalore,20.8,62,8.2,1018.5,0.0,0,65
2025-03-03,05:00,Chennai,29.2,63,12.0,1008.2,0.0,0,88
2025-03-03,06:00,Hyderabad,30.9,54,7.4,1018.6,0.0,0,88
2025-03-03,07:00,Mumbai,30.5,69,12.9,1015.6,0.0,1,100
2025-03-03,08:00,Delhi,30.2,36,2.0,1016.2,0.0,2,136
2025-03-03,09:00,Bangalore,27.7,57,7.6,1011.0,0.0,3,46
2025-03-03,10:00,Chennai,34.4,63,8.8,1009.0,0.0,5,77
2025-03-03,11:00,Hyderabad,33.8,60,6.9,1010.0,0.0,8,74
2025-03-03,12:00,Mumbai,30.0,77,14.3,1009.8,0.0,8,84
2025-03-03,13:00,Delhi,30.1,46,8.1,1012.1,0.0,8,145
2025-03-03,14:00,Bangalore,27.2,62,7.9,1013.8,0.0,6,76
2025-03-03,15:00,Chennai,28.0,69,6.3,1015.6,0.0,4,80
2025-03-03,16:00,Hyderabad,31.3,57,9.0,1009.8,0.0,3,71
2025-03-03,17:00,Mumbai,25.5,75,7.7,1014.2,0.0,1,88
2025-03-03,18:00,Delhi,21.0,49,11.5,1014.9,0.0,0,155
2025-03-03,19:00,Bangalore,19.2,74,10.0,1013.6,0.0,0,69
2025-03-03,20:00,Chennai,24.8,68,10.1,1017.0,0.0,0,107
2025-03-03,21:00,Hyderabad,22.9,55,8.6,1012.4,14.0,0,85
2025-03-03,22:00,Mumbai,23.4,73,8.2,1010.8,0.0,0,90
2025-03-03,23:00,Delhi,20.0,57,10.7,1013.7,0.0,0,145
2025-03-04,00:00,Bangalore,16.2,74,13.4,1017.3,0.0,0,61
2025-03-04,01:00,Chennai,23.1,82,9.9,1013.5,0.0,0,66
2025-03-04,02:00,Hyderabad,24.3,65,7.5,1015.6,0.0,0,71
2025-03-04,03:00,Mumbai,22.1,79,8.7,1018.4,0.0,0,105
2025-03-04,04:00,Delhi,22.3,58,9.5,1013.3,0.0,0,151
2025-03-04,05:00,Bangalore,22.3,58,8.4,1015.3,0.0,0,65
2025-03-04,06:00,Chennai,29.1,70,9.0,1016.5,0.0,0,76
2025-03-04,07:00,Hyderabad,31.9,57,13.5,1011.8,0.0,0,73
2025-03-04,08:00,Mumbai,29.1,61,5.6,1011.1,0.0,3,125
2025-03-04,09:00,Delhi,27.1,44,7.8,1010.1,0.0,4,182
2025-03-04,10:00,Bangalore,28.8,59,6.5,1010.8,0.0,6,87
2025-03-04,11:00,Chennai,32.0,66,4.3,1013.4,7.6,6,54
2025-03-04,12:00,Hyderabad,32.8,51,14.4,1007.9,0.0,8,70
2025-03-04,13:00,Mumbai,32.5,67,10.2,1009.5,0.0,7,78
2025-03-04,14:00,Delhi,28.8,48,5.1,1017.2,0.0,5,129
2025-03-04,15:00,Bangalore,24.3,72,7.0,1017.5,0.0,4,55
2025-03-04,16:00,Chennai,26.4,72,1.9,1010.9,0.0,2,73
2025-03-04,17:00,Hyderabad,26.6,68,5.6,1017.4,0.0,2,101
2025-03-04,18:00,Mumbai,25.8,75,13.5,1018.6,0.0,0,71
2025-03-04,19:00,Delhi,21.6,44,8.5,1021.9,0.0,0,180
2025-03-04,20:00,Bangalore,17.2,68,8.5,1015.7,0.0,0,76
2025-03-04,21:00,Chennai,25.2,75,3.5,1010.9,0.0,0,66
2025-03-04,22:00,Hyderabad,25.5,47,14.3,1012.6,0.0,0,76
2025-03-04,23:00,Mumbai,20.6,79,8.5,1017.5,0.0,0,92
2025-03-05,00:00,Delhi,17.6,48,5.9,1015.7,0.0,0,142
2025-03-05,01:00,Bangalore,19.1,65,4.8,1018.3,0.0,0,72
2025-03-05,02:00,Chennai,26.1,77,5.7,1008.5,0.0,0,75
2025-03-05,03:00,Hyderabad,24.5,60,5.2,1012.1,0.0,0,91
2025-03-05,04:00,Mumbai,26.2,71,8.8,1018.8,0.0,0,99
2025-03-05,05:00,Delhi,24.2,52,5.8,1013.1,0.0,0,175
2025-03-05,06:00,Bangalore,22.4,66,12.7,1020.8,0.0,0,79
2025-03-05,07:00,Chennai,30.8,74,2.5,1009.7,0.0,1,73
2025-03-05,08:00,Hyderabad,31.2,43,9.2,1012.6,0.0,3,94
2025-03-05,09:00,Mumbai,32.5,68,6.4,1007.6,0.0,4,92
2025-03-05,10:00,Delhi,25.6,48,9.2,1020.5,0.0,5,165
2025-03-05,11:00,Bangalore,27.0,74,7.1,1010.5,0.0,7,37
2025-03-05,12:00,Chennai,31.0,67,8.9,1016.2,0.0,9,65
2025-03-05,13:00,Hyderabad,33.2,60,1.5,1013.0,0.0,7,85
2025-03-05,14:00,Mumbai,28.7,75,4.5,1013.1,0.0,5,91
2025-03-05,15:00,Delhi,23.6,45,9.4,1017.0,0.0,4,161
2025-03-05,16:00,Bangalore,23.5,67,11.0,1017.0,0.0,3,67
2025-03-05,17:00,Chennai,29.8,74,4.6,1004.7,18.0,0,91
2025-03-05,18:00,Hyderabad,26.5,60,9.4,1016.7,0.0,0,95
2025-03-05,19:00,Mumbai,25.6,69,5.9,1015.2,0.0,0,108
2025-03-05,20:00,Delhi,18.1,52,7.7,1013.8,0.0,0,168
2025-03-05,21:00,Bangalore,20.4,75,6.1,1014.7,0.0,0,81
2025-03-05,22:00,Chennai,22.3,81,7.0,1015.3,0.0,0,70
2025-03-05,23:00,Hyderabad,21.4,61,10.0,1020.9,0.0,0,104
2025-03-06,00:00,Mumbai,22.1,72,4.2,1019.3,0.0,0,108
2025-03-06,01:00,Delhi,18.8,50,5.3,1019.0,0.0,0,159
2025-03-06,02:00,Bangalore,18.7,73,8.6,1015.3,0.0,0,54
2025-03-06,03:00,Chennai,23.9,76,5.8,1016.8,0.0,0,77
2025-03-06,04:00,Hyderabad,26.7,58,6.7,1017.5,0.0,0,96
2025-03-06,05:00,Mumbai,27.3,81,3.8,1018.4,0.0,0,77
2025-03-06,06:00,Delhi,24.8,44,9.5,1011.7,0.0,0,130
2025-03-06,07:00,Bangalore,25.6,64,4.3,1017.4,0.0,2,43
2025-03-06,08:00,Chennai,29.1,70,4.7,1011.8,0.0,2,103
2025-03-06,09:00,Hyderabad,33.5,50,13.4,1012.5,0.0,4,99
2025-03-06,10:00,Mumbai,30.5,68,4.7,1015.4,0.0,5,87
2025-03-06,11:00,Delhi,29.2,39,10.8,1016.0,0.0,7,157
2025-03-06,12:00,Bangalore,25.7,64,0.4,1015.9,0.0,9,58
2025-03-06,13:00,Chennai,35.1,68,7.3,1015.5,0.0,7,77
2025-03-06,14:00,Hyderabad,32.1,49,9.1,1011.2,0.0,6,93
2025-03-06,15:00,Mumbai,30.2,70,12.4,1014.0,0.0,4,88
2025-03-06,16:00,Delhi,24.7,47,7.5,1012.3,0.0,2,128
2025-03-06,17:00,Bangalore,21.0,73,5.8,1014.1,0.0,0,84
2025-03-06,18:00,Chennai,26.3,75,4.1,1018.1,0.0,0,70
2025-03-06,19:00,Hyderabad,26.8,61,8.6,1011.3,0.0,0,87
2025-03-06,20:00,Mumbai,22.1,83,7.3,1015.9,0.0,0,108
2025-03-06,21:00,Delhi,19.4,52,3.8,1012.7,0.0,0,152
2025-03-06,22:00,Bangalore,15.9,67,6.7,1018.5,0.0,0,87
2025-03-06,23:00,Chennai,22.2,69,9.2,1015.3,0.0,0,82
2025-03-07,00:00,Hyderabad,23.3,53,7.9,1012.0,0.0,0,76
2025-03-07,01:00,Mumbai,23.8,69,11.2,1015.9,0.0,0,81
2025-03-07,02:00,Delhi,20.5,54,5.9,1015.9,0.0,0,158
2025-03-07,03:00,Bangalore,19.0,73,8.0,1014.8,0.0,0,62
2025-03-07,04:00,Chennai,23.2,70,10.1,1008.4,0.0,0,74
2025-03-07,05:00,Hyderabad,27.3,53,4.6,1015.7,0.0,0,90
2025-03-07,06:00,Mumbai,29.7,71,5.0,1011.7,0.0,0,87
2025-03-07,07:00,Delhi,27.3,51,9.5,1017.7,0.0,1,153
2025-03-07,08:00,Bangalore,22.9,66,7.6,1016.8,0.0,3,97
2025-03-07,09:00,Chennai,30.8,68,8.6,1008.6,0.0,4,106
2025-03-07,10:00,Hyderabad,35.6,59,4.8,1009.5,0.0,6,93
2025-03-07,11:00,Mumbai,31.3,77,4.1,1009.1,0.0,7,108
2025-03-07,12:00,Delhi,29.1,42,10.6,1010.5,0.0,9,146
2025-03-07,13:00,Bangalore,28.6,63,9.4,1014.1,0.0,6,87
2025-03-07,14:00,Chennai,32.7,61,6.4,1010.5,0.0,5,59
2025-03-07,15:00,Hyderabad,31.0,56,7.5,1011.9,0.0,4,92
2025-03-07,16:00,Mumbai,27.2,75,5.4,1012.7,0.0,3,103
2025-03-07,17:00,Delhi,25.7,46,0.0,1015.2,0.0,2,160
2025-03-07,18:00,Bangalore,20.8,66,9.5,1015.3,0.0,0,73
2025-03-07,19:00,Chennai,28.3,77,7.6,1017.5,0.0,0,81
2025-03-07,20:00,Hyderabad,25.8,67,8.0,1013.6,0.0,0,109
2025-03-07,21:00,Mumbai,22.3,76,7.7,1015.6,0.0,0,87
2025-03-07,22:00,Delhi,20.6,50,7.6,1012.2,0.0,0,148
2025-03-07,23:00,Bangalore,18.3,66,2.4,1013.5,0.0,0,69
2025-03-08,00:00,Chennai,26.0,59,7.8,1012.7,0.0,0,93
2025-03-08,01:00,Hyderabad,25.6,57,5.4,1011.9,0.0,0,79
2025-03-08,02:00,Mumbai,21.0,76,7.3,1013.2,0.0,0,64
2025-03-08,03:00,Delhi,22.6,52,5.5,1017.6,0.0,0,135
2025-03-08,04:00,Bangalore,23.4,66,9.6,1015.1,0.0,0,81
2025-03-08,05:00,Chennai,26.9,70,9.7,1015.8,0.0,0,57
2025-03-08,06:00,Hyderabad,30.9,63,13.6,1010.9,0.0,0,80
2025-03-08,07:00,Mumbai,28.7,69,9.4,1016.2,0.0,1,100
2025-03-08,08:00,Delhi,26.1,43,7.0,1012.6,0.0,3,174
2025-03-08,09:00,Bangalore,24.3,65,5.8,1016.5,0.0,4,83
2025-03-08,10:00,Chennai,34.3,58,6.2,1019.4,0.0,5,84
2025-03-08,11:00,Hyderabad,32.4,54,11.5,1015.3,0.0,7,66
2025-03-08,12:00,Mumbai,32.6,62,6.1,1013.4,0.0,8,88
2025-03-08,13:00,Delhi,28.1,44,8.3,1011.3,0.0,7,158
2025-03-08,14:00,Bangalore,23.5,71,7.4,1019.8,0.0,6,55
2025-03-08,15:00,Chennai,28.5,72,9.0,1015.2,0.0,5,69
2025-03-08,16:00,Hyderabad,29.0,61,12.8,1013.9,0.0,3,90
2025-03-08,17:00,Mumbai,29.3,66,3.9,1011.8,0.0,1,111
2025-03-08,18:00,Delhi,23.4,55,9.4,1013.3,0.0,0,159
2025-03-08,19:00,Bangalore,20.7,75,8.8,1015.5,23.5,0,89
2025-03-08,20:00,Chennai,25.0,69,8.2,1013.8,0.0,0,98
2025-03-08,21:00,Hyderabad,24.4,63,11.7,1018.4,0.0,0,93
2025-03-08,22:00,Mumbai,24.1,74,9.3,1019.1,0.0,0,98
2025-03-08,23:00,Delhi,18.4,54,10.0,1012.9,0.0,0,148
2025-03-09,00:00,Bangalore,15.3,74,11.8,1016.4,0.0,0,74
2025-03-09,01:00,Chennai,24.6,72,8.7,1016.9,0.0,0,65
2025-03-09,02:00,Hyderabad,25.5,69,12.3,1011.2,0.0,0,74
2025-03-09,03:00,Mumbai,23.7,74,11.5,1015.3,0.0,0,79
2025-03-09,04:00,Delhi,23.8,52,9.3,1017.8,0.0,0,148
2025-03-09,05:00,Bangalore,21.4,71,6.3,1013.5,0.0,0,70
2025-03-09,06:00,Chennai,29.0,73,13.2,1011.0,0.0,0,64
2025-03-09,07:00,Hyderabad,30.1,53,4.2,1013.5,0.0,2,75
2025-03-09,08:00,Mumbai,32.1,70,10.1,1009.6,17.3,2,105
2025-03-09,09:00,Delhi,25.4,44,7.3,1012.9,0.0,4,141
2025-03-09,10:00,Bangalore,27.3,64,7.9,1017.5,0.0,6,80
2025-03-09,11:00,Chennai,31.9,66,6.2,1005.0,0.0,8,68
2025-03-09,12:00,Hyderabad,34.0,53,4.7,1011.8,0.0,8,76
2025-03-09,13:00,Mumbai,33.1,64,14.5,1010.4,0.0,7,77
2025-03-09,14:00,Delhi,28.9,49,10.8,1014.5,0.0,6,140
2025-03-09,15:00,Bangalore,25.1,52,9.6,1018.8,0.0,4,74
2025-03-09,16:00,Chennai,30.4,68,7.6,1011.4,0.0,3,85
2025-03-09,17:00,Hyderabad,28.6,59,12.3,1010.8,0.0,1,88
2025-03-09,18:00,Mumbai,26.1,69,11.1,1014.8,0.0,0,101
2025-03-09,19:00,Delhi,24.0,54,5.1,1013.4,0.0,0,180
2025-03-09,20:00,Bangalore,19.2,74,7.4,1015.2,0.0,0,78
2025-03-09,21:00,Chennai,22.2,74,9.4,1016.5,0.0,0,59
2025-03-09,22:00,Hyderabad,22.7,68,6.0,1013.9,0.0,0,92
2025-03-09,23:00,Mumbai,20.7,74,8.3,1017.7,0.0,0,54
2025-03-10,00:00,Delhi,19.3,50,11.1,1021.5,0.0,0,153
2025-03-10,01:00,Bangalore,18.2,64,7.8,1015.2,0.0,0,55
2025-03-10,02:00,Chennai,25.8,75,5.9,1016.3,0.0,0,69
2025-03-10,03:00,Hyderabad,28.1,46,6.8,1017.7,0.0,0,54
2025-03-10,04:00,Mumbai,27.3,65,10.1,1010.6,0.0,0,94
2025-03-10,05:00,Delhi,21.7,46,6.9,1015.1,0.0,0,152
2025-03-10,06:00,Bangalore,22.0,67,7.7,1013.3,0.0,1,64
2025-03-10,07:00,Chennai,29.7,70,8.0,1012.7,0.0,1,74
2025-03-10,08:00,Hyderabad,32.2,55,6.4,1014.0,0.0,2,93
2025-03-10,09:00,Mumbai,31.4,74,12.5,1013.8,0.0,3,82
2025-03-10,10:00,Delhi,30.0,36,17.2,1008.5,0.0,5,165
2025-03-10,11:00,Bangalore,29.6,54,8.3,1012.3,22.4,8,81
2025-03-10,12:00,Chennai,33.2,63,2.9,1014.8,0.0,9,71
2025-03-10,13:00,Hyderabad,34.7,54,10.0,1011.4,0.0,8,82
2025-03-10,14:00,Mumbai,31.7,65,6.4,1006.2,0.0,6,85
2025-03-10,15:00,Delhi,27.8,44,10.3,1009.9,0.0,4,137
2025-03-10,16:00,Bangalore,24.1,62,5.7,1015.6,0.0,2,64
2025-03-10,17:00,Chennai,27.8,60,10.4,1013.7,0.0,1,103
2025-03-10,18:00,Hyderabad,26.9,51,6.5,1014.3,0.0,0,87
2025-03-10,19:00,Mumbai,21.6,69,8.6,1010.3,0.0,0,101
2025-03-10,20:00,Delhi,20.8,51,5.8,1018.0,0.0,0,150
2025-03-10,21:00,Bangalore,19.5,76,8.7,1016.9,0.0,0,67
2025-03-10,22:00,Chennai,23.8,71,10.0,1017.2,0.0,0,98
2025-03-10,23:00,Hyderabad,23.2,67,7.7,1018.5,0.0,0,69
2025-03-11,00:00,Mumbai,24.4,67,9.3,1015.1,0.0,0,87
2025-03-11,01:00,Delhi,18.2,58,9.1,1021.1,0.0,0,157
2025-03-11,02:00,Bangalore,17.0,72,12.5,1011.3,0.0,0,64
2025-03-11,03:00,Chennai,27.6,74,7.8,1017.1,0.0,0,88
2025-03-11,04:00,Hyderabad,29.1,56,9.5,1010.8,0.0,0,73
2025-03-11,05:00,Mumbai,27.1,71,6.7,1009.8,0.0,0,102
2025-03-11,06:00,Delhi,25.3,45,11.7,1019.8,0.0,0,142
2025-03-11,07:00,Bangalore,25.7,72,8.7,1010.5,0.0,1,46
2025-03-11,08:00,Chennai,33.2,65,10.9,1009.7,0.0,3,114
2025-03-11,09:00,Hyderabad,32.7,53,1.6,1009.1,0.0,4,106
2025-03-11,10:00,Mumbai,31.9,74,8.6,1018.0,0.0,5,112
2025-03-11,11:00,Delhi,28.6,54,7.1,1015.3,0.0,7,160
2025-03-11,12:00,Bangalore,27.6,62,2.6,1012.0,3.8,9,72
2025-03-11,13:00,Chennai,31.5,70,9.1,1012.9,0.0,7,65
2025-03-11,14:00,Hyderabad,29.8,51,10.4,1011.2,0.0,6,71
2025-03-11,15:00,Mumbai,26.8,67,3.1,1012.6,0.0,3,104
2025-03-11,16:00,Delhi,27.1,53,11.8,1018.3,0.0,2,139
2025-03-11,17:00,Bangalore,23.7,70,9.5,1014.7,0.0,0,64
2025-03-11,18:00,Chennai,25.1,68,10.0,1016.3,0.0,0,104
2025-03-11,19:00,Hyderabad,25.4,60,9.5,1015.2,0.0,0,107
2025-03-11,20:00,Mumbai,23.0,71,7.4,1018.0,0.0,0,134
2025-03-11,21:00,Delhi,20.5,49,8.8,1013.5,0.0,0,129
2025-03-11,22:00,Bangalore,20.1,71,12.8,1019.5,0.0,0,75
2025-03-11,23:00,Chennai,23.1,69,6.7,1011.7,0.0,0,78
2025-03-12,00:00,Hyderabad,22.1,66,7.2,1017.6,0.0,0,62
2025-03-12,01:00,Mumbai,21.6,72,8.9,1012.8,0.0,0,91
2025-03-12,02:00,Delhi,18.8,60,11.7,1015.9,0.0,0,146
2025-03-12,03:00,Bangalore,19.8,62,14.0,1014.4,0.0,0,60
2025-03-12,04:00,Chennai,26.5,65,10.3,1014.8,0.0,0,63
2025-03-12,05:00,Hyderabad,29.2,61,5.1,1013.2,0.0,0,90
2025-03-12,06:00,Mumbai,29.7,64,9.2,1015.6,8.2,0,77
2025-03-12,07:00,Delhi,26.3,49,7.8,1011.8,0.0,2,160
2025-03-12,08:00,Bangalore,25.5,59,6.8,1022.3,0.0,3,102
2025-03-12,09:00,Chennai,33.6,58,4.7,1011.4,0.0,4,94
2025-03-12,10:00,Hyderabad,36.0,49,10.2,1009.2,0.0,7,108
2025-03-12,11:00,Mumbai,32.6,62,15.3,1013.3,0.0,7,69
2025-03-12,12:00,Delhi,29.7,40,9.5,1014.4,0.0,9,163
2025-03-12,13:00,Bangalore,28.1,58,8.9,1010.8,0.0,7,52
2025-03-12,14:00,Chennai,31.6,58,7.2,1016.9,0.0,6,65
2025-03-12,15:00,Hyderabad,31.4,58,11.1,1012.9,0.0,4,96
2025-03-12,16:00,Mumbai,30.2,69,8.1,1013.5,0.0,3,93
2025-03-12,17:00,Delhi,23.4,41,4.4,1012.7,0.0,0,182
2025-03-12,18:00,Bangalore,23.1,65,6.1,1017.7,0.0,0,71
2025-03-12,19:00,Chennai,24.9,65,8.0,1015.3,0.0,0,106
2025-03-12,20:00,Hyderabad,25.1,54,7.0,1016.8,0.0,0,128
2025-03-12,21:00,Mumbai,22.9,79,7.7,1014.5,0.0,0,95
2025-03-12,22:00,Delhi,20.5,37,12.1,1023.8,0.0,0,154
2025-03-12,23:00,Bangalore,17.0,70,9.4,1016.1,0.0,0,68
2025-03-13,00:00,Chennai,22.8,76,17.2,1013.5,0.0,0,71
2025-03-13,01:00,Hyderabad,25.3,50,5.5,1016.2,0.0,0,65
2025-03-13,02:00,Mumbai,25.1,71,10.6,1019.4,0.0,0,105
2025-03-13,03:00,Delhi,21.8,47,5.1,1014.8,0.0,0,136
2025-03-13,04:00,Bangalore,21.9,68,5.1,1017.1,0.0,0,61
2025-03-13,05:00,Chennai,26.9,69,6.2,1014.3,0.0,0,62
2025-03-13,06:00,Hyderabad,31.9,58,7.5,1009.7,0.0,0,47
2025-03-13,07:00,Mumbai,26.4,66,5.1,1016.6,0.0,1,77
2025-03-13,08:00,Delhi,27.0,51,9.6,1013.6,0.0,2,142
2025-03-13,09:00,Bangalore,26.5,64,6.6,1009.9,0.0,5,104
2025-03-13,10:00,Chennai,31.7,64,10.2,1014.1,0.0,5,90
2025-03-13,11:00,Hyderabad,36.2,58,7.7,1014.6,0.0,7,71
2025-03-13,12:00,Mumbai,31.7,71,7.2,1005.0,0.9,9,79
2025-03-13,13:00,Delhi,25.8,58,7.8,1017.1,0.0,7,148
2025-03-13,14:00,Bangalore,26.0,64,3.7,1013.6,0.0,6,63
2025-03-13,15:00,Chennai,29.4,61,11.3,1013.5,0.0,4,57
2025-03-13,16:00,Hyderabad,30.3,52,8.7,1014.3,0.0,3,80
2025-03-13,17:00,Mumbai,26.9,74,10.7,1010.4,0.0,2,106
2025-03-13,18:00,Delhi,23.5,48,7.1,1017.8,0.0,0,164
2025-03-13,19:00,Bangalore,21.9,58,9.8,1014.2,0.0,0,65
2025-03-13,20:00,Chennai,24.7,69,7.5,1016.6,0.0,0,83
2025-03-13,21:00,Hyderabad,25.8,61,7.4,1012.0,0.0,0,69
2025-03-13,22:00,Mumbai,22.2,84,7.4,1013.8,0.0,0,77
2025-03-13,23:00,Delhi,20.6,55,8.4,1014.5,0.0,0,165
2025-03-14,00:00,Bangalore,18.0,61,11.1,1016.5,0.0,0,70
2025-03-14,01:00,Chennai,25.2,77,12.9,1013.3,0.0,0,85
2025-03-14,02:00,Hyderabad,24.8,59,6.2,1014.3,0.0,0,108
2025-03-14,03:00,Mumbai,25.6,71,10.2,1014.7,0.0,0,99
2025-03-14,04:00,Delhi,23.5,43,5.9,1017.6,0.0,0,169
2025-03-14,05:00,Bangalore,21.7,71,3.7,1013.4,0.0,0,63
2025-03-14,06:00,Chennai,28.8,64,10.2,1014.9,0.0,0,70
2025-03-14,07:00,Hyderabad,31.6,43,9.0,1012.3,0.0,1,89
2025-03-14,08:00,Mumbai,31.2,61,6.7,1010.8,0.0,2,105
2025-03-14,09:00,Delhi,27.1,43,9.6,1014.9,0.0,5,175
2025-03-14,10:00,Bangalore,27.6,61,8.6,1017.7,0.0,5,83
2025-03-14,11:00,Chennai,33.5,60,6.7,1010.5,0.0,8,78
2025-03-14,12:00,Hyderabad,33.1,51,4.1,1012.4,0.0,9,75
2025-03-14,13:00,Mumbai,34.1,61,9.8,1016.9,0.0,7,90
2025-03-14,14:00,Delhi,27.9,39,6.1,1013.7,0.0,4,147
2025-03-14,15:00,Bangalore,24.9,73,8.0,1016.9,0.0,4,77
2025-03-14,16:00,Chennai,33.2,63,5.4,1012.2,0.0,2,76
2025-03-14,17:00,Hyderabad,30.7,56,5.7,1019.2,0.0,1,83
2025-03-14,18:00,Mumbai,27.6,79,8.2,1011.6,0.0,0,118
2025-03-14,19:00,Delhi,22.8,53,5.0,1012.7,0.0,0,176
2025-03-14,20:00,Bangalore,21.9,68,2.3,1014.1,0.0,0,75
2025-03-14,21:00,Chennai,26.1,70,9.3,1009.1,0.0,0,87
2025-03-14,22:00,Hyderabad,23.8,62,6.0,1016.5,0.0,0,88
2025-03-14,23:00,Mumbai,22.7,70,5.3,1016.5,0.0,0,90
2025-03-15,00:00,Delhi,18.0,59,7.5,1019.4,0.0,0,119
2025-03-15,01:00,Bangalore,21.4,67,9.2,1020.2,0.0,0,57
2025-03-15,02:00,Chennai,25.8,72,5.4,1012.4,0.0,0,72
2025-03-15,03:00,Hyderabad,23.9,59,9.8,1016.2,0.0,0,60
2025-03-15,04:00,Mumbai,26.9,59,9.5,1018.2,0.0,0,95
2025-03-15,05:00,Delhi,25.8,45,7.2,1018.3,0.0,0,163
2025-03-15,06:00,Bangalore,26.0,62,10.8,1015.5,0.0,0,64
2025-03-15,07:00,Chennai,29.6,69,4.9,1014.1,0.0,1,76
2025-03-15,08:00,Hyderabad,33.5,52,11.9,1012.1,0.0,2,94
2025-03-15,09:00,Mumbai,32.5,68,6.9,1013.3,0.0,3,120
2025-03-15,10:00,Delhi,26.6,37,10.1,1015.4,0.0,6,156
2025-03-15,11:00,Bangalore,30.3,58,5.8,1012.9,0.0,7,54
2025-03-15,12:00,Chennai,34.0,63,8.1,1005.3,0.0,9,87
2025-03-15,13:00,Hyderabad,33.9,57,8.7,1013.4,0.0,6,64
2025-03-15,14:00,Mumbai,30.5,68,4.1,1018.0,0.0,6,96
2025-03-15,15:00,Delhi,24.1,59,11.6,1007.5,0.0,3,151
2025-03-15,16:00,Bangalore,23.1,64,11.2,1018.7,0.0,2,80
2025-03-15,17:00,Chennai,29.3,65,11.1,1011.2,0.0,0,105
2025-03-15,18:00,Hyderabad,28.4,65,8.2,1015.6,0.0,0,94
2025-03-15,19:00,Mumbai,26.4,70,5.6,1009.8,0.0,0,109
2025-03-15,20:00,Delhi,19.6,51,12.4,1012.0,0.0,0,166
2025-03-15,21:00,Bangalore,18.0,70,8.6,1012.0,0.0,0,51
2025-03-15,22:00,Chennai,19.9,72,6.8,1018.3,0.0,0,77
2025-03-15,23:00,Hyderabad,25.6,54,9.1,1016.3,0.0,0,76
2025-03-16,00:00,Mumbai,25.2,81,2.7,1016.5,0.0,0,71
2025-03-16,01:00,Delhi,21.0,51,5.1,1012.8,0.0,0,153
2025-03-16,02:00,Bangalore,17.9,75,9.6,1017.7,0.0,0,64
2025-03-16,03:00,Chennai,25.2,71,6.5,1010.4,0.0,0,76
2025-03-16,04:00,Hyderabad,27.8,59,13.4,1013.2,0.0,0,79
2025-03-16,05:00,Mumbai,28.7,70,8.1,1014.4,0.0,0,78
2025-03-16,06:00,Delhi,23.6,59,9.7,1012.2,0.0,0,195
2025-03-16,07:00,Bangalore,27.8,65,5.4,1015.8,0.0,1,82
2025-03-16,08:00,Chennai,31.7,69,8.0,1016.4,0.0,3,105
2025-03-16,09:00,Hyderabad,33.9,50,9.9,1006.1,0.0,4,103
2025-03-16,10:00,Mumbai,33.3,69,15.2,1009.0,0.0,6,97
2025-03-16,11:00,Delhi,30.0,43,9.8,1016.0,0.0,7,131
2025-03-16,12:00,Bangalore,28.2,65,8.6,1010.9,0.0,10,70
2025-03-16,13:00,Chennai,33.2,64,5.1,1014.9,0.0,7,76
2025-03-16,14:00,Hyderabad,33.5,50,9.5,1011.8,0.0,7,77
2025-03-16,15:00,Mumbai,29.7,69,4.6,1010.5,0.0,3,94
2025-03-16,16:00,Delhi,27.3,52,5.3,1016.9,0.0,2,152
2025-03-16,17:00,Bangalore,24.1,62,8.3,1016.3,0.0,1,84
2025-03-16,18:00,Chennai,28.5,72,9.1,1012.5,0.0,0,106
2025-03-16,19:00,Hyderabad,25.1,70,6.2,1011.3,0.0,0,110
2025-03-16,20:00,Mumbai,22.8,79,10.3,1013.1,0.0,0,91
2025-03-16,21:00,Delhi,23.3,52,7.3,1015.6,0.0,0,152
2025-03-16,22:00,Bangalore,19.4,77,9.1,1017.6,0.0,0,74
2025-03-16,23:00,Chennai,22.1,74,4.2,1011.4,0.0,0,67
2025-03-17,00:00,Hyderabad,25.1,54,5.4,1016.3,0.0,0,86
2025-03-17,01:00,Mumbai,25.0,71,9.8,1013.1,0.0,0,74
2025-03-17,02:00,Delhi,21.2,48,4.2,1013.6,0.0,0,162
2025-03-17,03:00,Bangalore,19.7,73,9.5,1015.7,0.0,0,59
2025-03-17,04:00,Chennai,27.5,66,7.2,1015.5,0.0,0,67
2025-03-17,05:00,Hyderabad,30.2,54,10.4,1010.3,0.0,0,120
2025-03-17,06:00,Mumbai,27.4,75,13.4,1013.9,0.0,0,80
2025-03-17,07:00,Delhi,28.7,51,12.9,1008.1,0.0,1,153
2025-03-17,08:00,Bangalore,30.7,54,7.4,1014.2,0.0,3,62
2025-03-17,09:00,Chennai,31.0,67,6.3,1016.5,0.0,4,84
2025-03-17,10:00,Hyderabad,38.1,52,7.2,1017.1,0.0,5,88
2025-03-17,11:00,Mumbai,33.2,67,8.0,1012.0,0.0,8,104
2025-03-17,12:00,Delhi,28.5,47,7.7,1012.0,0.0,9,151
2025-03-17,13:00,Bangalore,25.2,67,7.3,1015.4,0.0,7,72
2025-03-17,14:00,Chennai,34.8,75,11.3,1010.5,0.0,7,73
2025-03-17,15:00,Hyderabad,28.5,59,10.6,1011.1,3.0,3,77
2025-03-17,16:00,Mumbai,30.0,66,5.6,1011.7,0.0,2,89
2025-03-17,17:00,Delhi,22.9,63,11.6,1017.4,0.0,1,176
2025-03-17,18:00,Bangalore,22.2,68,7.1,1011.4,0.0,0,72
2025-03-17,19:00,Chennai,23.6,73,5.9,1023.2,0.0,0,115
2025-03-17,20:00,Hyderabad,24.9,56,11.0,1011.3,0.0,0,107
2025-03-17,21:00,Mumbai,23.4,68,3.4,1014.1,0.0,0,108
2025-03-17,22:00,Delhi,19.7,59,3.0,1018.9,0.0,0,154
2025-03-17,23:00,Bangalore,18.9,70,5.9,1012.3,0.0,0,65
2025-03-18,00:00,Chennai,25.9,76,7.0,1010.5,0.0,0,64
2025-03-18,01:00,Hyderabad,26.6,62,6.7,1010.8,0.0,0,70
2025-03-18,02:00,Mumbai,26.5,70,11.8,1017.5,0.0,0,77
2025-03-18,03:00,Delhi,19.3,49,9.4,1016.1,0.0,0,138
2025-03-18,04:00,Bangalore,23.6,59,1.0,1013.9,0.0,0,50
2025-03-18,05:00,Chennai,26.8,70,7.4,1013.4,0.0,0,73
2025-03-18,06:00,Hyderabad,33.7,58,9.6,1007.3,0.0,0,102
2025-03-18,07:00,Mumbai,28.4,82,8.0,1016.7,0.0,0,99
2025-03-18,08:00,Delhi,28.0,55,9.3,1018.6,0.0,2,175
2025-03-18,09:00,Bangalore,26.4,70,11.3,1009.2,0.0,4,66
2025-03-18,10:00,Chennai,34.1,61,8.7,1010.5,0.0,6,82
2025-03-18,11:00,Hyderabad,33.7,52,6.3,1013.5,0.0,7,97
2025-03-18,12:00,Mumbai,35.0,60,10.6,1010.8,0.0,8,77
2025-03-18,13:00,Delhi,28.4,40,8.2,1009.8,0.0,7,142
2025-03-18,14:00,Bangalore,28.9,64,10.2,1011.2,0.0,6,50
2025-03-18,15:00,Chennai,28.5,76,14.0,1018.0,0.0,5,68
2025-03-18,16:00,Hyderabad,30.4,53,11.2,1012.9,0.0,2,74
2025-03-18,17:00,Mumbai,27.9,77,12.3,1006.2,0.0,1,122
2025-03-18,18:00,Delhi,23.4,51,8.0,1015.6,0.0,0,154
2025-03-18,19:00,Bangalore,19.3,66,3.0,1019.3,0.0,0,62
2025-03-18,20:00,Chennai,22.9,81,7.3,1012.8,0.0,0,57
2025-03-18,21:00,Hyderabad,25.2,63,13.7,1010.3,0.0,0,61
2025-03-18,22:00,Mumbai,26.3,79,12.4,1016.4,0.0,0,89
2025-03-18,23:00,Delhi,22.6,61,8.8,1011.7,0.0,0,141
2025-03-19,00:00,Bangalore,21.5,60,5.1,1014.7,0.0,0,48
2025-03-19,01:00,Chennai,26.1,70,7.1,1013.7,0.0,0,62
2025-03-19,02:00,Hyderabad,26.3,60,7.5,1010.5,0.0,0,74
2025-03-19,03:00,Mumbai,24.1,82,10.7,1018.4,0.0,0,86
2025-03-19,04:00,Delhi,21.6,59,6.4,1014.7,0.0,0,136
2025-03-19,05:00,Bangalore,27.9,56,8.7,1016.8,0.0,0,60
2025-03-19,06:00,Chennai,28.9,59,5.4,1014.9,0.0,0,70
2025-03-19,07:00,Hyderabad,31.1,60,8.2,1012.0,0.0,1,96
2025-03-19,08:00,Mumbai,31.5,60,7.1,1012.3,0.0,2,105
2025-03-19,09:00,Delhi,28.2,49,11.9,1012.0,0.0,4,179
2025-03-19,10:00,Bangalore,28.0,66,7.1,1009.7,0.0,6,77
2025-03-19,11:00,Chennai,34.4,59,11.7,1014.2,0.0,7,67
2025-03-19,12:00,Hyderabad,35.2,57,7.6,1008.8,0.0,10,96
2025-03-19,13:00,Mumbai,32.9,69,7.9,1010.9,0.0,8,88
2025-03-19,14:00,Delhi,28.3,45,8.5,1016.7,0.0,5,157
2025-03-19,15:00,Bangalore,26.0,60,6.7,1014.7,0.0,5,78
2025-03-19,16:00,Chennai,29.0,59,5.2,1011.6,0.0,2,88
2025-03-19,17:00,Hyderabad,32.0,54,8.2,1005.1,0.0,1,98
2025-03-19,18:00,Mumbai,25.8,72,10.7,1015.8,0.0,0,88
2025-03-19,19:00,Delhi,22.3,62,7.9,1021.7,0.0,0,154
2025-03-19,20:00,Bangalore,19.0,72,10.8,1018.8,0.0,0,74
2025-03-19,21:00,Chennai,25.3,73,6.2,1012.1,0.0,0,81
2025-03-19,22:00,Hyderabad,27.4,52,12.0,1011.3,0.0,0,91
2025-03-19,23:00,Mumbai,24.4,72,5.7,1010.8,0.0,0,87
2025-03-20,00:00,Delhi,18.6,57,8.8,1018.9,0.0,0,159
2025-03-20,01:00,Bangalore,23.0,60,9.4,1015.7,0.0,0,66
2025-03-20,02:00,Chennai,23.5,70,4.8,1023.7,0.0,0,77
2025-03-20,03:00,Hyderabad,25.1,57,7.8,1016.9,0.0,0,76
2025-03-20,04:00,Mumbai,28.6,67,4.9,1009.6,0.0,0,99
2025-03-20,05:00,Delhi,25.3,53,15.2,1019.7,0.0,0,157
2025-03-20,06:00,Bangalore,25.1,57,9.3,1017.1,0.0,0,62
2025-03-20,07:00,Chennai,34.4,61,7.7,1010.5,0.0,1,91
2025-03-20,08:00,Hyderabad,36.8,50,9.3,1015.4,0.0,3,95
2025-03-20,09:00,Mumbai,33.8,58,16.8,1011.0,0.0,4,121
2025-03-20,10:00,Delhi,30.5,45,8.1,1017.3,0.0,5,172
2025-03-20,11:00,Bangalore,30.3,54,9.7,1018.8,0.0,7,83
2025-03-20,12:00,Chennai,32.4,68,6.9,1018.6,0.0,8,76
2025-03-20,13:00,Hyderabad,33.2,48,6.9,1009.0,0.0,8,96
2025-03-20,14:00,Mumbai,34.4,73,6.1,1011.8,0.0,6,86
2025-03-20,15:00,Delhi,25.9,37,5.0,1016.4,0.0,4,147
2025-03-20,16:00,Bangalore,27.2,68,13.5,1008.9,0.0,2,65
2025-03-20,17:00,Chennai,30.6,67,9.7,1014.2,0.0,1,108
2025-03-20,18:00,Hyderabad,29.0,52,5.6,1011.2,0.0,0,93
2025-03-20,19:00,Mumbai,28.2,67,8.8,1015.5,0.0,0,78
2025-03-20,20:00,Delhi,19.8,46,14.2,1018.5,0.0,0,159
2025-03-20,21:00,Bangalore,18.6,65,9.4,1018.5,0.0,0,68
2025-03-20,22:00,Chennai,25.0,69,5.3,1015.3,0.0,0,71
2025-03-20,23:00,Hyderabad,23.0,59,12.8,1021.2,0.0,0,75
2025-03-21,00:00,Mumbai,22.3,69,7.1,1018.7,0.0,0,114
2025-03-21,01:00,Delhi,21.1,53,8.3,1018.6,0.0,0,158
2025-03-21,02:00,Bangalore,18.1,72,9.5,1013.9,0.0,0,53
2025-03-21,03:00,Chennai,24.5,63,12.0,1013.0,0.0,0,65
2025-03-21,04:00,Hyderabad,27.6,56,3.5,1011.6,0.0,0,72
2025-03-21,05:00,Mumbai,25.3,76,10.1,1017.5,0.0,0,100
2025-03-21,06:00,Delhi,28.0,52,15.0,1019.8,0.0,0,171
2025-03-21,07:00,Bangalore,26.9,65,10.6,1013.0,0.0,0,46
2025-03-21,08:00,Chennai,34.2,57,13.7,1009.0,0.0,3,78
2025-03-21,09:00,Hyderabad,34.8,48,10.0,1007.7,0.0,5,96
2025-03-21,10:00,Mumbai,34.3,70,13.7,1009.5,0.0,5,85
2025-03-21,11:00,Delhi,29.2,39,10.4,1013.6,0.0,8,144
2025-03-21,12:00,Bangalore,27.8,66,3.5,1013.0,0.0,9,58
2025-03-21,13:00,Chennai,33.1,61,10.4,1013.4,0.0,8,61
2025-03-21,14:00,Hyderabad,35.0,49,12.9,1009.9,0.0,6,81
2025-03-21,15:00,Mumbai,30.0,65,9.8,1014.1,0.0,4,78
2025-03-21,16:00,Delhi,29.5,39,4.8,1016.4,0.0,2,151
2025-03-21,17:00,Bangalore,24.1,65,7.2,1016.3,0.0,1,81
2025-03-21,18:00,Chennai,28.5,71,13.6,1009.2,0.0,0,96
2025-03-21,19:00,Hyderabad,26.0,57,5.6,1017.3,0.0,0,104
2025-03-21,20:00,Mumbai,25.9,77,3.9,1013.4,0.0,0,92
2025-03-21,21:00,Delhi,20.1,60,7.5,1022.7,0.0,0,131
2025-03-21,22:00,Bangalore,20.2,72,8.1,1014.3,0.0,0,59
2025-03-21,23:00,Chennai,24.6,79,8.6,1017.5,0.0,0,49
2025-03-22,00:00,Hyderabad,26.6,67,15.1,1012.7,0.0,0,106
2025-03-22,01:00,Mumbai,21.3,78,7.3,1017.3,0.0,0,97
2025-03-22,02:00,Delhi,24.4,62,9.1,1010.4,0.0,0,141
2025-03-22,03:00,Bangalore,23.7,67,7.6,1010.6,22.3,0,52
2025-03-22,04:00,Chennai,27.0,71,9.2,1012.3,0.0,0,48
2025-03-22,05:00,Hyderabad,29.7,44,8.4,1015.2,0.0,0,82
2025-03-22,06:00,Mumbai,28.4,72,12.8,1014.7,0.0,0,91
2025-03-22,07:00,Delhi,26.9,46,12.2,1013.4,0.0,2,151
2025-03-22,08:00,Bangalore,28.8,58,12.4,1014.4,0.0,2,98
2025-03-22,09:00,Chennai,35.0,57,5.7,1013.0,0.0,4,75
2025-03-22,10:00,Hyderabad,33.8,52,13.8,1008.4,0.0,6,85
2025-03-22,11:00,Mumbai,32.9,67,10.0,1007.1,0.0,8,95
2025-03-22,12:00,Delhi,31.5,51,9.1,1006.7,0.4,9,127
2025-03-22,13:00,Bangalore,27.8,59,3.7,1009.3,0.0,8,49
2025-03-22,14:00,Chennai,33.2,67,7.4,1010.1,0.0,6,77
2025-03-22,15:00,Hyderabad,32.7,52,8.6,1010.1,0.0,5,85
2025-03-22,16:00,Mumbai,28.2,70,10.9,1022.0,0.0,3,99
2025-03-22,17:00,Delhi,23.8,41,9.8,1015.6,4.5,1,171
2025-03-22,18:00,Bangalore,18.9,65,6.6,1011.9,0.0,0,89
2025-03-22,19:00,Chennai,27.5,69,5.3,1010.7,0.0,0,80
2025-03-22,20:00,Hyderabad,26.5,49,10.5,1013.7,0.0,0,80
2025-03-22,21:00,Mumbai,25.4,72,8.0,1013.3,0.0,0,79
2025-03-22,22:00,Delhi,22.3,44,4.2,1019.8,0.0,0,159
2025-03-22,23:00,Bangalore,21.6,67,11.4,1017.6,0.0,0,53
2025-03-23,00:00,Chennai,26.1,70,7.0,1013.7,0.0,0,97
2025-03-23,01:00,Hyderabad,25.8,52,2.9,1014.3,0.0,0,87
2025-03-23,02:00,Mumbai,25.2,72,7.5,1012.4,0.0,0,100
2025-03-23,03:00,Delhi,25.3,44,11.3,1013.8,0.0,0,143
2025-03-23,04:00,Bangalore,23.2,65,4.9,1016.7,0.0,0,66
2025-03-23,05:00,Chennai,31.3,66,7.6,1012.9,0.0,0,71
2025-03-23,06:00,Hyderabad,30.7,51,6.9,1015.3,0.0,0,78
2025-03-23,07:00,Mumbai,31.5,65,9.6,1016.2,0.0,1,70
2025-03-23,08:00,Delhi,28.9,34,11.0,1017.6,0.0,4,169
2025-03-23,09:00,Bangalore,28.4,58,11.1,1012.9,0.0,5,84
2025-03-23,10:00,Chennai,32.6,70,8.2,1014.5,0.0,7,84
2025-03-23,11:00,Hyderabad,35.5,53,9.8,1010.5,0.0,7,58
2025-03-23,12:00,Mumbai,36.4,69,9.3,1009.3,0.0,9,92
2025-03-23,13:00,Delhi,32.6,38,14.2,1017.4,0.0,7,140
2025-03-23,14:00,Bangalore,27.1,63,9.5,1012.0,0.0,7,67
2025-03-23,15:00,Chennai,33.7,65,13.5,1008.5,12.8,4,91
2025-03-23,16:00,Hyderabad,32.9,51,7.1,1008.1,0.0,3,89
2025-03-23,17:00,Mumbai,28.4,63,9.6,1014.1,0.0,1,107
2025-03-23,18:00,Delhi,23.5,50,12.2,1012.3,0.0,0,170
2025-03-23,19:00,Bangalore,22.7,59,15.9,1012.2,0.0,0,70
2025-03-23,20:00,Chennai,23.4,63,6.8,1014.1,0.0,0,89
2025-03-23,21:00,Hyderabad,24.9,60,5.7,1015.3,0.0,0,67
2025-03-23,22:00,Mumbai,25.0,74,8.4,1015.0,0.0,0,90
2025-03-23,23:00,Delhi,19.6,42,9.4,1018.6,0.0,0,163
2025-03-24,00:00,Bangalore,17.4,65,9.9,1018.3,0.0,0,61
2025-03-24,01:00,Chennai,23.4,74,9.3,1016.5,0.0,0,73
2025-03-24,02:00,Hyderabad,25.4,57,6.1,1018.8,0.0,0,68
2025-03-24,03:00,Mumbai,24.7,70,9.6,1015.0,0.0,0,87
2025-03-24,04:00,Delhi,22.2,48,8.8,1014.7,0.0,0,152
2025-03-24,05:00,Bangalore,24.7,66,8.7,1007.5,0.0,0,60
2025-03-24,06:00,Chennai,30.7,54,6.4,1015.4,0.0,0,75
2025-03-24,07:00,Hyderabad,30.7,53,6.6,1013.8,0.0,1,67
2025-03-24,08:00,Mumbai,34.8,73,7.9,1013.8,0.0,3,103
2025-03-24,09:00,Delhi,30.2,41,10.0,1013.5,0.0,5,184
2025-03-24,10:00,Bangalore,27.8,61,8.2,1009.2,19.2,5,80
2025-03-24,11:00,Chennai,33.7,59,11.9,1012.9,0.0,8,74
2025-03-24,12:00,Hyderabad,34.5,45,3.7,1016.4,0.0,9,94
2025-03-24,13:00,Mumbai,35.3,61,7.2,1015.2,0.0,8,96
2025-03-24,14:00,Delhi,27.8,43,6.9,1015.7,0.0,6,152
2025-03-24,15:00,Bangalore,25.1,59,4.9,1014.2,0.0,5,70
2025-03-24,16:00,Chennai,30.5,57,9.2,1016.6,0.0,3,59
2025-03-24,17:00,Hyderabad,32.4,47,7.4,1013.0,0.0,0,84
2025-03-24,18:00,Mumbai,27.5,77,7.2,1015.7,0.0,0,117
2025-03-24,19:00,Delhi,22.4,43,5.1,1016.1,0.0,0,177
2025-03-24,20:00,Bangalore,20.0,60,4.9,1012.5,0.0,0,55
2025-03-24,21:00,Chennai,25.0,72,8.9,1014.7,6.9,0,88
2025-03-24,22:00,Hyderabad,25.5,56,0.4,1016.7,0.0,0,86
2025-03-24,23:00,Mumbai,26.2,71,6.3,1015.9,0.0,0,89
2025-03-25,00:00,Delhi,21.0,54,9.1,1009.0,0.0,0,157
2025-03-25,01:00,Bangalore,20.7,66,3.2,1010.2,0.0,0,85
2025-03-25,02:00,Chennai,23.5,74,9.3,1014.4,0.0,0,61
2025-03-25,03:00,Hyderabad,27.5,53,11.8,1014.3,0.0,0,77
2025-03-25,04:00,Mumbai,26.6,68,9.8,1017.1,0.0,0,92
2025-03-25,05:00,Delhi,25.5,49,11.5,1011.7,0.0,0,163
2025-03-25,06:00,Bangalore,24.1,64,6.0,1014.3,0.0,0,71
2025-03-25,07:00,Chennai,34.0,70,0.0,1015.5,0.0,1,57
2025-03-25,08:00,Hyderabad,33.1,54,3.4,1012.0,0.0,2,80
2025-03-25,09:00,Mumbai,35.3,61,7.2,1015.3,0.0,4,97
2025-03-25,10:00,Delhi,32.2,37,10.2,1006.4,0.0,7,175
2025-03-25,11:00,Bangalore,31.2,64,5.1,1006.2,0.0,8,64
2025-03-25,12:00,Chennai,35.1,70,6.0,1007.9,0.0,9,83
2025-03-25,13:00,Hyderabad,33.9,64,3.8,1013.5,0.0,8,79
2025-03-25,14:00,Mumbai,29.5,58,4.3,1014.6,0.0,5,101
2025-03-25,15:00,Delhi,25.1,55,7.8,1010.6,0.0,4,122
2025-03-25,16:00,Bangalore,24.6,63,3.5,1015.4,0.0,2,70
2025-03-25,17:00,Chennai,28.2,75,6.6,1014.4,0.0,1,73
2025-03-25,18:00,Hyderabad,30.5,60,10.7,1007.4,0.0,0,95
2025-03-25,19:00,Mumbai,26.5,74,4.6,1015.4,0.0,0,109
2025-03-25,20:00,Delhi,22.9,49,3.3,1018.2,0.0,0,183
2025-03-25,21:00,Bangalore,21.7,67,8.1,1016.9,0.0,0,70
2025-03-25,22:00,Chennai,25.6,73,11.0,1013.4,0.0,0,59
2025-03-25,23:00,Hyderabad,26.7,56,10.8,1014.8,0.0,0,92
2025-03-26,00:00,Mumbai,22.1,77,11.4,1016.3,0.0,0,88
2025-03-26,01:00,Delhi,21.5,48,2.3,1012.8,0.0,0,159
2025-03-26,02:00,Bangalore,20.2,61,3.3,1022.4,0.0,0,68
2025-03-26,03:00,Chennai,27.1,59,8.5,1010.2,0.0,0,77
2025-03-26,04:00,Hyderabad,28.8,48,10.9,1011.8,0.0,0,81
2025-03-26,05:00,Mumbai,33.3,71,8.6,1013.0,0.0,0,66
2025-03-26,06:00,Delhi,26.6,48,12.1,1018.3,0.0,0,144
2025-03-26,07:00,Bangalore,25.3,63,7.0,1011.6,0.0,1,61
2025-03-26,08:00,Chennai,31.1,63,1.5,1013.0,0.0,3,98
2025-03-26,09:00,Hyderabad,34.5,53,11.2,1016.4,0.0,4,95
2025-03-26,10:00,Mumbai,34.3,57,12.3,1008.8,0.0,6,114
2025-03-26,11:00,Delhi,29.3,36,8.4,1016.4,0.0,8,147
2025-03-26,12:00,Bangalore,30.9,65,11.6,1011.5,0.0,9,78
2025-03-26,13:00,Chennai,35.7,64,6.5,1007.3,0.0,7,76
2025-03-26,14:00,Hyderabad,32.6,51,10.1,1013.2,0.0,6,89
2025-03-26,15:00,Mumbai,34.4,61,9.1,1010.6,0.0,4,82
2025-03-26,16:00,Delhi,22.0,56,6.4,1017.1,0.0,3,142
2025-03-26,17:00,Bangalore,22.9,69,8.2,1016.8,0.0,1,78
2025-03-26,18:00,Chennai,30.7,70,11.4,1015.7,0.0,1,91
2025-03-26,19:00,Hyderabad,30.2,63,11.5,1008.8,0.0,0,81
2025-03-26,20:00,Mumbai,25.8,77,9.7,1011.8,0.0,0,93
2025-03-26,21:00,Delhi,21.7,53,2.0,1015.1,0.0,0,114
2025-03-26,22:00,Bangalore,19.3,65,7.1,1016.3,0.0,0,42
2025-03-26,23:00,Chennai,24.7,76,11.0,1015.8,0.0,0,75
2025-03-27,00:00,Hyderabad,25.4,53,1.9,1011.2,0.0,0,90
2025-03-27,01:00,Mumbai,24.8,71,4.0,1011.1,0.0,0,77
2025-03-27,02:00,Delhi,20.1,56,11.4,1014.8,0.0,0,170
2025-03-27,03:00,Bangalore,22.7,66,13.4,1018.4,0.0,0,57
2025-03-27,04:00,Chennai,27.2,65,10.1,1016.2,0.0,0,49
2025-03-27,05:00,Hyderabad,29.3,54,5.4,1020.0,0.0,0,61
2025-03-27,06:00,Mumbai,32.4,65,3.7,1015.9,0.0,0,77
2025-03-27,07:00,Delhi,27.4,51,9.9,1011.8,0.0,2,149
2025-03-27,08:00,Bangalore,29.3,60,10.5,1010.6,0.0,3,92
2025-03-27,09:00,Chennai,32.9,63,10.1,1013.8,0.0,4,88
2025-03-27,10:00,Hyderabad,37.0,44,3.7,1012.2,0.0,6,89
2025-03-27,11:00,Mumbai,36.3,60,10.9,1008.8,0.0,9,98
2025-03-27,12:00,Delhi,32.6,48,5.0,1013.7,0.0,10,157
2025-03-27,13:00,Bangalore,30.9,55,8.0,1010.4,0.0,8,58
2025-03-27,14:00,Chennai,33.0,62,6.6,1017.5,0.0,6,82
2025-03-27,15:00,Hyderabad,33.1,63,5.2,1003.2,0.0,5,77
2025-03-27,16:00,Mumbai,32.3,68,8.9,1004.7,0.0,3,78
2025-03-27,17:00,Delhi,25.8,50,9.3,1010.8,0.0,2,170
2025-03-27,18:00,Bangalore,22.3,62,7.3,1016.8,0.0,0,87
2025-03-27,19:00,Chennai,30.2,67,7.8,1010.7,0.0,0,104
2025-03-27,20:00,Hyderabad,26.1,59,5.1,1011.5,0.0,0,73
2025-03-27,21:00,Mumbai,23.9,78,11.1,1014.0,0.0,0,97
2025-03-27,22:00,Delhi,21.2,49,2.4,1010.7,0.0,0,148
2025-03-27,23:00,Bangalore,15.5,70,11.4,1022.1,0.0,0,78
2025-03-28,00:00,Chennai,24.0,73,9.0,1016.7,0.0,0,75
2025-03-28,01:00,Hyderabad,27.7,50,6.1,1012.1,0.0,0,85
2025-03-28,02:00,Mumbai,27.7,75,3.4,1015.4,0.0,0,81
2025-03-28,03:00,Delhi,22.3,47,7.4,1017.9,0.0,0,140
2025-03-28,04:00,Bangalore,22.1,65,3.9,1015.4,0.0,0,55
2025-03-28,05:00,Chennai,28.8,67,4.1,1012.4,0.0,0,63
2025-03-28,06:00,Hyderabad,32.4,57,6.1,1013.6,0.0,0,96
2025-03-28,07:00,Mumbai,31.4,69,10.1,1011.7,0.0,0,96
2025-03-28,08:00,Delhi,28.2,49,5.4,1015.9,0.0,3,162
2025-03-28,09:00,Bangalore,29.0,64,1.1,1020.9,0.0,5,100
2025-03-28,10:00,Chennai,33.3,60,10.1,1006.6,0.0,6,105
2025-03-28,11:00,Hyderabad,38.5,54,11.9,1013.0,0.0,9,93
2025-03-28,12:00,Mumbai,32.9,68,9.5,1010.2,0.0,9,100
2025-03-28,13:00,Delhi,29.0,45,8.8,1013.8,0.0,8,120
2025-03-28,14:00,Bangalore,29.1,59,1.2,1011.1,0.0,6,86
2025-03-28,15:00,Chennai,33.0,73,9.3,1012.7,0.0,5,80
2025-03-28,16:00,Hyderabad,29.5,57,7.7,1011.4,0.0,3,81
2025-03-28,17:00,Mumbai,30.8,62,7.4,1012.7,0.0,1,107
2025-03-28,18:00,Delhi,25.3,49,12.0,1018.8,0.0,0,160
2025-03-28,19:00,Bangalore,22.2,69,9.7,1016.8,0.0,0,80
2025-03-28,20:00,Chennai,25.6,71,8.1,1009.1,0.0,0,95
2025-03-28,21:00,Hyderabad,24.9,62,5.0,1016.6,0.0,0,90
2025-03-28,22:00,Mumbai,23.9,68,5.1,1014.8,0.0,0,69
2025-03-28,23:00,Delhi,19.2,56,2.6,1016.2,0.0,0,140
2025-03-29,00:00,Bangalore,19.2,66,11.9,1013.8,0.0,0,71
2025-03-29,01:00,Chennai,25.1,74,11.2,1014.8,0.0,0,89
2025-03-29,02:00,Hyderabad,29.7,57,3.2,1011.6,0.0,0,71
2025-03-29,03:00,Mumbai,27.9,72,4.8,1014.9,0.0,0,65
2025-03-29,04:00,Delhi,25.2,43,8.7,1021.4,0.0,0,159
2025-03-29,05:00,Bangalore,25.9,61,11.2,1015.3,0.0,0,57
2025-03-29,06:00,Chennai,29.8,64,6.4,1009.7,0.0,0,84
2025-03-29,07:00,Hyderabad,32.1,51,9.6,1014.0,0.0,1,91
2025-03-29,08:00,Mumbai,34.7,66,8.7,1012.3,10.1,3,108
2025-03-29,09:00,Delhi,28.6,43,6.3,1016.9,0.0,5,152
2025-03-29,10:00,Bangalore,30.3,59,7.2,1013.8,0.0,5,108
2025-03-29,11:00,Chennai,36.4,67,6.8,1009.4,0.0,7,74
2025-03-29,12:00,Hyderabad,36.5,51,7.3,1008.8,0.0,10,70
2025-03-29,13:00,Mumbai,37.2,66,11.7,1006.0,0.0,8,81
2025-03-29,14:00,Delhi,29.0,45,7.9,1018.7,0.0,7,145
2025-03-29,15:00,Bangalore,27.4,48,9.7,1016.9,0.0,4,40
2025-03-29,16:00,Chennai,31.9,56,2.4,1016.9,0.0,2,51
2025-03-29,17:00,Hyderabad,29.7,57,5.5,1011.2,0.0,1,103
2025-03-29,18:00,Mumbai,26.3,69,3.0,1014.5,0.0,0,96
2025-03-29,19:00,Delhi,23.8,53,7.1,1024.0,0.0,0,158
2025-03-29,20:00,Bangalore,19.0,63,7.7,1021.9,0.0,0,84
2025-03-29,21:00,Chennai,24.6,77,7.1,1015.4,0.0,0,79
2025-03-29,22:00,Hyderabad,24.4,65,5.6,1016.0,0.0,0,87
2025-03-29,23:00,Mumbai,25.8,75,7.5,1011.8,0.0,0,113
2025-03-30,00:00,Delhi,21.4,49,7.3,1015.7,0.0,0,156
2025-03-30,01:00,Bangalore,21.3,71,5.6,1019.5,0.0,0,60
2025-03-30,02:00,Chennai,27.1,66,6.6,1012.7,0.0,0,69
2025-03-30,03:00,Hyderabad,29.7,57,8.6,1013.2,0.0,0,78
2025-03-30,04:00,Mumbai,27.5,72,13.4,1012.7,0.0,0,90
2025-03-30,05:00,Delhi,25.9,49,9.4,1017.1,0.0,0,148
2025-03-30,06:00,Bangalore,26.9,58,7.2,1013.6,0.0,0,67
2025-03-30,07:00,Chennai,28.5,61,3.8,1009.8,0.0,1,85
2025-03-30,08:00,Hyderabad,35.2,50,4.5,1009.1,0.0,3,86
2025-03-30,09:00,Mumbai,35.6,68,7.7,1015.6,0.0,5,114
2025-03-30,10:00,Delhi,30.6,43,10.7,1009.3,0.0,6,154
2025-03-30,11:00,Bangalore,28.7,60,7.2,1010.5,0.0,8,99
2025-03-30,12:00,Chennai,34.3,68,8.1,1013.4,0.0,10,82
2025-03-30,13:00,Hyderabad,35.8,51,6.4,1011.8,0.0,8,61
2025-03-30,14:00,Mumbai,30.9,65,6.6,1013.3,0.0,7,84
2025-03-30,15:00,Delhi,25.4,42,8.8,1017.7,0.0,5,156
2025-03-30,16:00,Bangalore,26.6,63,9.4,1012.2,0.0,2,65
2025-03-30,17:00,Chennai,28.0,74,7.3,1015.0,0.0,2,87
2025-03-30,18:00,Hyderabad,28.3,66,3.7,1011.6,19.6,0,91
2025-03-30,19:00,Mumbai,22.5,77,11.7,1020.2,0.0,0,81
2025-03-30,20:00,Delhi,20.1,59,5.4,1011.5,0.0,0,175
2025-03-30,21:00,Bangalore,19.9,59,7.8,1016.2,0.0,0,71
2025-03-30,22:00,Chennai,23.5,74,10.6,1012.3,0.0,0,58
2025-03-30,23:00,Hyderabad,22.8,58,12.1,1015.0,0.0,0,53
2025-03-31,00:00,Mumbai,26.2,74,4.9,1013.4,0.0,0,75
2025-03-31,01:00,Delhi,21.7,50,6.5,1018.2,0.0,0,153
2025-03-31,02:00,Bangalore,19.8,76,3.2,1019.6,0.0,0,56
2025-03-31,03:00,Chennai,26.7,76,5.6,1014.8,0.0,0,83
2025-03-31,04:00,Hyderabad,30.0,58,6.7,1012.6,0.0,0,94
2025-03-31,05:00,Mumbai,31.1,67,5.5,1014.6,0.0,0,93
2025-03-31,06:00,Delhi,26.2,50,4.5,1011.1,0.0,0,154
2025-03-31,07:00,Bangalore,25.5,61,11.8,1022.9,0.0,2,59
2025-03-31,08:00,Chennai,32.5,68,9.5,1016.1,0.0,3,82
2025-03-31,09:00,Hyderabad,35.1,50,6.9,1007.1,3.3,4,94
2025-03-31,10:00,Mumbai,33.2,63,4.3,1006.4,0.0,7,107
2025-03-31,11:00,Delhi,31.6,47,6.9,1008.9,0.0,8,174
2025-03-31,12:00,Bangalore,29.5,60,7.8,1013.5,0.0,10,94
2025-03-31,13:00,Chennai,33.0,69,10.1,1015.8,0.0,8,69
2025-03-31,14:00,Hyderabad,34.7,49,5.9,1016.2,0.0,7,74
2025-03-31,15:00,Mumbai,32.7,75,6.4,1015.7,0.0,4,93
2025-03-31,16:00,Delhi,22.7,53,10.3,1010.6,0.0,3,170
2025-03-31,17:00,Bangalore,24.9,61,10.2,1010.7,0.0,2,58
2025-03-31,18:00,Chennai,28.5,69,9.9,1010.1,0.0,0,124
2025-03-31,19:00,Hyderabad,30.5,55,12.3,1015.8,0.0,0,87
2025-03-31,20:00,Mumbai,24.4,79,8.3,1015.5,0.0,0,116
2025-03-31,21:00,Delhi,21.7,63,7.5,1013.6,0.0,0,139
2025-03-31,22:00,Bangalore,23.1,63,13.0,1018.0,0.0,0,59
2025-03-31,23:00,Chennai,24.7,76,10.6,1019.4,0.0,0,74
2025-04-01,00:00,Hyderabad,26.0,57,9.3,1011.9,0.0,0,84
2025-04-01,01:00,Mumbai,24.2,75,7.2,1012.3,0.0,0,119
2025-04-01,02:00,Delhi,22.5,55,9.6,1017.5,0.0,0,163
2025-04-01,03:00,Bangalore,23.5,69,9.2,1014.8,0.0,0,67
2025-04-01,04:00,Chennai,27.7,76,12.7,1008.6,0.0,0,81
2025-04-01,05:00,Hyderabad,30.0,58,9.3,1009.8,0.0,0,101
2025-04-01,06:00,Mumbai,31.6,77,8.3,1014.9,0.0,0,85
2025-04-01,07:00,Delhi,30.4,37,4.2,1011.7,0.0,1,164
2025-04-01,08:00,Bangalore,27.7,71,8.0,1012.8,0.0,2,88
2025-04-01,09:00,Chennai,34.4,66,14.6,1014.7,0.0,5,98
2025-04-01,10:00,Hyderabad,34.6,52,5.7,1011.0,0.0,5,86
2025-04-01,11:00,Mumbai,35.4,67,5.7,1008.3,0.0,8,88
2025-04-01,12:00,Delhi,31.4,51,11.7,1019.2,0.0,8,147
2025-04-01,13:00,Bangalore,31.3,59,7.2,1017.9,0.0,8,78
2025-04-01,14:00,Chennai,34.6,65,7.0,1009.9,0.0,6,85
2025-04-01,15:00,Hyderabad,30.9,48,7.5,1014.9,0.0,5,88
2025-04-01,16:00,Mumbai,29.9,65,11.0,1012.6,0.0,3,96
2025-04-01,17:00,Delhi,27.0,53,11.3,1017.0,0.0,3,175
2025-04-01,18:00,Bangalore,23.8,56,7.4,1013.4,0.0,0,76
2025-04-01,19:00,Chennai,26.3,64,8.2,1013.7,0.0,0,91
2025-04-01,20:00,Hyderabad,28.4,54,2.8,1015.3,0.0,0,87
2025-04-01,21:00,Mumbai,24.1,68,6.1,1015.5,0.0,0,93
2025-04-01,22:00,Delhi,22.6,57,3.7,1013.4,0.0,0,138
2025-04-01,23:00,Bangalore,19.1,70,6.4,1017.0,0.0,0,75
2025-04-02,00:00,Chennai,23.2,70,7.7,1016.9,0.0,0,81
2025-04-02,01:00,Hyderabad,28.0,64,3.0,1014.5,0.0,0,70
2025-04-02,02:00,Mumbai,26.6,73,10.0,1017.8,0.0,0,72
2025-04-02,03:00,Delhi,23.5,55,6.5,1015.6,0.0,0,142
2025-04-02,04:00,Bangalore,22.8,72,7.7,1014.1,0.0,0,59
2025-04-02,05:00,Chennai,29.4,71,12.9,1016.7,0.0,0,70
2025-04-02,06:00,Hyderabad,33.9,63,10.9,1016.9,0.0,0,81
2025-04-02,07:00,Mumbai,36.0,74,5.5,1005.1,0.0,1,67
2025-04-02,08:00,Delhi,26.8,60,8.2,1011.8,0.0,4,164
2025-04-02,09:00,Bangalore,29.5,61,9.3,1011.4,0.0,5,85
2025-04-02,10:00,Chennai,33.2,60,4.8,1015.8,0.0,6,77
2025-04-02,11:00,Hyderabad,37.7,52,6.3,1012.5,0.0,8,66
2025-04-02,12:00,Mumbai,34.2,60,9.6,1011.2,0.0,9,92
2025-04-02,13:00,Delhi,33.6,43,11.0,1013.1,0.0,8,162
2025-04-02,14:00,Bangalore,28.5,66,11.7,1013.7,0.0,6,75
2025-04-02,15:00,Chennai,32.0,73,7.8,1017.3,0.0,4,89
2025-04-02,16:00,Hyderabad,31.6,56,9.3,1008.5,0.0,2,80
2025-04-02,17:00,Mumbai,31.4,68,9.8,1012.8,0.0,0,67
2025-04-02,18:00,Delhi,25.2,51,2.0,1017.3,0.0,0,164
2025-04-02,19:00,Bangalore,22.7,61,1.4,1015.3,0.0,0,64
2025-04-02,20:00,Chennai,26.4,56,4.0,1012.1,0.0,0,93
2025-04-02,21:00,Hyderabad,25.9,61,8.5,1015.2,0.0,0,72
2025-04-02,22:00,Mumbai,26.4,74,7.4,1013.6,0.0,0,88
2025-04-02,23:00,Delhi,19.8,53,2.9,1017.7,0.0,0,139
2025-04-03,00:00,Bangalore,20.9,64,6.7,1017.0,0.0,0,75
2025-04-03,01:00,Chennai,28.6,67,8.6,1014.1,0.0,0,78
2025-04-03,02:00,Hyderabad,25.7,61,10.4,1018.4,0.0,0,91
2025-04-03,03:00,Mumbai,26.1,78,5.7,1018.0,0.0,0,86
2025-04-03,04:00,Delhi,22.3,53,4.3,1012.8,0.0,0,142
2025-04-03,05:00,Bangalore,25.6,66,5.2,1012.7,0.0,0,80
2025-04-03,06:00,Chennai,32.5,56,8.8,1014.6,0.0,0,76
2025-04-03,07:00,Hyderabad,31.5,49,8.7,1013.3,0.0,0,75
2025-04-03,08:00,Mumbai,32.0,66,5.2,1008.6,0.0,3,107
2025-04-03,09:00,Delhi,32.6,36,8.1,1013.2,0.0,4,163
2025-04-03,10:00,Bangalore,29.6,59,6.7,1012.9,0.0,5,73
2025-04-03,11:00,Chennai,37.0,63,8.9,1009.5,0.0,8,70
2025-04-03,12:00,Hyderabad,37.1,53,4.2,1012.9,0.0,10,66
2025-04-03,13:00,Mumbai,32.2,53,7.6,1013.0,0.8,8,87
2025-04-03,14:00,Delhi,30.0,43,5.8,1017.5,0.0,6,147
2025-04-03,15:00,Bangalore,29.2,72,12.3,1016.3,0.0,4,80
2025-04-03,16:00,Chennai,31.6,59,6.3,1003.7,0.0,2,56
2025-04-03,17:00,Hyderabad,30.1,54,7.5,1014.7,0.0,2,109
2025-04-03,18:00,Mumbai,27.3,71,2.9,1013.1,0.0,0,96
2025-04-03,19:00,Delhi,23.5,49,7.4,1015.5,0.0,0,181
2025-04-03,20:00,Bangalore,22.1,70,8.0,1015.4,0.0,0,91
2025-04-03,21:00,Chennai,24.8,76,5.0,1014.0,0.0,0,75
2025-04-03,22:00,Hyderabad,27.4,56,10.1,1011.9,0.0,0,95
2025-04-03,23:00,Mumbai,26.0,65,7.4,1014.8,0.0,0,87
2025-04-04,00:00,Delhi,21.3,53,11.0,1018.0,0.0,0,137
2025-04-04,01:00,Bangalore,21.2,66,5.0,1012.6,0.0,0,71
2025-04-04,02:00,Chennai,26.5,74,8.9,1015.5,0.0,0,76
2025-04-04,03:00,Hyderabad,29.3,53,4.5,1011.9,15.7,0,78
2025-04-04,04:00,Mumbai,31.6,74,14.6,1005.6,0.0,0,90
2025-04-04,05:00,Delhi,24.6,55,6.9,1014.4,0.0,0,152
2025-04-04,06:00,Bangalore,27.2,59,4.1,1013.3,0.0,0,55
2025-04-04,07:00,Chennai,30.8,64,9.0,1012.9,0.0,2,61
2025-04-04,08:00,Hyderabad,36.7,46,7.6,1009.1,0.0,4,110
2025-04-04,09:00,Mumbai,32.3,64,16.2,1010.1,0.0,5,106
2025-04-04,10:00,Delhi,28.3,51,8.8,1014.1,0.0,7,160
2025-04-04,11:00,Bangalore,29.3,71,6.3,1014.5,0.0,8,56
2025-04-04,12:00,Chennai,35.9,61,11.8,1012.6,0.0,9,77
2025-04-04,13:00,Hyderabad,33.4,47,10.8,1010.1,0.0,8,64
2025-04-04,14:00,Mumbai,37.0,55,9.2,1015.1,0.0,7,88
2025-04-04,15:00,Delhi,28.5,48,6.2,1015.2,0.0,4,136
2025-04-04,16:00,Bangalore,29.0,60,10.6,1012.5,0.0,2,68
2025-04-04,17:00,Chennai,31.0,72,10.3,1008.0,0.0,1,74
2025-04-04,18:00,Hyderabad,29.6,57,11.8,1011.8,0.0,0,86
2025-04-04,19:00,Mumbai,28.2,73,14.1,1016.5,0.0,0,89
2025-04-04,20:00,Delhi,24.7,45,2.9,1014.4,0.0,0,154
2025-04-04,21:00,Bangalore,22.2,61,8.0,1009.7,0.0,0,57
2025-04-04,22:00,Chennai,26.6,70,12.4,1004.7,2.8,0,76
2025-04-04,23:00,Hyderabad,25.7,63,10.9,1016.3,0.0,0,75
2025-04-05,00:00,Mumbai,22.9,77,7.8,1017.6,0.0,0,104
2025-04-05,01:00,Delhi,23.8,49,8.1,1013.4,0.0,0,144
2025-04-05,02:00,Bangalore,22.2,63,10.4,1016.3,0.0,0,75
2025-04-05,03:00,Chennai,29.3,69,5.6,1011.1,0.0,0,72
2025-04-05,04:00,Hyderabad,27.4,58,3.7,1011.2,0.0,0,89
2025-04-05,05:00,Mumbai,32.1,74,6.5,1011.2,0.0,0,89
2025-04-05,06:00,Delhi,27.0,51,13.8,1017.7,0.0,0,142
2025-04-05,07:00,Bangalore,26.5,62,7.9,1008.4,0.0,1,54
2025-04-05,08:00,Chennai,32.6,66,3.1,1014.3,0.0,3,84
2025-04-05,09:00,Hyderabad,37.7,55,8.9,1010.8,0.0,5,94
2025-04-05,10:00,Mumbai,35.3,70,9.0,1010.6,0.0,7,106
2025-04-05,11:00,Delhi,30.3,45,8.0,1011.5,0.0,8,175
2025-04-05,12:00,Bangalore,28.7,68,6.1,1013.3,0.0,9,67
2025-04-05,13:00,Chennai,33.1,68,11.4,1009.7,0.0,8,66
2025-04-05,14:00,Hyderabad,35.8,49,6.7,1014.9,0.0,7,78
2025-04-05,15:00,Mumbai,31.9,71,12.3,1007.4,0.0,4,87
2025-04-05,16:00,Delhi,28.3,53,6.8,1012.5,0.0,2,163
2025-04-05,17:00,Bangalore,28.3,62,0.0,1013.1,0.0,2,83
2025-04-05,18:00,Chennai,26.1,65,7.3,1011.0,0.0,0,78
2025-04-05,19:00,Hyderabad,27.4,53,10.9,1012.7,0.0,0,103
2025-04-05,20:00,Mumbai,23.7,69,3.3,1011.7,0.0,0,89
2025-04-05,21:00,Delhi,21.1,44,8.8,1014.6,0.0,0,162
2025-04-05,22:00,Bangalore,22.8,59,6.0,1013.6,0.0,0,62
2025-04-05,23:00,Chennai,24.8,80,11.0,1012.0,0.0,0,93
2025-04-06,00:00,Hyderabad,23.9,61,7.1,1017.7,0.0,0,61
2025-04-06,01:00,Mumbai,26.3,64,4.5,1015.8,0.0,0,105
2025-04-06,02:00,Delhi,23.8,56,8.6,1017.3,0.0,0,164
2025-04-06,03:00,Bangalore,20.4,72,6.8,1014.4,0.0,0,29
2025-04-06,04:00,Chennai,27.5,70,12.1,1011.7,0.0,0,90
2025-04-06,05:00,Hyderabad,29.7,46,3.6,1012.5,0.0,0,102
2025-04-06,06:00,Mumbai,31.7,68,8.2,1010.8,0.0,0,115
2025-04-06,07:00,Delhi,28.8,41,6.7,1018.7,0.0,1,133
2025-04-06,08:00,Bangalore,30.6,56,7.5,1012.1,0.0,3,70
2025-04-06,09:00,Chennai,34.4,56,3.0,1012.5,0.0,5,108
2025-04-06,10:00,Hyderabad,38.1,54,4.6,1011.5,0.0,6,100
2025-04-06,11:00,Mumbai,34.8,70,3.7,1010.2,0.0,8,93
2025-04-06,12:00,Delhi,28.6,44,14.4,1016.9,0.0,9,150
2025-04-06,13:00,Bangalore,29.9,57,4.9,1007.7,0.0,7,70
2025-04-06,14:00,Chennai,34.2,69,7.6,1012.1,0.0,7,57
2025-04-06,15:00,Hyderabad,32.3,53,7.4,1015.0,0.0,4,77
2025-04-06,16:00,Mumbai,30.9,67,7.1,1012.7,0.0,3,97
2025-04-06,17:00,Delhi,28.5,48,11.7,1010.6,0.0,1,163
2025-04-06,18:00,Bangalore,23.3,65,8.5,1011.8,0.0,0,89
2025-04-06,19:00,Chennai,30.2,65,8.5,1008.0,0.0,0,103
2025-04-06,20:00,Hyderabad,27.0,54,6.8,1013.4,0.0,0,91
2025-04-06,21:00,Mumbai,23.0,85,4.8,1018.9,0.0,0,88
2025-04-06,22:00,Delhi,24.2,53,15.0,1015.7,0.0,0,147
2025-04-06,23:00,Bangalore,24.6,66,11.1,1016.0,0.0,0,68
2025-04-07,00:00,Chennai,23.7,82,10.0,1021.3,0.0,0,48
2025-04-07,01:00,Hyderabad,28.1,53,8.5,1020.1,0.0,0,79
2025-04-07,02:00,Mumbai,27.5,73,6.5,1015.2,0.0,0,105
2025-04-07,03:00,Delhi,20.5,50,11.1,1008.0,0.0,0,140
2025-04-07,04:00,Bangalore,25.0,69,10.9,1012.1,0.0,0,48
2025-04-07,05:00,Chennai,29.4,71,11.4,1018.9,0.0,0,82
2025-04-07,06:00,Hyderabad,35.7,52,5.8,1012.3,0.0,0,85
2025-04-07,07:00,Mumbai,33.5,62,1.3,1010.5,0.0,1,75
2025-04-07,08:00,Delhi,26.9,46,13.1,1016.5,0.0,4,147
2025-04-07,09:00,Bangalore,27.7,56,9.6,1014.9,0.0,5,78
2025-04-07,10:00,Chennai,33.2,63,3.1,1012.3,0.0,6,102
2025-04-07,11:00,Hyderabad,38.1,39,2.0,1009.1,0.0,8,96
2025-04-07,12:00,Mumbai,34.9,67,8.7,1016.5,0.0,11,93
2025-04-07,13:00,Delhi,29.0,41,3.9,1015.3,0.0,7,155
2025-04-07,14:00,Bangalore,26.4,69,8.3,1017.1,0.0,7,81
2025-04-07,15:00,Chennai,33.2,65,6.8,1011.7,0.0,5,90
2025-04-07,16:00,Hyderabad,32.6,55,12.5,1012.0,0.0,3,81
2025-04-07,17:00,Mumbai,33.8,66,6.8,1009.0,0.0,2,112
2025-04-07,18:00,Delhi,26.0,47,5.6,1013.1,0.0,0,169
2025-04-07,19:00,Bangalore,25.2,65,8.3,1012.1,0.0,0,72
2025-04-07,20:00,Chennai,26.4,70,7.8,1017.5,0.0,0,111
2025-04-07,21:00,Hyderabad,27.2,58,4.2,1010.9,0.0,0,48
2025-04-07,22:00,Mumbai,24.3,68,5.3,1012.2,0.0,0,89
2025-04-07,23:00,Delhi,22.7,47,7.7,1011.6,0.0,0,144
2025-04-08,00:00,Bangalore,20.0,62,9.1,1010.7,0.0,0,70
2025-04-08,01:00,Chennai,26.0,66,6.8,1015.7,0.0,0,65
2025-04-08,02:00,Hyderabad,29.2,58,12.8,1012.9,0.0,0,77
2025-04-08,03:00,Mumbai,27.4,80,9.1,1013.5,0.0,0,103
2025-04-08,04:00,Delhi,25.2,44,7.4,1016.9,0.0,0,163
2025-04-08,05:00,Bangalore,23.4,64,11.2,1019.7,0.0,0,52
2025-04-08,06:00,Chennai,31.3,66,2.7,1008.2,16.1,0,66
2025-04-08,07:00,Hyderabad,31.9,48,11.4,1015.7,0.0,1,80
2025-04-08,08:00,Mumbai,32.4,67,5.3,1011.5,0.0,3,117
2025-04-08,09:00,Delhi,34.0,45,12.4,1013.2,0.0,4,151
2025-04-08,10:00,Bangalore,30.4,57,9.0,1014.8,0.0,6,80
2025-04-08,11:00,Chennai,39.5,57,3.5,1013.2,0.0,7,79
2025-04-08,12:00,Hyderabad,40.2,36,6.2,1008.7,0.0,10,78
2025-04-08,13:00,Mumbai,36.9,67,7.0,1011.3,0.0,7,102
2025-04-08,14:00,Delhi,33.6,32,13.1,1015.3,0.0,7,146
2025-04-08,15:00,Bangalore,27.0,56,5.1,1018.7,0.0,5,79
2025-04-08,16:00,Chennai,33.6,64,8.5,1009.7,0.0,2,89
2025-04-08,17:00,Hyderabad,31.2,58,8.3,1008.1,0.0,1,96
2025-04-08,18:00,Mumbai,30.0,68,6.9,1011.4,0.0,0,110
2025-04-08,19:00,Delhi,24.0,44,8.4,1018.3,0.0,0,169
2025-04-08,20:00,Bangalore,21.3,65,13.6,1017.0,0.0,0,76
2025-04-08,21:00,Chennai,27.7,65,8.8,1013.0,0.0,0,80
2025-04-08,22:00,Hyderabad,24.9,66,9.4,1011.4,0.0,0,71
2025-04-08,23:00,Mumbai,25.2,65,10.6,1021.7,0.0,0,98
2025-04-09,00:00,Delhi,23.4,43,7.1,1013.8,0.0,0,150
2025-04-09,01:00,Bangalore,21.2,63,10.6,1010.2,0.0,0,45
2025-04-09,02:00,Chennai,26.0,68,12.5,1016.0,0.0,0,65
2025-04-09,03:00,Hyderabad,29.6,61,12.2,1007.3,0.0,0,76
2025-04-09,04:00,Mumbai,29.6,72,5.3,1017.9,0.0,0,86
2025-04-09,05:00,Delhi,27.2,43,12.6,1008.5,0.0,0,149
2025-04-09,06:00,Bangalore,26.0,64,9.7,1017.2,0.0,0,81
2025-04-09,07:00,Chennai,32.5,60,5.9,1015.6,0.0,1,64
2025-04-09,08:00,Hyderabad,35.0,44,8.7,1012.9,0.0,4,78
2025-04-09,09:00,Mumbai,35.4,60,7.2,1012.8,0.0,5,102
2025-04-09,10:00,Delhi,32.2,38,8.6,1016.6,0.0,7,163
2025-04-09,11:00,Bangalore,33.2,50,10.5,1007.3,0.0,8,65
2025-04-09,12:00,Chennai,35.5,64,9.2,1015.4,0.0,10,80
2025-04-09,13:00,Hyderabad,35.3,59,5.1,1011.0,0.0,9,79
2025-04-09,14:00,Mumbai,31.0,69,10.1,1012.6,0.0,6,80
2025-04-09,15:00,Delhi,31.5,41,8.2,1012.8,0.0,4,148
2025-04-09,16:00,Bangalore,27.9,65,9.9,1021.0,0.0,3,58
2025-04-09,17:00,Chennai,28.3,66,7.8,1011.6,0.0,1,96
2025-04-09,18:00,Hyderabad,30.7,53,7.6,1014.0,0.0,0,95
2025-04-09,19:00,Mumbai,28.0,75,10.6,1017.6,0.0,0,112
2025-04-09,20:00,Delhi,23.5,44,8.6,1017.8,0.0,0,171
2025-04-09,21:00,Bangalore,23.0,62,5.9,1019.6,0.0,0,55
2025-04-09,22:00,Chennai,24.9,64,12.1,1017.0,0.0,0,71
2025-04-09,23:00,Hyderabad,24.3,58,6.4,1011.8,0.0,0,61
2025-04-10,00:00,Mumbai,24.9,69,10.4,1015.9,0.0,0,101
2025-04-10,01:00,Delhi,22.2,51,7.2,1013.5,0.0,0,146
2025-04-10,02:00,Bangalore,19.1,61,1.5,1022.9,0.0,0,57
2025-04-10,03:00,Chennai,29.4,74,4.2,1011.5,0.0,0,97
2025-04-10,04:00,Hyderabad,28.2,55,2.7,1011.3,0.0,0,66
2025-04-10,05:00,Mumbai,30.7,75,8.2,1014.6,0.0,0,87
2025-04-10,06:00,Delhi,27.2,37,5.0,1014.9,0.0,0,137
2025-04-10,07:00,Bangalore,29.4,55,4.1,1014.7,0.0,1,57
2025-04-10,08:00,Chennai,38.0,58,7.0,1010.5,0.0,4,75
2025-04-10,09:00,Hyderabad,34.8,53,11.0,1014.3,0.0,4,97
2025-04-10,10:00,Mumbai,36.2,66,8.4,1011.3,0.0,8,91
2025-04-10,11:00,Delhi,31.7,48,10.3,1014.6,0.0,8,125
2025-04-10,12:00,Bangalore,29.7,60,9.7,1015.0,0.0,9,68
2025-04-10,13:00,Chennai,33.9,67,2.2,1010.1,0.0,8,73
2025-04-10,14:00,Hyderabad,37.5,39,3.6,1013.5,0.0,6,69
2025-04-10,15:00,Mumbai,32.4,70,12.8,1011.5,0.0,4,96
2025-04-10,16:00,Delhi,30.3,43,8.7,1015.5,0.0,2,150
2025-04-10,17:00,Bangalore,25.0,63,10.5,1018.3,0.0,1,89
2025-04-10,18:00,Chennai,28.2,70,8.7,1014.5,0.0,0,86
2025-04-10,19:00,Hyderabad,26.3,58,7.5,1016.4,0.0,0,107
2025-04-10,20:00,Mumbai,26.7,66,7.6,1014.5,0.0,0,87
2025-04-10,21:00,Delhi,23.0,50,6.0,1013.6,10.4,0,144
2025-04-10,22:00,Bangalore,20.2,68,6.9,1015.2,0.0,0,67
2025-04-10,23:00,Chennai,26.4,72,9.4,1014.5,0.0,0,80
2025-04-11,00:00,Hyderabad,26.8,52,3.7,1014.9,0.0,0,64
2025-04-11,01:00,Mumbai,24.8,76,8.8,1013.3,0.0,0,93
2025-04-11,02:00,Delhi,25.3,54,3.5,1016.0,0.0,0,168
2025-04-11,03:00,Bangalore,22.5,69,7.2,1011.8,0.0,0,51
2025-04-11,04:00,Chennai,28.4,66,6.1,1016.7,0.0,0,51
2025-04-11,05:00,Hyderabad,33.0,55,3.2,1016.2,0.0,0,92
2025-04-11,06:00,Mumbai,32.9,70,9.1,1007.7,0.0,0,98
2025-04-11,07:00,Delhi,31.8,43,9.7,1012.3,0.0,2,166
2025-04-11,08:00,Bangalore,27.7,57,2.7,1019.5,0.0,3,76
2025-04-11,09:00,Chennai,35.3,56,8.7,1009.4,0.0,5,86
2025-04-11,10:00,Hyderabad,36.4,44,9.3,1011.2,0.0,7,101
2025-04-11,11:00,Mumbai,34.4,68,6.7,1014.2,0.0,9,86
2025-04-11,12:00,Delhi,35.5,42,12.0,1008.0,24.8,10,144
2025-04-11,13:00,Bangalore,29.9,62,8.4,1016.5,0.0,8,62
2025-04-11,14:00,Chennai,33.9,52,2.6,1014.3,5.8,7,81
2025-04-11,15:00,Hyderabad,32.7,44,6.7,1014.1,0.0,5,63
2025-04-11,16:00,Mumbai,31.2,66,7.4,1010.3,0.0,3,101
2025-04-11,17:00,Delhi,28.4,43,1.4,1013.6,0.0,1,183
2025-04-11,18:00,Bangalore,24.6,66,3.8,1016.2,0.0,0,89
2025-04-11,19:00,Chennai,29.1,72,6.6,1013.5,0.0,0,89
2025-04-11,20:00,Hyderabad,30.2,59,10.4,1013.6,0.0,0,73
2025-04-11,21:00,Mumbai,26.6,73,12.5,1011.2,0.0,0,99
2025-04-11,22:00,Delhi,23.2,50,6.7,1016.9,0.0,0,162
2025-04-11,23:00,Bangalore,18.4,68,6.4,1013.6,0.0,0,83
2025-04-12,00:00,Chennai,26.8,78,7.2,1012.0,0.0,0,76
2025-04-12,01:00,Hyderabad,26.8,58,5.9,1014.5,0.0,0,103
2025-04-12,02:00,Mumbai,28.1,67,10.8,1013.2,0.0,0,100
2025-04-12,03:00,Delhi,25.8,55,11.8,1014.9,0.0,0,135
2025-04-12,04:00,Bangalore,24.6,61,10.5,1012.5,3.1,0,68
2025-04-12,05:00,Chennai,32.2,66,5.1,1007.0,0.0,0,56
2025-04-12,06:00,Hyderabad,35.1,55,6.4,1011.4,0.0,0,82
2025-04-12,07:00,Mumbai,32.7,62,6.1,1014.4,0.0,1,122
2025-04-12,08:00,Delhi,31.6,39,9.8,1011.5,0.0,3,165
2025-04-12,09:00,Bangalore,27.9,68,9.2,1012.9,0.0,5,97
2025-04-12,10:00,Chennai,36.3,57,6.1,1012.2,0.0,6,91
2025-04-12,11:00,Hyderabad,34.3,48,6.3,1014.0,0.0,8,99
2025-04-12,12:00,Mumbai,36.6,71,9.1,1005.6,0.0,10,100
2025-04-12,13:00,Delhi,29.1,50,6.7,1006.1,0.0,7,145
2025-04-12,14:00,Bangalore,29.0,54,5.5,1014.4,0.0,6,61
2025-04-12,15:00,Chennai,35.2,62,8.9,1012.0,0.0,5,65
2025-04-12,16:00,Hyderabad,33.7,52,9.8,1011.1,0.0,3,97
2025-04-12,17:00,Mumbai,30.3,64,5.8,1021.3,0.0,0,123
2025-04-12,18:00,Delhi,26.1,50,7.0,1006.1,0.0,0,178
2025-04-12,19:00,Bangalore,24.0,55,7.5,1013.0,0.0,0,78
2025-04-12,20:00,Chennai,28.5,70,7.6,1012.8,0.0,0,86
2025-04-12,21:00,Hyderabad,27.4,67,5.0,1018.8,0.0,0,72
2025-04-12,22:00,Mumbai,24.9,66,4.4,1012.8,0.0,0,92
2025-04-12,23:00,Delhi,20.6,53,9.2,1023.4,0.0,0,145
2025-04-13,00:00,Bangalore,19.4,66,14.7,1014.7,0.0,0,74
2025-04-13,01:00,Chennai,24.3,83,6.7,1016.7,0.0,0,68
2025-04-13,02:00,Hyderabad,28.9,50,10.1,1011.4,0.0,0,94
2025-04-13,03:00,Mumbai,27.5,66,9.3,1013.3,0.0,0,90
2025-04-13,04:00,Delhi,26.5,44,11.3,1015.0,0.0,0,169
2025-04-13,05:00,Bangalore,27.9,64,5.5,1017.1,0.0,0,73
2025-04-13,06:00,Chennai,32.2,64,11.5,1017.6,0.0,0,63
2025-04-13,07:00,Hyderabad,33.5,49,9.4,1011.0,0.0,0,98
2025-04-13,08:00,Mumbai,33.0,59,7.5,1011.3,0.0,3,120
2025-04-13,09:00,Delhi,31.5,52,8.8,1009.5,0.0,6,172
2025-04-13,10:00,Bangalore,30.6,57,6.6,1019.0,0.0,6,76
2025-04-13,11:00,Chennai,35.8,65,11.6,1009.6,0.0,8,60
2025-04-13,12:00,Hyderabad,38.0,55,13.1,1006.1,0.0,10,96
2025-04-13,13:00,Mumbai,34.3,69,7.6,1015.8,11.4,8,94
2025-04-13,14:00,Delhi,32.8,43,9.3,1013.2,0.0,6,165
2025-04-13,15:00,Bangalore,29.5,55,6.5,1012.7,0.0,4,55
2025-04-13,16:00,Chennai,32.9,71,4.5,1011.4,0.0,3,70
2025-04-13,17:00,Hyderabad,32.2,58,13.0,1012.0,0.0,1,89
2025-04-13,18:00,Mumbai,29.1,69,7.4,1015.3,0.0,0,94
2025-04-13,19:00,Delhi,24.6,44,8.1,1010.6,0.0,0,189
2025-04-13,20:00,Bangalore,22.8,65,6.6,1016.3,0.0,0,98
2025-04-13,21:00,Chennai,24.7,84,10.2,1015.2,0.0,0,83
2025-04-13,22:00,Hyderabad,28.2,56,7.4,1016.8,0.0,0,102
2025-04-13,23:00,Mumbai,25.5,76,9.0,1015.3,0.0,0,97
2025-04-14,00:00,Delhi,22.8,50,8.7,1012.4,0.0,0,145
2025-04-14,01:00,Bangalore,22.1,60,12.2,1012.7,0.0,0,71
2025-04-14,02:00,Chennai,28.7,60,6.8,1010.8,0.0,0,63
2025-04-14,03:00,Hyderabad,29.5,45,4.3,1014.1,0.0,0,88
2025-04-14,04:00,Mumbai,30.2,53,7.0,1014.3,0.0,0,67
2025-04-14,05:00,Delhi,29.2,42,11.6,1012.0,0.0,0,128
2025-04-14,06:00,Bangalore,27.1,62,16.2,1010.6,0.0,0,75
2025-04-14,07:00,Chennai,33.3,61,13.9,1014.3,0.0,2,68
2025-04-14,08:00,Hyderabad,38.0,53,10.7,1009.8,0.0,2,89
2025-04-14,09:00,Mumbai,33.7,62,11.5,1008.5,0.0,5,109
2025-04-14,10:00,Delhi,32.5,42,7.0,1014.1,0.0,6,167
2025-04-14,11:00,Bangalore,30.5,57,10.8,1012.5,0.0,8,64
2025-04-14,12:00,Chennai,37.7,67,9.2,1014.5,0.0,10,72
2025-04-14,13:00,Hyderabad,37.5,42,7.3,1011.8,0.0,9,63
2025-04-14,14:00,Mumbai,36.6,66,3.2,1008.0,0.0,6,110
2025-04-14,15:00,Delhi,30.7,44,8.5,1013.4,0.0,4,136
2025-04-14,16:00,Bangalore,29.6,54,13.4,1008.4,0.0,3,61
2025-04-14,17:00,Chennai,32.4,67,2.7,1013.8,0.0,1,75
2025-04-14,18:00,Hyderabad,33.1,58,4.3,1013.2,0.0,0,93
2025-04-14,19:00,Mumbai,27.9,68,9.6,1011.9,0.0,0,99
2025-04-14,20:00,Delhi,23.1,43,9.0,1016.7,0.0,0,156
2025-04-14,21:00,Bangalore,25.8,64,5.0,1017.7,0.0,0,52
2025-04-14,22:00,Chennai,24.5,77,5.7,1012.7,0.0,0,83
2025-04-14,23:00,Hyderabad,29.5,59,9.7,1016.6,0.0,0,77
2025-04-15,00:00,Mumbai,24.4,73,7.2,1015.4,0.0,0,92
2025-04-15,01:00,Delhi,23.1,44,8.6,1011.3,0.0,0,161
2025-04-15,02:00,Bangalore,25.1,71,9.9,1018.0,0.0,0,45
2025-04-15,03:00,Chennai,29.9,77,8.5,1003.9,0.0,0,87
2025-04-15,04:00,Hyderabad,31.1,57,8.5,1011.6,0.0,0,83
2025-04-15,05:00,Mumbai,30.8,65,7.6,1013.0,0.0,0,76
2025-04-15,06:00,Delhi,27.7,52,4.2,1017.0,0.0,0,139
2025-04-15,07:00,Bangalore,28.1,57,7.7,1017.2,0.0,2,75
2025-04-15,08:00,Chennai,35.1,58,10.1,1009.5,0.0,3,88
2025-04-15,09:00,Hyderabad,36.1,45,7.0,1013.9,0.0,5,100
2025-04-15,10:00,Mumbai,36.8,74,13.5,1015.6,0.0,6,92
2025-04-15,11:00,Delhi,32.8,35,7.3,1003.9,0.0,8,134
2025-04-15,12:00,Bangalore,32.7,60,8.8,1007.1,0.0,10,81
2025-04-15,13:00,Chennai,35.7,57,13.9,1012.4,0.0,8,80
2025-04-15,14:00,Hyderabad,37.6,51,7.0,1006.5,0.0,7,66
2025-04-15,15:00,Mumbai,32.6,70,10.6,1012.9,0.0,5,93
2025-04-15,16:00,Delhi,29.1,42,7.3,1009.8,0.0,3,143
2025-04-15,17:00,Bangalore,28.3,52,13.9,1013.9,0.0,1,60
2025-04-15,18:00,Chennai,27.8,69,5.3,1015.7,0.0,0,77
2025-04-15,19:00,Hyderabad,29.5,57,7.8,1019.8,0.0,0,94
2025-04-15,20:00,Mumbai,29.0,72,6.2,1010.5,0.0,0,102
2025-04-15,21:00,Delhi,22.3,49,6.9,1011.7,17.2,0,150
2025-04-15,22:00,Bangalore,19.0,67,6.1,1014.9,0.0,0,61
2025-04-15,23:00,Chennai,24.3,72,11.4,1011.2,0.0,0,63
2025-04-16,00:00,Hyderabad,27.1,52,6.1,1017.4,0.0,0,100
2025-04-16,01:00,Mumbai,31.2,74,6.4,1016.3,0.0,0,80
2025-04-16,02:00,Delhi,24.2,47,8.5,1014.2,0.0,0,152
2025-04-16,03:00,Bangalore,23.8,58,8.0,1011.9,0.0,0,62
2025-04-16,04:00,Chennai,33.5,68,4.2,1010.5,0.0,0,71
2025-04-16,05:00,Hyderabad,32.0,52,16.6,1011.1,0.0,0,68
2025-04-16,06:00,Mumbai,32.4,72,1.4,1004.4,0.0,0,86
2025-04-16,07:00,Delhi,30.1,34,4.8,1013.7,0.0,1,158
2025-04-16,08:00,Bangalore,30.2,60,7.7,1011.9,0.0,3,99
2025-04-16,09:00,Chennai,38.1,54,7.8,1008.8,0.0,4,78
2025-04-16,10:00,Hyderabad,37.6,51,8.1,1009.9,0.0,7,88
2025-04-16,11:00,Mumbai,39.3,63,11.8,1014.1,0.0,8,102
2025-04-16,12:00,Delhi,33.3,47,9.0,1007.6,0.0,11,145
2025-04-16,13:00,Bangalore,30.2,56,13.6,1008.1,0.0,8,72
2025-04-16,14:00,Chennai,35.3,63,7.5,1013.0,0.0,6,59
2025-04-16,15:00,Hyderabad,37.1,60,5.4,1008.1,0.0,5,98
2025-04-16,16:00,Mumbai,32.7,55,11.2,1010.6,0.0,3,107
2025-04-16,17:00,Delhi,27.8,50,6.7,1014.8,0.0,1,173
2025-04-16,18:00,Bangalore,25.3,61,13.3,1013.1,0.0,0,94
2025-04-16,19:00,Chennai,28.2,70,4.7,1013.0,0.0,0,89
2025-04-16,20:00,Hyderabad,29.2,50,5.6,1012.5,0.0,0,79
2025-04-16,21:00,Mumbai,26.4,70,6.8,1010.0,0.0,0,76
2025-04-16,22:00,Delhi,20.9,50,3.8,1015.2,0.0,0,132
2025-04-16,23:00,Bangalore,21.2,61,4.0,1016.3,0.0,0,66
2025-04-17,00:00,Chennai,25.6,73,10.2,1011.1,0.0,0,90
2025-04-17,01:00,Hyderabad,28.7,64,13.1,1017.6,0.0,0,98
2025-04-17,02:00,Mumbai,25.8,80,5.3,1011.4,0.0,0,90
2025-04-17,03:00,Delhi,25.4,54,7.5,1021.6,0.0,0,151
2025-04-17,04:00,Bangalore,24.8,66,11.0,1016.0,0.0,0,53
2025-04-17,05:00,Chennai,35.2,58,8.8,1010.2,0.0,0,57
2025-04-17,06:00,Hyderabad,33.4,58,8.3,1010.7,0.0,0,66
2025-04-17,07:00,Mumbai,33.3,74,2.0,1008.1,0.0,1,95
2025-04-17,08:00,Delhi,32.5,41,5.2,1010.5,0.0,4,147
2025-04-17,09:00,Bangalore,30.8,67,7.8,1014.3,0.0,5,88
2025-04-17,10:00,Chennai,33.7,65,5.8,1016.6,0.0,7,84
2025-04-17,11:00,Hyderabad,38.5,44,10.3,1006.3,18.4,9,84
2025-04-17,12:00,Mumbai,38.9,58,1.8,1014.3,0.0,10,96
2025-04-17,13:00,Delhi,33.0,37,8.8,1013.7,0.0,8,166
2025-04-17,14:00,Bangalore,30.3,59,11.1,1014.8,0.0,7,58
2025-04-17,15:00,Chennai,33.3,57,8.1,1013.6,0.0,4,92
2025-04-17,16:00,Hyderabad,36.4,45,5.6,1013.5,0.0,3,92
2025-04-17,17:00,Mumbai,30.0,58,11.3,1015.1,0.0,1,90
2025-04-17,18:00,Delhi,26.9,45,8.5,1012.8,0.0,0,177
2025-04-17,19:00,Bangalore,24.1,61,10.2,1009.9,0.0,0,72
2025-04-17,20:00,Chennai,27.7,71,8.2,1011.3,23.9,0,94
2025-04-17,21:00,Hyderabad,28.3,64,9.3,1013.4,0.0,0,83
2025-04-17,22:00,Mumbai,24.5,72,10.2,1015.3,0.0,0,83
2025-04-17,23:00,Delhi,20.7,53,2.6,1013.1,0.0,0,156
2025-04-18,00:00,Bangalore,22.8,73,6.6,1011.0,0.0,0,75
2025-04-18,01:00,Chennai,27.9,63,10.1,1016.3,0.0,0,76
2025-04-18,02:00,Hyderabad,28.7,62,5.2,1015.5,0.0,0,83
2025-04-18,03:00,Mumbai,27.6,77,6.4,1012.4,0.0,0,80
2025-04-18,04:00,Delhi,26.7,56,7.0,1013.6,0.0,0,137
2025-04-18,05:00,Bangalore,27.6,59,9.2,1012.5,0.0,0,57
2025-04-18,06:00,Chennai,33.7,63,7.8,1010.1,0.0,0,115
2025-04-18,07:00,Hyderabad,35.0,59,3.6,1007.7,0.0,1,76
2025-04-18,08:00,Mumbai,35.8,73,5.4,1007.3,0.0,2,107
2025-04-18,09:00,Delhi,32.5,40,10.8,1010.0,0.0,5,154
2025-04-18,10:00,Bangalore,33.2,54,10.3,1010.4,0.0,7,87
2025-04-18,11:00,Chennai,35.0,59,7.3,1011.6,0.0,8,68
2025-04-18,12:00,Hyderabad,35.3,47,4.5,1012.5,0.0,10,96
2025-04-18,13:00,Mumbai,37.1,66,7.5,1011.5,0.0,8,82
2025-04-18,14:00,Delhi,34.8,40,7.1,1011.0,18.0,6,143
2025-04-18,15:00,Bangalore,30.1,64,1.7,1012.6,0.0,5,69
2025-04-18,16:00,Chennai,33.1,69,10.4,1010.0,0.0,4,77
2025-04-18,17:00,Hyderabad,32.4,55,10.6,1014.9,0.0,0,101
2025-04-18,18:00,Mumbai,30.7,68,6.1,1018.4,0.0,0,101
2025-04-18,19:00,Delhi,24.2,45,4.9,1017.1,0.0,0,166
2025-04-18,20:00,Bangalore,20.7,67,6.4,1010.2,0.0,0,53
2025-04-18,21:00,Chennai,26.4,69,4.1,1013.6,0.0,0,77
2025-04-18,22:00,Hyderabad,28.0,54,11.0,1013.8,0.0,0,57
2025-04-18,23:00,Mumbai,23.5,75,7.5,1013.5,8.8,0,75
2025-04-19,00:00,Delhi,25.9,44,4.8,1015.8,0.0,0,150
2025-04-19,01:00,Bangalore,22.0,59,6.9,1021.7,0.0,0,48
2025-04-19,02:00,Chennai,27.3,76,13.9,1009.0,0.0,0,75
2025-04-19,03:00,Hyderabad,29.3,51,10.8,1014.9,0.0,0,89
2025-04-19,04:00,Mumbai,33.7,71,4.4,1010.2,0.0,0,79
2025-04-19,05:00,Delhi,28.8,53,5.1,1016.9,0.0,0,155
2025-04-19,06:00,Bangalore,27.7,62,7.3,1011.6,0.0,0,83
2025-04-19,07:00,Chennai,33.6,52,6.0,1008.6,0.0,0,59
2025-04-19,08:00,Hyderabad,35.7,52,11.5,1011.4,0.0,3,89
2025-04-19,09:00,Mumbai,35.2,68,4.2,1007.3,0.0,5,116
2025-04-19,10:00,Delhi,32.6,53,8.6,1013.5,0.0,7,168
2025-04-19,11:00,Bangalore,33.3,68,7.5,1010.4,0.0,8,87
2025-04-19,12:00,Chennai,38.9,64,8.8,1010.5,0.0,10,83
2025-04-19,13:00,Hyderabad,37.1,49,8.3,1007.1,0.0,8,79
2025-04-19,14:00,Mumbai,36.8,73,10.5,1012.5,0.0,7,110
2025-04-19,15:00,Delhi,29.9,52,14.6,1011.2,0.0,5,110
2025-04-19,16:00,Bangalore,24.2,59,2.4,1016.5,0.0,4,73
2025-04-19,17:00,Chennai,30.6,64,8.5,1013.6,0.0,1,107
2025-04-19,18:00,Hyderabad,33.6,46,9.2,1010.8,0.0,0,94
2025-04-19,19:00,Mumbai,27.2,73,12.0,1014.5,11.2,0,114
2025-04-19,20:00,Delhi,25.1,53,12.0,1012.7,0.0,0,162
2025-04-19,21:00,Bangalore,23.2,64,9.4,1010.4,0.0,0,49
2025-04-19,22:00,Chennai,29.7,69,4.4,1017.1,0.0,0,64
2025-04-19,23:00,Hyderabad,26.4,55,8.5,1010.6,0.0,0,69
2025-04-20,00:00,Mumbai,28.0,77,10.0,1011.7,0.0,0,108
2025-04-20,01:00,Delhi,21.3,53,11.2,1017.7,0.0,0,185
2025-04-20,02:00,Bangalore,24.9,62,9.9,1009.2,0.0,0,60
2025-04-20,03:00,Chennai,29.9,74,2.9,1018.1,0.0,0,52
2025-04-20,04:00,Hyderabad,30.1,56,5.7,1015.5,0.0,0,77
2025-04-20,05:00,Mumbai,32.9,71,10.5,1016.5,0.0,0,104
2025-04-20,06:00,Delhi,29.9,40,5.5,1009.0,0.0,0,146
2025-04-20,07:00,Bangalore,28.7,60,10.4,1011.0,0.0,1,78
2025-04-20,08:00,Chennai,37.3,59,7.8,1004.3,0.0,4,83
2025-04-20,09:00,Hyderabad,36.7,52,8.1,1010.7,0.0,5,96
2025-04-20,10:00,Mumbai,36.8,71,6.2,1011.3,0.0,7,81
2025-04-20,11:00,Delhi,33.0,49,12.4,1012.3,0.0,9,151
2025-04-20,12:00,Bangalore,31.0,62,9.5,1014.9,0.0,10,55
2025-04-20,13:00,Chennai,33.7,60,12.4,1012.6,0.0,9,58
2025-04-20,14:00,Hyderabad,39.0,52,10.1,1011.1,4.1,7,69
2025-04-20,15:00,Mumbai,33.1,73,4.9,1011.9,0.0,4,71
2025-04-20,16:00,Delhi,27.4,51,12.2,1012.3,0.0,3,148
2025-04-20,17:00,Bangalore,29.8,59,2.4,1015.8,0.0,1,60
2025-04-20,18:00,Chennai,29.6,69,9.4,1009.6,0.0,0,79
2025-04-20,19:00,Hyderabad,30.0,60,3.2,1015.8,0.0,0,87
2025-04-20,20:00,Mumbai,29.1,67,5.9,1006.7,0.0,0,93
2025-04-20,21:00,Delhi,23.5,47,9.9,1013.8,0.0,0,169
2025-04-20,22:00,Bangalore,21.2,62,0.4,1019.1,0.0,0,58
2025-04-20,23:00,Chennai,26.4,71,11.1,1018.4,0.0,0,75
2025-04-21,00:00,Hyderabad,27.5,57,8.8,1015.2,0.0,0,87
2025-04-21,01:00,Mumbai,28.1,73,9.7,1012.2,0.0,0,93
2025-04-21,02:00,Delhi,23.3,56,7.2,1012.8,0.0,0,139
2025-04-21,03:00,Bangalore,21.9,58,2.4,1012.0,0.0,0,62
2025-04-21,04:00,Chennai,32.7,63,7.6,1005.3,0.0,0,75
2025-04-21,05:00,Hyderabad,34.3,52,6.9,1008.0,0.0,0,69
2025-04-21,06:00,Mumbai,33.3,71,8.1,1013.6,0.0,1,88
2025-04-21,07:00,Delhi,31.5,43,7.3,1013.3,0.0,1,159
2025-04-21,08:00,Bangalore,31.4,67,8.8,1010.5,0.0,4,59
2025-04-21,09:00,Chennai,34.9,63,4.6,1014.9,0.0,4,93
2025-04-21,10:00,Hyderabad,39.6,44,7.7,1012.8,0.0,6,81
2025-04-21,11:00,Mumbai,36.9,60,8.9,1004.5,0.0,9,86
2025-04-21,12:00,Delhi,33.0,47,2.2,1013.1,0.0,11,143
2025-04-21,13:00,Bangalore,27.5,61,9.9,1014.5,0.0,9,70
2025-04-21,14:00,Chennai,34.3,69,11.3,1009.6,0.0,8,64
2025-04-21,15:00,Hyderabad,35.3,52,5.2,1015.7,0.0,4,105
2025-04-21,16:00,Mumbai,31.5,66,9.1,1011.0,0.0,3,103
2025-04-21,17:00,Delhi,28.9,45,4.8,1016.8,0.0,1,176
2025-04-21,18:00,Bangalore,26.9,60,15.4,1013.8,0.0,0,75
2025-04-21,19:00,Chennai,32.4,58,9.0,1010.0,0.0,0,83
2025-04-21,20:00,Hyderabad,31.7,59,9.3,1013.5,0.0,0,115
2025-04-21,21:00,Mumbai,29.4,68,11.7,1013.6,0.0,0,110
2025-04-21,22:00,Delhi,25.7,53,1.9,1015.2,0.0,0,154
2025-04-21,23:00,Bangalore,21.4,66,10.2,1014.6,0.0,0,44
2025-04-22,00:00,Chennai,30.3,65,14.3,1007.0,0.0,0,85
2025-04-22,01:00,Hyderabad,28.6,65,5.4,1009.8,0.0,0,62
2025-04-22,02:00,Mumbai,28.1,75,11.7,1013.8,0.0,0,87
2025-04-22,03:00,Delhi,26.5,38,8.9,1012.1,0.0,0,134
2025-04-22,04:00,Bangalore,26.4,59,9.6,1015.4,0.0,0,77
2025-04-22,05:00,Chennai,34.0,60,12.9,1013.3,0.0,0,83
2025-04-22,06:00,Hyderabad,31.9,55,7.6,1015.0,0.0,0,78
2025-04-22,07:00,Mumbai,33.8,69,8.3,1013.0,0.0,1,86
2025-04-22,08:00,Delhi,32.9,36,1.8,1012.6,0.0,3,183
2025-04-22,09:00,Bangalore,31.0,67,12.7,1013.0,0.0,4,112
2025-04-22,10:00,Chennai,39.4,63,6.9,1011.5,0.0,7,101
2025-04-22,11:00,Hyderabad,40.3,50,12.3,1008.4,0.0,8,92
2025-04-22,12:00,Mumbai,34.4,62,12.0,1014.4,0.0,10,85
2025-04-22,13:00,Delhi,31.6,44,9.8,1009.2,0.0,8,147
2025-04-22,14:00,Bangalore,29.8,53,7.4,1015.9,0.0,7,56
2025-04-22,15:00,Chennai,31.7,70,3.4,1012.8,0.0,5,42
2025-04-22,16:00,Hyderabad,34.3,49,8.3,1019.5,0.0,4,86
2025-04-22,17:00,Mumbai,33.5,67,6.5,1010.2,0.0,1,100
2025-04-22,18:00,Delhi,27.3,44,8.1,1017.3,0.0,0,173
2025-04-22,19:00,Bangalore,24.5,71,7.0,1013.4,0.0,0,74
2025-04-22,20:00,Chennai,30.0,62,9.7,1010.3,0.0,0,88
2025-04-22,21:00,Hyderabad,31.8,54,4.6,1010.2,0.0,0,97
2025-04-22,22:00,Mumbai,27.8,84,9.0,1018.2,0.0,0,115
2025-04-22,23:00,Delhi,22.1,44,7.8,1015.4,0.0,0,140
2025-04-23,00:00,Bangalore,19.8,80,10.4,1013.0,0.0,0,55
2025-04-23,01:00,Chennai,25.9,73,6.6,1017.2,0.0,0,71
2025-04-23,02:00,Hyderabad,30.6,48,10.1,1012.7,0.0,0,87
2025-04-23,03:00,Mumbai,28.6,78,4.8,1008.1,0.0,0,92
2025-04-23,04:00,Delhi,25.8,43,7.4,1018.8,0.0,0,156
2025-04-23,05:00,Bangalore,27.9,57,8.2,1018.2,0.0,0,42
2025-04-23,06:00,Chennai,32.8,62,12.4,1012.5,0.0,0,83
2025-04-23,07:00,Hyderabad,38.2,51,6.9,1008.7,0.0,1,81
2025-04-23,08:00,Mumbai,37.5,67,8.2,1009.9,0.0,2,96
2025-04-23,09:00,Delhi,34.6,38,5.9,1014.0,0.0,6,171
2025-04-23,10:00,Bangalore,33.3,55,7.5,1012.3,0.0,7,90
2025-04-23,11:00,Chennai,36.4,60,6.4,1014.5,0.0,9,87
2025-04-23,12:00,Hyderabad,38.9,47,7.9,1013.5,0.0,11,81
2025-04-23,13:00,Mumbai,35.7,63,7.8,1010.0,0.0,9,84
2025-04-23,14:00,Delhi,31.8,38,10.9,1011.5,0.0,6,140
2025-04-23,15:00,Bangalore,28.1,59,8.4,1015.3,0.0,5,65
2025-04-23,16:00,Chennai,31.5,61,10.9,1015.8,0.0,4,80
2025-04-23,17:00,Hyderabad,31.9,41,4.7,1011.7,0.0,1,113
2025-04-23,18:00,Mumbai,33.7,62,5.4,1006.0,0.0,0,110
2025-04-23,19:00,Delhi,27.9,51,7.1,1015.3,0.0,0,155
2025-04-23,20:00,Bangalore,21.4,64,6.6,1016.2,0.0,0,82
2025-04-23,21:00,Chennai,30.5,71,8.5,1009.4,0.0,0,90
2025-04-23,22:00,Hyderabad,28.3,45,9.8,1008.8,10.6,0,82
2025-04-23,23:00,Mumbai,25.3,71,6.4,1018.5,0.0,0,77
2025-04-24,00:00,Delhi,24.6,39,4.2,1015.6,0.0,0,146
2025-04-24,01:00,Bangalore,21.9,69,7.7,1014.7,0.0,0,76
2025-04-24,02:00,Chennai,29.1,64,11.7,1012.5,0.0,0,75
2025-04-24,03:00,Hyderabad,32.7,51,2.3,1007.0,0.0,0,93
2025-04-24,04:00,Mumbai,31.9,66,6.7,1011.7,0.0,0,81
2025-04-24,05:00,Delhi,27.6,40,7.6,1011.9,0.0,0,153
2025-04-24,06:00,Bangalore,29.4,57,9.1,1010.5,0.0,1,44
2025-04-24,07:00,Chennai,32.6,61,5.4,1009.8,0.0,1,85
2025-04-24,08:00,Hyderabad,36.1,46,9.0,1010.0,0.0,3,112
2025-04-24,09:00,Mumbai,35.0,64,10.2,1017.2,0.0,5,83
2025-04-24,10:00,Delhi,35.2,33,5.3,1011.7,0.0,8,162
2025-04-24,11:00,Bangalore,33.9,58,14.1,1013.5,0.0,8,57
2025-04-24,12:00,Chennai,35.2,61,7.4,1014.0,0.0,11,64
2025-04-24,13:00,Hyderabad,36.6,63,4.5,1009.2,0.0,8,56
2025-04-24,14:00,Mumbai,34.9,65,10.3,1011.8,0.0,7,84
2025-04-24,15:00,Delhi,30.5,43,6.6,1012.0,0.0,5,161
2025-04-24,16:00,Bangalore,27.5,64,12.0,1014.4,0.0,3,44
2025-04-24,17:00,Chennai,30.8,69,9.6,1015.1,0.0,1,80
2025-04-24,18:00,Hyderabad,35.3,54,11.3,1006.3,0.0,0,94
2025-04-24,19:00,Mumbai,27.9,73,9.1,1013.3,0.0,0,91
2025-04-24,20:00,Delhi,26.0,43,6.4,1013.1,0.0,0,149
2025-04-24,21:00,Bangalore,20.9,73,7.1,1010.8,0.0,0,74
2025-04-24,22:00,Chennai,24.7,64,7.8,1017.4,0.0,0,74
2025-04-24,23:00,Hyderabad,29.6,53,8.8,1013.8,0.0,0,94
2025-04-25,00:00,Mumbai,28.0,68,10.3,1018.8,0.0,0,86
2025-04-25,01:00,Delhi,23.4,52,6.5,1013.1,0.0,0,152
2025-04-25,02:00,Bangalore,23.7,64,8.4,1018.2,0.0,0,46
2025-04-25,03:00,Chennai,29.8,69,5.1,1015.5,0.0,0,54
2025-04-25,04:00,Hyderabad,33.3,37,5.2,1008.2,0.0,0,71
2025-04-25,05:00,Mumbai,31.4,69,0.4,1015.7,0.0,0,107
2025-04-25,06:00,Delhi,28.8,41,8.8,1012.7,0.0,0,149
2025-04-25,07:00,Bangalore,30.2,58,8.7,1018.2,0.0,2,62
2025-04-25,08:00,Chennai,36.8,56,7.4,1013.9,0.0,3,70
2025-04-25,09:00,Hyderabad,37.8,40,8.5,1012.2,0.0,5,88
2025-04-25,10:00,Mumbai,37.3,66,0.5,1016.2,0.0,7,98
2025-04-25,11:00,Delhi,33.6,45,6.9,1012.1,0.0,8,138
2025-04-25,12:00,Bangalore,28.9,64,13.9,1013.7,0.0,10,67
2025-04-25,13:00,Chennai,36.7,58,8.8,1010.4,0.0,9,77
2025-04-25,14:00,Hyderabad,37.8,47,8.5,1014.6,0.0,7,73
2025-04-25,15:00,Mumbai,35.6,66,12.6,1008.7,0.0,4,86
2025-04-25,16:00,Delhi,32.2,40,10.0,1007.4,0.0,4,151
2025-04-25,17:00,Bangalore,27.9,64,8.7,1011.2,0.0,2,87
2025-04-25,18:00,Chennai,30.5,56,7.7,1019.1,0.0,0,84
2025-04-25,19:00,Hyderabad,32.8,49,7.0,1009.7,0.0,0,111
2025-04-25,20:00,Mumbai,30.0,61,4.5,1013.9,0.0,0,103
2025-04-25,21:00,Delhi,22.3,49,9.5,1014.5,0.0,0,142
2025-04-25,22:00,Bangalore,21.6,67,7.2,1017.8,0.0,0,78
2025-04-25,23:00,Chennai,25.4,67,4.2,1017.7,0.0,0,74
2025-04-26,00:00,Hyderabad,30.4,53,0.7,1008.7,0.0,0,81
2025-04-26,01:00,Mumbai,27.7,69,8.6,1015.1,0.0,0,104
2025-04-26,02:00,Delhi,25.5,50,7.8,1011.6,0.0,0,117
2025-04-26,03:00,Bangalore,25.9,55,14.4,1016.3,0.0,0,86
2025-04-26,04:00,Chennai,32.5,69,5.4,1010.4,0.0,0,54
2025-04-26,05:00,Hyderabad,32.3,50,4.4,1010.1,0.0,0,70
2025-04-26,06:00,Mumbai,34.9,65,1.6,1012.6,0.0,0,113
2025-04-26,07:00,Delhi,29.0,45,5.7,1011.5,21.4,1,153
2025-04-26,08:00,Bangalore,31.6,62,12.0,1011.6,0.0,3,57
2025-04-26,09:00,Chennai,39.4,67,5.3,1013.9,0.0,5,99
2025-04-26,10:00,Hyderabad,38.1,38,10.3,1014.1,0.0,7,79
2025-04-26,11:00,Mumbai,36.9,62,10.1,1012.7,0.0,9,81
2025-04-26,12:00,Delhi,32.4,38,7.9,1007.6,0.0,10,144
2025-04-26,13:00,Bangalore,30.2,52,3.4,1009.5,0.0,9,80
2025-04-26,14:00,Chennai,35.4,62,10.0,1014.1,0.0,8,76
2025-04-26,15:00,Hyderabad,35.1,49,9.3,1006.0,0.0,6,98
2025-04-26,16:00,Mumbai,34.7,71,11.3,1005.4,0.0,3,88
2025-04-26,17:00,Delhi,29.0,56,4.6,1013.5,0.0,1,156
2025-04-26,18:00,Bangalore,28.5,59,5.1,1010.4,0.0,0,86
2025-04-26,19:00,Chennai,31.3,70,3.7,1008.8,0.0,0,64
2025-04-26,20:00,Hyderabad,29.0,58,7.8,1016.9,0.0,0,89
2025-04-26,21:00,Mumbai,27.4,72,9.4,1010.9,0.0,0,73
2025-04-26,22:00,Delhi,23.4,56,10.8,1011.2,0.0,0,152
2025-04-26,23:00,Bangalore,21.9,67,6.9,1017.9,0.0,0,46
2025-04-27,00:00,Chennai,27.1,77,11.5,1010.7,0.0,0,85
2025-04-27,01:00,Hyderabad,27.9,41,5.9,1013.5,0.0,0,81
2025-04-27,02:00,Mumbai,29.6,73,7.0,1012.8,0.0,0,87
2025-04-27,03:00,Delhi,26.8,47,7.9,1014.5,0.0,0,142
2025-04-27,04:00,Bangalore,27.8,58,5.8,1011.0,0.0,0,44
2025-04-27,05:00,Chennai,32.2,73,6.9,1011.1,0.0,0,98
2025-04-27,06:00,Hyderabad,35.0,48,6.5,1012.1,0.0,0,94
2025-04-27,07:00,Mumbai,34.2,61,8.7,1012.7,0.0,1,94
2025-04-27,08:00,Delhi,31.7,50,2.8,1011.4,0.0,3,136
2025-04-27,09:00,Bangalore,33.6,53,11.9,1007.3,0.0,5,70
2025-04-27,10:00,Chennai,38.1,56,1.6,1005.3,0.0,7,84
2025-04-27,11:00,Hyderabad,39.8,53,10.9,1012.5,0.0,9,71
2025-04-27,12:00,Mumbai,39.2,63,8.1,1010.4,23.4,11,75
2025-04-27,13:00,Delhi,33.4,46,8.2,1011.8,0.0,9,156
2025-04-27,14:00,Bangalore,31.2,65,8.4,1017.3,0.0,7,62
2025-04-27,15:00,Chennai,32.7,70,10.5,1016.8,0.0,6,80
2025-04-27,16:00,Hyderabad,33.3,51,10.2,1007.5,0.0,3,74
2025-04-27,17:00,Mumbai,29.1,67,10.6,1010.9,0.0,1,82
2025-04-27,18:00,Delhi,28.1,55,3.8,1016.3,0.0,0,146
2025-04-27,19:00,Bangalore,28.3,58,8.0,1008.4,0.0,0,71
2025-04-27,20:00,Chennai,29.3,56,5.5,1019.5,0.0,0,110
2025-04-27,21:00,Hyderabad,27.9,49,8.6,1015.7,0.0,0,92
2025-04-27,22:00,Mumbai,28.3,58,7.6,1012.4,0.0,0,96
2025-04-27,23:00,Delhi,23.5,48,3.3,1015.6,0.0,0,152
2025-04-28,00:00,Bangalore,22.7,71,7.0,1011.9,0.0,0,76
2025-04-28,01:00,Chennai,27.3,66,7.7,1013.6,0.0,0,69
2025-04-28,02:00,Hyderabad,30.0,52,6.1,1013.5,0.0,0,63
2025-04-28,03:00,Mumbai,28.2,73,4.6,1014.4,0.0,0,102
2025-04-28,04:00,Delhi,27.1,51,4.6,1011.4,0.0,0,147
2025-04-28,05:00,Bangalore,28.6,67,13.6,1013.1,0.0,0,56
2025-04-28,06:00,Chennai,34.9,68,7.1,1010.2,0.0,0,70
2025-04-28,07:00,Hyderabad,35.8,48,9.8,1008.3,0.0,1,85
2025-04-28,08:00,Mumbai,36.8,58,5.3,1010.7,0.0,3,103
2025-04-28,09:00,Delhi,33.8,42,7.5,1011.5,0.0,6,151
2025-04-28,10:00,Bangalore,33.5,59,8.0,1008.1,0.0,7,65
2025-04-28,11:00,Chennai,36.9,58,6.6,1009.9,0.0,8,63
2025-04-28,12:00,Hyderabad,37.2,47,8.7,1005.4,0.0,11,83
2025-04-28,13:00,Mumbai,35.9,61,8.6,1004.3,0.0,9,77
2025-04-28,14:00,Delhi,33.4,43,6.7,1008.2,0.0,7,149
2025-04-28,15:00,Bangalore,31.5,59,6.3,1009.1,0.0,4,61
2025-04-28,16:00,Chennai,34.8,71,0.4,1012.4,0.0,3,67
2025-04-28,17:00,Hyderabad,34.4,50,7.4,1012.7,0.0,1,94
2025-04-28,18:00,Mumbai,32.7,67,7.9,1015.0,0.0,0,103
2025-04-28,19:00,Delhi,25.8,40,8.5,1012.1,0.0,0,162
2025-04-28,20:00,Bangalore,21.3,68,7.9,1014.2,0.0,0,88
2025-04-28,21:00,Chennai,28.2,76,14.1,1015.1,0.0,0,49
2025-04-28,22:00,Hyderabad,29.3,62,7.1,1008.2,0.0,0,59
2025-04-28,23:00,Mumbai,25.5,67,5.5,1022.2,0.0,0,93
2025-04-29,00:00,Delhi,23.4,56,8.2,1013.0,0.0,0,127
2025-04-29,01:00,Bangalore,22.7,71,7.8,1012.0,0.0,0,59
2025-04-29,02:00,Chennai,29.1,67,10.5,1015.6,0.0,0,73
2025-04-29,03:00,Hyderabad,30.9,60,11.3,1007.1,0.0,0,91
2025-04-29,04:00,Mumbai,31.3,80,5.4,1020.1,0.0,0,87
2025-04-29,05:00,Delhi,28.5,38,8.4,1017.1,0.0,0,145
2025-04-29,06:00,Bangalore,29.6,55,7.7,1013.9,0.0,0,59
2025-04-29,07:00,Chennai,37.0,58,4.9,1012.2,0.0,1,78
2025-04-29,08:00,Hyderabad,38.1,47,5.9,1008.9,0.0,3,81
2025-04-29,09:00,Mumbai,36.2,65,4.6,1011.2,0.0,4,100
2025-04-29,10:00,Delhi,32.6,48,5.9,1010.6,0.0,7,157
2025-04-29,11:00,Bangalore,32.8,58,11.8,1005.2,0.0,9,56
2025-04-29,12:00,Chennai,39.0,68,8.8,1009.7,0.0,10,85
2025-04-29,13:00,Hyderabad,41.3,42,12.3,1011.6,0.0,9,72
2025-04-29,14:00,Mumbai,34.6,62,10.8,1015.9,0.0,7,87
2025-04-29,15:00,Delhi,30.5,48,6.3,1009.5,0.0,5,144
2025-04-29,16:00,Bangalore,28.4,57,7.4,1011.0,0.0,4,63
2025-04-29,17:00,Chennai,32.3,67,10.5,1013.4,0.0,1,87
2025-04-29,18:00,Hyderabad,32.2,55,5.6,1013.2,0.0,0,77
2025-04-29,19:00,Mumbai,29.2,72,4.6,1014.6,0.0,0,104
2025-04-29,20:00,Delhi,24.5,50,4.8,1013.1,0.0,0,172
2025-04-29,21:00,Bangalore,22.5,64,6.4,1021.5,0.0,0,58
2025-04-29,22:00,Chennai,29.4,65,7.5,1014.7,0.0,0,80
2025-04-29,23:00,Hyderabad,29.3,48,8.3,1017.5,0.0,0,92
2025-04-30,00:00,Mumbai,27.3,77,8.8,1012.0,0.0,0,88
2025-04-30,01:00,Delhi,26.9,51,4.6,1014.4,20.7,0,140
2025-04-30,02:00,Bangalore,24.8,67,8.7,1012.1,0.0,0,68
2025-04-30,03:00,Chennai,28.5,59,7.5,1010.0,0.0,0,69
2025-04-30,04:00,Hyderabad,32.5,50,7.4,1009.2,0.0,0,86
2025-04-30,05:00,Mumbai,33.5,62,7.7,1008.7,0.0,0,101
2025-04-30,06:00,Delhi,32.4,41,7.4,1011.5,0.0,0,136
2025-04-30,07:00,Bangalore,29.3,65,5.3,1006.0,0.0,2,52
2025-04-30,08:00,Chennai,35.1,65,3.6,1014.3,0.0,4,74
2025-04-30,09:00,Hyderabad,38.4,44,7.6,1014.8,0.0,5,90
2025-04-30,10:00,Mumbai,35.3,60,10.0,1012.9,0.0,7,100
2025-04-30,11:00,Delhi,37.3,39,5.5,1010.9,0.0,8,147
2025-04-30,12:00,Bangalore,30.7,53,9.5,1016.8,0.0,10,56
2025-04-30,13:00,Chennai,39.2,57,11.0,1014.9,0.0,8,81
2025-04-30,14:00,Hyderabad,37.6,42,9.4,1010.2,0.0,6,92
2025-04-30,15:00,Mumbai,32.5,69,5.7,1008.1,0.0,5,85
2025-04-30,16:00,Delhi,30.3,49,8.2,1010.7,0.0,3,169
2025-04-30,17:00,Bangalore,26.6,64,2.8,1015.0,0.0,2,68
2025-04-30,18:00,Chennai,31.3,64,7.8,1012.0,0.0,0,69
2025-04-30,19:00,Hyderabad,31.3,55,6.8,1014.6,0.0,0,99
2025-04-30,20:00,Mumbai,26.9,72,7.0,1020.5,0.0,0,106
2025-04-30,21:00,Delhi,24.3,51,3.8,1018.6,0.0,0,132
2025-04-30,22:00,Bangalore,24.6,56,4.3,1015.9,0.0,0,79
2025-04-30,23:00,Chennai,30.2,73,6.2,1013.9,0.0,0,95
2025-05-01,00:00,Hyderabad,29.7,51,3.0,1012.9,0.0,0,60
2025-05-01,01:00,Mumbai,28.6,71,3.6,1014.9,18.6,0,106
2025-05-01,02:00,Delhi,26.2,50,7.6,1013.9,0.0,0,127
2025-05-01,03:00,Bangalore,24.8,68,7.8,1013.0,0.0,0,56
2025-05-01,04:00,Chennai,31.5,65,11.4,1013.9,0.0,0,81
2025-05-01,05:00,Hyderabad,31.1,53,7.1,1009.8,0.0,0,101
2025-05-01,06:00,Mumbai,33.5,63,10.5,1013.1,0.0,0,76
2025-05-01,07:00,Delhi,30.3,48,9.0,1012.3,0.0,1,149
2025-05-01,08:00,Bangalore,30.5,58,8.2,1017.0,0.0,3,69
2025-05-01,09:00,Chennai,41.3,56,9.7,1006.9,0.0,6,86
2025-05-01,10:00,Hyderabad,38.8,55,11.6,1006.1,0.0,7,95
2025-05-01,11:00,Mumbai,35.6,73,10.0,1012.8,0.0,9,86
2025-05-01,12:00,Delhi,34.9,45,8.2,1015.0,0.0,11,138
2025-05-01,13:00,Bangalore,30.0,64,7.8,1013.2,0.0,9,78
2025-05-01,14:00,Chennai,35.6,66,12.3,1013.3,0.0,7,76
2025-05-01,15:00,Hyderabad,38.1,48,12.0,1009.2,0.0,4,75
2025-05-01,16:00,Mumbai,35.0,63,7.2,1019.6,0.0,4,94
2025-05-01,17:00,Delhi,28.1,45,8.4,1013.5,0.0,1,171
2025-05-01,18:00,Bangalore,28.2,59,11.4,1016.1,0.0,0,84
2025-05-01,19:00,Chennai,28.6,65,9.9,1006.8,0.0,0,86
2025-05-01,20:00,Hyderabad,30.1,51,8.1,1013.2,0.0,0,68
2025-05-01,21:00,Mumbai,26.5,67,9.9,1014.1,0.0,0,90
2025-05-01,22:00,Delhi,22.9,46,5.8,1014.8,0.0,0,160
2025-05-01,23:00,Bangalore,24.7,69,10.5,1010.1,0.0,0,70
2025-05-02,00:00,Chennai,27.6,64,8.2,1014.2,0.0,0,73
2025-05-02,01:00,Hyderabad,31.0,42,13.3,1012.2,0.0,0,91
2025-05-02,02:00,Mumbai,26.6,74,3.0,1016.5,0.0,0,92
2025-05-02,03:00,Delhi,24.6,49,11.2,1016.0,0.0,0,131
2025-05-02,04:00,Bangalore,27.5,65,7.5,1014.1,0.0,0,77
2025-05-02,05:00,Chennai,30.3,70,12.0,1015.6,0.0,0,70
2025-05-02,06:00,Hyderabad,34.8,54,7.4,1014.4,0.0,0,82
2025-05-02,07:00,Mumbai,35.7,68,9.7,1011.7,0.0,1,85
2025-05-02,08:00,Delhi,31.7,50,3.4,1008.8,0.0,3,163
2025-05-02,09:00,Bangalore,32.3,58,6.9,1016.6,0.0,5,85
2025-05-02,10:00,Chennai,36.8,59,7.3,1007.4,0.0,8,87
2025-05-02,11:00,Hyderabad,38.6,41,8.4,1013.9,0.0,9,80
2025-05-02,12:00,Mumbai,35.4,59,8.9,1011.1,0.0,10,113
2025-05-02,13:00,Delhi,33.0,39,7.1,1012.6,0.0,9,147
2025-05-02,14:00,Bangalore,32.3,57,10.3,1015.6,0.0,6,59
2025-05-02,15:00,Chennai,35.8,64,7.1,1012.3,0.0,6,71
2025-05-02,16:00,Hyderabad,34.3,48,8.3,1008.0,0.0,4,86
2025-05-02,17:00,Mumbai,32.1,74,8.9,1012.8,0.0,1,99
2025-05-02,18:00,Delhi,28.1,43,7.1,1017.4,11.7,0,162
2025-05-02,19:00,Bangalore,25.2,66,9.3,1011.8,0.0,0,98
2025-05-02,20:00,Chennai,31.1,68,7.0,1011.8,0.0,0,102
2025-05-02,21:00,Hyderabad,30.0,56,9.2,1010.2,0.0,0,77
2025-05-02,22:00,Mumbai,24.5,73,6.0,1011.7,0.0,0,112
2025-05-02,23:00,Delhi,24.4,44,14.2,1015.4,0.0,0,130
2025-05-03,00:00,Bangalore,23.9,64,10.7,1019.6,0.0,0,63
2025-05-03,01:00,Chennai,28.7,68,10.2,1021.2,0.0,0,86
2025-05-03,02:00,Hyderabad,30.6,50,9.5,1006.5,0.0,0,90
2025-05-03,03:00,Mumbai,31.8,73,8.3,1013.3,0.0,0,105
2025-05-03,04:00,Delhi,29.3,51,12.5,1011.3,0.0,0,142
2025-05-03,05:00,Bangalore,30.7,61,4.7,1014.6,0.0,0,80
2025-05-03,06:00,Chennai,35.2,70,7.2,1012.5,0.0,0,75
2025-05-03,07:00,Hyderabad,33.8,53,7.9,1011.2,0.0,2,101
2025-05-03,08:00,Mumbai,36.7,60,6.6,1010.6,0.0,4,114
2025-05-03,09:00,Delhi,36.2,48,1.4,1009.6,0.0,5,150
2025-05-03,10:00,Bangalore,30.8,64,7.1,1016.8,0.0,6,87
2025-05-03,11:00,Chennai,35.3,68,12.5,1010.9,0.0,7,85
2025-05-03,12:00,Hyderabad,40.4,43,7.6,1013.2,18.8,10,86
2025-05-03,13:00,Mumbai,40.9,59,8.6,1010.2,0.0,9,84
2025-05-03,14:00,Delhi,32.2,43,4.0,1015.1,0.0,8,141
2025-05-03,15:00,Bangalore,31.5,57,4.2,1009.5,0.0,5,75
2025-05-03,16:00,Chennai,34.6,70,5.6,1011.5,0.0,4,76
2025-05-03,17:00,Hyderabad,34.7,64,6.0,1012.9,0.0,1,93
2025-05-03,18:00,Mumbai,32.1,69,7.9,1008.9,0.0,0,106
2025-05-03,19:00,Delhi,26.6,47,8.5,1016.1,0.0,0,179
2025-05-03,20:00,Bangalore,24.7,64,10.5,1013.9,0.0,0,68
2025-05-03,21:00,Chennai,28.8,69,4.1,1013.0,0.0,0,81
2025-05-03,22:00,Hyderabad,29.2,62,11.7,1020.6,0.0,0,84
2025-05-03,23:00,Mumbai,25.7,78,4.1,1010.3,0.0,0,62
2025-05-04,00:00,Delhi,24.4,49,4.0,1009.6,0.0,0,145
2025-05-04,01:00,Bangalore,23.7,58,5.1,1017.3,0.0,0,53
2025-05-04,02:00,Chennai,33.9,76,5.8,1014.4,0.0,0,63
2025-05-04,03:00,Hyderabad,31.6,57,14.4,1014.6,0.0,0,94
2025-05-04,04:00,Mumbai,31.0,67,5.9,1013.7,0.0,0,93
2025-05-04,05:00,Delhi,29.7,44,13.1,1016.6,0.0,0,141
2025-05-04,06:00,Bangalore,27.8,59,9.7,1008.6,0.0,0,53
2025-05-04,07:00,Chennai,39.4,61,10.2,1010.4,0.0,1,71
2025-05-04,08:00,Hyderabad,38.6,47,8.4,1007.3,0.0,4,94
2025-05-04,09:00,Mumbai,38.9,60,2.3,1008.8,0.0,5,111
2025-05-04,10:00,Delhi,34.2,47,4.7,1013.5,0.0,6,176
2025-05-04,11:00,Bangalore,34.1,63,5.9,1007.7,0.0,9,71
2025-05-04,12:00,Chennai,37.8,63,7.0,1007.2,0.0,11,74
2025-05-04,13:00,Hyderabad,39.8,49,9.6,1013.7,0.0,9,68
2025-05-04,14:00,Mumbai,39.6,65,17.8,1012.6,0.0,7,107
2025-05-04,15:00,Delhi,33.1,48,6.8,1010.2,0.0,6,165
2025-05-04,16:00,Bangalore,28.6,64,0.1,1013.1,0.0,3,69
2025-05-04,17:00,Chennai,32.7,71,8.7,1012.7,0.0,2,95
2025-05-04,18:00,Hyderabad,32.9,47,6.6,1011.4,0.0,0,94
2025-05-04,19:00,Mumbai,29.2,73,7.8,1012.6,0.0,0,77
2025-05-04,20:00,Delhi,25.1,51,6.7,1012.5,0.0,0,155
2025-05-04,21:00,Bangalore,25.0,56,10.1,1015.4,0.0,0,86
2025-05-04,22:00,Chennai,30.4,63,6.2,1017.3,0.0,0,72
2025-05-04,23:00,Hyderabad,30.0,58,10.5,1018.8,0.0,0,78
2025-05-05,00:00,Mumbai,28.0,70,6.1,1011.7,12.5,0,89
2025-05-05,01:00,Delhi,22.8,53,12.7,1013.5,0.0,0,150
2025-05-05,02:00,Bangalore,23.2,63,4.9,1015.2,0.0,0,83
2025-05-05,03:00,Chennai,29.8,68,6.4,1005.9,0.0,0,82
2025-05-05,04:00,Hyderabad,34.7,50,10.7,1007.8,0.0,0,68
2025-05-05,05:00,Mumbai,34.6,63,9.0,1017.5,0.0,0,115
2025-05-05,06:00,Delhi,29.3,41,13.9,1013.1,0.0,0,142
2025-05-05,07:00,Bangalore,29.5,56,10.1,1009.3,0.0,1,56
2025-05-05,08:00,Chennai,40.7,62,10.8,1012.1,0.0,3,91
2025-05-05,09:00,Hyderabad,39.2,50,11.6,1006.1,0.0,5,106
2025-05-05,10:00,Mumbai,37.4,59,8.8,1012.0,0.0,7,92
2025-05-05,11:00,Delhi,34.2,49,6.3,1014.0,0.0,10,178
2025-05-05,12:00,Bangalore,32.4,54,6.9,1017.7,0.0,11,76
2025-05-05,13:00,Chennai,36.5,62,4.5,1009.9,0.0,10,75
2025-05-05,14:00,Hyderabad,37.8,52,5.7,1005.9,0.0,8,63
2025-05-05,15:00,Mumbai,34.9,60,7.1,1016.8,0.0,6,89
2025-05-05,16:00,Delhi,30.7,43,11.2,1008.3,0.0,3,156
2025-05-05,17:00,Bangalore,29.1,57,6.7,1011.3,0.0,2,102
2025-05-05,18:00,Chennai,33.0,69,6.1,1016.7,0.0,1,90
2025-05-05,19:00,Hyderabad,31.0,54,7.2,1006.7,0.0,0,103
2025-05-05,20:00,Mumbai,29.1,77,9.8,1015.8,0.0,0,113
2025-05-05,21:00,Delhi,22.5,43,9.2,1015.6,0.0,0,157
2025-05-05,22:00,Bangalore,23.0,70,6.3,1016.2,0.0,0,68
2025-05-05,23:00,Chennai,28.2,62,3.7,1014.4,0.0,0,76
2025-05-06,00:00,Hyderabad,28.7,52,5.8,1017.9,0.0,0,71
2025-05-06,01:00,Mumbai,27.6,65,8.0,1012.8,0.0,0,104
2025-05-06,02:00,Delhi,27.0,51,4.5,1015.1,0.0,0,140
2025-05-06,03:00,Bangalore,26.5,62,8.9,1017.1,0.0,0,46
2025-05-06,04:00,Chennai,31.5,77,9.0,1008.3,0.0,0,68
2025-05-06,05:00,Hyderabad,34.1,51,10.2,1014.3,0.0,0,77
2025-05-06,06:00,Mumbai,32.4,70,7.5,1016.8,0.0,0,65
2025-05-06,07:00,Delhi,29.1,51,13.2,1010.5,0.0,0,159
2025-05-06,08:00,Bangalore,31.7,56,8.1,1013.4,0.0,4,68
2025-05-06,09:00,Chennai,38.1,68,3.1,1015.9,0.0,5,81
2025-05-06,10:00,Hyderabad,37.0,46,10.1,1013.3,16.3,7,90
2025-05-06,11:00,Mumbai,36.7,65,6.5,1016.5,0.0,8,95
2025-05-06,12:00,Delhi,32.8,58,10.2,1008.1,0.0,10,155
2025-05-06,13:00,Bangalore,31.6,58,7.5,1013.9,0.0,8,48
2025-05-06,14:00,Chennai,37.7,62,13.8,1013.1,0.0,7,79
2025-05-06,15:00,Hyderabad,36.2,46,12.4,1014.5,0.0,4,79
2025-05-06,16:00,Mumbai,34.2,69,7.1,1006.3,0.0,4,77
2025-05-06,17:00,Delhi,27.2,49,6.9,1016.6,0.0,1,147
2025-05-06,18:00,Bangalore,24.9,60,6.8,1016.7,0.0,0,106
2025-05-06,19:00,Chennai,31.0,66,3.9,1014.7,0.0,0,69
2025-05-06,20:00,Hyderabad,30.8,57,7.2,1013.6,0.0,0,80
2025-05-06,21:00,Mumbai,30.5,64,7.1,1011.6,0.0,0,108
2025-05-06,22:00,Delhi,22.7,40,9.4,1013.5,0.0,0,158
2025-05-06,23:00,Bangalore,24.0,69,2.4,1014.2,0.0,0,78
2025-05-07,00:00,Chennai,30.3,67,9.7,1009.3,0.0,0,85
2025-05-07,01:00,Hyderabad,29.7,55,10.7,1012.9,0.0,0,53
2025-05-07,02:00,Mumbai,28.7,70,4.7,1014.5,0.0,0,100
2025-05-07,03:00,Delhi,28.3,46,4.5,1015.8,0.0,0,156
2025-05-07,04:00,Bangalore,28.4,55,8.4,1008.0,0.0,0,66
2025-05-07,05:00,Chennai,34.8,69,12.3,1007.1,0.0,0,82
2025-05-07,06:00,Hyderabad,35.8,45,6.4,1011.6,0.0,0,81
2025-05-07,07:00,Mumbai,36.1,74,5.2,1011.8,0.0,1,76
2025-05-07,08:00,Delhi,35.4,40,3.2,1011.9,0.0,3,165
2025-05-07,09:00,Bangalore,32.7,58,9.3,1015.2,0.0,5,68
2025-05-07,10:00,Chennai,37.4,67,8.4,1011.7,0.0,7,107
2025-05-07,11:00,Hyderabad,37.9,52,14.3,1009.9,0.0,9,78
2025-05-07,12:00,Mumbai,39.2,64,8.0,1010.7,0.0,11,95
2025-05-07,13:00,Delhi,33.1,42,9.0,1010.3,0.0,9,119
2025-05-07,14:00,Bangalore,30.6,62,10.6,1015.9,0.0,6,61
2025-05-07,15:00,Chennai,36.9,56,4.3,1013.4,0.0,5,101
2025-05-07,16:00,Hyderabad,34.2,50,7.2,1010.1,0.0,3,59
2025-05-07,17:00,Mumbai,32.8,72,11.6,1012.7,0.0,1,91
2025-05-07,18:00,Delhi,25.9,44,10.6,1013.5,0.0,0,168
2025-05-07,19:00,Bangalore,26.8,62,6.5,1011.8,0.0,0,78
2025-05-07,20:00,Chennai,28.0,73,5.6,1012.4,0.0,0,97
2025-05-07,21:00,Hyderabad,32.1,56,13.6,1013.3,0.0,0,84
2025-05-07,22:00,Mumbai,28.8,72,10.9,1015.1,0.0,0,78
2025-05-07,23:00,Delhi,25.2,49,9.6,1013.9,0.0,0,151
2025-05-08,00:00,Bangalore,20.7,70,4.2,1011.7,0.0,0,66
2025-05-08,01:00,Chennai,29.8,70,8.3,1011.3,0.0,0,68
2025-05-08,02:00,Hyderabad,31.8,56,5.4,1011.7,0.0,0,78
2025-05-08,03:00,Mumbai,31.7,71,6.2,1011.5,0.0,0,91
2025-05-08,04:00,Delhi,28.5,48,10.8,1017.2,0.0,0,146
2025-05-08,05:00,Bangalore,31.9,66,7.5,1016.9,0.0,0,67
2025-05-08,06:00,Chennai,34.2,54,6.3,1005.8,0.0,0,94
2025-05-08,07:00,Hyderabad,35.6,60,11.3,1006.4,0.0,2,68
2025-05-08,08:00,Mumbai,33.2,66,9.9,1014.3,0.0,4,115
2025-05-08,09:00,Delhi,33.0,43,9.5,1012.7,0.0,5,133
2025-05-08,10:00,Bangalore,34.7,56,7.8,1012.3,0.0,8,80
2025-05-08,11:00,Chennai,37.1,71,10.3,1007.8,0.0,9,66
2025-05-08,12:00,Hyderabad,41.3,47,12.0,1012.9,0.0,11,65
2025-05-08,13:00,Mumbai,37.3,73,11.3,1013.0,0.0,9,121
2025-05-08,14:00,Delhi,34.2,36,6.8,1014.0,0.0,7,141
2025-05-08,15:00,Bangalore,31.7,63,13.3,1010.1,0.0,5,56
2025-05-08,16:00,Chennai,34.1,64,4.0,1016.5,0.0,3,65
2025-05-08,17:00,Hyderabad,34.0,60,8.1,1016.8,0.0,1,98
2025-05-08,18:00,Mumbai,31.7,76,8.3,1018.6,0.0,0,99
2025-05-08,19:00,Delhi,26.4,49,1.6,1015.3,0.0,0,136
2025-05-08,20:00,Bangalore,24.9,65,7.8,1018.4,0.0,0,83
2025-05-08,21:00,Chennai,32.3,64,9.6,1012.4,0.0,0,76
2025-05-08,22:00,Hyderabad,29.3,56,10.4,1007.1,0.0,0,61
2025-05-08,23:00,Mumbai,31.3,76,12.1,1013.0,0.0,0,100
2025-05-09,00:00,Delhi,24.0,39,8.5,1017.8,0.0,0,135
2025-05-09,01:00,Bangalore,23.5,64,6.1,1016.7,0.0,0,84
2025-05-09,02:00,Chennai,31.5,75,6.6,1013.7,0.0,0,89
2025-05-09,03:00,Hyderabad,32.1,48,12.1,1008.2,0.0,0,75
2025-05-09,04:00,Mumbai,33.0,59,8.0,1010.8,0.0,0,109
2025-05-09,05:00,Delhi,30.4,44,5.0,1016.3,0.0,0,140
2025-05-09,06:00,Bangalore,30.5,58,8.2,1016.4,0.0,0,66
2025-05-09,07:00,Chennai,35.4,65,10.5,1009.7,0.0,2,62
2025-05-09,08:00,Hyderabad,35.1,46,3.2,1018.8,0.0,4,103
2025-05-09,09:00,Mumbai,38.3,65,5.8,1010.8,0.0,6,96
2025-05-09,10:00,Delhi,34.1,46,6.2,1008.7,0.0,7,170
2025-05-09,11:00,Bangalore,35.4,51,10.4,1009.4,0.0,9,62
2025-05-09,12:00,Chennai,37.5,60,7.8,1007.1,0.0,11,68
2025-05-09,13:00,Hyderabad,39.7,54,12.2,1011.9,0.0,9,88
2025-05-09,14:00,Mumbai,36.2,72,10.5,1014.2,0.0,7,112
2025-05-09,15:00,Delhi,30.4,44,10.9,1011.2,0.0,4,156
2025-05-09,16:00,Bangalore,28.0,67,9.1,1012.3,0.0,3,59
2025-05-09,17:00,Chennai,33.4,74,5.0,1018.2,0.0,1,79
2025-05-09,18:00,Hyderabad,34.4,50,4.6,1010.8,0.0,0,78
2025-05-09,19:00,Mumbai,30.8,72,8.2,1014.6,0.0,0,94
2025-05-09,20:00,Delhi,25.4,44,11.2,1016.9,0.0,0,168
2025-05-09,21:00,Bangalore,22.2,55,7.0,1021.5,0.0,0,43
2025-05-09,22:00,Chennai,28.6,68,4.3,1015.2,0.0,0,61
2025-05-09,23:00,Hyderabad,28.8,60,8.4,1011.8,0.0,0,94
2025-05-10,00:00,Mumbai,28.4,69,8.9,1011.9,0.0,0,86
2025-05-10,01:00,Delhi,25.8,56,11.5,1010.8,0.0,0,143
2025-05-10,02:00,Bangalore,24.5,66,9.6,1011.7,0.0,0,81
2025-05-10,03:00,Chennai,29.4,75,10.8,1011.9,0.0,0,88
2025-05-10,04:00,Hyderabad,33.1,49,7.4,1012.5,0.0,0,55
2025-05-10,05:00,Mumbai,36.1,71,8.6,1009.0,0.0,0,86
2025-05-10,06:00,Delhi,32.7,35,5.1,1008.7,0.0,0,156
2025-05-10,07:00,Bangalore,29.6,63,10.3,1012.7,0.0,2,81
2025-05-10,08:00,Chennai,33.8,62,9.5,1017.1,0.0,4,98
2025-05-10,09:00,Hyderabad,39.0,55,10.2,1012.1,0.0,5,100
2025-05-10,10:00,Mumbai,39.9,64,9.9,1008.8,0.0,7,104
2025-05-10,11:00,Delhi,34.7,53,10.3,1013.1,0.0,9,161
2025-05-10,12:00,Bangalore,33.7,47,12.0,1011.8,0.0,10,88
2025-05-10,13:00,Chennai,37.4,59,9.3,1003.8,14.4,9,76
2025-05-10,14:00,Hyderabad,39.0,47,9.3,1012.3,0.0,6,76
2025-05-10,15:00,Mumbai,34.6,68,6.5,1011.2,0.0,5,82
2025-05-10,16:00,Delhi,30.0,49,9.8,1014.3,0.0,4,135
2025-05-10,17:00,Bangalore,31.2,56,14.5,1013.3,0.0,2,91
2025-05-10,18:00,Chennai,31.1,61,8.5,1013.3,0.0,0,92
2025-05-10,19:00,Hyderabad,33.2,50,12.0,1014.4,0.0,0,97
2025-05-10,20:00,Mumbai,30.7,71,6.1,1015.8,0.0,0,127
2025-05-10,21:00,Delhi,25.2,41,8.1,1015.4,0.0,0,159
2025-05-10,22:00,Bangalore,24.6,61,8.5,1017.1,0.0,0,77
2025-05-10,23:00,Chennai,29.4,69,10.7,1014.2,0.0,0,54
2025-05-11,00:00,Hyderabad,28.9,58,0.0,1008.9,0.0,0,94
2025-05-11,01:00,Mumbai,27.0,69,9.6,1014.8,0.0,0,84
2025-05-11,02:00,Delhi,28.3,48,9.7,1016.7,0.0,0,148
2025-05-11,03:00,Bangalore,28.3,61,8.0,1011.6,0.0,0,76
2025-05-11,04:00,Chennai,33.6,61,9.7,1011.3,0.0,0,73
2025-05-11,05:00,Hyderabad,35.9,49,7.7,1012.4,0.0,0,64
2025-05-11,06:00,Mumbai,33.3,66,5.7,1013.1,0.0,0,75
2025-05-11,07:00,Delhi,31.7,48,11.5,1011.5,0.0,1,153
2025-05-11,08:00,Bangalore,30.8,63,3.8,1014.1,0.0,4,73
2025-05-11,09:00,Chennai,36.5,65,6.7,1008.4,0.0,4,82
2025-05-11,10:00,Hyderabad,40.0,46,4.6,1004.8,0.0,7,105
2025-05-11,11:00,Mumbai,37.8,62,11.1,1011.9,0.0,10,110
2025-05-11,12:00,Delhi,36.3,40,5.7,1015.1,0.0,11,139
2025-05-11,13:00,Bangalore,32.7,61,2.7,1015.5,0.0,9,59
2025-05-11,14:00,Chennai,37.2,66,4.8,1012.5,0.0,7,85
2025-05-11,15:00,Hyderabad,37.0,48,4.2,1013.5,0.0,6,99
2025-05-11,16:00,Mumbai,34.8,69,3.0,1014.7,0.0,3,73
2025-05-11,17:00,Delhi,27.7,41,3.9,1015.0,0.0,2,184
2025-05-11,18:00,Bangalore,26.1,54,11.2,1015.1,0.0,0,85
2025-05-11,19:00,Chennai,32.0,59,5.9,1006.7,0.0,0,77
2025-05-11,20:00,Hyderabad,31.3,53,5.4,1015.3,16.8,0,94
2025-05-11,21:00,Mumbai,28.5,73,10.2,1009.4,0.0,0,80
2025-05-11,22:00,Delhi,23.2,51,2.9,1012.1,0.0,0,146
2025-05-11,23:00,Bangalore,25.1,64,8.4,1015.5,0.0,0,66
2025-05-12,00:00,Chennai,26.9,80,6.5,1015.9,0.0,0,75
2025-05-12,01:00,Hyderabad,28.1,52,3.9,1013.3,0.0,0,66
2025-05-12,02:00,Mumbai,28.9,72,9.3,1016.0,0.0,0,105
2025-05-12,03:00,Delhi,27.5,38,8.1,1015.0,0.0,0,163
2025-05-12,04:00,Bangalore,26.5,64,5.7,1013.8,0.0,0,77
2025-05-12,05:00,Chennai,36.0,64,4.2,1008.7,0.0,0,80
2025-05-12,06:00,Hyderabad,35.9,51,0.5,1008.3,0.0,1,89
2025-05-12,07:00,Mumbai,35.8,66,3.9,1010.7,0.0,1,97
2025-05-12,08:00,Delhi,35.1,43,5.1,1013.8,0.0,3,189
2025-05-12,09:00,Bangalore,37.9,54,14.6,1010.5,0.0,5,87
2025-05-12,10:00,Chennai,36.4,64,3.5,1011.6,0.0,7,100
2025-05-12,11:00,Hyderabad,40.8,46,7.8,1004.8,0.0,8,81
2025-05-12,12:00,Mumbai,38.7,67,5.5,1013.7,0.0,10,103
2025-05-12,13:00,Delhi,35.3,40,13.2,1015.3,0.0,9,146
2025-05-12,14:00,Bangalore,31.7,70,8.1,1012.7,0.0,7,59
2025-05-12,15:00,Chennai,35.7,62,7.4,1012.8,0.0,5,60
2025-05-12,16:00,Hyderabad,35.5,60,3.4,1013.0,0.0,3,94
2025-05-12,17:00,Mumbai,36.3,58,6.6,1011.8,0.0,0,91
2025-05-12,18:00,Delhi,31.6,43,7.5,1014.7,0.0,0,156
2025-05-12,19:00,Bangalore,27.8,58,5.4,1013.5,0.0,0,84
2025-05-12,20:00,Chennai,28.4,72,11.1,1016.1,0.0,0,94
2025-05-12,21:00,Hyderabad,29.6,50,8.5,1013.9,0.0,0,80
2025-05-12,22:00,Mumbai,30.4,70,3.9,1014.0,0.0,0,102
2025-05-12,23:00,Delhi,24.6,44,2.5,1014.2,0.0,0,158
2025-05-13,00:00,Bangalore,22.3,71,6.3,1013.2,0.0,0,70
2025-05-13,01:00,Chennai,27.9,72,8.1,1013.4,0.0,0,65
2025-05-13,02:00,Hyderabad,30.5,51,6.4,1010.4,0.0,0,85
2025-05-13,03:00,Mumbai,30.8,80,4.6,1010.6,0.0,0,92
2025-05-13,04:00,Delhi,30.1,41,3.4,1016.1,0.0,0,150
2025-05-13,05:00,Bangalore,30.2,59,7.9,1015.1,0.0,0,60
2025-05-13,06:00,Chennai,36.8,68,7.7,1010.1,0.0,0,63
2025-05-13,07:00,Hyderabad,36.6,49,4.8,1010.4,0.0,2,73
2025-05-13,08:00,Mumbai,39.8,60,9.1,1007.9,0.0,3,104
2025-05-13,09:00,Delhi,32.6,49,4.6,1013.3,0.0,5,183
2025-05-13,10:00,Bangalore,28.8,70,10.1,1012.8,0.0,7,87
2025-05-13,11:00,Chennai,39.4,47,4.7,1012.4,0.0,9,67
2025-05-13,12:00,Hyderabad,36.3,51,12.9,1006.9,0.0,11,82
2025-05-13,13:00,Mumbai,36.4,61,9.6,1013.7,0.0,10,90
2025-05-13,14:00,Delhi,34.8,43,11.6,1009.9,0.0,8,142
2025-05-13,15:00,Bangalore,34.5,55,12.2,1010.2,0.0,6,56
2025-05-13,16:00,Chennai,36.8,60,9.1,1015.8,0.0,4,65
2025-05-13,17:00,Hyderabad,32.4,52,6.2,1012.9,0.0,1,99
2025-05-13,18:00,Mumbai,32.0,74,14.9,1014.6,0.0,0,91
2025-05-13,19:00,Delhi,28.1,48,6.1,1013.2,0.0,0,196
2025-05-13,20:00,Bangalore,27.5,61,8.4,1015.7,0.0,0,74
2025-05-13,21:00,Chennai,31.7,65,9.5,1011.8,0.0,0,74
2025-05-13,22:00,Hyderabad,29.4,57,3.2,1010.1,0.0,0,60
2025-05-13,23:00,Mumbai,28.0,65,8.3,1015.1,0.0,0,95
2025-05-14,00:00,Delhi,23.4,54,11.5,1013.4,0.0,0,148
2025-05-14,01:00,Bangalore,22.4,64,9.5,1012.7,0.0,0,71
2025-05-14,02:00,Chennai,26.8,77,12.9,1010.2,0.0,0,102
2025-05-14,03:00,Hyderabad,33.2,53,6.9,1013.9,0.0,0,67
2025-05-14,04:00,Mumbai,32.2,61,4.6,1010.7,0.0,0,83
2025-05-14,05:00,Delhi,27.1,53,0.5,1010.4,0.0,0,179
2025-05-14,06:00,Bangalore,28.1,76,9.9,1011.0,0.0,0,80
2025-05-14,07:00,Chennai,37.4,62,15.0,1007.9,0.0,2,59
2025-05-14,08:00,Hyderabad,38.0,51,7.8,1011.2,0.0,2,98
2025-05-14,09:00,Mumbai,34.7,70,8.1,1014.8,0.0,5,109
2025-05-14,10:00,Delhi,35.6,43,8.9,1009.9,0.0,7,179
2025-05-14,11:00,Bangalore,33.9,49,8.1,1020.0,0.0,10,65
2025-05-14,12:00,Chennai,39.3,53,6.0,1011.9,0.0,11,58
2025-05-14,13:00,Hyderabad,37.2,47,7.3,1011.9,0.0,10,89
2025-05-14,14:00,Mumbai,37.2,65,10.3,1013.2,0.0,7,89
2025-05-14,15:00,Delhi,32.3,42,11.2,1005.2,0.0,6,155
2025-05-14,16:00,Bangalore,30.9,70,7.4,1016.2,0.0,3,55
2025-05-14,17:00,Chennai,36.2,56,4.7,1005.5,0.0,0,109
2025-05-14,18:00,Hyderabad,30.3,61,10.5,1014.7,0.0,0,89
2025-05-14,19:00,Mumbai,31.8,58,13.4,1017.8,0.0,0,110
2025-05-14,20:00,Delhi,26.2,48,5.2,1018.2,0.0,0,168
2025-05-14,21:00,Bangalore,23.2,67,6.0,1014.2,0.0,0,48
2025-05-14,22:00,Chennai,29.0,76,8.8,1012.9,0.0,0,71
2025-05-14,23:00,Hyderabad,29.9,58,8.2,1013.3,0.0,0,78
2025-05-15,00:00,Mumbai,29.1,69,7.9,1013.8,0.0,0,73
2025-05-15,01:00,Delhi,23.9,46,7.5,1015.1,0.0,0,147
2025-05-15,02:00,Bangalore,23.4,71,8.5,1010.1,0.0,0,38
2025-05-15,03:00,Chennai,31.1,62,7.2,1016.7,0.0,0,69
2025-05-15,04:00,Hyderabad,35.2,51,6.3,1011.0,0.0,0,71
2025-05-15,05:00,Mumbai,32.5,72,7.5,1010.6,0.0,0,72
2025-05-15,06:00,Delhi,31.5,47,7.7,1011.0,0.0,0,182
2025-05-15,07:00,Bangalore,30.5,68,4.4,1012.8,0.0,1,52
2025-05-15,08:00,Chennai,39.7,62,5.3,1008.0,0.0,3,88
2025-05-15,09:00,Hyderabad,38.9,45,7.6,1009.1,0.0,6,79
2025-05-15,10:00,Mumbai,41.2,59,9.8,1010.6,0.0,8,114
2025-05-15,11:00,Delhi,36.0,42,7.6,1013.9,0.0,9,160
2025-05-15,12:00,Bangalore,34.0,59,5.5,1010.1,0.0,10,70
2025-05-15,13:00,Chennai,39.0,60,6.4,1014.0,0.0,10,75
2025-05-15,14:00,Hyderabad,38.1,56,6.6,1015.2,0.0,8,85
2025-05-15,15:00,Mumbai,37.9,58,13.6,1007.5,0.0,5,80
2025-05-15,16:00,Delhi,31.1,34,3.6,1010.5,0.0,3,160
2025-05-15,17:00,Bangalore,30.6,43,10.1,1015.1,0.0,1,64
2025-05-15,18:00,Chennai,33.8,62,9.6,1011.6,0.0,0,79
2025-05-15,19:00,Hyderabad,33.6,56,4.9,1010.8,0.0,0,85
2025-05-15,20:00,Mumbai,30.8,64,12.8,1012.1,0.0,0,107
2025-05-15,21:00,Delhi,25.4,48,12.7,1015.7,0.0,0,164
2025-05-15,22:00,Bangalore,25.2,63,8.4,1013.0,0.0,0,63
2025-05-15,23:00,Chennai,27.2,66,9.0,1013.8,0.0,0,70
2025-05-16,00:00,Hyderabad,29.5,59,11.1,1010.7,0.0,0,95
2025-05-16,01:00,Mumbai,27.7,73,4.0,1014.5,0.0,0,103
2025-05-16,02:00,Delhi,27.8,48,10.8,1018.2,0.0,0,155
2025-05-16,03:00,Bangalore,29.1,70,4.8,1017.8,0.0,0,62
2025-05-16,04:00,Chennai,33.9,70,0.1,1010.5,0.0,0,71
2025-05-16,05:00,Hyderabad,34.9,38,7.5,1013.9,0.0,0,73
2025-05-16,06:00,Mumbai,34.7,72,8.4,1010.8,0.0,0,85
2025-05-16,07:00,Delhi,33.3,49,4.2,1012.2,0.0,1,160
2025-05-16,08:00,Bangalore,31.0,58,6.4,1009.2,0.0,3,78
2025-05-16,09:00,Chennai,38.4,66,7.4,1012.6,0.0,4,78
2025-05-16,10:00,Hyderabad,40.5,43,13.7,1011.6,0.0,8,102
2025-05-16,11:00,Mumbai,38.5,63,7.0,1009.7,0.0,9,90
2025-05-16,12:00,Delhi,34.9,34,9.6,1010.7,0.0,11,160
2025-05-16,13:00,Bangalore,34.1,53,10.7,1013.2,0.0,9,73
2025-05-16,14:00,Chennai,38.0,59,10.9,1010.1,0.0,8,73
2025-05-16,15:00,Hyderabad,36.0,57,11.1,1008.2,0.0,4,98
2025-05-16,16:00,Mumbai,35.5,73,12.9,1015.1,0.0,4,79
2025-05-16,17:00,Delhi,29.2,57,6.4,1015.0,0.0,1,152
2025-05-16,18:00,Bangalore,30.4,56,7.3,1011.1,0.0,0,73
2025-05-16,19:00,Chennai,30.0,67,7.9,1012.6,0.0,0,86
2025-05-16,20:00,Hyderabad,31.5,62,4.6,1013.0,0.0,0,86
2025-05-16,21:00,Mumbai,28.8,78,8.2,1011.7,0.0,0,87
2025-05-16,22:00,Delhi,24.1,51,10.0,1019.9,0.0,0,139
2025-05-16,23:00,Bangalore,22.9,66,6.4,1009.7,0.0,0,55
2025-05-17,00:00,Chennai,32.1,68,10.3,1011.1,0.0,0,86
2025-05-17,01:00,Hyderabad,27.4,61,6.0,1010.8,0.0,0,69
2025-05-17,02:00,Mumbai,30.8,74,8.6,1019.7,0.0,0,85
2025-05-17,03:00,Delhi,24.5,48,7.2,1014.8,0.0,0,157
2025-05-17,04:00,Bangalore,27.7,77,11.8,1015.3,0.0,0,69
2025-05-17,05:00,Chennai,32.3,65,10.0,1011.0,0.0,0,91
2025-05-17,06:00,Hyderabad,33.2,50,12.5,1012.3,0.0,0,84
2025-05-17,07:00,Mumbai,37.3,57,10.1,1012.9,0.0,1,94
2025-05-17,08:00,Delhi,32.7,36,10.3,1019.4,0.0,4,165
2025-05-17,09:00,Bangalore,34.4,42,8.4,1013.4,0.0,5,86
2025-05-17,10:00,Chennai,39.4,49,4.6,1010.3,0.0,8,85
2025-05-17,11:00,Hyderabad,39.6,39,11.0,1010.8,0.0,9,77
2025-05-17,12:00,Mumbai,38.4,62,7.1,1010.1,0.0,12,93
2025-05-17,13:00,Delhi,35.2,46,6.6,1015.4,0.0,9,134
2025-05-17,14:00,Bangalore,32.8,53,14.0,1014.3,0.0,7,43
2025-05-17,15:00,Chennai,34.0,66,4.8,1011.7,0.0,5,94
2025-05-17,16:00,Hyderabad,37.1,44,11.1,1015.7,0.0,3,92
2025-05-17,17:00,Mumbai,32.7,63,11.1,1007.7,0.0,2,102
2025-05-17,18:00,Delhi,28.2,47,5.9,1012.5,0.0,0,158
2025-05-17,19:00,Bangalore,25.4,63,3.6,1011.7,0.0,0,79
2025-05-17,20:00,Chennai,27.6,67,2.4,1012.7,0.0,0,87
2025-05-17,21:00,Hyderabad,30.2,49,4.5,1010.7,0.0,0,70
2025-05-17,22:00,Mumbai,31.4,61,4.9,1014.1,0.0,0,111
2025-05-17,23:00,Delhi,24.0,51,9.4,1016.4,0.0,0,154
2025-05-18,00:00,Bangalore,23.8,71,10.8,1008.8,0.0,0,50
2025-05-18,01:00,Chennai,28.4,63,10.3,1012.0,0.0,0,82
2025-05-18,02:00,Hyderabad,31.1,61,8.5,1014.0,0.0,0,91
2025-05-18,03:00,Mumbai,34.1,65,9.3,1013.3,0.0,0,63
2025-05-18,04:00,Delhi,28.1,50,7.1,1016.8,0.0,0,125
2025-05-18,05:00,Bangalore,27.7,65,4.5,1013.6,0.0,0,67
2025-05-18,06:00,Chennai,33.5,67,7.1,1007.9,0.0,0,91
2025-05-18,07:00,Hyderabad,38.3,52,7.6,1009.8,0.0,2,87
2025-05-18,08:00,Mumbai,37.0,63,4.1,1009.1,0.0,4,91
2025-05-18,09:00,Delhi,33.5,44,6.3,1016.4,0.0,5,158
2025-05-18,10:00,Bangalore,31.9,50,5.8,1014.0,0.0,8,96
2025-05-18,11:00,Chennai,39.1,63,7.1,1009.1,0.0,9,98
2025-05-18,12:00,Hyderabad,41.0,41,9.5,1010.6,0.0,11,95
2025-05-18,13:00,Mumbai,36.5,62,5.2,1010.4,0.0,10,100
2025-05-18,14:00,Delhi,33.1,42,5.2,1010.7,0.0,7,149
2025-05-18,15:00,Bangalore,33.1,59,8.0,1009.4,0.0,5,52
2025-05-18,16:00,Chennai,36.3,68,11.4,1009.2,0.0,4,71
2025-05-18,17:00,Hyderabad,35.8,58,4.2,1010.9,0.0,2,85
2025-05-18,18:00,Mumbai,32.5,74,12.6,1013.4,0.0,0,107
2025-05-18,19:00,Delhi,27.5,48,2.4,1016.3,0.0,0,143
2025-05-18,20:00,Bangalore,21.9,70,7.2,1015.9,0.0,0,83
2025-05-18,21:00,Chennai,28.6,74,6.2,1011.8,0.0,0,78
2025-05-18,22:00,Hyderabad,30.0,56,5.2,1010.6,0.0,0,61
2025-05-18,23:00,Mumbai,26.6,72,5.9,1013.8,0.0,0,88
2025-05-19,00:00,Delhi,23.5,43,4.6,1015.5,0.0,0,156
2025-05-19,01:00,Bangalore,23.0,56,8.5,1014.2,0.0,0,70
2025-05-19,02:00,Chennai,30.9,72,7.9,1013.2,0.0,0,82
2025-05-19,03:00,Hyderabad,32.9,52,5.1,1011.2,0.0,0,70
2025-05-19,04:00,Mumbai,34.3,65,3.7,1011.8,0.0,0,89
2025-05-19,05:00,Delhi,30.4,39,12.8,1012.9,0.0,0,146
2025-05-19,06:00,Bangalore,29.6,61,6.2,1011.5,0.0,0,61
2025-05-19,07:00,Chennai,36.7,64,11.4,1008.8,0.0,1,83
2025-05-19,08:00,Hyderabad,38.8,47,8.9,1012.8,0.0,4,106
2025-05-19,09:00,Mumbai,37.1,59,4.7,1010.2,0.0,6,103
2025-05-19,10:00,Delhi,34.3,47,5.9,1012.8,0.0,7,163
2025-05-19,11:00,Bangalore,35.9,55,7.1,1005.6,0.0,9,46
2025-05-19,12:00,Chennai,38.0,53,7.4,1014.4,0.0,11,68
2025-05-19,13:00,Hyderabad,41.0,45,7.8,1006.9,0.0,9,60
2025-05-19,14:00,Mumbai,37.9,68,1.2,1011.5,0.0,8,79
2025-05-19,15:00,Delhi,32.1,38,9.7,1016.0,0.0,5,135
2025-05-19,16:00,Bangalore,27.5,72,1.8,1012.6,0.0,3,67
2025-05-19,17:00,Chennai,33.9,67,5.9,1013.8,0.0,1,105
2025-05-19,18:00,Hyderabad,33.5,51,6.5,1012.8,0.0,0,86
2025-05-19,19:00,Mumbai,29.5,71,4.1,1013.1,0.0,0,111
2025-05-19,20:00,Delhi,25.8,45,4.5,1019.6,0.0,0,169
2025-05-19,21:00,Bangalore,22.3,70,11.3,1011.9,0.0,0,48
2025-05-19,22:00,Chennai,30.0,59,6.2,1016.9,0.0,0,73
2025-05-19,23:00,Hyderabad,32.5,56,5.7,1013.5,0.0,0,44
2025-05-20,00:00,Mumbai,28.1,76,5.4,1013.0,0.0,0,87
2025-05-20,01:00,Delhi,26.3,53,7.3,1015.0,0.0,0,164
2025-05-20,02:00,Bangalore,26.3,52,14.5,1014.4,0.0,0,48
2025-05-20,03:00,Chennai,32.1,63,7.7,1015.9,0.0,0,51
2025-05-20,04:00,Hyderabad,33.4,59,6.9,1010.6,0.0,0,84
2025-05-20,05:00,Mumbai,33.3,64,12.8,1009.9,0.0,0,82
2025-05-20,06:00,Delhi,30.4,53,11.2,1011.2,0.0,0,153
2025-05-20,07:00,Bangalore,29.9,54,10.9,1013.3,0.0,1,71
2025-05-20,08:00,Chennai,35.7,52,8.5,1007.4,0.0,4,95
2025-05-20,09:00,Hyderabad,39.7,44,8.4,1008.4,0.0,5,82
2025-05-20,10:00,Mumbai,39.8,62,10.4,1008.9,0.0,7,96
2025-05-20,11:00,Delhi,33.4,40,8.3,1011.8,0.0,9,133
2025-05-20,12:00,Bangalore,34.5,62,4.0,1018.3,0.0,10,57
2025-05-20,13:00,Chennai,39.8,61,4.9,1009.7,0.0,8,61
2025-05-20,14:00,Hyderabad,36.1,53,9.6,1008.1,0.0,7,55
2025-05-20,15:00,Mumbai,37.4,59,11.4,1006.7,0.0,5,89
2025-05-20,16:00,Delhi,29.6,44,5.6,1015.9,0.0,4,158
2025-05-20,17:00,Bangalore,33.0,55,10.4,1011.1,0.0,1,85
2025-05-20,18:00,Chennai,33.4,66,12.3,1011.6,0.0,0,95
2025-05-20,19:00,Hyderabad,32.6,49,5.8,1015.6,0.0,0,89
2025-05-20,20:00,Mumbai,32.2,69,10.4,1010.1,0.0,0,128
2025-05-20,21:00,Delhi,26.8,49,16.0,1015.4,0.0,0,134
2025-05-20,22:00,Bangalore,23.2,65,11.9,1014.5,0.0,0,96
2025-05-20,23:00,Chennai,26.8,72,5.1,1018.6,0.0,0,51
2025-05-21,00:00,Hyderabad,31.3,55,9.7,1014.6,0.0,0,62
2025-05-21,01:00,Mumbai,29.4,73,5.9,1015.9,0.0,0,86
2025-05-21,02:00,Delhi,28.4,55,5.9,1009.6,0.0,0,119
2025-05-21,03:00,Bangalore,26.5,63,6.0,1017.8,0.0,0,68
2025-05-21,04:00,Chennai,29.8,64,5.7,1009.4,0.0,0,76
2025-05-21,05:00,Hyderabad,36.1,58,11.2,1011.1,0.0,0,75
2025-05-21,06:00,Mumbai,34.9,59,3.4,1008.9,11.7,0,99
2025-05-21,07:00,Delhi,31.4,47,7.9,1014.4,0.0,1,134
2025-05-21,08:00,Bangalore,30.7,57,11.1,1011.2,0.0,4,72
2025-05-21,09:00,Chennai,37.1,64,4.2,1017.1,0.0,6,98
2025-05-21,10:00,Hyderabad,38.5,51,3.6,1004.8,0.0,8,107
2025-05-21,11:00,Mumbai,38.3,67,3.4,1011.1,0.0,8,78
2025-05-21,12:00,Delhi,35.5,46,7.3,1011.6,0.0,11,139
2025-05-21,13:00,Bangalore,34.6,59,2.8,1002.9,0.0,9,62
2025-05-21,14:00,Chennai,40.0,70,2.7,1004.1,0.0,7,67
2025-05-21,15:00,Hyderabad,35.6,56,12.7,1015.5,0.0,5,81
2025-05-21,16:00,Mumbai,34.9,50,1.7,1015.3,24.9,3,63
2025-05-21,17:00,Delhi,29.7,54,9.4,1012.3,0.0,2,178
2025-05-21,18:00,Bangalore,29.1,60,7.3,1012.8,0.0,0,92
2025-05-21,19:00,Chennai,30.8,68,5.5,1014.1,0.0,0,109
2025-05-21,20:00,Hyderabad,33.3,49,6.2,1010.4,0.0,0,87
2025-05-21,21:00,Mumbai,29.3,71,9.2,1015.1,0.0,0,99
2025-05-21,22:00,Delhi,25.9,44,9.7,1015.4,0.0,0,145
2025-05-21,23:00,Bangalore,24.5,62,5.4,1017.0,0.0,0,68
2025-05-22,00:00,Chennai,31.3,67,5.2,1015.0,0.0,0,68
2025-05-22,01:00,Hyderabad,29.9,60,9.0,1014.6,0.0,0,62
2025-05-22,02:00,Mumbai,32.4,69,5.7,1014.3,0.0,0,92
2025-05-22,03:00,Delhi,28.5,37,4.4,1020.7,0.0,0,147
2025-05-22,04:00,Bangalore,28.4,60,6.0,1020.8,0.0,0,52
2025-05-22,05:00,Chennai,35.3,62,4.7,1010.4,0.0,0,82
2025-05-22,06:00,Hyderabad,36.0,55,8.0,1011.3,0.0,0,72
2025-05-22,07:00,Mumbai,37.4,63,6.7,1009.8,0.0,1,93
2025-05-22,08:00,Delhi,34.3,40,13.2,1008.2,0.0,4,163
2025-05-22,09:00,Bangalore,34.1,57,7.7,1014.4,0.0,5,67
2025-05-22,10:00,Chennai,39.1,63,9.1,1008.5,0.0,6,107
2025-05-22,11:00,Hyderabad,41.1,33,6.3,1011.4,0.0,9,83
2025-05-22,12:00,Mumbai,38.9,63,11.4,1006.7,0.0,12,111
2025-05-22,13:00,Delhi,34.8,46,9.6,1015.9,0.0,9,145
2025-05-22,14:00,Bangalore,33.9,54,10.9,1015.9,0.0,8,88
2025-05-22,15:00,Chennai,36.8,65,4.1,1011.2,0.0,6,82
2025-05-22,16:00,Hyderabad,36.2,50,7.5,1013.0,0.0,3,92
2025-05-22,17:00,Mumbai,33.3,63,11.7,1018.2,8.2,1,108
2025-05-22,18:00,Delhi,28.2,46,6.7,1013.7,0.0,0,175
2025-05-22,19:00,Bangalore,27.1,62,12.9,1013.3,0.0,0,79
2025-05-22,20:00,Chennai,28.1,75,9.4,1018.3,0.0,0,94
2025-05-22,21:00,Hyderabad,31.5,68,10.1,1013.5,0.0,0,112
2025-05-22,22:00,Mumbai,28.7,69,4.9,1016.4,0.0,0,81
2025-05-22,23:00,Delhi,23.5,52,8.3,1015.1,0.0,0,140
2025-05-23,00:00,Bangalore,24.6,66,8.3,1016.5,0.0,0,41
2025-05-23,01:00,Chennai,32.8,66,6.3,1011.9,0.0,0,65
2025-05-23,02:00,Hyderabad,30.7,56,9.8,1014.6,0.0,0,73
2025-05-23,03:00,Mumbai,33.9,62,6.0,1014.2,0.0,0,90
2025-05-23,04:00,Delhi,27.9,48,7.9,1008.8,0.0,0,142
2025-05-23,05:00,Bangalore,30.6,52,9.3,1008.6,0.0,0,47
2025-05-23,06:00,Chennai,34.6,58,6.7,1010.3,0.0,0,87
2025-05-23,07:00,Hyderabad,38.0,44,9.3,1013.3,0.0,1,87
2025-05-23,08:00,Mumbai,38.0,60,8.3,1007.6,0.0,4,81
2025-05-23,09:00,Delhi,32.6,42,5.8,1013.5,0.0,5,153
2025-05-23,10:00,Bangalore,34.1,66,7.4,1010.1,0.0,8,51
2025-05-23,11:00,Chennai,40.6,57,7.2,1005.5,0.0,9,68
2025-05-23,12:00,Hyderabad,39.7,42,8.5,1003.9,0.0,12,67
2025-05-23,13:00,Mumbai,38.7,65,12.3,1007.7,0.0,10,86
2025-05-23,14:00,Delhi,35.2,44,9.8,1014.2,0.0,8,138
2025-05-23,15:00,Bangalore,31.7,52,8.4,1014.8,0.0,5,79
2025-05-23,16:00,Chennai,34.0,64,7.7,1011.2,0.0,3,84
2025-05-23,17:00,Hyderabad,34.8,56,5.3,1008.4,0.0,2,73
2025-05-23,18:00,Mumbai,33.1,68,10.9,1008.6,0.0,0,120
2025-05-23,19:00,Delhi,26.8,47,7.3,1014.1,20.2,0,153
2025-05-23,20:00,Bangalore,26.0,60,8.3,1014.3,0.0,0,79
2025-05-23,21:00,Chennai,28.4,68,4.2,1013.9,0.0,0,68
2025-05-23,22:00,Hyderabad,30.2,54,4.1,1019.1,0.0,0,102
2025-05-23,23:00,Mumbai,28.0,73,8.6,1008.4,0.0,0,96
2025-05-24,00:00,Delhi,27.5,51,3.8,1018.0,0.0,0,149
2025-05-24,01:00,Bangalore,24.6,59,2.5,1018.4,0.0,0,70
2025-05-24,02:00,Chennai,31.3,75,5.5,1007.2,9.9,0,61
2025-05-24,03:00,Hyderabad,31.3,51,3.2,1004.4,0.0,0,68
2025-05-24,04:00,Mumbai,30.7,66,9.7,1008.7,0.0,0,94
2025-05-24,05:00,Delhi,29.6,40,9.6,1011.7,0.0,0,147
2025-05-24,06:00,Bangalore,30.4,61,7.6,1009.8,10.1,0,61
2025-05-24,07:00,Chennai,34.9,63,11.9,1011.6,0.0,1,73
2025-05-24,08:00,Hyderabad,40.1,39,8.7,1012.2,0.0,3,89
2025-05-24,09:00,Mumbai,36.5,66,8.5,1006.1,0.0,5,100
2025-05-24,10:00,Delhi,31.5,47,5.4,1012.8,0.0,8,159
2025-05-24,11:00,Bangalore,34.2,60,8.2,1009.5,0.0,9,65
2025-05-24,12:00,Chennai,38.7,57,13.9,1013.9,0.0,12,52
2025-05-24,13:00,Hyderabad,38.5,55,2.5,1007.3,0.0,10,103
2025-05-24,14:00,Mumbai,36.7,61,6.6,1015.6,0.0,8,88
2025-05-24,15:00,Delhi,36.0,44,7.0,1011.1,0.0,6,148
2025-05-24,16:00,Bangalore,31.2,64,9.3,1014.0,0.0,3,69
2025-05-24,17:00,Chennai,34.1,69,6.6,1016.4,0.0,2,88
2025-05-24,18:00,Hyderabad,33.4,48,8.1,1015.1,0.0,0,86
2025-05-24,19:00,Mumbai,34.1,69,8.2,1015.5,24.3,0,95
2025-05-24,20:00,Delhi,24.1,48,9.1,1015.5,0.0,0,142
2025-05-24,21:00,Bangalore,24.4,63,9.6,1010.1,0.0,0,66
2025-05-24,22:00,Chennai,26.4,62,4.5,1014.6,0.0,0,71
2025-05-24,23:00,Hyderabad,31.9,50,6.6,1012.7,0.0,0,75
2025-05-25,00:00,Mumbai,27.0,72,14.7,1019.5,0.0,0,81
2025-05-25,01:00,Delhi,25.5,48,9.7,1010.8,0.0,0,170
2025-05-25,02:00,Bangalore,26.1,74,8.2,1015.1,0.0,0,48
2025-05-25,03:00,Chennai,32.8,61,10.0,1012.1,0.0,0,86
2025-05-25,04:00,Hyderabad,33.0,60,5.4,1012.2,0.0,0,87
2025-05-25,05:00,Mumbai,35.0,56,8.5,1014.6,0.0,0,84
2025-05-25,06:00,Delhi,31.4,40,1.5,1011.5,0.0,0,141
2025-05-25,07:00,Bangalore,33.9,56,8.7,1011.7,0.0,2,63
2025-05-25,08:00,Chennai,37.0,67,14.2,1008.4,0.0,3,100
2025-05-25,09:00,Hyderabad,41.9,39,9.7,1013.3,0.0,6,105
2025-05-25,10:00,Mumbai,38.8,58,6.4,1012.1,0.0,7,107
2025-05-25,11:00,Delhi,38.0,43,6.6,1008.6,0.0,10,150
2025-05-25,12:00,Bangalore,30.5,58,6.3,1013.8,0.0,11,52
2025-05-25,13:00,Chennai,39.8,50,12.3,1010.2,0.0,9,83
2025-05-25,14:00,Hyderabad,36.8,36,8.5,1009.7,0.0,8,90
2025-05-25,15:00,Mumbai,37.3,69,10.1,1012.6,0.0,6,97
2025-05-25,16:00,Delhi,30.8,43,5.7,1011.9,0.0,2,154
2025-05-25,17:00,Bangalore,28.0,60,4.8,1011.1,0.0,1,83
2025-05-25,18:00,Chennai,33.1,61,6.8,1011.2,0.0,0,71
2025-05-25,19:00,Hyderabad,34.2,49,13.8,1012.8,0.0,0,105
2025-05-25,20:00,Mumbai,34.0,77,5.6,1014.0,0.0,0,119
2025-05-25,21:00,Delhi,26.2,47,10.2,1013.1,0.0,0,160
2025-05-25,22:00,Bangalore,24.0,50,8.6,1012.1,0.0,0,57
2025-05-25,23:00,Chennai,30.7,71,8.4,1012.3,0.0,0,56
2025-05-26,00:00,Hyderabad,28.3,55,5.4,1012.2,0.0,0,95
2025-05-26,01:00,Mumbai,31.4,74,8.1,1011.2,0.0,0,86
2025-05-26,02:00,Delhi,28.8,47,5.6,1014.5,0.0,0,145
2025-05-26,03:00,Bangalore,28.5,64,4.1,1012.0,5.6,0,46
2025-05-26,04:00,Chennai,36.7,55,6.3,1020.7,0.0,0,81
2025-05-26,05:00,Hyderabad,34.8,49,9.3,1013.2,0.0,0,77
2025-05-26,06:00,Mumbai,32.9,67,14.7,1012.4,0.0,0,111
2025-05-26,07:00,Delhi,33.2,30,5.6,1016.6,0.0,1,142
2025-05-26,08:00,Bangalore,35.4,51,7.3,1007.0,0.0,3,69
2025-05-26,09:00,Chennai,37.8,56,4.5,1009.6,0.0,6,88
2025-05-26,10:00,Hyderabad,40.2,48,8.4,1008.3,0.0,8,95
2025-05-26,11:00,Mumbai,37.5,65,7.2,1009.4,0.0,10,93
2025-05-26,12:00,Delhi,37.5,45,9.7,1009.2,0.0,11,159
2025-05-26,13:00,Bangalore,33.9,51,8.4,1008.6,0.0,9,62
2025-05-26,14:00,Chennai,39.2,61,4.5,1012.5,0.0,7,84
2025-05-26,15:00,Hyderabad,38.0,51,12.5,1012.1,0.0,5,83
2025-05-26,16:00,Mumbai,35.2,72,10.3,1009.7,0.0,4,101
2025-05-26,17:00,Delhi,29.9,49,10.3,1012.1,0.0,2,175
2025-05-26,18:00,Bangalore,27.5,65,4.7,1012.5,0.0,0,71
2025-05-26,19:00,Chennai,32.3,66,5.9,1015.6,0.0,0,106
2025-05-26,20:00,Hyderabad,31.7,56,8.2,1013.7,0.0,0,100
2025-05-26,21:00,Mumbai,29.2,69,8.6,1018.8,0.0,0,92
2025-05-26,22:00,Delhi,23.1,57,6.5,1011.3,0.0,0,158
2025-05-26,23:00,Bangalore,25.2,65,9.4,1016.2,0.0,0,72
2025-05-27,00:00,Chennai,27.2,68,10.3,1012.3,0.0,0,80
2025-05-27,01:00,Hyderabad,32.5,48,5.9,1012.5,0.0,0,79
2025-05-27,02:00,Mumbai,31.4,72,10.0,1013.0,0.0,0,77
2025-05-27,03:00,Delhi,27.1,44,12.9,1014.0,0.0,0,148
2025-05-27,04:00,Bangalore,26.2,66,11.7,1015.3,0.0,0,68
2025-05-27,05:00,Chennai,36.5,57,8.2,1010.9,0.0,0,74
2025-05-27,06:00,Hyderabad,37.6,54,7.3,1011.9,0.0,0,70
2025-05-27,07:00,Mumbai,36.2,61,4.4,1011.3,0.0,2,88
2025-05-27,08:00,Delhi,33.7,35,3.4,1007.4,0.0,3,185
2025-05-27,09:00,Bangalore,33.2,43,9.4,1013.7,0.0,5,69
2025-05-27,10:00,Chennai,40.9,56,10.4,1011.0,0.0,7,67
2025-05-27,11:00,Hyderabad,38.0,51,9.8,1012.3,0.0,10,95
2025-05-27,12:00,Mumbai,41.7,54,4.1,1002.4,0.0,11,96
2025-05-27,13:00,Delhi,35.7,41,1.7,1012.5,0.0,10,164
2025-05-27,14:00,Bangalore,33.4,59,7.2,1009.5,0.0,7,67
2025-05-27,15:00,Chennai,36.9,60,8.8,1011.8,0.0,5,77
2025-05-27,16:00,Hyderabad,37.1,48,5.6,1008.4,0.0,3,85
2025-05-27,17:00,Mumbai,34.5,71,4.1,1010.7,0.0,2,121
2025-05-27,18:00,Delhi,28.0,46,4.9,1013.4,0.0,0,169
2025-05-27,19:00,Bangalore,27.7,65,8.7,1013.8,0.0,0,69
2025-05-27,20:00,Chennai,31.3,72,5.9,1006.2,0.0,0,83
2025-05-27,21:00,Hyderabad,31.3,61,8.6,1014.9,0.0,0,72
2025-05-27,22:00,Mumbai,27.7,66,10.8,1016.1,0.0,0,99
2025-05-27,23:00,Delhi,25.3,46,6.9,1012.7,0.0,0,136
2025-05-28,00:00,Bangalore,25.7,66,6.2,1015.2,0.0,0,79
2025-05-28,01:00,Chennai,31.2,69,11.8,1008.6,0.0,0,81
2025-05-28,02:00,Hyderabad,33.3,50,11.1,1016.1,0.0,0,61
2025-05-28,03:00,Mumbai,29.7,76,0.0,1013.8,0.0,0,72
2025-05-28,04:00,Delhi,32.4,47,6.1,1014.5,0.0,0,134
2025-05-28,05:00,Bangalore,29.5,53,10.3,1012.8,0.0,0,61
2025-05-28,06:00,Chennai,37.3,66,12.7,1006.7,0.0,0,87
2025-05-28,07:00,Hyderabad,38.2,48,8.2,1009.2,0.0,2,73
2025-05-28,08:00,Mumbai,39.2,61,9.3,1010.7,0.0,3,114
2025-05-28,09:00,Delhi,36.0,35,9.7,1009.4,0.0,5,177
2025-05-28,10:00,Bangalore,34.6,56,5.7,1015.9,0.0,7,70
2025-05-28,11:00,Chennai,38.9,65,4.8,1011.9,0.0,9,71
2025-05-28,12:00,Hyderabad,42.0,36,6.2,1013.7,0.0,11,106
2025-05-28,13:00,Mumbai,38.5,71,7.2,1004.5,0.0,10,96
2025-05-28,14:00,Delhi,33.1,39,5.2,1013.3,0.0,8,160
2025-05-28,15:00,Bangalore,32.9,52,1.4,1013.8,0.0,5,46
2025-05-28,16:00,Chennai,36.6,63,8.8,1006.8,0.0,3,72
2025-05-28,17:00,Hyderabad,34.1,45,10.8,1013.8,0.0,1,83
2025-05-28,18:00,Mumbai,30.2,71,2.7,1012.7,0.0,0,118
2025-05-28,19:00,Delhi,30.1,50,12.5,1016.4,0.0,0,143
2025-05-28,20:00,Bangalore,24.2,63,7.7,1017.7,0.0,0,94
2025-05-28,21:00,Chennai,29.8,70,12.8,1010.2,0.0,0,81
2025-05-28,22:00,Hyderabad,33.3,53,12.1,1019.2,0.0,0,64
2025-05-28,23:00,Mumbai,30.4,64,4.5,1008.6,0.0,0,105
2025-05-29,00:00,Delhi,25.7,59,12.7,1010.4,0.0,0,184
2025-05-29,01:00,Bangalore,25.9,66,6.8,1014.0,0.0,0,61
2025-05-29,02:00,Chennai,32.3,71,8.1,1011.0,0.0,0,75
2025-05-29,03:00,Hyderabad,33.5,46,2.8,1013.4,0.0,0,80
2025-05-29,04:00,Mumbai,31.4,72,8.9,1009.0,0.0,0,88
2025-05-29,05:00,Delhi,30.1,47,6.5,1009.4,0.0,0,147
2025-05-29,06:00,Bangalore,30.8,58,8.0,1013.9,0.0,0,69
2025-05-29,07:00,Chennai,34.4,70,5.6,1015.5,0.0,2,90
2025-05-29,08:00,Hyderabad,40.5,50,8.5,1012.4,0.0,3,94
2025-05-29,09:00,Mumbai,38.2,62,11.2,1008.8,0.0,5,110
2025-05-29,10:00,Delhi,36.3,35,7.9,1012.4,0.0,8,170
2025-05-29,11:00,Bangalore,35.1,48,4.6,1013.8,0.0,9,58
2025-05-29,12:00,Chennai,38.9,55,10.8,1012.6,0.0,12,73
2025-05-29,13:00,Hyderabad,39.3,48,2.9,1007.8,0.0,9,95
2025-05-29,14:00,Mumbai,35.4,64,8.6,1012.3,0.0,7,66
2025-05-29,15:00,Delhi,31.0,56,8.5,1014.6,0.0,5,146
2025-05-29,16:00,Bangalore,29.4,63,9.7,1015.5,0.0,3,74
2025-05-29,17:00,Chennai,33.1,58,5.6,1011.9,0.0,1,85
2025-05-29,18:00,Hyderabad,36.2,45,7.5,1011.9,0.0,0,92
2025-05-29,19:00,Mumbai,29.9,72,6.4,1011.8,0.0,0,105
2025-05-29,20:00,Delhi,26.9,48,5.3,1017.0,0.0,0,183
2025-05-29,21:00,Bangalore,25.3,58,4.0,1012.8,0.0,0,75
2025-05-29,22:00,Chennai,30.3,67,6.9,1010.3,0.0,0,97
2025-05-29,23:00,Hyderabad,30.3,57,8.4,1018.3,0.0,0,89
2025-05-30,00:00,Mumbai,32.4,61,7.2,1006.1,0.0,0,94
2025-05-30,01:00,Delhi,24.6,42,9.0,1020.5,0.0,0,170
2025-05-30,02:00,Bangalore,25.2,52,9.3,1015.9,0.0,0,63
2025-05-30,03:00,Chennai,31.3,66,11.4,1016.1,0.0,0,82
2025-05-30,04:00,Hyderabad,33.8,52,7.0,1010.7,0.0,0,81
2025-05-30,05:00,Mumbai,35.2,58,7.6,1013.4,0.0,0,64
2025-05-30,06:00,Delhi,32.1,47,7.4,1009.2,0.0,0,137
2025-05-30,07:00,Bangalore,32.7,58,2.3,1013.6,0.0,0,58
2025-05-30,08:00,Chennai,36.4,58,8.5,1010.3,0.0,3,79
2025-05-30,09:00,Hyderabad,40.9,44,11.9,1009.2,0.0,5,102
2025-05-30,10:00,Mumbai,41.4,67,8.4,1008.4,0.0,8,103
2025-05-30,11:00,Delhi,36.4,36,4.0,1007.6,0.0,10,157
2025-05-30,12:00,Bangalore,34.2,60,4.6,1011.9,0.0,11,67
2025-05-30,13:00,Chennai,39.0,58,4.8,1010.3,0.0,10,57
2025-05-30,14:00,Hyderabad,39.2,55,12.3,1007.9,0.0,8,97
2025-05-30,15:00,Mumbai,37.6,68,6.3,1011.5,0.0,5,72
2025-05-30,16:00,Delhi,31.0,39,2.9,1016.1,0.0,3,157
2025-05-30,17:00,Bangalore,29.1,58,11.2,1012.6,0.0,1,75
2025-05-30,18:00,Chennai,32.9,60,6.5,1014.1,0.0,0,101
2025-05-30,19:00,Hyderabad,32.0,47,10.2,1015.1,0.0,0,80
2025-05-30,20:00,Mumbai,32.3,76,16.2,1017.6,0.0,0,116
2025-05-30,21:00,Delhi,28.0,44,8.8,1011.0,0.0,0,148
2025-05-30,22:00,Bangalore,24.5,74,15.3,1009.5,0.0,0,65
2025-05-30,23:00,Chennai,29.7,71,3.7,1012.7,9.8,0,57
2025-05-31,00:00,Hyderabad,32.0,54,7.9,1007.1,0.0,0,66
2025-05-31,01:00,Mumbai,28.8,69,9.7,1017.2,0.0,0,109
2025-05-31,02:00,Delhi,25.7,41,11.4,1011.1,0.0,0,152
2025-05-31,03:00,Bangalore,30.3,65,2.6,1009.4,0.0,0,77
2025-05-31,04:00,Chennai,33.4,66,8.9,1011.4,0.0,0,96
2025-05-31,05:00,Hyderabad,36.5,48,7.4,1009.7,23.5,0,82
2025-05-31,06:00,Mumbai,36.6,59,11.5,1012.0,0.0,0,108
2025-05-31,07:00,Delhi,32.9,47,11.0,1009.4,0.0,1,134
2025-05-31,08:00,Bangalore,33.6,68,6.8,1007.8,0.0,4,90
2025-05-31,09:00,Chennai,37.5,65,5.8,1007.9,0.0,6,95
2025-05-31,10:00,Hyderabad,39.3,43,3.0,1017.2,0.0,7,107
2025-05-31,11:00,Mumbai,38.8,59,7.7,1010.4,0.0,9,85
2025-05-31,12:00,Delhi,38.0,23,10.7,1011.2,0.0,12,170
2025-05-31,13:00,Bangalore,34.1,66,1.7,1014.6,0.0,9,58
2025-05-31,14:00,Chennai,39.4,65,13.0,1009.8,0.0,7,79
2025-05-31,15:00,Hyderabad,40.6,46,7.6,1010.4,0.0,5,87
2025-05-31,16:00,Mumbai,32.4,69,4.6,1012.1,0.0,4,100
2025-05-31,17:00,Delhi,31.0,40,10.9,1011.3,0.0,1,155
2025-05-31,18:00,Bangalore,30.2,63,11.8,1009.3,0.0,0,76
2025-05-31,19:00,Chennai,33.0,70,4.7,1013.5,0.0,0,108
2025-05-31,20:00,Hyderabad,32.3,55,12.1,1014.9,0.0,0,101
2025-05-31,21:00,Mumbai,30.7,74,5.1,1009.3,0.0,0,90
2025-05-31,22:00,Delhi,25.8,46,11.8,1015.7,0.0,0,135
2025-05-31,23:00,Bangalore,23.7,71,6.3,1015.1,0.0,0,53
2025-06-01,00:00,Chennai,28.8,87,17.6,1014.8,0.0,0,64
2025-06-01,01:00,Hyderabad,30.1,74,20.0,1009.9,0.0,0,49
2025-06-01,02:00,Mumbai,33.1,96,18.6,1009.4,0.0,0,73
2025-06-01,03:00,Delhi,24.8,63,18.8,1020.3,0.0,0,132
2025-06-01,04:00,Bangalore,27.3,87,16.0,1015.1,0.0,0,42
2025-06-01,05:00,Chennai,34.3,84,16.0,1009.7,18.0,0,53
2025-06-01,06:00,Hyderabad,38.1,67,12.2,1014.2,0.0,0,47
2025-06-01,07:00,Mumbai,38.0,87,14.7,1012.2,3.2,1,64
2025-06-01,08:00,Delhi,33.4,61,13.2,1006.3,7.0,2,111
2025-06-01,09:00,Bangalore,32.3,72,16.5,1006.8,21.3,4,48
2025-06-01,10:00,Chennai,40.1,84,16.6,1005.3,23.8,5,63
2025-06-01,11:00,Hyderabad,40.4,69,15.8,1011.3,0.0,6,66
2025-06-01,12:00,Mumbai,40.8,77,12.7,1004.5,0.0,7,83
2025-06-01,13:00,Delhi,34.9,56,19.5,1009.5,0.0,5,115
2025-06-01,14:00,Bangalore,36.6,79,13.3,1006.7,0.0,5,51
2025-06-01,15:00,Chennai,37.6,89,11.0,1009.1,0.0,3,52
2025-06-01,16:00,Hyderabad,38.3,72,15.2,1007.1,0.0,2,59
2025-06-01,17:00,Mumbai,32.9,90,12.6,1012.1,7.5,0,79
2025-06-01,18:00,Delhi,28.3,70,13.0,1010.5,10.5,0,127
2025-06-01,19:00,Bangalore,27.2,78,15.6,1013.2,0.0,0,61
2025-06-01,20:00,Chennai,31.8,81,13.7,1012.4,0.0,0,58
2025-06-01,21:00,Hyderabad,30.6,75,9.7,1013.4,20.7,0,38
2025-06-01,22:00,Mumbai,29.3,94,17.1,1012.7,0.0,0,57
2025-06-01,23:00,Delhi,27.3,61,18.0,1014.5,24.9,0,114
2025-06-02,00:00,Bangalore,25.8,83,13.6,1017.6,0.0,0,53
2025-06-02,01:00,Chennai,30.5,85,20.6,1013.1,0.0,0,29
2025-06-02,02:00,Hyderabad,31.6,68,17.0,1010.7,24.3,0,48
2025-06-02,03:00,Mumbai,33.7,93,11.9,1012.2,0.0,0,64
2025-06-02,04:00,Delhi,31.0,65,9.2,1020.8,1.1,0,137
2025-06-02,05:00,Bangalore,31.4,94,14.3,1014.5,0.0,0,41
2025-06-02,06:00,Chennai,35.5,87,15.2,1010.3,0.0,0,68
2025-06-02,07:00,Hyderabad,37.7,65,14.6,1014.1,0.0,1,47
2025-06-02,08:00,Mumbai,38.5,75,15.3,1011.4,0.0,2,75
2025-06-02,09:00,Delhi,36.1,56,15.3,1014.2,0.0,2,132
2025-06-02,10:00,Bangalore,33.8,79,13.3,1010.6,9.2,4,62
2025-06-02,11:00,Chennai,39.4,75,12.0,1017.4,0.0,5,20
2025-06-02,12:00,Hyderabad,41.4,56,11.2,1006.8,0.0,7,63
2025-06-02,13:00,Mumbai,39.8,80,10.9,1014.0,11.4,6,68
2025-06-02,14:00,Delhi,34.9,63,15.8,1009.0,11.1,3,152
2025-06-02,15:00,Bangalore,32.6,79,12.6,1015.3,0.0,3,20
2025-06-02,16:00,Chennai,36.0,74,13.9,1012.6,0.0,2,51
2025-06-02,17:00,Hyderabad,38.7,77,12.3,1007.9,15.6,1,75
2025-06-02,18:00,Mumbai,35.4,90,14.3,1016.7,15.5,0,84
2025-06-02,19:00,Delhi,28.1,54,13.7,1014.3,0.0,0,128
2025-06-02,20:00,Bangalore,24.8,89,18.3,1018.6,0.0,0,45
2025-06-02,21:00,Chennai,30.8,96,21.0,1010.4,19.6,0,56
2025-06-02,22:00,Hyderabad,29.2,63,11.4,1012.2,0.0,0,65
2025-06-02,23:00,Mumbai,28.0,85,16.7,1014.6,0.0,0,55
2025-06-03,00:00,Delhi,26.7,69,12.7,1016.2,6.5,0,142
2025-06-03,01:00,Bangalore,22.9,87,10.9,1016.3,0.0,0,57
2025-06-03,02:00,Chennai,32.1,86,14.6,1011.9,0.0,0,59
2025-06-03,03:00,Hyderabad,30.9,73,12.6,1010.9,0.0,0,36
2025-06-03,04:00,Mumbai,35.3,86,14.4,1010.4,0.0,0,59
2025-06-03,05:00,Delhi,30.0,65,12.4,1010.9,0.0,0,122
2025-06-03,06:00,Bangalore,30.4,77,11.0,1017.4,0.0,0,49
2025-06-03,07:00,Chennai,34.2,85,15.7,1014.2,0.0,1,53
2025-06-03,08:00,Hyderabad,39.5,63,14.0,1008.9,0.0,2,70
2025-06-03,09:00,Mumbai,40.5,85,15.2,1010.5,0.0,4,82
2025-06-03,10:00,Delhi,35.8,64,16.7,1011.1,0.0,4,130
2025-06-03,11:00,Bangalore,36.4,68,10.7,1009.7,0.0,6,39
2025-06-03,12:00,Chennai,39.8,80,14.0,1010.5,0.0,6,50
2025-06-03,13:00,Hyderabad,41.8,57,9.9,1009.4,0.0,5,70
2025-06-03,14:00,Mumbai,38.5,77,13.9,1008.7,0.0,4,62
2025-06-03,15:00,Delhi,35.3,60,12.0,1007.6,0.0,3,123
2025-06-03,16:00,Bangalore,31.6,78,12.4,1013.4,2.0,1,40
2025-06-03,17:00,Chennai,36.6,84,15.4,1015.8,6.2,1,61
2025-06-03,18:00,Hyderabad,34.9,70,15.6,1014.6,0.0,0,64
2025-06-03,19:00,Mumbai,32.6,94,14.7,1013.8,0.0,0,98
2025-06-03,20:00,Delhi,26.3,62,13.3,1009.9,21.0,0,141
2025-06-03,21:00,Bangalore,27.3,81,12.9,1017.0,9.6,0,34
2025-06-03,22:00,Chennai,32.4,86,11.9,1010.9,0.0,0,46
2025-06-03,23:00,Hyderabad,30.8,76,14.2,1012.6,0.0,0,74
2025-06-04,00:00,Mumbai,32.7,85,10.9,1013.0,9.2,0,70
2025-06-04,01:00,Delhi,23.9,65,9.0,1014.0,0.0,0,131
2025-06-04,02:00,Bangalore,25.6,83,18.0,1017.7,0.0,0,24
2025-06-04,03:00,Chennai,30.4,86,16.2,1010.2,9.9,0,62
2025-06-04,04:00,Hyderabad,33.0,80,11.3,1010.2,0.0,0,56
2025-06-04,05:00,Mumbai,35.9,84,12.6,1011.3,0.0,0,50
2025-06-04,06:00,Delhi,33.1,66,11.4,1010.5,10.1,0,101
2025-06-04,07:00,Bangalore,31.3,80,16.8,1013.1,2.6,0,33
2025-06-04,08:00,Chennai,37.1,82,15.8,1010.8,17.2,3,56
2025-06-04,09:00,Hyderabad,39.7,71,16.3,1011.1,0.0,3,79
2025-06-04,10:00,Mumbai,39.4,85,12.7,1014.5,11.5,4,62
2025-06-04,11:00,Delhi,36.8,66,12.2,1012.7,15.1,6,123
2025-06-04,12:00,Bangalore,35.5,86,13.9,1012.1,7.9,6,36
2025-06-04,13:00,Chennai,36.4,76,15.9,1010.2,0.0,6,41
2025-06-04,14:00,Hyderabad,41.1,67,9.9,1010.0,0.0,4,59
2025-06-04,15:00,Mumbai,38.2,76,12.3,1009.7,0.0,3,46
2025-06-04,16:00,Delhi,32.8,61,11.9,1009.5,8.3,2,129
2025-06-04,17:00,Bangalore,30.2,78,13.8,1008.4,0.0,1,61
2025-06-04,18:00,Chennai,34.1,86,10.4,1012.2,13.5,0,70
2025-06-04,19:00,Hyderabad,34.8,70,19.3,1013.4,0.0,0,54
2025-06-04,20:00,Mumbai,31.4,90,9.3,1009.4,0.0,0,61
2025-06-04,21:00,Delhi,26.0,74,13.3,1013.5,21.7,0,129
2025-06-04,22:00,Bangalore,25.4,81,19.8,1016.6,18.5,0,20
2025-06-04,23:00,Chennai,28.0,87,19.7,1017.9,0.0,0,37
2025-06-05,00:00,Hyderabad,31.7,68,10.6,1017.0,0.0,0,50
2025-06-05,01:00,Mumbai,30.2,100,14.4,1014.2,0.0,0,76
2025-06-05,02:00,Delhi,27.1,61,18.4,1013.7,15.0,0,104
2025-06-05,03:00,Bangalore,26.5,80,17.1,1012.2,21.0,0,45
2025-06-05,04:00,Chennai,36.4,81,9.8,1011.8,0.0,0,47
2025-06-05,05:00,Hyderabad,38.0,66,15.5,1011.9,0.0,0,42
2025-06-05,06:00,Mumbai,35.6,82,14.1,1010.6,0.0,0,70
2025-06-05,07:00,Delhi,31.1,61,14.7,1013.3,0.0,1,115
2025-06-05,08:00,Bangalore,33.1,86,15.3,1010.6,12.0,3,60
2025-06-05,09:00,Chennai,40.3,78,17.5,1008.8,0.0,3,83
2025-06-05,10:00,Hyderabad,39.0,68,18.0,1006.0,12.1,4,66
2025-06-05,11:00,Mumbai,41.7,78,12.9,1013.9,0.0,5,82
2025-06-05,12:00,Delhi,37.3,65,15.7,1010.6,0.0,6,142
2025-06-05,13:00,Bangalore,35.1,88,13.2,1011.4,0.0,6,52
2025-06-05,14:00,Chennai,41.5,85,5.6,1008.7,17.4,4,37
2025-06-05,15:00,Hyderabad,39.5,67,16.3,1012.3,0.0,2,52
2025-06-05,16:00,Mumbai,36.2,78,17.3,1010.8,0.0,2,53
2025-06-05,17:00,Delhi,31.1,61,11.7,1013.6,0.0,1,136
2025-06-05,18:00,Bangalore,27.3,87,11.3,1009.7,0.0,0,89
2025-06-05,19:00,Chennai,33.2,77,10.1,1011.1,0.0,0,52
2025-06-05,20:00,Hyderabad,33.3,69,20.4,1009.7,0.0,0,65
2025-06-05,21:00,Mumbai,29.9,93,21.4,1006.1,0.0,0,70
2025-06-05,22:00,Delhi,25.2,69,11.9,1014.7,0.0,0,151
2025-06-05,23:00,Bangalore,25.0,81,18.1,1011.5,0.0,0,24
2025-06-06,00:00,Chennai,31.7,90,18.2,1008.6,20.3,0,27
2025-06-06,01:00,Hyderabad,33.2,73,16.0,1009.6,13.7,0,78
2025-06-06,02:00,Mumbai,30.0,86,13.7,1015.5,0.0,0,71
2025-06-06,03:00,Delhi,27.5,63,10.1,1015.1,0.0,0,133
2025-06-06,04:00,Bangalore,28.5,80,11.4,1011.5,0.0,0,44
2025-06-06,05:00,Chennai,34.4,81,10.9,1007.1,0.0,0,21
2025-06-06,06:00,Hyderabad,36.8,76,12.8,1010.3,0.0,0,68
2025-06-06,07:00,Mumbai,36.0,74,11.4,1011.7,0.0,1,82
2025-06-06,08:00,Delhi,36.6,59,11.4,1008.5,0.0,2,143
2025-06-06,09:00,Bangalore,36.3,69,16.0,1011.5,0.0,3,49
2025-06-06,10:00,Chennai,35.6,76,21.3,1013.0,9.6,4,75
2025-06-06,11:00,Hyderabad,42.3,63,14.8,1010.9,0.0,6,66
2025-06-06,12:00,Mumbai,38.5,82,19.1,1012.7,0.0,7,81
2025-06-06,13:00,Delhi,36.5,52,14.5,1008.5,0.0,5,120
2025-06-06,14:00,Bangalore,34.9,76,16.2,1016.0,0.0,5,60
2025-06-06,15:00,Chennai,36.5,77,14.3,1013.2,9.3,4,42
2025-06-06,16:00,Hyderabad,34.7,78,14.0,1012.4,0.0,2,34
2025-06-06,17:00,Mumbai,34.8,89,11.3,1010.4,0.0,1,87
2025-06-06,18:00,Delhi,30.7,64,11.0,1017.6,0.0,0,166
2025-06-06,19:00,Bangalore,28.6,75,19.0,1011.3,0.0,0,35
2025-06-06,20:00,Chennai,29.3,97,11.3,1014.7,0.0,0,58
2025-06-06,21:00,Hyderabad,34.0,66,11.6,1013.1,0.0,0,74
2025-06-06,22:00,Mumbai,31.2,87,14.5,1007.4,0.0,0,70
2025-06-06,23:00,Delhi,28.4,66,14.8,1010.9,12.8,0,98
2025-06-07,00:00,Bangalore,26.0,91,13.6,1011.9,0.0,0,32
2025-06-07,01:00,Chennai,32.1,85,10.5,1010.2,0.5,0,45
2025-06-07,02:00,Hyderabad,30.7,78,10.6,1017.0,0.0,0,37
2025-06-07,03:00,Mumbai,34.6,89,9.3,1007.1,24.1,0,68
2025-06-07,04:00,Delhi,31.3,67,6.9,1015.6,0.0,0,119
2025-06-07,05:00,Bangalore,28.4,81,11.6,1014.6,0.0,0,57
2025-06-07,06:00,Chennai,37.3,81,14.3,1013.7,14.1,0,48
2025-06-07,07:00,Hyderabad,37.4,68,16.0,1014.8,0.0,1,41
2025-06-07,08:00,Mumbai,38.6,96,15.0,1012.8,0.0,2,67
2025-06-07,09:00,Delhi,33.1,55,16.6,1012.6,0.0,3,161
2025-06-07,10:00,Bangalore,35.5,75,11.6,1013.0,20.8,5,47
2025-06-07,11:00,Chennai,39.6,77,16.8,1009.9,1.5,6,65
2025-06-07,12:00,Hyderabad,38.4,58,12.5,1013.7,9.5,7,62
2025-06-07,13:00,Mumbai,37.1,86,9.9,1011.0,0.0,5,46
2025-06-07,14:00,Delhi,33.3,57,16.1,1014.8,0.0,4,123
2025-06-07,15:00,Bangalore,32.6,78,13.5,1016.7,0.0,3,25
2025-06-07,16:00,Chennai,35.2,91,16.7,1011.3,23.0,2,54
2025-06-07,17:00,Hyderabad,35.2,76,10.5,1007.9,0.0,1,77
2025-06-07,18:00,Mumbai,33.4,85,15.5,1016.7,7.7,0,76
2025-06-07,19:00,Delhi,30.4,64,17.6,1008.8,0.0,0,128
2025-06-07,20:00,Bangalore,26.5,88,13.2,1012.5,11.0,0,42
2025-06-07,21:00,Chennai,31.3,92,8.6,1010.6,11.2,0,52
2025-06-07,22:00,Hyderabad,30.8,78,10.9,1013.5,0.0,0,64
2025-06-07,23:00,Mumbai,28.4,96,12.9,1013.1,0.0,0,68
2025-06-08,00:00,Delhi,28.8,59,9.7,1010.0,0.0,0,104
2025-06-08,01:00,Bangalore,25.6,80,15.7,1013.8,0.0,0,48
2025-06-08,02:00,Chennai,30.0,87,9.0,1010.0,0.0,0,41
2025-06-08,03:00,Hyderabad,33.7,72,13.4,1011.9,0.0,0,46
2025-06-08,04:00,Mumbai,31.6,91,20.0,1013.5,21.7,0,55
2025-06-08,05:00,Delhi,31.5,61,17.0,1013.0,0.0,0,129
2025-06-08,06:00,Bangalore,30.2,80,14.2,1011.9,0.0,0,23
2025-06-08,07:00,Chennai,40.2,82,13.6,1004.6,9.0,0,49
2025-06-08,08:00,Hyderabad,39.1,71,14.3,1018.8,0.0,2,59
2025-06-08,09:00,Mumbai,38.8,95,19.1,1007.3,10.3,4,78
2025-06-08,10:00,Delhi,37.6,55,21.5,1011.4,0.0,6,148
2025-06-08,11:00,Bangalore,34.8,74,13.5,1006.1,0.0,5,28
2025-06-08,12:00,Chennai,39.2,81,12.5,1006.5,0.0,7,27
2025-06-08,13:00,Hyderabad,40.8,66,19.0,1013.5,0.0,5,41
2025-06-08,14:00,Mumbai,39.3,80,18.3,1012.5,0.0,4,67
2025-06-08,15:00,Delhi,32.0,57,9.6,1012.1,0.0,2,128
2025-06-08,16:00,Bangalore,29.4,84,14.6,1010.3,0.0,2,37
2025-06-08,17:00,Chennai,34.3,86,7.2,1016.4,0.0,1,66
2025-06-08,18:00,Hyderabad,36.7,72,12.6,1006.6,4.6,0,56
2025-06-08,19:00,Mumbai,34.3,81,11.7,1017.0,0.0,0,71
2025-06-08,20:00,Delhi,26.2,69,13.4,1015.2,0.0,0,141
2025-06-08,21:00,Bangalore,24.1,83,13.1,1017.2,0.0,0,43
2025-06-08,22:00,Chennai,32.0,91,15.8,1012.2,7.6,0,39
2025-06-08,23:00,Hyderabad,30.6,76,15.6,1016.6,0.0,0,80
2025-06-09,00:00,Mumbai,29.9,92,12.7,1012.1,0.0,0,44
2025-06-09,01:00,Delhi,26.8,72,19.8,1017.3,0.0,0,125
2025-06-09,02:00,Bangalore,24.8,80,19.6,1012.0,24.2,0,40
2025-06-09,03:00,Chennai,32.9,84,13.8,1011.8,9.4,0,46
2025-06-09,04:00,Hyderabad,38.2,64,15.3,1011.6,0.0,0,44
2025-06-09,05:00,Mumbai,36.8,81,12.8,1012.3,13.8,0,53
2025-06-09,06:00,Delhi,34.9,61,13.0,1009.3,0.0,0,126
2025-06-09,07:00,Bangalore,31.8,86,23.3,1015.1,0.0,1,57
2025-06-09,08:00,Chennai,35.0,88,16.1,1011.6,0.0,2,70
2025-06-09,09:00,Hyderabad,40.0,68,17.6,1011.3,0.0,3,71
2025-06-09,10:00,Mumbai,36.8,97,13.7,1013.1,0.0,4,78
2025-06-09,11:00,Delhi,38.2,61,13.8,1011.7,0.0,5,115
2025-06-09,12:00,Bangalore,35.9,82,7.0,1014.5,0.0,6,43
2025-06-09,13:00,Chennai,39.5,78,17.1,1010.6,18.1,6,57
2025-06-09,14:00,Hyderabad,40.0,63,17.7,1006.2,0.0,5,53
2025-06-09,15:00,Mumbai,37.3,88,14.9,1014.0,17.8,3,78
2025-06-09,16:00,Delhi,30.9,68,12.0,1010.8,0.0,2,119
2025-06-09,17:00,Bangalore,31.3,81,11.3,1012.6,0.0,0,48
2025-06-09,18:00,Chennai,36.1,82,12.1,1009.8,0.0,0,75
2025-06-09,19:00,Hyderabad,31.8,72,14.8,1012.0,0.0,0,74
2025-06-09,20:00,Mumbai,30.8,87,12.8,1013.4,0.0,0,67
2025-06-09,21:00,Delhi,28.0,65,12.8,1018.3,0.0,0,132
2025-06-09,22:00,Bangalore,24.5,78,17.0,1017.9,18.5,0,34
2025-06-09,23:00,Chennai,30.4,92,7.9,1013.6,0.0,0,54
2025-06-10,00:00,Hyderabad,29.8,80,16.5,1017.7,0.0,0,44
2025-06-10,01:00,Mumbai,29.5,94,16.9,1010.8,0.0,0,54
2025-06-10,02:00,Delhi,26.7,59,17.9,1014.3,20.0,0,106
2025-06-10,03:00,Bangalore,24.8,80,11.4,1014.8,0.0,0,24
2025-06-10,04:00,Chennai,33.4,82,21.5,1013.4,0.0,0,58
2025-06-10,05:00,Hyderabad,35.3,67,17.0,1015.2,0.0,0,70
2025-06-10,06:00,Mumbai,36.5,83,12.5,1013.1,18.0,0,69
2025-06-10,07:00,Delhi,30.0,64,11.1,1009.3,15.8,1,124
2025-06-10,08:00,Bangalore,32.5,80,19.2,1013.2,0.0,2,67
2025-06-10,09:00,Chennai,38.4,84,10.7,1011.0,0.0,3,49
2025-06-10,10:00,Hyderabad,39.4,74,20.0,1011.1,0.0,5,67
2025-06-10,11:00,Mumbai,38.7,87,13.2,1008.5,9.8,5,56
2025-06-10,12:00,Delhi,36.1,56,10.6,1009.8,0.0,6,133
2025-06-10,13:00,Bangalore,32.9,84,17.5,1009.9,0.0,6,45
2025-06-10,14:00,Chennai,39.9,78,18.8,1015.0,0.0,4,50
2025-06-10,15:00,Hyderabad,40.4,71,15.0,1012.6,0.0,2,56
2025-06-10,16:00,Mumbai,34.9,81,17.7,1008.1,0.0,2,67
2025-06-10,17:00,Delhi,29.7,72,13.3,1007.2,0.0,1,120
2025-06-10,18:00,Bangalore,28.4,74,17.7,1012.3,0.0,0,44
2025-06-10,19:00,Chennai,32.2,95,13.1,1004.9,11.1,0,50
2025-06-10,20:00,Hyderabad,31.6,83,8.9,1010.8,14.2,0,74
2025-06-10,21:00,Mumbai,30.0,87,13.6,1009.5,0.0,0,64
2025-06-10,22:00,Delhi,27.9,57,13.4,1008.6,0.0,0,121
2025-06-10,23:00,Bangalore,23.8,91,17.7,1020.0,16.6,0,30
2025-06-11,00:00,Chennai,28.2,91,12.7,1017.5,0.0,0,39
2025-06-11,01:00,Hyderabad,31.6,71,14.4,1014.7,11.0,0,44
2025-06-11,02:00,Mumbai,30.8,85,13.4,1015.7,0.0,0,60
2025-06-11,03:00,Delhi,27.3,62,11.7,1011.9,0.0,0,112
2025-06-11,04:00,Bangalore,28.1,81,16.4,1011.8,2.1,0,53
2025-06-11,05:00,Chennai,34.3,87,16.4,1010.7,19.7,0,41
2025-06-11,06:00,Hyderabad,39.1,74,11.9,1006.6,0.0,0,49
2025-06-11,07:00,Mumbai,40.8,87,15.7,1012.7,0.0,1,76
2025-06-11,08:00,Delhi,33.8,60,15.4,1011.8,0.0,2,130
2025-06-11,09:00,Bangalore,34.3,77,18.1,1010.1,0.0,3,57
2025-06-11,10:00,Chennai,38.2,86,11.3,1006.8,18.1,5,68
2025-06-11,11:00,Hyderabad,40.7,70,13.2,1007.9,0.0,5,48
2025-06-11,12:00,Mumbai,39.8,90,15.2,1008.5,0.0,7,69
2025-06-11,13:00,Delhi,36.3,62,15.7,1006.3,0.0,5,121
2025-06-11,14:00,Bangalore,32.7,73,16.6,1008.9,0.0,4,37
2025-06-11,15:00,Chennai,37.0,88,16.1,1010.1,5.2,3,62
2025-06-11,16:00,Hyderabad,36.2,78,16.6,1013.4,19.9,2,43
2025-06-11,17:00,Mumbai,34.2,86,12.6,1010.4,0.0,1,88
2025-06-11,18:00,Delhi,29.7,68,16.5,1010.7,0.0,0,160
2025-06-11,19:00,Bangalore,26.3,76,16.7,1013.2,0.0,0,55
2025-06-11,20:00,Chennai,32.3,97,15.5,1010.3,0.0,0,79
2025-06-11,21:00,Hyderabad,33.0,70,8.6,1010.2,0.0,0,65
2025-06-11,22:00,Mumbai,28.5,82,13.4,1014.1,0.0,0,86
2025-06-11,23:00,Delhi,23.4,78,13.1,1017.5,0.0,0,110
2025-06-12,00:00,Bangalore,22.3,82,12.5,1012.4,0.0,0,35
2025-06-12,01:00,Chennai,30.4,89,15.6,1012.4,12.0,0,78
2025-06-12,02:00,Hyderabad,31.2,73,11.4,1014.6,0.0,0,66
2025-06-12,03:00,Mumbai,29.5,91,12.9,1013.9,0.0,0,49
2025-06-12,04:00,Delhi,31.1,67,11.2,1013.5,14.4,0,121
2025-06-12,05:00,Bangalore,28.8,82,10.1,1014.4,22.9,0,47
2025-06-12,06:00,Chennai,35.5,81,14.3,1006.3,0.0,0,36
2025-06-12,07:00,Hyderabad,36.8,70,11.3,1012.1,0.0,1,46
2025-06-12,08:00,Mumbai,37.2,87,10.7,1008.0,0.0,2,72
2025-06-12,09:00,Delhi,36.9,58,10.6,1011.6,0.0,3,148
2025-06-12,10:00,Bangalore,37.1,71,15.1,1008.8,0.0,5,46
2025-06-12,11:00,Chennai,42.1,75,13.6,1010.8,14.9,4,58
2025-06-12,12:00,Hyderabad,40.4,64,18.1,1008.5,0.0,7,39
2025-06-12,13:00,Mumbai,37.9,81,11.1,1005.9,0.0,5,52
2025-06-12,14:00,Delhi,36.1,70,10.5,1011.9,0.0,5,131
2025-06-12,15:00,Bangalore,31.0,72,12.7,1012.8,0.0,3,31
2025-06-12,16:00,Chennai,36.7,89,17.5,1015.8,0.0,2,47
2025-06-12,17:00,Hyderabad,38.5,69,14.0,1005.2,0.0,0,71
2025-06-12,18:00,Mumbai,33.9,82,9.6,1011.8,0.0,0,101
2025-06-12,19:00,Delhi,25.2,66,13.0,1013.4,4.3,0,144
2025-06-12,20:00,Bangalore,28.8,82,9.8,1011.0,0.0,0,58
2025-06-12,21:00,Chennai,30.6,96,17.3,1012.8,0.0,0,49
2025-06-12,22:00,Hyderabad,35.3,67,11.0,1013.4,7.3,0,34
2025-06-12,23:00,Mumbai,27.2,89,5.3,1009.6,0.0,0,70
2025-06-13,00:00,Delhi,29.6,59,17.7,1016.4,20.6,0,128
2025-06-13,01:00,Bangalore,26.1,84,11.4,1017.9,0.0,0,45
2025-06-13,02:00,Chennai,31.6,86,6.9,1007.4,0.9,0,55
2025-06-13,03:00,Hyderabad,31.2,71,15.6,1016.0,0.0,0,76
2025-06-13,04:00,Mumbai,35.0,90,18.1,1007.9,13.8,0,81
2025-06-13,05:00,Delhi,31.5,57,9.8,1014.1,0.0,0,129
2025-06-13,06:00,Bangalore,32.7,82,14.0,1010.9,0.0,0,28
2025-06-13,07:00,Chennai,38.4,78,14.5,1008.2,5.4,1,56
2025-06-13,08:00,Hyderabad,36.9,69,9.9,1012.7,0.0,2,78
2025-06-13,09:00,Mumbai,38.1,79,14.1,1008.2,0.0,3,89
2025-06-13,10:00,Delhi,35.2,58,9.3,1007.0,0.0,5,149
2025-06-13,11:00,Bangalore,34.6,79,13.5,1012.5,0.0,4,26
2025-06-13,12:00,Chennai,36.9,80,12.1,1008.2,0.0,7,43
2025-06-13,13:00,Hyderabad,40.0,69,10.8,1012.7,0.0,5,50
2025-06-13,14:00,Mumbai,37.0,83,8.6,1015.3,0.0,4,73
2025-06-13,15:00,Delhi,34.8,61,11.0,1012.9,0.0,3,110
2025-06-13,16:00,Bangalore,27.9,82,12.3,1013.2,4.1,3,20
2025-06-13,17:00,Chennai,37.3,74,11.3,1005.6,8.4,0,57
2025-06-13,18:00,Hyderabad,33.8,80,13.3,1009.6,0.0,0,61
2025-06-13,19:00,Mumbai,33.0,88,16.8,1013.1,0.0,0,71
2025-06-13,20:00,Delhi,27.9,68,14.5,1010.0,0.0,0,149
2025-06-13,21:00,Bangalore,24.9,86,20.6,1017.5,0.0,0,68
2025-06-13,22:00,Chennai,30.8,90,16.0,1008.9,14.9,0,22
2025-06-13,23:00,Hyderabad,32.2,69,15.1,1016.6,0.0,0,67
2025-06-14,00:00,Mumbai,29.0,90,12.8,1014.4,2.0,0,60
2025-06-14,01:00,Delhi,25.7,68,16.4,1015.6,4.3,0,126
2025-06-14,02:00,Bangalore,26.8,87,15.2,1017.3,0.0,0,32
2025-06-14,03:00,Chennai,33.2,86,13.5,1003.7,0.0,0,33
2025-06-14,04:00,Hyderabad,34.0,72,9.0,1010.4,0.0,0,54
2025-06-14,05:00,Mumbai,33.0,80,14.5,1011.7,0.0,0,60
2025-06-14,06:00,Delhi,34.0,60,17.6,1012.8,0.0,0,127
2025-06-14,07:00,Bangalore,31.9,84,14.8,1010.5,20.7,1,59
2025-06-14,08:00,Chennai,37.0,75,13.9,1014.1,0.0,2,62
2025-06-14,09:00,Hyderabad,42.6,66,13.1,1007.2,0.0,2,87
2025-06-14,10:00,Mumbai,39.9,75,18.7,1009.0,0.0,4,73
2025-06-14,11:00,Delhi,37.8,65,18.7,1010.6,0.0,5,119
2025-06-14,12:00,Bangalore,37.5,78,12.7,1010.3,0.0,6,35
2025-06-14,13:00,Chennai,39.1,80,13.7,1011.8,0.0,6,66
2025-06-14,14:00,Hyderabad,38.5,64,17.9,1015.1,0.0,4,55
2025-06-14,15:00,Mumbai,37.7,88,13.5,1005.7,0.0,3,64
2025-06-14,16:00,Delhi,32.2,63,18.5,1007.2,19.3,2,131
2025-06-14,17:00,Bangalore,28.7,80,12.3,1009.6,10.3,0,62
2025-06-14,18:00,Chennai,33.4,87,11.5,1018.2,0.0,0,82
2025-06-14,19:00,Hyderabad,33.3,73,14.6,1013.1,20.2,0,92
2025-06-14,20:00,Mumbai,32.7,87,15.3,1010.4,0.0,0,92
2025-06-14,21:00,Delhi,26.1,61,16.1,1014.3,0.0,0,133
2025-06-14,22:00,Bangalore,23.9,79,14.2,1017.7,8.7,0,25
2025-06-14,23:00,Chennai,26.7,90,16.0,1012.4,22.8,0,49
2025-06-15,00:00,Hyderabad,31.0,78,15.7,1010.6,0.0,0,52
2025-06-15,01:00,Mumbai,28.9,89,14.2,1016.3,18.9,0,43
2025-06-15,02:00,Delhi,28.3,56,15.6,1012.5,0.0,0,126
2025-06-15,03:00,Bangalore,27.7,86,19.5,1012.1,0.0,0,44
2025-06-15,04:00,Chennai,32.1,79,9.7,1014.7,0.0,0,35
2025-06-15,05:00,Hyderabad,36.1,73,15.7,1014.7,0.0,0,64
2025-06-15,06:00,Mumbai,33.6,82,18.4,1003.5,0.0,0,53
2025-06-15,07:00,Delhi,35.7,59,16.3,1010.4,0.0,1,134
2025-06-15,08:00,Bangalore,32.4,81,8.5,1003.4,0.0,2,69
2025-06-15,09:00,Chennai,37.0,83,14.8,1006.1,0.0,3,54
2025-06-15,10:00,Hyderabad,42.3,72,10.5,1008.0,12.2,4,83
2025-06-15,11:00,Mumbai,39.4,80,17.1,1009.0,0.0,6,51
2025-06-15,12:00,Delhi,36.2,60,12.3,1008.2,0.0,7,109
2025-06-15,13:00,Bangalore,37.4,70,9.4,1007.2,0.0,5,34
2025-06-15,14:00,Chennai,36.8,79,16.5,1012.6,0.0,4,27
2025-06-15,15:00,Hyderabad,36.5,77,12.6,1009.3,10.3,3,51
2025-06-15,16:00,Mumbai,35.7,86,10.8,1008.2,0.0,2,45
2025-06-15,17:00,Delhi,31.5,65,17.7,1013.3,11.8,0,148
2025-06-15,18:00,Bangalore,31.0,79,10.8,1012.1,0.0,0,57
2025-06-15,19:00,Chennai,28.0,94,16.7,1011.9,0.0,0,68
2025-06-15,20:00,Hyderabad,29.2,82,13.0,1011.7,5.9,0,61
2025-06-15,21:00,Mumbai,27.8,94,14.5,1008.5,9.5,0,46
2025-06-15,22:00,Delhi,26.8,58,18.4,1010.3,0.0,0,99
2025-06-15,23:00,Bangalore,28.0,81,16.1,1016.2,3.3,0,33
2025-06-16,00:00,Chennai,29.1,93,9.9,1016.5,0.0,0,62
2025-06-16,01:00,Hyderabad,32.6,73,18.8,1017.2,0.0,0,61
2025-06-16,02:00,Mumbai,30.8,95,15.3,1010.4,0.0,0,67
2025-06-16,03:00,Delhi,27.1,77,18.8,1010.4,0.0,0,109
2025-06-16,04:00,Bangalore,29.6,80,12.5,1015.2,20.1,0,25
2025-06-16,05:00,Chennai,38.6,67,19.1,1013.2,0.0,0,47
2025-06-16,06:00,Hyderabad,34.3,72,17.6,1010.6,0.0,0,58
2025-06-16,07:00,Mumbai,36.8,83,12.7,1003.7,6.3,1,71
2025-06-16,08:00,Delhi,35.1,59,20.4,1010.2,0.0,3,133
2025-06-16,09:00,Bangalore,36.8,71,12.0,1007.8,0.0,3,52
2025-06-16,10:00,Chennai,41.4,75,15.6,1014.7,20.1,5,50
2025-06-16,11:00,Hyderabad,41.3,63,15.4,1006.5,0.0,5,61
2025-06-16,12:00,Mumbai,38.3,84,14.2,1006.8,0.0,7,65
2025-06-16,13:00,Delhi,35.7,61,11.4,1010.9,0.0,6,127
2025-06-16,14:00,Bangalore,32.5,70,13.9,1012.0,0.0,4,40
2025-06-16,15:00,Chennai,38.0,80,13.4,1014.1,21.6,4,60
2025-06-16,16:00,Hyderabad,37.1,74,15.9,1009.0,0.0,2,43
2025-06-16,17:00,Mumbai,32.6,92,11.7,1013.0,0.0,1,99
2025-06-16,18:00,Delhi,31.4,65,14.3,1010.1,0.0,0,137
2025-06-16,19:00,Bangalore,31.4,79,10.5,1012.4,0.0,0,51
2025-06-16,20:00,Chennai,30.5,80,13.1,1008.1,0.0,0,74
2025-06-16,21:00,Hyderabad,29.5,87,14.9,1014.5,0.0,0,53
2025-06-16,22:00,Mumbai,31.9,84,17.9,1010.0,1.2,0,55
2025-06-16,23:00,Delhi,27.2,70,9.5,1010.2,0.0,0,136
2025-06-17,00:00,Bangalore,26.7,78,17.2,1019.6,18.1,0,46
2025-06-17,01:00,Chennai,30.0,90,11.8,1005.4,0.0,0,59
2025-06-17,02:00,Hyderabad,32.5,71,12.4,1009.5,22.7,0,56
2025-06-17,03:00,Mumbai,29.8,100,12.0,1010.9,3.2,0,57
2025-06-17,04:00,Delhi,30.1,60,12.0,1012.6,19.7,0,132
2025-06-17,05:00,Bangalore,28.2,91,12.1,1019.2,0.0,0,65
2025-06-17,06:00,Chennai,35.5,80,19.2,1013.2,3.3,0,38
2025-06-17,07:00,Hyderabad,37.4,61,12.7,1012.7,0.0,1,81
2025-06-17,08:00,Mumbai,37.4,83,11.8,1013.6,0.0,2,55
2025-06-17,09:00,Delhi,35.7,60,16.0,1009.8,0.0,4,131
2025-06-17,10:00,Bangalore,37.8,70,13.8,1013.5,0.0,4,48
2025-06-17,11:00,Chennai,41.3,77,11.5,1014.4,0.0,5,58
2025-06-17,12:00,Hyderabad,39.0,60,11.8,1011.3,0.0,8,51
2025-06-17,13:00,Mumbai,38.2,73,15.1,1014.6,0.0,5,63
2025-06-17,14:00,Delhi,34.4,68,15.9,1008.3,22.0,4,109
2025-06-17,15:00,Bangalore,33.8,86,12.9,1013.5,0.9,3,26
2025-06-17,16:00,Chennai,37.3,90,15.7,1010.3,0.0,2,76
2025-06-17,17:00,Hyderabad,35.5,69,12.5,1011.7,11.6,2,75
2025-06-17,18:00,Mumbai,31.8,91,12.8,1015.1,0.0,0,85
2025-06-17,19:00,Delhi,25.5,64,11.3,1017.2,24.5,0,151
2025-06-17,20:00,Bangalore,23.1,76,13.2,1020.4,14.4,0,40
2025-06-17,21:00,Chennai,28.5,96,13.0,1012.1,0.0,0,61
2025-06-17,22:00,Hyderabad,30.2,66,14.4,1011.8,0.0,0,56
2025-06-17,23:00,Mumbai,29.3,93,16.8,1017.4,0.0,0,54
2025-06-18,00:00,Delhi,26.4,62,18.8,1014.4,14.1,0,108
2025-06-18,01:00,Bangalore,24.6,80,11.6,1016.3,0.0,0,29
2025-06-18,02:00,Chennai,30.7,84,10.7,1013.8,0.0,0,47
2025-06-18,03:00,Hyderabad,32.2,72,13.2,1014.0,10.1,0,51
2025-06-18,04:00,Mumbai,32.4,88,13.7,1011.3,0.0,0,85
2025-06-18,05:00,Delhi,30.2,64,17.9,1011.1,14.4,0,117
2025-06-18,06:00,Bangalore,30.3,77,17.0,1009.0,0.0,0,24
2025-06-18,07:00,Chennai,37.1,79,9.5,1011.8,0.0,1,71
2025-06-18,08:00,Hyderabad,39.8,65,14.1,1010.6,0.0,2,78
2025-06-18,09:00,Mumbai,40.6,77,22.3,1012.5,0.0,3,84
2025-06-18,10:00,Delhi,35.4,66,13.9,1015.6,0.0,5,160
2025-06-18,11:00,Bangalore,35.6,78,12.5,1013.5,1.3,6,46
2025-06-18,12:00,Chennai,40.1,80,13.3,1007.2,0.0,6,46
2025-06-18,13:00,Hyderabad,41.6,53,12.9,1019.9,3.9,6,41
2025-06-18,14:00,Mumbai,36.4,74,13.1,1011.8,0.0,5,83
2025-06-18,15:00,Delhi,34.0,59,14.6,1017.2,12.2,2,123
2025-06-18,16:00,Bangalore,32.8,70,13.3,1005.9,0.0,1,56
2025-06-18,17:00,Chennai,34.8,79,20.7,1009.9,0.0,0,48
2025-06-18,18:00,Hyderabad,36.5,74,15.6,1009.0,0.0,0,89
2025-06-18,19:00,Mumbai,31.0,90,18.1,1011.6,7.0,0,80
2025-06-18,20:00,Delhi,30.3,57,16.1,1016.8,0.0,0,157
2025-06-18,21:00,Bangalore,27.2,76,17.7,1010.8,3.4,0,40
2025-06-18,22:00,Chennai,30.1,86,14.5,1014.6,14.1,0,51
2025-06-18,23:00,Hyderabad,28.9,81,12.5,1010.6,0.0,0,62
2025-06-19,00:00,Mumbai,28.8,87,9.8,1007.5,0.0,0,77
2025-06-19,01:00,Delhi,26.6,61,14.9,1014.8,0.0,0,125
2025-06-19,02:00,Bangalore,24.0,89,10.0,1012.0,0.0,0,31
2025-06-19,03:00,Chennai,31.8,86,13.3,1012.0,0.0,0,63
2025-06-19,04:00,Hyderabad,33.4,69,15.5,1008.9,0.0,0,53
2025-06-19,05:00,Mumbai,33.9,79,18.7,1014.8,0.0,0,50
2025-06-19,06:00,Delhi,33.3,69,13.8,1010.4,0.0,0,125
2025-06-19,07:00,Bangalore,30.6,82,16.9,1012.4,0.0,1,38
2025-06-19,08:00,Chennai,37.7,88,14.0,1006.5,0.0,2,63
2025-06-19,09:00,Hyderabad,41.2,67,15.9,1009.1,0.0,3,67
2025-06-19,10:00,Mumbai,37.0,90,14.7,1013.8,0.0,4,95
2025-06-19,11:00,Delhi,34.3,48,9.5,1008.7,0.0,6,121
2025-06-19,12:00,Bangalore,36.7,65,17.3,1010.8,0.0,7,50
2025-06-19,13:00,Chennai,38.8,75,13.7,1006.2,0.0,6,44
2025-06-19,14:00,Hyderabad,39.6,63,15.3,1014.4,0.0,5,58
2025-06-19,15:00,Mumbai,36.1,81,20.5,1012.0,0.0,3,50
2025-06-19,16:00,Delhi,33.0,67,17.8,1014.5,0.0,2,106
2025-06-19,17:00,Bangalore,31.1,81,19.0,1011.7,17.0,0,66
2025-06-19,18:00,Chennai,34.7,81,13.5,1012.8,7.2,0,58
2025-06-19,19:00,Hyderabad,33.6,73,12.7,1011.1,0.0,0,64
2025-06-19,20:00,Mumbai,31.5,84,15.0,1012.7,14.8,0,117
2025-06-19,21:00,Delhi,27.6,65,9.6,1010.5,21.2,0,117
2025-06-19,22:00,Bangalore,23.8,88,10.6,1014.4,2.5,0,41
2025-06-19,23:00,Chennai,31.0,88,11.6,1007.6,0.8,0,46
2025-06-20,00:00,Hyderabad,32.1,75,15.4,1014.5,0.0,0,68
2025-06-20,01:00,Mumbai,30.0,93,13.6,1009.4,0.0,0,70
2025-06-20,02:00,Delhi,23.6,78,11.5,1016.5,0.0,0,117
2025-06-20,03:00,Bangalore,27.5,87,16.4,1012.5,19.5,0,44
2025-06-20,04:00,Chennai,33.4,84,15.1,1013.9,22.4,0,47
2025-06-20,05:00,Hyderabad,37.4,68,10.7,1015.1,2.1,0,30
2025-06-20,06:00,Mumbai,34.5,91,16.3,1012.3,0.0,0,59
2025-06-20,07:00,Delhi,35.5,52,15.1,1011.4,0.0,1,129
2025-06-20,08:00,Bangalore,34.2,78,10.9,1010.1,0.0,2,41
2025-06-20,09:00,Chennai,37.8,77,12.6,1012.0,3.6,3,71
2025-06-20,10:00,Hyderabad,38.2,65,15.6,1008.6,3.7,4,61
2025-06-20,11:00,Mumbai,38.4,81,11.1,1009.7,0.0,6,78
2025-06-20,12:00,Delhi,34.6,62,20.9,1013.5,0.0,7,105
2025-06-20,13:00,Bangalore,35.2,76,12.2,1007.6,0.0,6,29
2025-06-20,14:00,Chennai,37.6,79,13.7,1010.6,6.7,5,41
2025-06-20,15:00,Hyderabad,39.9,62,13.8,1004.4,0.0,3,39
2025-06-20,16:00,Mumbai,35.5,75,10.8,1014.4,0.0,3,52
2025-06-20,17:00,Delhi,29.4,68,14.4,1010.7,0.0,1,144
2025-06-20,18:00,Bangalore,30.8,84,12.6,1012.6,0.0,0,41
2025-06-20,19:00,Chennai,31.1,98,13.3,1013.7,0.0,0,74
2025-06-20,20:00,Hyderabad,34.2,65,15.4,1014.3,9.1,0,70
2025-06-20,21:00,Mumbai,32.6,87,15.4,1007.0,0.0,0,55
2025-06-20,22:00,Delhi,26.5,70,11.0,1014.2,20.3,0,127
2025-06-20,23:00,Bangalore,23.0,94,13.5,1018.5,0.0,0,46
2025-06-21,00:00,Chennai,31.3,93,13.4,1013.4,5.6,0,37
2025-06-21,01:00,Hyderabad,33.9,62,13.6,1016.0,0.0,0,67
2025-06-21,02:00,Mumbai,30.1,100,14.2,1013.0,18.7,0,70
2025-06-21,03:00,Delhi,29.7,65,15.7,1017.0,0.0,0,145
2025-06-21,04:00,Bangalore,29.9,83,14.2,1013.2,1.7,0,26
2025-06-21,05:00,Chennai,34.7,83,6.7,1012.1,17.2,0,52
2025-06-21,06:00,Hyderabad,37.4,64,13.4,1009.3,8.1,0,45
2025-06-21,07:00,Mumbai,37.9,83,15.0,1003.8,0.0,1,45
2025-06-21,08:00,Delhi,32.7,57,16.9,1009.1,0.0,2,139
2025-06-21,09:00,Bangalore,34.9,83,14.3,1010.4,0.0,3,66
2025-06-21,10:00,Chennai,39.0,72,15.0,1003.4,0.0,5,67
2025-06-21,11:00,Hyderabad,42.7,60,12.8,1009.8,0.0,6,69
2025-06-21,12:00,Mumbai,39.8,90,18.0,1006.4,0.0,7,83
2025-06-21,13:00,Delhi,31.2,63,14.6,1014.7,0.0,5,145
2025-06-21,14:00,Bangalore,32.6,74,17.5,1010.2,16.6,4,34
2025-06-21,15:00,Chennai,39.3,74,16.6,1006.3,24.6,4,32
2025-06-21,16:00,Hyderabad,37.6,72,9.6,1006.5,0.0,3,55
2025-06-21,17:00,Mumbai,33.2,85,10.3,1013.8,0.0,1,82
2025-06-21,18:00,Delhi,31.1,70,17.2,1007.1,24.9,0,143
2025-06-21,19:00,Bangalore,29.4,78,17.0,1015.2,0.0,0,50
2025-06-21,20:00,Chennai,30.9,75,15.7,1017.4,0.0,0,56
2025-06-21,21:00,Hyderabad,33.2,80,7.8,1012.2,0.0,0,71
2025-06-21,22:00,Mumbai,28.9,86,12.7,1013.7,0.0,0,95
2025-06-21,23:00,Delhi,25.8,67,16.0,1017.9,0.0,0,139
2025-06-22,00:00,Bangalore,22.4,93,11.4,1016.5,0.0,0,59
2025-06-22,01:00,Chennai,32.5,88,11.0,1016.6,3.5,0,67
2025-06-22,02:00,Hyderabad,34.8,72,10.5,1009.4,0.0,0,48
2025-06-22,03:00,Mumbai,32.8,86,15.9,1008.3,0.0,0,54
2025-06-22,04:00,Delhi,30.7,66,18.3,1012.2,0.0,0,149
2025-06-22,05:00,Bangalore,30.1,76,12.7,1011.2,0.0,0,28
2025-06-22,06:00,Chennai,37.8,85,8.1,1015.2,0.0,0,58
2025-06-22,07:00,Hyderabad,36.2,64,14.6,1011.4,0.0,1,57
2025-06-22,08:00,Mumbai,38.6,83,19.4,1009.0,0.0,2,74
2025-06-22,09:00,Delhi,35.1,62,17.6,1013.2,6.5,3,160
2025-06-22,10:00,Bangalore,33.5,72,14.8,1012.9,1.3,4,40
2025-06-22,11:00,Chennai,39.4,77,16.7,1006.6,0.0,5,48
2025-06-22,12:00,Hyderabad,39.3,56,18.7,1007.3,0.0,6,56
2025-06-22,13:00,Mumbai,39.4,81,13.8,1012.5,16.9,6,60
2025-06-22,14:00,Delhi,33.1,57,8.5,1015.4,0.0,4,136
2025-06-22,15:00,Bangalore,31.9,76,22.3,1016.5,0.0,3,38
2025-06-22,16:00,Chennai,36.4,84,13.6,1008.1,12.1,3,56
2025-06-22,17:00,Hyderabad,37.1,68,15.9,1011.2,0.0,1,81
2025-06-22,18:00,Mumbai,32.0,85,16.5,1018.6,0.0,0,89
2025-06-22,19:00,Delhi,28.3,66,14.1,1015.7,0.0,0,154
2025-06-22,20:00,Bangalore,27.3,82,15.9,1010.9,0.0,0,72
2025-06-22,21:00,Chennai,32.3,81,11.3,1014.2,9.6,0,39
2025-06-22,22:00,Hyderabad,30.2,74,19.8,1007.7,4.7,0,45
2025-06-22,23:00,Mumbai,30.3,96,14.2,1010.6,0.0,0,59
2025-06-23,00:00,Delhi,29.9,67,9.3,1008.8,0.0,0,133
2025-06-23,01:00,Bangalore,22.6,85,14.9,1014.4,0.0,0,40
2025-06-23,02:00,Chennai,31.9,86,18.1,1009.8,0.0,0,48
2025-06-23,03:00,Hyderabad,34.7,73,12.8,1007.7,0.0,0,47
2025-06-23,04:00,Mumbai,30.8,95,11.5,1014.5,0.0,0,76
2025-06-23,05:00,Delhi,30.3,62,13.2,1014.0,17.9,0,123
2025-06-23,06:00,Bangalore,32.8,78,15.8,1006.8,0.0,0,37
2025-06-23,07:00,Chennai,37.7,84,16.1,1009.6,15.6,1,40
2025-06-23,08:00,Hyderabad,41.3,60,12.6,1010.2,0.0,1,72
2025-06-23,09:00,Mumbai,37.9,90,6.8,1012.2,14.2,3,75
2025-06-23,10:00,Delhi,35.2,60,11.7,1012.4,0.0,4,170
2025-06-23,11:00,Bangalore,34.7,72,14.6,1009.9,0.0,5,52
2025-06-23,12:00,Chennai,39.4,78,14.6,1007.7,0.0,7,54
2025-06-23,13:00,Hyderabad,41.2,67,10.4,1004.8,23.7,6,50
2025-06-23,14:00,Mumbai,36.2,86,16.0,1010.1,0.0,4,87
2025-06-23,15:00,Delhi,32.8,63,15.3,1015.6,0.0,3,127
2025-06-23,16:00,Bangalore,32.2,70,15.7,1017.4,0.0,2,35
2025-06-23,17:00,Chennai,35.8,82,14.1,1007.0,0.0,0,73
2025-06-23,18:00,Hyderabad,36.0,71,13.0,1010.5,0.0,0,47
2025-06-23,19:00,Mumbai,33.3,84,12.1,1014.7,8.4,0,96
2025-06-23,20:00,Delhi,27.3,66,20.0,1012.1,3.0,0,135
2025-06-23,21:00,Bangalore,27.4,81,15.6,1012.1,0.0,0,43
2025-06-23,22:00,Chennai,31.7,87,15.6,1012.4,1.1,0,49
2025-06-23,23:00,Hyderabad,29.2,86,14.1,1011.0,0.0,0,39
2025-06-24,00:00,Mumbai,29.0,88,8.8,1014.8,0.0,0,85
2025-06-24,01:00,Delhi,26.3,75,19.8,1018.1,0.0,0,128
2025-06-24,02:00,Bangalore,26.2,79,8.3,1017.2,0.0,0,28
2025-06-24,03:00,Chennai,33.8,84,11.5,1011.9,7.0,0,73
2025-06-24,04:00,Hyderabad,34.6,83,11.5,1013.7,11.7,0,69
2025-06-24,05:00,Mumbai,34.8,84,18.7,1010.3,0.0,0,63
2025-06-24,06:00,Delhi,33.6,64,18.5,1017.6,0.0,0,125
2025-06-24,07:00,Bangalore,32.9,79,12.3,1014.2,15.3,1,24
2025-06-24,08:00,Chennai,40.1,79,13.4,1004.8,20.9,2,53
2025-06-24,09:00,Hyderabad,39.6,60,17.6,1014.1,0.0,4,74
2025-06-24,10:00,Mumbai,35.2,81,11.4,1008.0,23.0,4,50
2025-06-24,11:00,Delhi,36.7,56,15.9,1010.9,0.0,6,119
2025-06-24,12:00,Bangalore,33.1,83,19.7,1015.5,0.0,7,30
2025-06-24,13:00,Chennai,38.2,72,9.4,1011.6,0.0,6,53
2025-06-24,14:00,Hyderabad,40.9,68,13.4,1009.6,6.4,5,50
2025-06-24,15:00,Mumbai,34.4,84,19.1,1011.9,0.0,3,54
2025-06-24,16:00,Delhi,33.2,53,11.6,1018.0,24.8,2,154
2025-06-24,17:00,Bangalore,28.9,87,12.6,1018.0,0.0,1,64
2025-06-24,18:00,Chennai,34.2,78,11.0,1012.9,0.0,0,64
2025-06-24,19:00,Hyderabad,32.4,65,19.3,1011.9,17.7,0,70
2025-06-24,20:00,Mumbai,29.3,95,13.4,1013.2,0.0,0,100
2025-06-24,21:00,Delhi,27.9,69,6.1,1011.1,0.0,0,140
2025-06-24,22:00,Bangalore,24.8,85,13.6,1014.8,0.0,0,20
2025-06-24,23:00,Chennai,30.9,86,14.3,1010.7,0.0,0,40
2025-06-25,00:00,Hyderabad,30.3,80,14.2,1012.5,0.0,0,67
2025-06-25,01:00,Mumbai,31.4,93,10.8,1010.9,0.0,0,67
2025-06-25,02:00,Delhi,29.7,68,12.8,1017.1,0.0,0,113
2025-06-25,03:00,Bangalore,27.2,75,14.1,1010.4,0.0,0,43
2025-06-25,04:00,Chennai,33.0,94,18.0,1010.7,19.6,0,60
2025-06-25,05:00,Hyderabad,36.6,66,11.8,1006.6,0.0,0,43
2025-06-25,06:00,Mumbai,33.0,90,16.3,1007.6,0.0,0,50
2025-06-25,07:00,Delhi,33.3,69,17.2,1011.9,0.0,1,117
2025-06-25,08:00,Bangalore,34.2,74,7.8,1012.0,14.7,2,29
2025-06-25,09:00,Chennai,36.5,89,8.2,1009.6,11.6,3,79
2025-06-25,10:00,Hyderabad,39.5,70,12.1,1016.1,0.0,5,50
2025-06-25,11:00,Mumbai,38.1,83,12.4,1006.2,5.9,5,67
2025-06-25,12:00,Delhi,33.0,65,13.9,1006.6,0.0,7,125
2025-06-25,13:00,Bangalore,36.3,77,13.0,1009.1,0.0,5,36
2025-06-25,14:00,Chennai,36.6,91,15.8,1009.9,0.0,4,39
2025-06-25,15:00,Hyderabad,38.4,64,13.9,1009.2,0.0,3,56
2025-06-25,16:00,Mumbai,35.2,81,14.4,1015.6,0.0,1,35
2025-06-25,17:00,Delhi,31.2,68,23.7,1011.9,0.0,1,110
2025-06-25,18:00,Bangalore,29.5,89,17.8,1011.9,0.0,0,54
2025-06-25,19:00,Chennai,32.4,82,13.9,1010.8,17.8,0,61
2025-06-25,20:00,Hyderabad,32.3,73,16.5,1010.6,0.0,0,54
2025-06-25,21:00,Mumbai,33.3,83,18.4,1011.7,0.0,0,56
2025-06-25,22:00,Delhi,29.5,62,12.8,1010.4,11.5,0,118
2025-06-25,23:00,Bangalore,27.0,81,15.3,1012.7,0.0,0,35
2025-06-26,00:00,Chennai,30.9,88,15.6,1014.4,0.0,0,44
2025-06-26,01:00,Hyderabad,34.2,71,14.7,1011.9,0.0,0,66
2025-06-26,02:00,Mumbai,29.4,76,22.2,1015.4,10.3,0,60
2025-06-26,03:00,Delhi,28.6,62,15.3,1018.3,0.0,0,116
2025-06-26,04:00,Bangalore,29.5,71,15.4,1014.3,0.0,0,40
2025-06-26,05:00,Chennai,37.2,88,16.4,1006.0,0.0,0,52
2025-06-26,06:00,Hyderabad,38.0,64,11.2,1011.8,0.0,0,60
2025-06-26,07:00,Mumbai,39.1,81,11.6,1006.7,7.5,0,73
2025-06-26,08:00,Delhi,34.5,61,13.9,1014.5,0.0,2,149
2025-06-26,09:00,Bangalore,35.4,79,13.1,1008.3,0.0,2,56
2025-06-26,10:00,Chennai,40.2,75,14.6,1007.8,10.3,5,63
2025-06-26,11:00,Hyderabad,40.0,64,14.4,1009.3,0.0,5,33
2025-06-26,12:00,Mumbai,38.1,86,11.0,1005.9,24.0,7,55
2025-06-26,13:00,Delhi,36.2,66,16.3,1014.3,0.0,5,127
2025-06-26,14:00,Bangalore,35.6,80,18.2,1012.3,0.0,5,42
2025-06-26,15:00,Chennai,39.6,78,14.5,1011.0,0.0,3,59
2025-06-26,16:00,Hyderabad,38.8,69,12.2,1010.6,4.6,3,62
2025-06-26,17:00,Mumbai,33.5,79,15.7,1008.3,0.0,1,63
2025-06-26,18:00,Delhi,31.5,73,14.9,1008.5,21.3,0,153
2025-06-26,19:00,Bangalore,29.3,90,15.0,1013.5,0.0,0,65
2025-06-26,20:00,Chennai,30.2,84,11.3,1012.3,7.2,0,77
2025-06-26,21:00,Hyderabad,30.0,72,7.9,1011.4,0.0,0,76
2025-06-26,22:00,Mumbai,27.4,95,14.7,1016.2,0.0,0,79
2025-06-26,23:00,Delhi,26.0,67,22.9,1019.1,0.0,0,121
2025-06-27,00:00,Bangalore,24.9,82,17.0,1011.4,18.5,0,46
2025-06-27,01:00,Chennai,30.4,92,15.7,1010.3,0.0,0,62
2025-06-27,02:00,Hyderabad,32.6,74,11.9,1014.6,0.0,0,68
2025-06-27,03:00,Mumbai,32.9,87,10.8,1012.9,0.0,0,64
2025-06-27,04:00,Delhi,31.4,67,12.7,1007.5,0.0,0,132
2025-06-27,05:00,Bangalore,29.8,84,8.9,1014.1,10.9,0,50
2025-06-27,06:00,Chennai,37.9,76,14.0,1013.9,13.1,0,51
2025-06-27,07:00,Hyderabad,37.7,69,12.4,1006.8,0.0,1,55
2025-06-27,08:00,Mumbai,36.8,84,14.1,1012.1,0.0,2,82
2025-06-27,09:00,Delhi,35.1,54,17.1,1011.0,17.3,3,151
2025-06-27,10:00,Bangalore,34.4,74,17.2,1015.6,0.0,4,64
2025-06-27,11:00,Chennai,41.5,79,15.4,1011.9,0.0,6,39
2025-06-27,12:00,Hyderabad,40.3,74,13.5,1009.2,0.0,8,69
2025-06-27,13:00,Mumbai,39.8,88,13.5,1010.0,0.0,6,70
2025-06-27,14:00,Delhi,34.2,67,14.0,1011.2,0.0,4,130
2025-06-27,15:00,Bangalore,33.0,70,14.6,1011.9,0.0,3,48
2025-06-27,16:00,Chennai,36.6,77,15.7,1008.8,0.0,2,44
2025-06-27,17:00,Hyderabad,33.9,71,15.2,1019.5,23.2,1,69
2025-06-27,18:00,Mumbai,33.1,86,13.1,1015.1,18.2,0,83
2025-06-27,19:00,Delhi,28.5,63,16.0,1008.9,0.0,0,143
2025-06-27,20:00,Bangalore,26.7,90,14.6,1015.1,0.0,0,67
2025-06-27,21:00,Chennai,33.5,74,15.2,1012.8,0.0,0,36
2025-06-27,22:00,Hyderabad,30.1,68,15.7,1010.9,15.0,0,44
2025-06-27,23:00,Mumbai,32.2,96,13.6,1012.2,9.7,0,85
2025-06-28,00:00,Delhi,25.2,62,13.8,1010.0,7.1,0,120
2025-06-28,01:00,Bangalore,26.0,83,12.0,1012.3,0.0,0,67
2025-06-28,02:00,Chennai,31.8,84,15.6,1011.3,0.0,0,53
2025-06-28,03:00,Hyderabad,31.4,74,17.2,1008.1,0.0,0,64
2025-06-28,04:00,Mumbai,33.5,79,10.5,1013.2,0.0,0,81
2025-06-28,05:00,Delhi,29.4,71,14.1,1010.3,0.0,0,142
2025-06-28,06:00,Bangalore,29.3,82,16.7,1014.0,18.1,0,39
2025-06-28,07:00,Chennai,37.2,89,11.9,1010.6,0.0,0,60
2025-06-28,08:00,Hyderabad,39.4,68,12.6,1012.0,0.0,1,63
2025-06-28,09:00,Mumbai,37.9,84,12.4,1012.2,11.1,3,77
2025-06-28,10:00,Delhi,37.5,64,18.4,1012.4,0.0,4,135
2025-06-28,11:00,Bangalore,33.4,76,10.8,1013.6,0.0,6,39
2025-06-28,12:00,Chennai,39.9,83,14.3,1015.6,0.0,6,49
2025-06-28,13:00,Hyderabad,41.0,61,12.5,1005.6,0.0,6,53
2025-06-28,14:00,Mumbai,38.2,73,17.6,1015.3,0.0,4,90
2025-06-28,15:00,Delhi,30.0,65,19.9,1013.3,0.0,4,105
2025-06-28,16:00,Bangalore,28.1,80,8.7,1014.1,0.0,2,33
2025-06-28,17:00,Chennai,37.3,85,12.4,1018.7,18.2,1,75
2025-06-28,18:00,Hyderabad,35.6,70,14.0,1014.6,18.1,0,61
2025-06-28,19:00,Mumbai,35.0,85,16.8,1013.0,0.0,0,65
2025-06-28,20:00,Delhi,27.4,68,11.4,1017.3,11.2,0,157
2025-06-28,21:00,Bangalore,27.1,80,17.2,1012.1,0.0,0,27
2025-06-28,22:00,Chennai,29.1,83,14.8,1012.6,11.4,0,60
2025-06-28,23:00,Hyderabad,30.8,76,13.7,1014.2,0.0,0,74
2025-06-29,00:00,Mumbai,29.5,83,11.8,1015.4,0.0,0,102
2025-06-29,01:00,Delhi,25.2,56,9.8,1016.3,0.0,0,160
2025-06-29,02:00,Bangalore,26.1,79,12.9,1017.0,3.9,0,31
2025-06-29,03:00,Chennai,31.7,100,13.4,1014.9,0.0,0,31
2025-06-29,04:00,Hyderabad,35.9,68,15.2,1017.6,0.0,0,32
2025-06-29,05:00,Mumbai,34.7,83,18.6,1016.6,0.0,0,91
2025-06-29,06:00,Delhi,33.6,54,14.9,1010.8,8.0,0,126
2025-06-29,07:00,Bangalore,33.9,78,15.2,1010.2,5.4,0,23
2025-06-29,08:00,Chennai,39.3,84,7.8,1008.8,10.4,1,59
2025-06-29,09:00,Hyderabad,39.3,57,15.6,1005.0,0.0,4,83
2025-06-29,10:00,Mumbai,40.6,83,18.5,1004.0,0.0,4,59
2025-06-29,11:00,Delhi,36.1,64,14.9,1015.3,0.0,6,114
2025-06-29,12:00,Bangalore,33.5,72,13.8,1010.3,0.0,7,64
2025-06-29,13:00,Chennai,40.9,84,19.1,1008.9,23.5,5,62
2025-06-29,14:00,Hyderabad,38.5,63,13.2,1017.1,0.0,5,45
2025-06-29,15:00,Mumbai,36.0,91,12.1,1011.3,0.0,3,75
2025-06-29,16:00,Delhi,34.1,57,13.5,1013.8,2.1,2,128
2025-06-29,17:00,Bangalore,32.1,80,10.6,1014.6,0.0,0,55
2025-06-29,18:00,Chennai,32.7,85,7.3,1013.0,0.0,0,55
2025-06-29,19:00,Hyderabad,33.9,74,7.3,1011.8,23.6,0,54
2025-06-29,20:00,Mumbai,30.1,81,14.7,1014.5,0.0,0,77
2025-06-29,21:00,Delhi,26.9,67,14.3,1017.4,0.0,0,124
2025-06-29,22:00,Bangalore,25.9,78,18.3,1016.6,0.0,0,35
2025-06-29,23:00,Chennai,29.0,90,18.2,1009.8,0.0,0,69
2025-06-30,00:00,Hyderabad,33.3,70,11.3,1012.3,0.0,0,61
2025-06-30,01:00,Mumbai,32.1,94,9.5,1008.2,0.0,0,70
2025-06-30,02:00,Delhi,28.6,67,12.5,1015.8,0.0,0,130
2025-06-30,03:00,Bangalore,30.9,79,11.9,1009.1,8.7,0,23
2025-06-30,04:00,Chennai,35.1,81,16.2,1010.1,6.4,0,52
2025-06-30,05:00,Hyderabad,31.9,71,16.4,1015.5,0.0,0,47
2025-06-30,06:00,Mumbai,35.4,82,11.1,1009.8,0.0,0,65
2025-06-30,07:00,Delhi,34.6,64,17.7,1010.9,0.0,0,137
2025-06-30,08:00,Bangalore,31.5,71,10.5,1015.1,9.8,2,31
2025-06-30,09:00,Chennai,39.1,81,16.4,1009.7,0.0,4,53
2025-06-30,10:00,Hyderabad,38.5,71,15.3,1015.0,0.0,5,77
2025-06-30,11:00,Mumbai,39.0,89,12.0,1013.0,0.0,6,68
2025-06-30,12:00,Delhi,35.0,62,13.0,1009.4,0.0,7,109
2025-06-30,13:00,Bangalore,34.1,79,13.5,1015.2,13.9,5,43
2025-06-30,14:00,Chennai,40.1,85,15.2,1017.4,0.0,5,51
2025-06-30,15:00,Hyderabad,38.1,62,18.3,1013.3,5.7,3,66
2025-06-30,16:00,Mumbai,38.7,86,3.8,1007.2,16.9,2,61
2025-06-30,17:00,Delhi,31.2,69,15.0,1010.9,0.0,1,142
2025-06-30,18:00,Bangalore,27.8,82,14.1,1012.5,9.6,0,43
2025-06-30,19:00,Chennai,30.8,93,8.4,1009.6,12.4,0,49
2025-06-30,20:00,Hyderabad,31.5,70,16.1,1014.6,0.0,0,63
2025-06-30,21:00,Mumbai,29.5,85,10.1,1011.5,0.0,0,61
2025-06-30,22:00,Delhi,27.4,74,10.3,1016.9,0.0,0,115
2025-06-30,23:00,Bangalore,27.1,79,18.0,1018.2,0.0,0,57
2025-07-01,00:00,Chennai,32.8,95,11.7,1012.8,0.0,0,32
2025-07-01,01:00,Hyderabad,31.7,71,13.2,1011.4,15.8,0,59
2025-07-01,02:00,Mumbai,32.0,93,12.1,1011.8,5.2,0,54
2025-07-01,03:00,Delhi,28.9,58,11.1,1013.8,0.0,0,124
2025-07-01,04:00,Bangalore,29.6,71,13.6,1017.8,18.2,0,62
2025-07-01,05:00,Chennai,34.4,81,13.8,1010.4,24.8,0,57
2025-07-01,06:00,Hyderabad,36.3,69,12.2,1012.7,16.1,0,55
2025-07-01,07:00,Mumbai,36.6,84,15.9,1009.9,0.0,0,50
2025-07-01,08:00,Delhi,36.6,62,16.9,1009.4,0.0,2,135
2025-07-01,09:00,Bangalore,36.9,71,12.6,1015.3,3.9,4,54
2025-07-01,10:00,Chennai,39.9,73,12.7,1015.1,7.6,4,97
2025-07-01,11:00,Hyderabad,40.0,66,17.5,1009.2,19.2,6,41
2025-07-01,12:00,Mumbai,37.6,88,12.0,1009.1,20.5,7,69
2025-07-01,13:00,Delhi,35.7,63,14.3,1015.3,2.2,6,125
2025-07-01,14:00,Bangalore,34.1,73,12.6,1015.8,0.0,4,54
2025-07-01,15:00,Chennai,38.0,79,13.8,1008.3,0.0,3,53
2025-07-01,16:00,Hyderabad,37.8,62,12.0,1011.2,16.8,2,59
2025-07-01,17:00,Mumbai,35.8,76,11.9,1012.1,19.0,1,92
2025-07-01,18:00,Delhi,28.2,50,14.6,1018.2,0.0,0,152
2025-07-01,19:00,Bangalore,28.1,88,14.3,1011.2,3.0,0,30
2025-07-01,20:00,Chennai,28.8,88,13.3,1015.9,0.0,0,79
2025-07-01,21:00,Hyderabad,33.1,72,13.4,1013.8,0.0,0,49
2025-07-01,22:00,Mumbai,29.4,95,17.4,1013.8,13.0,0,66
2025-07-01,23:00,Delhi,24.5,72,10.9,1012.0,0.0,0,140
2025-07-02,00:00,Bangalore,26.1,78,14.8,1019.7,0.0,0,43
2025-07-02,01:00,Chennai,32.0,90,10.2,1015.8,16.3,0,46
2025-07-02,02:00,Hyderabad,33.8,65,14.3,1009.3,0.0,0,56
2025-07-02,03:00,Mumbai,27.8,100,12.7,1013.9,0.0,0,49
2025-07-02,04:00,Delhi,29.7,63,11.3,1015.1,14.9,0,119
2025-07-02,05:00,Bangalore,33.1,86,8.0,1008.8,0.0,0,49
2025-07-02,06:00,Chennai,37.8,88,14.7,1013.9,2.8,0,36
2025-07-02,07:00,Hyderabad,38.7,68,7.4,1010.6,0.0,1,58
2025-07-02,08:00,Mumbai,37.9,87,14.2,1011.4,0.0,2,92
2025-07-02,09:00,Delhi,34.0,62,12.5,1007.5,0.0,3,127
2025-07-02,10:00,Bangalore,34.8,80,13.4,1005.8,0.0,5,73
2025-07-02,11:00,Chennai,39.0,86,12.4,1006.0,0.0,5,58
2025-07-02,12:00,Hyderabad,39.5,76,15.2,1015.1,0.0,8,49
2025-07-02,13:00,Mumbai,42.0,77,12.2,1009.2,0.0,5,71
2025-07-02,14:00,Delhi,36.0,56,11.0,1011.4,0.0,4,119
2025-07-02,15:00,Bangalore,32.4,79,13.9,1014.5,0.0,3,47
2025-07-02,16:00,Chennai,33.8,89,9.1,1011.3,0.0,2,61
2025-07-02,17:00,Hyderabad,35.2,70,16.1,1012.0,0.0,1,76
2025-07-02,18:00,Mumbai,31.7,90,16.0,1014.4,12.9,0,93
2025-07-02,19:00,Delhi,28.4,68,10.5,1014.9,0.0,0,135
2025-07-02,20:00,Bangalore,24.1,86,13.3,1013.3,22.9,0,53
2025-07-02,21:00,Chennai,32.5,78,17.2,1013.9,18.7,0,60
2025-07-02,22:00,Hyderabad,31.2,70,17.6,1010.6,0.0,0,62
2025-07-02,23:00,Mumbai,29.3,84,14.1,1016.8,21.2,0,69
2025-07-03,00:00,Delhi,23.2,71,17.3,1020.5,21.9,0,123
2025-07-03,01:00,Bangalore,24.6,77,10.3,1023.2,0.0,0,32
2025-07-03,02:00,Chennai,32.5,85,14.2,1018.1,23.9,0,48
2025-07-03,03:00,Hyderabad,32.8,70,12.3,1012.2,13.1,0,59
2025-07-03,04:00,Mumbai,31.5,88,15.5,1017.4,0.0,0,78
2025-07-03,05:00,Delhi,28.0,70,15.4,1018.8,9.3,0,125
2025-07-03,06:00,Bangalore,30.7,71,11.2,1012.4,0.0,0,41
2025-07-03,07:00,Chennai,37.7,80,10.2,1005.1,0.0,1,45
2025-07-03,08:00,Hyderabad,39.2,61,16.4,1009.9,0.0,3,79
2025-07-03,09:00,Mumbai,38.8,79,13.6,1009.5,0.0,4,81
2025-07-03,10:00,Delhi,35.3,59,12.3,1007.5,0.0,4,118
2025-07-03,11:00,Bangalore,33.4,83,17.9,1009.6,18.7,5,30
2025-07-03,12:00,Chennai,40.3,81,15.0,1009.7,0.0,6,46
2025-07-03,13:00,Hyderabad,38.9,62,15.3,1010.5,10.4,6,77
2025-07-03,14:00,Mumbai,36.6,90,10.9,1019.6,7.7,5,46
2025-07-03,15:00,Delhi,32.1,61,11.5,1013.4,10.3,3,126
2025-07-03,16:00,Bangalore,32.2,80,16.1,1011.9,0.0,1,32
2025-07-03,17:00,Chennai,32.8,87,14.4,1016.0,0.0,1,78
2025-07-03,18:00,Hyderabad,36.2,68,18.3,1004.1,0.0,0,71
2025-07-03,19:00,Mumbai,34.8,92,10.3,1013.9,17.5,0,76
2025-07-03,20:00,Delhi,27.9,64,12.8,1009.5,0.0,0,140
2025-07-03,21:00,Bangalore,27.9,82,8.8,1018.4,5.4,0,23
2025-07-03,22:00,Chennai,30.9,92,11.2,1013.2,0.0,0,20
2025-07-03,23:00,Hyderabad,31.1,76,15.4,1015.4,0.0,0,48
2025-07-04,00:00,Mumbai,29.3,96,13.7,1011.9,13.0,0,78
2025-07-04,01:00,Delhi,28.3,75,13.4,1018.6,0.0,0,102
2025-07-04,02:00,Bangalore,25.5,78,13.0,1013.7,0.0,0,59
2025-07-04,03:00,Chennai,32.4,96,20.2,1014.1,0.0,0,56
2025-07-04,04:00,Hyderabad,34.5,79,15.2,1012.3,0.0,0,50
2025-07-04,05:00,Mumbai,34.3,82,12.7,1010.1,23.0,0,83
2025-07-04,06:00,Delhi,32.7,70,14.4,1008.6,0.0,0,116
2025-07-04,07:00,Bangalore,32.1,74,18.5,1012.4,0.0,0,31
2025-07-04,08:00,Chennai,38.1,76,17.6,1011.9,0.0,2,56
2025-07-04,09:00,Hyderabad,41.8,75,16.8,1013.6,0.0,3,68
2025-07-04,10:00,Mumbai,41.6,79,10.8,1011.7,0.0,4,68
2025-07-04,11:00,Delhi,35.6,61,11.3,1010.6,0.0,6,161
2025-07-04,12:00,Bangalore,35.7,69,13.3,1012.1,0.0,7,22
2025-07-04,13:00,Chennai,39.6,82,12.8,1004.6,24.8,5,53
2025-07-04,14:00,Hyderabad,39.4,57,14.9,1010.3,13.1,5,61
2025-07-04,15:00,Mumbai,36.9,79,12.8,1006.0,0.0,3,61
2025-07-04,16:00,Delhi,34.7,63,15.3,1007.1,0.0,2,115
2025-07-04,17:00,Bangalore,29.7,84,16.6,1016.9,0.0,1,40
2025-07-04,18:00,Chennai,35.9,74,15.4,1014.0,11.9,0,88
2025-07-04,19:00,Hyderabad,33.9,67,11.0,1013.0,0.0,0,67
2025-07-04,20:00,Mumbai,30.2,87,13.0,1021.4,12.0,0,105
2025-07-04,21:00,Delhi,24.8,77,14.7,1012.7,0.0,0,129
2025-07-04,22:00,Bangalore,25.6,88,21.5,1006.9,5.5,0,62
2025-07-04,23:00,Chennai,30.7,83,16.2,1012.1,23.2,0,58
2025-07-05,00:00,Hyderabad,30.7,85,14.4,1013.4,0.0,0,20
2025-07-05,01:00,Mumbai,30.2,86,14.3,1008.1,2.3,0,58
2025-07-05,02:00,Delhi,27.2,70,16.7,1013.7,17.7,0,113
2025-07-05,03:00,Bangalore,28.1,89,6.3,1009.7,20.0,0,53
2025-07-05,04:00,Chennai,30.9,78,18.0,1006.9,12.4,0,65
2025-07-05,05:00,Hyderabad,36.4,85,16.5,1013.8,10.1,0,58
2025-07-05,06:00,Mumbai,33.1,87,15.6,1013.4,16.9,0,72
2025-07-05,07:00,Delhi,35.6,60,14.8,1013.1,0.0,0,123
2025-07-05,08:00,Bangalore,31.0,85,15.2,1011.3,23.4,2,74
2025-07-05,09:00,Chennai,39.7,83,14.1,1010.6,0.0,4,54
2025-07-05,10:00,Hyderabad,39.3,68,12.1,1009.6,0.0,5,79
2025-07-05,11:00,Mumbai,40.0,75,14.3,1012.1,2.6,5,46
2025-07-05,12:00,Delhi,35.3,54,10.4,1010.8,0.0,6,114
2025-07-05,13:00,Bangalore,33.5,90,14.9,1010.2,0.0,5,33
2025-07-05,14:00,Chennai,39.3,81,12.5,1007.2,0.0,5,52
2025-07-05,15:00,Hyderabad,40.4,68,16.1,1007.8,0.0,4,38
2025-07-05,16:00,Mumbai,36.3,91,13.8,1008.3,18.2,2,90
2025-07-05,17:00,Delhi,34.3,63,19.3,1015.7,0.0,1,119
2025-07-05,18:00,Bangalore,26.4,80,10.8,1014.5,0.0,0,62
2025-07-05,19:00,Chennai,32.4,82,12.4,1008.4,0.0,0,56
2025-07-05,20:00,Hyderabad,33.0,64,12.0,1007.7,0.4,0,47
2025-07-05,21:00,Mumbai,31.2,88,10.4,1009.3,0.0,0,49
2025-07-05,22:00,Delhi,21.6,75,10.6,1015.6,0.0,0,132
2025-07-05,23:00,Bangalore,23.1,81,13.6,1012.4,0.0,0,35
2025-07-06,00:00,Chennai,30.0,87,12.1,1012.7,11.8,0,52
2025-07-06,01:00,Hyderabad,32.1,68,18.0,1012.6,0.0,0,73
2025-07-06,02:00,Mumbai,26.8,86,14.6,1018.0,0.0,0,73
2025-07-06,03:00,Delhi,27.7,68,17.7,1011.6,0.0,0,142
2025-07-06,04:00,Bangalore,26.5,85,13.2,1014.9,12.3,0,46
2025-07-06,05:00,Chennai,34.9,84,13.6,1014.8,0.0,0,67
2025-07-06,06:00,Hyderabad,37.7,75,14.9,1015.6,18.4,0,43
2025-07-06,07:00,Mumbai,36.3,75,16.3,1015.4,0.0,0,64
2025-07-06,08:00,Delhi,35.3,74,11.3,1012.7,0.0,2,138
2025-07-06,09:00,Bangalore,36.0,75,9.7,1013.2,0.0,3,46
2025-07-06,10:00,Chennai,40.2,77,11.5,1016.3,0.0,4,40
2025-07-06,11:00,Hyderabad,40.1,64,11.2,1010.5,0.0,6,53
2025-07-06,12:00,Mumbai,41.8,80,15.0,1005.4,5.0,7,72
2025-07-06,13:00,Delhi,37.3,54,12.4,1008.4,0.0,6,131
2025-07-06,14:00,Bangalore,33.3,68,13.3,1009.0,0.0,4,32
2025-07-06,15:00,Chennai,36.2,83,16.1,1010.6,0.0,3,48
2025-07-06,16:00,Hyderabad,37.5,58,13.6,1009.2,0.0,2,57
2025-07-06,17:00,Mumbai,31.2,93,15.7,1013.7,0.0,1,67
2025-07-06,18:00,Delhi,27.6,69,17.3,1012.0,11.2,0,149
2025-07-06,19:00,Bangalore,30.0,82,9.8,1012.8,0.0,0,39
2025-07-06,20:00,Chennai,32.8,89,14.8,1008.3,0.0,0,63
2025-07-06,21:00,Hyderabad,30.9,70,16.4,1005.7,23.3,0,47
2025-07-06,22:00,Mumbai,32.4,84,16.9,1010.7,20.5,0,60
2025-07-06,23:00,Delhi,25.2,64,15.6,1011.2,13.1,0,135
2025-07-07,00:00,Bangalore,25.3,81,17.9,1014.3,20.1,0,40
2025-07-07,01:00,Chennai,30.8,92,10.9,1014.0,0.0,0,34
2025-07-07,02:00,Hyderabad,31.1,77,11.9,1013.3,0.0,0,60
2025-07-07,03:00,Mumbai,32.9,87,10.0,1010.1,0.0,0,80
2025-07-07,04:00,Delhi,29.2,60,15.9,1014.3,0.0,0,122
2025-07-07,05:00,Bangalore,29.5,79,14.7,1011.8,0.0,0,41
2025-07-07,06:00,Chennai,37.1,86,16.8,1009.9,20.4,0,39
2025-07-07,07:00,Hyderabad,38.1,78,14.0,1011.9,0.0,1,60
2025-07-07,08:00,Mumbai,39.5,90,17.8,1012.0,8.9,2,49
2025-07-07,09:00,Delhi,35.9,64,15.6,1015.9,0.0,3,148
2025-07-07,10:00,Bangalore,35.3,69,12.4,1012.5,0.0,5,37
2025-07-07,11:00,Chennai,41.9,75,17.4,1007.1,0.0,5,57
2025-07-07,12:00,Hyderabad,38.9,65,13.8,1006.3,0.3,7,65
2025-07-07,13:00,Mumbai,38.7,89,12.7,1010.9,0.0,6,79
2025-07-07,14:00,Delhi,33.8,60,8.9,1014.5,0.0,4,129
2025-07-07,15:00,Bangalore,31.9,75,14.8,1010.7,19.1,3,37
2025-07-07,16:00,Chennai,37.4,83,13.8,1014.9,0.0,1,53
2025-07-07,17:00,Hyderabad,35.9,73,13.9,1012.0,0.0,1,55
2025-07-07,18:00,Mumbai,33.0,85,15.4,1008.5,0.0,0,94
2025-07-07,19:00,Delhi,29.7,76,8.9,1017.5,0.0,0,128
2025-07-07,20:00,Bangalore,25.8,76,22.4,1009.4,0.0,0,68
2025-07-07,21:00,Chennai,27.3,84,15.5,1015.0,0.0,0,53
2025-07-07,22:00,Hyderabad,33.0,74,7.8,1010.4,0.0,0,67
2025-07-07,23:00,Mumbai,30.9,87,12.3,1010.3,0.0,0,44
2025-07-08,00:00,Delhi,26.2,71,10.2,1018.9,0.0,0,105
2025-07-08,01:00,Bangalore,25.5,87,16.4,1015.2,16.6,0,44
2025-07-08,02:00,Chennai,29.6,84,12.2,1008.8,0.0,0,59
2025-07-08,03:00,Hyderabad,30.6,80,10.8,1010.2,0.0,0,43
2025-07-08,04:00,Mumbai,29.2,86,12.3,1015.4,3.6,0,73
2025-07-08,05:00,Delhi,31.0,58,15.7,1010.7,17.3,0,130
2025-07-08,06:00,Bangalore,30.8,79,13.8,1018.1,0.0,0,43
2025-07-08,07:00,Chennai,39.1,83,15.9,1009.0,0.0,0,47
2025-07-08,08:00,Hyderabad,38.1,70,12.8,1016.6,10.2,1,58
2025-07-08,09:00,Mumbai,38.4,73,14.7,1010.1,0.0,3,67
2025-07-08,10:00,Delhi,34.7,65,9.7,1010.0,0.0,5,134
2025-07-08,11:00,Bangalore,33.7,72,19.4,1018.5,3.7,5,38
2025-07-08,12:00,Chennai,38.4,77,16.8,1007.1,0.0,7,71
2025-07-08,13:00,Hyderabad,39.1,61,13.3,1013.2,0.0,6,63
2025-07-08,14:00,Mumbai,37.5,85,9.4,1014.5,3.6,5,63
2025-07-08,15:00,Delhi,32.0,64,12.5,1006.3,0.0,3,121
2025-07-08,16:00,Bangalore,31.5,71,17.7,1016.5,0.0,3,50
2025-07-08,17:00,Chennai,32.8,91,10.9,1011.4,0.0,0,78
2025-07-08,18:00,Hyderabad,34.0,83,16.9,1009.0,0.0,0,57
2025-07-08,19:00,Mumbai,31.3,86,12.8,1013.9,0.0,0,61
2025-07-08,20:00,Delhi,27.3,68,14.3,1009.2,0.0,0,161
2025-07-08,21:00,Bangalore,26.0,90,15.0,1015.6,5.2,0,53
2025-07-08,22:00,Chennai,32.2,85,14.5,1007.4,0.0,0,47
2025-07-08,23:00,Hyderabad,29.2,71,16.4,1011.0,23.9,0,74
2025-07-09,00:00,Mumbai,30.3,94,14.1,1012.7,2.3,0,56
2025-07-09,01:00,Delhi,26.0,62,11.9,1016.4,0.0,0,141
2025-07-09,02:00,Bangalore,25.6,82,15.7,1017.2,0.0,0,55
2025-07-09,03:00,Chennai,32.8,85,17.7,1017.1,6.5,0,49
2025-07-09,04:00,Hyderabad,32.0,74,11.7,1010.7,0.0,0,34
2025-07-09,05:00,Mumbai,37.4,86,17.1,1009.2,17.4,0,67
2025-07-09,06:00,Delhi,31.0,67,11.2,1014.7,0.0,0,121
2025-07-09,07:00,Bangalore,31.0,79,12.6,1017.9,2.4,1,20
2025-07-09,08:00,Chennai,38.4,88,9.2,1007.0,0.0,2,85
2025-07-09,09:00,Hyderabad,39.3,64,13.3,1007.2,0.0,4,49
2025-07-09,10:00,Mumbai,39.6,82,10.8,1010.7,0.0,5,70
2025-07-09,11:00,Delhi,36.1,64,13.0,1012.6,0.0,6,95
2025-07-09,12:00,Bangalore,34.5,81,17.9,1017.2,7.8,7,39
2025-07-09,13:00,Chennai,38.2,79,16.4,1013.6,0.0,6,42
2025-07-09,14:00,Hyderabad,38.9,69,14.1,1010.3,18.4,5,66
2025-07-09,15:00,Mumbai,40.2,89,21.4,1006.8,0.0,3,62
2025-07-09,16:00,Delhi,32.3,67,16.7,1009.7,0.0,2,120
2025-07-09,17:00,Bangalore,29.7,79,13.1,1011.1,0.0,1,63
2025-07-09,18:00,Chennai,31.3,83,15.8,1013.7,0.0,0,69
2025-07-09,19:00,Hyderabad,33.8,71,13.3,1014.4,0.0,0,54
2025-07-09,20:00,Mumbai,30.5,100,14.8,1017.0,20.2,0,103
2025-07-09,21:00,Delhi,28.0,62,17.2,1015.6,0.0,0,116
2025-07-09,22:00,Bangalore,24.5,80,15.9,1013.8,0.0,0,29
2025-07-09,23:00,Chennai,28.6,91,9.8,1012.0,7.0,0,56
2025-07-10,00:00,Hyderabad,29.4,72,9.9,1009.2,0.0,0,71
2025-07-10,01:00,Mumbai,31.2,88,8.7,1011.8,0.0,0,74
2025-07-10,02:00,Delhi,24.7,69,11.3,1013.8,0.0,0,121
2025-07-10,03:00,Bangalore,27.4,76,13.3,1015.6,0.0,0,28
2025-07-10,04:00,Chennai,38.1,76,14.6,1009.1,0.0,0,38
2025-07-10,05:00,Hyderabad,34.7,71,17.3,1013.7,22.6,0,53
2025-07-10,06:00,Mumbai,35.1,85,15.8,1010.5,4.7,0,57
2025-07-10,07:00,Delhi,29.9,61,11.7,1014.0,3.0,0,151
2025-07-10,08:00,Bangalore,32.9,66,14.6,1015.1,0.0,1,59
2025-07-10,09:00,Chennai,38.8,80,17.0,1010.7,0.0,4,64
2025-07-10,10:00,Hyderabad,40.4,66,16.9,1009.3,0.0,5,101
2025-07-10,11:00,Mumbai,39.6,80,19.2,1009.0,0.0,6,76
2025-07-10,12:00,Delhi,38.2,54,8.0,1010.4,0.0,6,127
2025-07-10,13:00,Bangalore,34.1,74,13.6,1017.1,0.0,5,41
2025-07-10,14:00,Chennai,37.4,90,7.4,1002.4,0.0,5,67
2025-07-10,15:00,Hyderabad,39.4,64,14.8,1010.0,0.0,3,61
2025-07-10,16:00,Mumbai,35.9,88,15.7,1010.2,20.3,2,89
2025-07-10,17:00,Delhi,30.0,64,11.4,1012.7,0.0,0,142
2025-07-10,18:00,Bangalore,29.3,79,16.9,1013.8,14.0,0,65
2025-07-10,19:00,Chennai,34.1,85,13.7,1009.6,0.0,0,54
2025-07-10,20:00,Hyderabad,30.8,78,15.5,1011.3,0.0,0,79
2025-07-10,21:00,Mumbai,31.7,88,12.0,1010.4,0.0,0,73
2025-07-10,22:00,Delhi,27.6,58,14.0,1015.5,0.0,0,121
2025-07-10,23:00,Bangalore,25.5,90,12.2,1017.4,0.0,0,25
2025-07-11,00:00,Chennai,30.2,83,14.4,1014.3,0.0,0,70
2025-07-11,01:00,Hyderabad,32.0,81,16.0,1013.6,0.0,0,47
2025-07-11,02:00,Mumbai,30.0,92,10.5,1017.2,0.0,0,60
2025-07-11,03:00,Delhi,29.3,73,15.2,1011.7,0.0,0,146
2025-07-11,04:00,Bangalore,28.6,82,12.8,1013.9,5.7,0,37
2025-07-11,05:00,Chennai,35.6,86,16.5,1010.8,5.1,0,63
2025-07-11,06:00,Hyderabad,36.6,70,15.0,1015.1,21.6,0,43
2025-07-11,07:00,Mumbai,36.4,86,11.2,1013.4,0.0,0,64
2025-07-11,08:00,Delhi,33.9,69,6.9,1009.7,24.5,1,125
2025-07-11,09:00,Bangalore,34.2,80,12.6,1008.8,0.0,3,56
2025-07-11,10:00,Chennai,41.1,85,13.4,1009.0,4.9,4,69
2025-07-11,11:00,Hyderabad,41.8,64,13.1,1006.5,0.0,5,80
2025-07-11,12:00,Mumbai,38.6,89,11.8,1006.1,0.0,7,47
2025-07-11,13:00,Delhi,37.5,55,14.7,1011.1,3.0,5,115
2025-07-11,14:00,Bangalore,35.1,86,18.4,1010.6,0.0,4,37
2025-07-11,15:00,Chennai,34.2,97,14.2,1009.3,0.0,3,40
2025-07-11,16:00,Hyderabad,34.1,69,11.1,1018.1,0.0,2,48
2025-07-11,17:00,Mumbai,32.6,93,12.7,1015.6,0.0,1,94
2025-07-11,18:00,Delhi,28.4,72,7.6,1021.6,0.0,0,138
2025-07-11,19:00,Bangalore,28.9,82,15.7,1007.6,0.0,0,56
2025-07-11,20:00,Chennai,33.0,79,12.2,1014.5,0.0,0,64
2025-07-11,21:00,Hyderabad,32.6,65,15.7,1010.5,0.0,0,61
2025-07-11,22:00,Mumbai,29.1,96,16.5,1014.6,0.0,0,64
2025-07-11,23:00,Delhi,24.4,65,14.8,1014.3,0.0,0,127
2025-07-12,00:00,Bangalore,24.7,92,14.2,1018.1,0.0,0,59
2025-07-12,01:00,Chennai,30.3,84,9.5,1010.9,15.6,0,43
2025-07-12,02:00,Hyderabad,31.9,74,8.9,1014.4,0.0,0,57
2025-07-12,03:00,Mumbai,31.3,94,13.3,1010.0,13.4,0,75
2025-07-12,04:00,Delhi,31.1,61,15.6,1016.4,15.1,0,118
2025-07-12,05:00,Bangalore,31.9,89,15.8,1012.7,5.3,0,37
2025-07-12,06:00,Chennai,38.9,78,14.1,1010.4,0.0,0,71
2025-07-12,07:00,Hyderabad,37.3,59,13.6,1011.7,0.0,1,63
2025-07-12,08:00,Mumbai,37.8,89,11.8,1008.3,7.4,2,85
2025-07-12,09:00,Delhi,32.9,66,21.4,1012.0,0.0,3,141
2025-07-12,10:00,Bangalore,35.0,85,16.3,1014.1,0.0,4,49
2025-07-12,11:00,Chennai,41.1,83,15.0,1005.1,0.0,5,71
2025-07-12,12:00,Hyderabad,41.0,66,15.5,1012.8,20.1,7,70
2025-07-12,13:00,Mumbai,37.7,88,16.3,1010.3,0.0,5,67
2025-07-12,14:00,Delhi,34.4,64,14.5,1017.3,0.0,4,133
2025-07-12,15:00,Bangalore,30.8,88,10.8,1016.2,0.0,2,27
2025-07-12,16:00,Chennai,38.6,82,11.2,1014.6,0.0,2,52
2025-07-12,17:00,Hyderabad,35.6,69,11.0,1013.4,0.0,1,65
2025-07-12,18:00,Mumbai,35.3,90,12.6,1007.1,4.1,0,102
2025-07-12,19:00,Delhi,27.5,68,14.3,1015.2,11.6,0,128
2025-07-12,20:00,Bangalore,27.7,77,13.7,1011.5,0.0,0,38
2025-07-12,21:00,Chennai,31.2,84,11.0,1014.5,22.9,0,20
2025-07-12,22:00,Hyderabad,30.6,72,14.1,1018.0,0.0,0,61
2025-07-12,23:00,Mumbai,28.6,89,17.1,1014.0,1.0,0,57
2025-07-13,00:00,Delhi,26.0,61,13.0,1009.7,0.0,0,132
2025-07-13,01:00,Bangalore,25.3,84,13.8,1020.2,5.4,0,49
2025-07-13,02:00,Chennai,30.4,86,18.4,1017.0,0.0,0,31
2025-07-13,03:00,Hyderabad,31.3,74,12.5,1011.3,0.0,0,34
2025-07-13,04:00,Mumbai,31.8,88,18.4,1005.7,23.7,0,87
2025-07-13,05:00,Delhi,28.3,69,12.1,1017.2,0.0,0,161
2025-07-13,06:00,Bangalore,29.3,85,11.6,1009.7,0.0,0,37
2025-07-13,07:00,Chennai,36.9,95,13.8,1015.0,0.2,1,47
2025-07-13,08:00,Hyderabad,37.7,62,15.9,1015.4,20.9,2,54
2025-07-13,09:00,Mumbai,35.8,80,11.5,1009.1,24.0,3,83
2025-07-13,10:00,Delhi,34.6,61,19.8,1009.7,6.2,4,123
2025-07-13,11:00,Bangalore,35.3,79,15.9,1013.4,0.0,5,36
2025-07-13,12:00,Chennai,38.4,82,15.3,1013.3,2.4,6,60
2025-07-13,13:00,Hyderabad,39.7,69,14.2,1016.5,1.1,6,78
2025-07-13,14:00,Mumbai,37.5,86,13.4,1012.9,0.0,4,65
2025-07-13,15:00,Delhi,32.7,63,21.8,1014.5,0.0,3,122
2025-07-13,16:00,Bangalore,29.8,74,13.7,1014.9,0.0,1,27
2025-07-13,17:00,Chennai,33.6,85,11.6,1011.0,13.2,0,83
2025-07-13,18:00,Hyderabad,36.1,64,13.2,1012.4,0.0,0,87
2025-07-13,19:00,Mumbai,34.2,90,10.8,1012.7,21.8,0,75
2025-07-13,20:00,Delhi,25.9,72,10.8,1016.0,0.0,0,138
2025-07-13,21:00,Bangalore,23.9,84,14.7,1018.2,0.0,0,44
2025-07-13,22:00,Chennai,29.3,78,9.8,1009.2,0.0,0,38
2025-07-13,23:00,Hyderabad,30.5,72,11.6,1015.1,0.0,0,36
2025-07-14,00:00,Mumbai,28.7,99,18.3,1009.6,0.0,0,58
2025-07-14,01:00,Delhi,26.1,67,17.1,1013.6,0.0,0,133
2025-07-14,02:00,Bangalore,23.2,88,11.7,1013.4,0.0,0,22
2025-07-14,03:00,Chennai,30.4,92,12.8,1011.1,0.0,0,62
2025-07-14,04:00,Hyderabad,31.8,73,12.3,1009.7,0.0,0,48
2025-07-14,05:00,Mumbai,36.4,79,15.0,1008.2,0.0,0,65
2025-07-14,06:00,Delhi,29.7,72,15.6,1014.5,0.0,0,109
2025-07-14,07:00,Bangalore,32.4,74,10.6,1009.9,1.6,1,50
2025-07-14,08:00,Chennai,35.2,94,11.5,1010.7,0.0,1,77
2025-07-14,09:00,Hyderabad,42.4,60,16.5,1011.2,14.1,3,52
2025-07-14,10:00,Mumbai,38.0,83,12.6,1012.2,0.0,5,71
2025-07-14,11:00,Delhi,34.4,63,13.9,1011.1,0.0,6,99
2025-07-14,12:00,Bangalore,36.1,74,12.7,1008.4,1.7,6,51
2025-07-14,13:00,Chennai,40.4,84,13.4,1013.3,0.0,5,46
2025-07-14,14:00,Hyderabad,38.7,72,9.0,1008.6,0.0,4,47
2025-07-14,15:00,Mumbai,38.2,73,16.4,1003.4,0.0,2,53
2025-07-14,16:00,Delhi,32.1,68,18.3,1011.5,0.0,2,115
2025-07-14,17:00,Bangalore,27.6,81,14.6,1011.0,24.7,1,49
2025-07-14,18:00,Chennai,30.7,87,15.9,1013.4,0.0,0,72
2025-07-14,19:00,Hyderabad,31.7,74,16.3,1016.0,0.0,0,62
2025-07-14,20:00,Mumbai,29.9,80,11.8,1013.8,0.0,0,63
2025-07-14,21:00,Delhi,27.7,61,10.8,1015.4,0.0,0,150
2025-07-14,22:00,Bangalore,21.8,79,12.8,1016.7,0.0,0,40
2025-07-14,23:00,Chennai,30.0,81,12.9,1012.2,5.2,0,61
2025-07-15,00:00,Hyderabad,31.0,80,15.2,1014.4,5.5,0,71
2025-07-15,01:00,Mumbai,28.6,89,12.4,1012.4,16.8,0,66
2025-07-15,02:00,Delhi,28.8,63,14.6,1009.2,0.0,0,100
2025-07-15,03:00,Bangalore,25.6,79,12.5,1021.3,0.0,0,40
2025-07-15,04:00,Chennai,31.6,81,14.9,1012.5,0.0,0,40
2025-07-15,05:00,Hyderabad,35.6,70,14.4,1014.9,7.4,0,54
2025-07-15,06:00,Mumbai,33.7,85,16.3,1011.5,0.8,0,50
2025-07-15,07:00,Delhi,33.4,63,8.9,1012.3,0.0,0,126
2025-07-15,08:00,Bangalore,35.0,72,11.1,1010.0,0.0,1,60
2025-07-15,09:00,Chennai,37.8,77,12.9,1006.3,0.0,3,76
2025-07-15,10:00,Hyderabad,39.8,56,8.6,1005.8,20.3,4,63
2025-07-15,11:00,Mumbai,40.4,80,15.6,1009.6,9.5,5,70
2025-07-15,12:00,Delhi,32.9,69,8.2,1012.9,0.0,6,115
2025-07-15,13:00,Bangalore,34.8,82,13.9,1013.0,0.0,5,42
2025-07-15,14:00,Chennai,38.7,81,12.3,1008.2,0.0,4,44
2025-07-15,15:00,Hyderabad,37.0,66,13.4,1012.7,12.2,3,46
2025-07-15,16:00,Mumbai,34.8,93,13.5,1014.9,0.0,2,57
2025-07-15,17:00,Delhi,33.4,57,13.7,1011.0,0.0,1,132
2025-07-15,18:00,Bangalore,29.9,75,7.9,1010.7,0.0,0,44
2025-07-15,19:00,Chennai,30.2,89,11.2,1014.1,0.0,0,51
2025-07-15,20:00,Hyderabad,35.1,71,11.0,1016.5,10.0,0,69
2025-07-15,21:00,Mumbai,27.5,91,16.3,1012.1,0.0,0,60
2025-07-15,22:00,Delhi,25.9,73,13.0,1015.3,0.0,0,109
2025-07-15,23:00,Bangalore,26.9,83,12.2,1015.5,0.0,0,42
2025-07-16,00:00,Chennai,28.0,89,12.7,1014.0,1.4,0,42
2025-07-16,01:00,Hyderabad,33.0,83,18.4,1008.0,8.6,0,78
2025-07-16,02:00,Mumbai,29.9,91,15.0,1019.1,0.0,0,69
2025-07-16,03:00,Delhi,28.1,66,15.9,1014.3,0.0,0,132
2025-07-16,04:00,Bangalore,29.3,76,9.8,1015.4,21.4,0,31
2025-07-16,05:00,Chennai,32.4,89,14.7,1013.3,1.1,0,64
2025-07-16,06:00,Hyderabad,39.4,66,13.1,1009.4,0.0,0,58
2025-07-16,07:00,Mumbai,36.9,85,13.6,1014.2,0.0,1,38
2025-07-16,08:00,Delhi,31.7,59,11.4,1015.6,0.0,2,141
2025-07-16,09:00,Bangalore,34.6,82,7.2,1014.9,0.0,3,80
2025-07-16,10:00,Chennai,38.3,81,11.7,1016.1,0.0,3,68
2025-07-16,11:00,Hyderabad,40.3,64,15.2,1010.2,0.0,6,75
2025-07-16,12:00,Mumbai,39.7,86,11.9,1008.8,0.0,7,77
2025-07-16,13:00,Delhi,34.4,66,15.7,1011.3,0.0,6,128
2025-07-16,14:00,Bangalore,32.4,86,15.4,1015.1,21.4,4,47
2025-07-16,15:00,Chennai,38.2,84,11.8,1013.4,0.0,3,60
2025-07-16,16:00,Hyderabad,36.3,72,12.4,1011.5,6.1,1,45
2025-07-16,17:00,Mumbai,35.5,87,13.9,1011.7,0.0,0,95
2025-07-16,18:00,Delhi,30.4,58,10.8,1014.2,0.0,0,140
2025-07-16,19:00,Bangalore,27.4,82,16.0,1018.0,9.6,0,66
2025-07-16,20:00,Chennai,29.4,93,6.6,1009.6,0.0,0,81
2025-07-16,21:00,Hyderabad,31.4,81,14.5,1016.8,13.3,0,53
2025-07-16,22:00,Mumbai,26.8,100,12.8,1011.0,11.1,0,71
2025-07-16,23:00,Delhi,25.2,71,16.9,1016.8,6.9,0,117
2025-07-17,00:00,Bangalore,25.3,83,8.7,1011.3,0.0,0,26
2025-07-17,01:00,Chennai,29.3,87,15.1,1013.5,0.0,0,58
2025-07-17,02:00,Hyderabad,31.1,72,17.3,1012.9,0.0,0,49
2025-07-17,03:00,Mumbai,31.9,93,12.5,1014.1,0.0,0,67
2025-07-17,04:00,Delhi,30.1,61,18.3,1011.2,0.0,0,132
2025-07-17,05:00,Bangalore,29.5,80,16.7,1007.3,19.3,0,38
2025-07-17,06:00,Chennai,37.3,75,15.4,1014.0,24.2,0,49
2025-07-17,07:00,Hyderabad,38.4,70,11.5,1009.2,0.0,0,45
2025-07-17,08:00,Mumbai,35.0,93,8.9,1008.8,0.0,1,58
2025-07-17,09:00,Delhi,35.6,55,13.3,1013.6,0.0,3,155
2025-07-17,10:00,Bangalore,34.7,68,14.2,1016.7,19.1,4,58
2025-07-17,11:00,Chennai,39.6,77,16.3,1010.7,0.0,5,50
2025-07-17,12:00,Hyderabad,39.2,67,12.9,1002.0,0.0,6,53
2025-07-17,13:00,Mumbai,37.9,76,10.7,1010.5,0.0,5,61
2025-07-17,14:00,Delhi,31.8,72,11.4,1016.4,0.0,3,131
2025-07-17,15:00,Bangalore,34.6,69,14.9,1017.1,0.0,2,49
2025-07-17,16:00,Chennai,35.7,83,14.4,1007.1,0.0,2,38
2025-07-17,17:00,Hyderabad,33.4,66,15.2,1013.3,0.0,0,92
2025-07-17,18:00,Mumbai,32.2,83,9.6,1012.8,0.0,0,56
2025-07-17,19:00,Delhi,27.6,66,13.3,1008.1,21.0,0,122
2025-07-17,20:00,Bangalore,25.4,82,13.3,1018.2,0.0,0,67
2025-07-17,21:00,Chennai,30.7,90,14.6,1015.8,0.0,0,63
2025-07-17,22:00,Hyderabad,29.2,74,16.5,1009.5,0.0,0,33
2025-07-17,23:00,Mumbai,29.5,95,9.8,1017.0,0.0,0,74
2025-07-18,00:00,Delhi,24.9,63,15.0,1013.6,0.0,0,109
2025-07-18,01:00,Bangalore,26.0,82,7.5,1014.0,0.0,0,42
2025-07-18,02:00,Chennai,31.2,91,11.5,1011.0,0.0,0,35
2025-07-18,03:00,Hyderabad,28.6,77,12.4,1010.1,0.0,0,72
2025-07-18,04:00,Mumbai,33.9,86,14.4,1018.7,0.0,0,81
2025-07-18,05:00,Delhi,29.4,67,9.4,1014.0,0.0,0,108
2025-07-18,06:00,Bangalore,32.0,79,9.6,1014.7,0.0,0,27
2025-07-18,07:00,Chennai,35.4,84,15.2,1012.5,18.2,1,63
2025-07-18,08:00,Hyderabad,40.6,65,11.7,1008.0,0.0,3,62
2025-07-18,09:00,Mumbai,40.2,79,12.7,1013.4,0.0,2,70
2025-07-18,10:00,Delhi,35.2,57,14.5,1012.1,5.1,4,116
2025-07-18,11:00,Bangalore,32.6,80,17.2,1016.6,2.3,5,47
2025-07-18,12:00,Chennai,39.7,84,13.1,1008.2,19.1,6,51
2025-07-18,13:00,Hyderabad,39.0,72,17.6,1014.3,0.0,5,56
2025-07-18,14:00,Mumbai,36.7,88,12.4,1011.8,16.9,4,35
2025-07-18,15:00,Delhi,32.8,68,16.9,1014.7,0.0,3,112
2025-07-18,16:00,Bangalore,30.3,84,10.3,1014.1,3.3,2,37
2025-07-18,17:00,Chennai,33.2,80,10.4,1018.0,0.0,0,61
2025-07-18,18:00,Hyderabad,33.5,62,10.5,1015.6,0.0,0,98
2025-07-18,19:00,Mumbai,30.7,83,8.2,1013.4,7.6,0,85
2025-07-18,20:00,Delhi,27.1,65,16.4,1012.7,0.0,0,150
2025-07-18,21:00,Bangalore,24.8,82,12.6,1017.0,0.0,0,60
2025-07-18,22:00,Chennai,32.6,89,17.5,1007.4,14.8,0,48
2025-07-18,23:00,Hyderabad,31.3,69,12.1,1015.1,0.0,0,54
2025-07-19,00:00,Mumbai,30.0,95,16.2,1017.1,0.0,0,51
2025-07-19,01:00,Delhi,26.6,61,12.6,1016.7,0.0,0,128
2025-07-19,02:00,Bangalore,29.1,78,12.1,1013.6,0.0,0,35
2025-07-19,03:00,Chennai,32.6,86,9.0,1012.6,0.0,0,42
2025-07-19,04:00,Hyderabad,33.0,74,12.6,1012.2,0.0,0,54
2025-07-19,05:00,Mumbai,34.3,80,17.0,1008.8,0.0,0,80
2025-07-19,06:00,Delhi,30.8,65,15.7,1015.2,11.3,0,132
2025-07-19,07:00,Bangalore,31.5,76,17.3,1011.6,0.0,0,20
2025-07-19,08:00,Chennai,37.8,80,16.7,1011.9,0.0,2,45
2025-07-19,09:00,Hyderabad,41.1,68,12.8,1011.8,0.0,4,64
2025-07-19,10:00,Mumbai,40.0,87,19.6,1015.5,6.3,4,65
2025-07-19,11:00,Delhi,36.8,63,17.9,1010.7,0.0,5,136
2025-07-19,12:00,Bangalore,34.9,74,12.1,1006.6,0.0,7,48
2025-07-19,13:00,Chennai,35.4,85,12.0,1009.5,1.4,5,57
2025-07-19,14:00,Hyderabad,35.5,56,12.6,1015.1,0.0,4,61
2025-07-19,15:00,Mumbai,36.9,87,15.7,1011.0,22.8,3,73
2025-07-19,16:00,Delhi,33.4,57,14.2,1011.3,0.0,2,108
2025-07-19,17:00,Bangalore,30.1,86,16.5,1015.0,16.9,0,44
2025-07-19,18:00,Chennai,33.6,86,12.4,1008.1,0.0,1,88
2025-07-19,19:00,Hyderabad,34.1,68,8.2,1008.7,0.0,0,65
2025-07-19,20:00,Mumbai,29.0,83,10.3,1012.1,0.0,0,89
2025-07-19,21:00,Delhi,28.4,63,13.0,1015.8,0.0,0,103
2025-07-19,22:00,Bangalore,25.4,86,8.0,1011.6,2.9,0,41
2025-07-19,23:00,Chennai,29.4,96,16.8,1017.7,0.0,0,45
2025-07-20,00:00,Hyderabad,29.5,73,18.3,1017.2,0.0,0,69
2025-07-20,01:00,Mumbai,32.1,92,9.1,1015.6,0.0,0,67
2025-07-20,02:00,Delhi,27.9,72,11.5,1013.5,0.0,0,114
2025-07-20,03:00,Bangalore,25.5,88,13.3,1012.7,13.6,0,47
2025-07-20,04:00,Chennai,29.5,91,12.2,1011.8,0.0,0,58
2025-07-20,05:00,Hyderabad,34.4,69,13.1,1005.2,0.0,0,70
2025-07-20,06:00,Mumbai,30.6,81,15.9,1012.4,2.9,0,44
2025-07-20,07:00,Delhi,33.2,63,13.4,1013.5,10.1,1,110
2025-07-20,08:00,Bangalore,33.6,74,14.9,1014.0,0.0,2,55
2025-07-20,09:00,Chennai,40.8,72,16.6,1008.3,0.0,3,65
2025-07-20,10:00,Hyderabad,40.2,75,15.6,1010.0,20.9,4,60
2025-07-20,11:00,Mumbai,38.8,88,15.7,1005.1,0.0,6,68
2025-07-20,12:00,Delhi,33.3,56,11.5,1008.5,0.0,6,117
2025-07-20,13:00,Bangalore,31.5,70,11.3,1013.9,0.0,6,44
2025-07-20,14:00,Chennai,39.9,73,12.4,1010.2,16.3,4,58
2025-07-20,15:00,Hyderabad,37.6,67,16.3,1006.7,0.0,3,58
2025-07-20,16:00,Mumbai,34.0,78,14.1,1007.1,0.0,2,60
2025-07-20,17:00,Delhi,26.3,71,12.9,1015.7,0.0,1,131
2025-07-20,18:00,Bangalore,29.6,66,12.3,1012.0,25.0,0,62
2025-07-20,19:00,Chennai,31.8,78,11.7,1011.2,13.9,0,77
2025-07-20,20:00,Hyderabad,32.8,74,10.6,1013.2,16.8,0,80
2025-07-20,21:00,Mumbai,30.8,97,11.0,1011.8,22.1,0,64
2025-07-20,22:00,Delhi,25.0,73,19.6,1010.5,0.0,0,146
2025-07-20,23:00,Bangalore,24.4,90,10.8,1012.3,2.1,0,25
2025-07-21,00:00,Chennai,30.2,88,15.1,1013.8,0.0,0,58
2025-07-21,01:00,Hyderabad,30.6,69,17.4,1004.9,0.0,0,68
2025-07-21,02:00,Mumbai,30.2,96,14.1,1018.6,0.0,0,52
2025-07-21,03:00,Delhi,26.6,61,14.8,1011.1,0.0,0,111
2025-07-21,04:00,Bangalore,28.4,79,11.0,1013.7,0.0,0,31
2025-07-21,05:00,Chennai,35.4,73,11.4,1014.6,0.0,0,31
2025-07-21,06:00,Hyderabad,35.7,69,15.8,1014.5,0.0,0,62
2025-07-21,07:00,Mumbai,38.9,83,14.7,1009.8,14.6,1,69
2025-07-21,08:00,Delhi,35.9,66,17.2,1012.4,0.0,2,129
2025-07-21,09:00,Bangalore,33.5,70,6.7,1013.1,0.0,3,44
2025-07-21,10:00,Chennai,40.6,83,13.0,1010.9,22.1,4,70
2025-07-21,11:00,Hyderabad,39.7,66,17.1,1008.4,0.0,4,25
2025-07-21,12:00,Mumbai,39.3,90,15.2,1014.4,15.9,6,58
2025-07-21,13:00,Delhi,34.3,63,14.5,1012.7,0.0,5,121
2025-07-21,14:00,Bangalore,30.2,73,18.7,1010.7,0.0,3,37
2025-07-21,15:00,Chennai,37.4,82,13.0,1013.4,0.0,4,32
2025-07-21,16:00,Hyderabad,37.6,59,14.1,1013.0,0.0,2,65
2025-07-21,17:00,Mumbai,38.1,84,14.3,1007.6,0.0,1,92
2025-07-21,18:00,Delhi,29.4,66,8.8,1011.2,0.0,0,161
2025-07-21,19:00,Bangalore,27.1,76,13.3,1018.5,0.0,0,57
2025-07-21,20:00,Chennai,32.9,83,11.1,1006.1,12.6,0,58
2025-07-21,21:00,Hyderabad,33.1,74,14.2,1015.5,0.0,0,59
2025-07-21,22:00,Mumbai,30.8,92,10.8,1013.4,0.0,0,72
2025-07-21,23:00,Delhi,27.5,65,18.0,1007.2,16.7,0,128
2025-07-22,00:00,Bangalore,25.5,82,11.3,1010.9,18.1,0,37
2025-07-22,01:00,Chennai,30.5,92,14.8,1016.6,9.9,0,34
2025-07-22,02:00,Hyderabad,33.5,75,15.2,1012.9,0.0,0,45
2025-07-22,03:00,Mumbai,33.3,84,13.3,1011.1,0.0,0,45
2025-07-22,04:00,Delhi,28.5,63,14.9,1021.0,0.0,0,136
2025-07-22,05:00,Bangalore,27.4,83,14.9,1010.0,0.0,0,54
2025-07-22,06:00,Chennai,36.1,76,14.4,1004.0,0.0,0,24
2025-07-22,07:00,Hyderabad,38.4,63,10.8,1011.0,0.0,1,60
2025-07-22,08:00,Mumbai,36.6,85,15.0,1007.1,24.3,2,93
2025-07-22,09:00,Delhi,33.9,59,13.4,1015.2,9.1,3,134
2025-07-22,10:00,Bangalore,33.9,71,8.4,1011.5,0.0,4,33
2025-07-22,11:00,Chennai,39.2,83,9.7,1008.7,0.0,6,47
2025-07-22,12:00,Hyderabad,40.4,58,18.1,1010.9,0.0,6,66
2025-07-22,13:00,Mumbai,37.4,88,15.4,1014.4,0.0,5,62
2025-07-22,14:00,Delhi,32.4,56,20.3,1013.6,0.0,3,112
2025-07-22,15:00,Bangalore,30.2,77,12.8,1010.6,10.3,2,37
2025-07-22,16:00,Chennai,35.6,83,18.9,1010.6,0.0,2,55
2025-07-22,17:00,Hyderabad,33.0,74,15.8,1016.3,0.0,0,59
2025-07-22,18:00,Mumbai,31.8,91,13.0,1014.7,0.0,0,84
2025-07-22,19:00,Delhi,29.7,61,12.5,1010.1,0.0,0,125
2025-07-22,20:00,Bangalore,25.6,90,13.3,1017.4,0.0,0,42
2025-07-22,21:00,Chennai,32.5,96,19.4,1016.5,0.0,0,43
2025-07-22,22:00,Hyderabad,30.5,68,8.1,1017.8,0.0,0,57
2025-07-22,23:00,Mumbai,28.7,89,15.3,1014.7,0.0,0,60
2025-07-23,00:00,Delhi,23.9,62,14.2,1016.7,0.0,0,118
2025-07-23,01:00,Bangalore,27.0,83,12.8,1016.8,0.0,0,30
2025-07-23,02:00,Chennai,30.4,85,21.5,1014.6,0.0,0,57
2025-07-23,03:00,Hyderabad,33.1,72,13.8,1015.8,0.0,0,56
2025-07-23,04:00,Mumbai,32.5,92,16.3,1012.6,11.6,0,56
2025-07-23,05:00,Delhi,31.2,65,12.6,1017.7,6.2,0,120
2025-07-23,06:00,Bangalore,31.7,73,15.7,1018.6,0.0,0,39
2025-07-23,07:00,Chennai,39.3,76,9.5,1009.6,0.0,1,54
2025-07-23,08:00,Hyderabad,42.8,66,10.9,1005.1,0.0,1,61
2025-07-23,09:00,Mumbai,37.4,85,12.5,1008.4,0.0,3,102
2025-07-23,10:00,Delhi,37.1,60,15.2,1003.5,6.3,5,150
2025-07-23,11:00,Bangalore,31.0,75,8.9,1017.0,9.2,6,59
2025-07-23,12:00,Chennai,40.2,83,14.8,1010.2,18.2,7,64
2025-07-23,13:00,Hyderabad,42.0,67,10.8,1014.8,0.0,5,51
2025-07-23,14:00,Mumbai,36.2,86,15.0,1010.1,20.6,4,64
2025-07-23,15:00,Delhi,34.7,68,17.7,1015.1,0.4,3,140
2025-07-23,16:00,Bangalore,31.8,76,12.4,1013.1,2.0,1,35
2025-07-23,17:00,Chennai,33.0,82,11.5,1016.0,0.0,0,64
2025-07-23,18:00,Hyderabad,32.3,74,16.2,1015.7,20.8,0,84
2025-07-23,19:00,Mumbai,32.5,84,10.4,1011.7,0.0,0,69
2025-07-23,20:00,Delhi,24.5,73,8.3,1013.4,0.0,0,145
2025-07-23,21:00,Bangalore,27.2,86,13.9,1016.8,16.1,0,37
2025-07-23,22:00,Chennai,28.0,94,13.5,1017.7,0.0,0,32
2025-07-23,23:00,Hyderabad,26.8,78,15.8,1015.3,0.0,0,69
2025-07-24,00:00,Mumbai,29.5,85,11.5,1006.3,0.0,0,48
2025-07-24,01:00,Delhi,23.5,73,17.2,1011.4,0.0,0,148
2025-07-24,02:00,Bangalore,27.2,83,13.3,1012.7,0.0,0,57
2025-07-24,03:00,Chennai,29.8,89,11.4,1014.4,0.0,0,28
2025-07-24,04:00,Hyderabad,33.0,75,12.9,1008.8,0.0,0,49
2025-07-24,05:00,Mumbai,36.7,81,13.1,1010.3,0.0,0,63
2025-07-24,06:00,Delhi,31.5,62,17.9,1012.8,0.0,0,119
2025-07-24,07:00,Bangalore,30.8,78,13.8,1009.4,0.0,1,26
2025-07-24,08:00,Chennai,35.4,78,15.5,1007.8,0.0,2,51
2025-07-24,09:00,Hyderabad,37.9,73,14.4,1011.1,0.0,3,71
2025-07-24,10:00,Mumbai,36.6,91,12.8,1012.6,0.0,5,87
2025-07-24,11:00,Delhi,30.9,57,17.4,1008.4,15.8,5,128
2025-07-24,12:00,Bangalore,32.5,76,16.9,1015.6,0.0,7,48
2025-07-24,13:00,Chennai,39.0,88,14.3,1008.2,16.3,5,67
2025-07-24,14:00,Hyderabad,37.8,62,14.1,1014.9,0.0,3,49
2025-07-24,15:00,Mumbai,37.6,81,12.4,1009.9,0.0,2,74
2025-07-24,16:00,Delhi,28.0,66,9.6,1011.5,0.0,2,109
2025-07-24,17:00,Bangalore,29.0,76,9.9,1009.3,0.0,1,49
2025-07-24,18:00,Chennai,32.3,78,7.9,1012.6,0.0,0,48
2025-07-24,19:00,Hyderabad,31.9,74,14.8,1018.2,0.0,0,69
2025-07-24,20:00,Mumbai,30.3,92,21.6,1009.4,9.7,0,90
2025-07-24,21:00,Delhi,22.4,73,13.9,1016.0,0.0,0,134
2025-07-24,22:00,Bangalore,24.0,88,12.7,1014.0,0.0,0,43
2025-07-24,23:00,Chennai,29.1,90,14.4,1013.6,3.5,0,54
2025-07-25,00:00,Hyderabad,29.5,74,12.3,1008.8,0.0,0,57
2025-07-25,01:00,Mumbai,28.4,95,15.9,1006.8,0.0,0,77
2025-07-25,02:00,Delhi,25.9,73,12.7,1011.9,5.3,0,126
2025-07-25,03:00,Bangalore,26.1,79,14.1,1008.6,0.0,0,21
2025-07-25,04:00,Chennai,33.3,88,16.4,1016.0,0.0,0,46
2025-07-25,05:00,Hyderabad,34.4,70,15.5,1011.3,9.5,0,34
2025-07-25,06:00,Mumbai,34.9,89,14.8,1009.9,0.0,0,35
2025-07-25,07:00,Delhi,31.9,55,11.8,1019.2,0.0,0,128
2025-07-25,08:00,Bangalore,32.1,82,12.0,1012.9,14.1,2,50
2025-07-25,09:00,Chennai,38.1,80,14.2,1013.9,15.6,2,72
2025-07-25,10:00,Hyderabad,38.4,74,8.7,1011.7,0.0,4,80
2025-07-25,11:00,Mumbai,41.9,88,12.2,1008.5,0.0,5,74
2025-07-25,12:00,Delhi,36.7,51,4.8,1006.6,0.0,6,112
2025-07-25,13:00,Bangalore,33.0,77,13.9,1013.7,16.4,5,20
2025-07-25,14:00,Chennai,37.9,84,13.5,1006.3,4.6,4,35
2025-07-25,15:00,Hyderabad,36.2,67,16.8,1013.3,8.3,3,39
2025-07-25,16:00,Mumbai,33.0,81,10.6,1013.5,19.8,2,72
2025-07-25,17:00,Delhi,30.1,76,14.6,1012.0,0.0,1,156
2025-07-25,18:00,Bangalore,27.7,87,12.7,1021.1,0.0,0,61
2025-07-25,19:00,Chennai,32.2,91,14.5,1010.1,0.0,0,56
2025-07-25,20:00,Hyderabad,28.8,75,11.9,1017.4,0.0,0,85
2025-07-25,21:00,Mumbai,29.0,88,13.4,1012.0,0.0,0,73
2025-07-25,22:00,Delhi,22.1,75,10.8,1018.0,0.0,0,130
2025-07-25,23:00,Bangalore,24.6,80,15.2,1013.1,0.0,0,38
2025-07-26,00:00,Chennai,29.9,91,16.1,1012.6,0.0,0,51
2025-07-26,01:00,Hyderabad,29.2,87,16.1,1013.1,21.9,0,67
2025-07-26,02:00,Mumbai,29.8,93,12.3,1018.9,0.0,0,69
2025-07-26,03:00,Delhi,27.0,69,7.4,1012.5,0.0,0,100
2025-07-26,04:00,Bangalore,29.2,79,17.0,1010.9,0.0,0,27
2025-07-26,05:00,Chennai,34.8,90,7.9,1017.4,0.0,0,32
2025-07-26,06:00,Hyderabad,34.2,73,15.2,1011.4,0.0,0,43
2025-07-26,07:00,Mumbai,33.3,76,13.7,1013.3,0.0,1,80
2025-07-26,08:00,Delhi,30.4,62,14.7,1016.2,4.1,1,128
2025-07-26,09:00,Bangalore,35.1,81,11.2,1015.0,0.0,4,75
2025-07-26,10:00,Chennai,43.1,75,13.5,1009.3,0.0,4,78
2025-07-26,11:00,Hyderabad,38.6,65,17.3,1011.9,0.0,5,64
2025-07-26,12:00,Mumbai,41.4,79,15.3,1008.6,24.3,7,35
2025-07-26,13:00,Delhi,32.4,52,18.0,1018.5,0.0,5,119
2025-07-26,14:00,Bangalore,30.4,87,23.0,1012.3,6.3,5,43
2025-07-26,15:00,Chennai,34.7,85,9.3,1009.2,5.9,3,42
2025-07-26,16:00,Hyderabad,36.4,65,17.7,1011.2,0.0,3,55
2025-07-26,17:00,Mumbai,35.8,80,15.0,1015.5,23.8,2,84
2025-07-26,18:00,Delhi,28.3,75,19.5,1012.7,0.0,0,134
2025-07-26,19:00,Bangalore,24.8,83,16.2,1013.6,0.0,0,35
2025-07-26,20:00,Chennai,28.6,95,10.0,1013.7,0.0,0,62
2025-07-26,21:00,Hyderabad,31.0,74,6.9,1012.8,7.0,0,56
2025-07-26,22:00,Mumbai,31.6,90,14.2,1011.8,0.0,0,80
2025-07-26,23:00,Delhi,22.4,57,15.9,1013.7,0.0,0,108
2025-07-27,00:00,Bangalore,24.9,77,9.6,1011.9,0.0,0,49
2025-07-27,01:00,Chennai,26.7,94,19.3,1010.5,0.0,0,57
2025-07-27,02:00,Hyderabad,28.6,75,11.7,1010.9,0.0,0,65
2025-07-27,03:00,Mumbai,29.6,89,10.6,1012.3,4.3,0,40
2025-07-27,04:00,Delhi,28.4,63,12.4,1012.9,0.0,0,108
2025-07-27,05:00,Bangalore,29.3,83,13.8,1017.1,4.1,0,42
2025-07-27,06:00,Chennai,36.1,89,9.8,1005.5,0.0,0,61
2025-07-27,07:00,Hyderabad,38.7,73,14.5,1011.3,0.0,0,54
2025-07-27,08:00,Mumbai,36.7,82,6.8,1010.7,0.0,3,92
2025-07-27,09:00,Delhi,33.4,56,18.3,1011.5,0.0,4,136
2025-07-27,10:00,Bangalore,32.3,76,17.0,1010.5,2.6,4,47
2025-07-27,11:00,Chennai,36.6,77,17.2,1005.8,0.0,5,29
2025-07-27,12:00,Hyderabad,40.5,74,11.7,1009.3,0.0,6,43
2025-07-27,13:00,Mumbai,37.9,81,13.4,1005.7,16.1,5,56
2025-07-27,14:00,Delhi,32.7,71,9.3,1014.8,0.0,4,114
2025-07-27,15:00,Bangalore,30.1,73,13.3,1003.0,0.0,3,37
2025-07-27,16:00,Chennai,36.3,85,16.8,1009.6,0.0,1,35
2025-07-27,17:00,Hyderabad,35.9,65,11.9,1011.7,0.0,0,72
2025-07-27,18:00,Mumbai,30.9,97,16.0,1014.7,0.0,0,80
2025-07-27,19:00,Delhi,27.7,72,19.1,1013.6,17.4,0,144
2025-07-27,20:00,Bangalore,28.1,81,14.4,1019.1,0.0,0,59
2025-07-27,21:00,Chennai,30.0,90,12.3,1015.8,0.0,0,51
2025-07-27,22:00,Hyderabad,29.2,81,13.3,1014.7,3.9,0,46
2025-07-27,23:00,Mumbai,29.2,89,17.0,1011.0,0.0,0,67
2025-07-28,00:00,Delhi,25.9,67,17.0,1015.7,0.0,0,108
2025-07-28,01:00,Bangalore,23.8,73,15.9,1013.4,0.0,0,31
2025-07-28,02:00,Chennai,33.4,82,8.4,1014.5,0.0,0,56
2025-07-28,03:00,Hyderabad,35.0,69,10.2,1010.3,0.0,0,35
2025-07-28,04:00,Mumbai,32.0,93,12.4,1012.1,0.0,0,62
2025-07-28,05:00,Delhi,30.1,69,16.9,1011.7,0.0,0,122
2025-07-28,06:00,Bangalore,30.0,77,18.5,1007.6,0.0,0,43
2025-07-28,07:00,Chennai,36.8,85,15.5,1006.6,0.0,1,61
2025-07-28,08:00,Hyderabad,37.8,70,17.2,1010.0,0.0,1,60
2025-07-28,09:00,Mumbai,38.0,82,14.1,1010.4,0.0,4,70
2025-07-28,10:00,Delhi,35.4,54,18.9,1013.3,0.0,5,124
2025-07-28,11:00,Bangalore,35.7,68,16.8,1018.2,0.0,5,43
2025-07-28,12:00,Chennai,39.0,71,11.5,1007.3,0.0,7,38
2025-07-28,13:00,Hyderabad,37.0,75,15.9,1006.5,0.0,5,57
2025-07-28,14:00,Mumbai,35.6,88,15.1,1016.5,0.0,5,63
2025-07-28,15:00,Delhi,31.1,63,13.7,1009.7,0.0,3,120
2025-07-28,16:00,Bangalore,29.9,83,12.4,1011.0,0.0,1,31
2025-07-28,17:00,Chennai,33.3,92,14.8,1011.4,0.0,0,63
2025-07-28,18:00,Hyderabad,33.9,71,13.9,1012.3,0.0,0,58
2025-07-28,19:00,Mumbai,30.8,92,17.7,1014.1,0.0,0,60
2025-07-28,20:00,Delhi,25.2,72,14.4,1021.3,0.7,0,140
2025-07-28,21:00,Bangalore,23.2,81,17.2,1017.2,8.3,0,29
2025-07-28,22:00,Chennai,25.7,98,18.4,1010.0,0.0,0,52
2025-07-28,23:00,Hyderabad,29.1,78,11.4,1015.2,0.0,0,46
2025-07-29,00:00,Mumbai,28.5,88,17.5,1016.1,22.7,0,73
2025-07-29,01:00,Delhi,24.8,70,15.8,1013.1,19.3,0,124
2025-07-29,02:00,Bangalore,24.4,83,17.3,1016.2,1.6,0,42
2025-07-29,03:00,Chennai,30.6,84,13.8,1018.7,0.0,0,38
2025-07-29,04:00,Hyderabad,32.7,63,15.0,1008.2,0.0,0,50
2025-07-29,05:00,Mumbai,30.1,89,15.3,1009.8,22.1,0,44
2025-07-29,06:00,Delhi,29.9,59,11.5,1016.2,15.1,0,132
2025-07-29,07:00,Bangalore,32.5,72,11.7,1012.9,0.0,0,48
2025-07-29,08:00,Chennai,37.9,85,18.8,1016.7,4.5,2,74
2025-07-29,09:00,Hyderabad,37.0,74,10.2,1010.3,7.0,3,69
2025-07-29,10:00,Mumbai,39.5,85,11.9,1009.6,19.5,4,84
2025-07-29,11:00,Delhi,33.3,64,14.9,1008.9,0.0,4,115
2025-07-29,12:00,Bangalore,32.3,84,19.5,1015.2,0.0,6,34
2025-07-29,13:00,Chennai,39.6,87,15.2,1015.6,0.0,5,44
2025-07-29,14:00,Hyderabad,39.8,77,16.3,1011.9,0.5,5,33
2025-07-29,15:00,Mumbai,34.0,85,12.2,1014.5,0.0,3,38
2025-07-29,16:00,Delhi,32.7,72,11.4,1011.6,0.0,2,109
2025-07-29,17:00,Bangalore,29.0,78,17.1,1015.7,0.0,1,49
2025-07-29,18:00,Chennai,31.6,84,8.6,1009.3,0.0,0,44
2025-07-29,19:00,Hyderabad,33.8,69,19.4,1014.2,0.0,0,74
2025-07-29,20:00,Mumbai,29.9,92,13.2,1014.9,0.0,0,80
2025-07-29,21:00,Delhi,22.6,68,13.9,1014.0,0.0,0,87
2025-07-29,22:00,Bangalore,23.2,81,15.2,1012.4,0.0,0,34
2025-07-29,23:00,Chennai,30.1,99,15.8,1018.9,5.6,0,37
2025-07-30,00:00,Hyderabad,29.8,72,11.3,1011.8,0.0,0,54
2025-07-30,01:00,Mumbai,29.6,93,14.1,1014.7,6.7,0,63
2025-07-30,02:00,Delhi,24.1,78,10.2,1010.5,16.1,0,126
2025-07-30,03:00,Bangalore,27.6,83,14.3,1015.7,4.7,0,49
2025-07-30,04:00,Chennai,32.6,84,18.7,1014.7,14.8,0,51
2025-07-30,05:00,Hyderabad,34.9,71,11.2,1011.6,0.0,0,44
2025-07-30,06:00,Mumbai,34.8,88,11.8,1009.8,24.7,0,40
2025-07-30,07:00,Delhi,29.2,61,13.4,1013.0,0.0,0,109
2025-07-30,08:00,Bangalore,32.6,74,17.6,1013.5,0.0,2,97
2025-07-30,09:00,Chennai,37.5,87,10.0,1011.8,24.4,3,64
2025-07-30,10:00,Hyderabad,36.1,78,12.2,1013.0,0.0,3,77
2025-07-30,11:00,Mumbai,42.1,80,12.6,1007.8,0.0,6,80
2025-07-30,12:00,Delhi,33.0,68,11.3,1011.6,19.7,6,131
2025-07-30,13:00,Bangalore,33.4,72,8.6,1009.6,22.8,6,50
2025-07-30,14:00,Chennai,37.9,76,12.3,1008.7,0.0,4,57
2025-07-30,15:00,Hyderabad,36.7,61,13.0,1011.2,0.0,3,56
2025-07-30,16:00,Mumbai,33.9,83,10.0,1007.2,0.0,2,67
2025-07-30,17:00,Delhi,27.5,76,12.6,1018.4,0.0,0,130
2025-07-30,18:00,Bangalore,28.4,77,10.2,1013.4,0.0,0,36
2025-07-30,19:00,Chennai,34.6,81,12.6,1010.4,0.0,0,37
2025-07-30,20:00,Hyderabad,28.5,82,10.8,1011.2,0.0,0,50
2025-07-30,21:00,Mumbai,30.0,87,10.9,1012.6,0.0,0,60
2025-07-30,22:00,Delhi,25.1,66,11.9,1019.3,16.4,0,98
2025-07-30,23:00,Bangalore,24.9,79,12.5,1014.1,0.0,0,44
2025-07-31,00:00,Chennai,30.3,80,11.2,1009.7,24.1,0,33
2025-07-31,01:00,Hyderabad,28.1,71,11.2,1010.5,0.0,0,70
2025-07-31,02:00,Mumbai,30.8,95,19.8,1015.7,19.1,0,67
2025-07-31,03:00,Delhi,27.2,67,16.3,1017.1,0.0,0,130
2025-07-31,04:00,Bangalore,30.7,79,19.6,1009.8,0.0,0,26
2025-07-31,05:00,Chennai,33.5,85,12.8,1011.5,0.0,0,52
2025-07-31,06:00,Hyderabad,36.6,65,12.2,1013.2,8.8,0,78
2025-07-31,07:00,Mumbai,35.9,85,18.4,1007.1,0.0,1,48
2025-07-31,08:00,Delhi,32.1,63,14.0,1015.5,0.0,2,139
2025-07-31,09:00,Bangalore,29.2,77,15.9,1015.2,0.0,3,76
2025-07-31,10:00,Chennai,37.3,78,13.6,1012.0,0.0,5,53
2025-07-31,11:00,Hyderabad,39.8,70,15.1,1006.9,11.7,5,37
2025-07-31,12:00,Mumbai,35.6,83,10.9,1012.4,0.0,7,84
2025-07-31,13:00,Delhi,32.3,69,15.4,1009.6,0.0,5,134
2025-07-31,14:00,Bangalore,30.7,78,11.6,1011.8,5.2,3,53
2025-07-31,15:00,Chennai,37.5,86,14.2,1006.9,17.5,2,43
2025-07-31,16:00,Hyderabad,35.6,70,11.2,1010.6,0.0,1,53
2025-07-31,17:00,Mumbai,32.7,89,15.8,1014.9,7.3,1,54
2025-07-31,18:00,Delhi,27.7,69,20.2,1013.0,0.0,0,151
2025-07-31,19:00,Bangalore,26.9,89,17.5,1017.3,0.0,0,53
2025-07-31,20:00,Chennai,27.7,87,14.3,1013.6,8.4,0,40
2025-07-31,21:00,Hyderabad,30.1,75,10.8,1013.0,15.4,0,57
2025-07-31,22:00,Mumbai,27.7,97,16.5,1007.0,21.4,0,61
2025-07-31,23:00,Delhi,26.8,65,15.5,1012.1,16.7,0,118
2025-08-01,00:00,Bangalore,25.0,84,12.4,1017.8,0.0,0,45
2025-08-01,01:00,Chennai,30.3,92,12.6,1013.3,11.4,0,63
2025-08-01,02:00,Hyderabad,28.5,76,9.5,1011.7,0.0,0,47
2025-08-01,03:00,Mumbai,29.3,85,9.2,1011.3,18.0,0,77
2025-08-01,04:00,Delhi,30.0,65,14.9,1014.6,0.0,0,133
2025-08-01,05:00,Bangalore,28.4,80,10.3,1012.1,0.0,0,37
2025-08-01,06:00,Chennai,35.5,82,13.2,1012.3,20.7,0,62
2025-08-01,07:00,Hyderabad,37.5,73,20.1,1012.0,0.0,0,60
2025-08-01,08:00,Mumbai,37.8,84,17.1,1012.0,0.0,2,109
2025-08-01,09:00,Delhi,34.6,53,9.7,1012.7,0.0,2,157
2025-08-01,10:00,Bangalore,31.9,80,10.9,1012.2,16.5,5,80
2025-08-01,11:00,Chennai,39.3,71,9.8,1011.6,15.9,5,48
2025-08-01,12:00,Hyderabad,39.4,81,10.1,1009.7,0.0,7,66
2025-08-01,13:00,Mumbai,38.9,75,12.4,1013.0,0.0,5,72
2025-08-01,14:00,Delhi,34.7,57,12.8,1013.6,0.0,5,127
2025-08-01,15:00,Bangalore,28.6,77,11.6,1014.2,22.5,3,30
2025-08-01,16:00,Chennai,35.0,81,15.2,1013.2,17.6,2,57
2025-08-01,17:00,Hyderabad,31.6,76,9.9,1014.1,0.0,1,76
2025-08-01,18:00,Mumbai,30.7,86,10.1,1010.4,0.0,0,77
2025-08-01,19:00,Delhi,27.3,62,12.1,1013.8,0.0,0,147
2025-08-01,20:00,Bangalore,26.8,85,13.4,1013.2,0.0,0,36
2025-08-01,21:00,Chennai,28.6,86,14.6,1013.0,0.0,0,50
2025-08-01,22:00,Hyderabad,31.5,72,12.3,1009.7,0.0,0,45
2025-08-01,23:00,Mumbai,27.7,95,16.2,1016.2,0.0,0,67
2025-08-02,00:00,Delhi,27.0,61,16.8,1015.4,18.4,0,131
2025-08-02,01:00,Bangalore,22.7,88,18.0,1022.1,0.0,0,23
2025-08-02,02:00,Chennai,33.6,85,16.2,1011.8,0.0,0,50
2025-08-02,03:00,Hyderabad,33.5,80,12.3,1013.0,0.0,0,63
2025-08-02,04:00,Mumbai,32.1,89,13.1,1010.8,0.0,0,69
2025-08-02,05:00,Delhi,30.4,64,15.5,1011.4,21.7,0,117
2025-08-02,06:00,Bangalore,29.4,81,16.8,1015.5,20.0,0,59
2025-08-02,07:00,Chennai,38.1,79,11.9,1010.2,2.0,1,40
2025-08-02,08:00,Hyderabad,38.2,64,12.9,1007.4,0.0,2,70
2025-08-02,09:00,Mumbai,36.7,77,12.4,1012.8,0.0,4,80
2025-08-02,10:00,Delhi,35.0,59,15.3,1017.9,0.0,5,140
2025-08-02,11:00,Bangalore,31.3,80,16.0,1011.2,0.0,5,27
2025-08-02,12:00,Chennai,38.3,81,18.8,1008.6,0.0,7,36
2025-08-02,13:00,Hyderabad,38.5,68,10.1,1012.1,11.7,5,58
2025-08-02,14:00,Mumbai,35.4,92,13.5,1012.0,22.1,4,73
2025-08-02,15:00,Delhi,34.0,62,16.7,1005.7,8.2,3,126
2025-08-02,16:00,Bangalore,30.3,79,12.7,1012.9,0.0,3,40
2025-08-02,17:00,Chennai,35.2,77,9.7,1010.1,1.3,1,66
2025-08-02,18:00,Hyderabad,32.6,72,17.1,1007.8,0.0,0,72
2025-08-02,19:00,Mumbai,30.7,91,10.2,1008.5,0.0,0,90
2025-08-02,20:00,Delhi,23.5,63,17.6,1019.7,22.8,0,124
2025-08-02,21:00,Bangalore,22.8,90,14.6,1010.0,2.2,0,50
2025-08-02,22:00,Chennai,28.0,88,16.1,1012.1,24.8,0,53
2025-08-02,23:00,Hyderabad,29.7,82,11.3,1016.4,23.2,0,86
2025-08-03,00:00,Mumbai,26.9,88,19.9,1013.7,0.0,0,61
2025-08-03,01:00,Delhi,24.5,72,17.4,1016.4,0.0,0,118
2025-08-03,02:00,Bangalore,24.1,83,17.3,1015.5,0.0,0,28
2025-08-03,03:00,Chennai,32.3,77,8.1,1010.0,1.6,0,49
2025-08-03,04:00,Hyderabad,33.7,72,14.9,1010.5,0.0,0,49
2025-08-03,05:00,Mumbai,32.0,84,14.2,1016.1,24.5,0,42
2025-08-03,06:00,Delhi,29.9,63,12.4,1007.5,0.0,0,109
2025-08-03,07:00,Bangalore,29.6,81,10.8,1013.7,0.0,1,28
2025-08-03,08:00,Chennai,36.2,81,14.3,1013.9,0.0,1,57
2025-08-03,09:00,Hyderabad,37.2,65,15.5,1008.2,0.0,2,73
2025-08-03,10:00,Mumbai,38.9,85,14.5,1012.7,0.0,4,80
2025-08-03,11:00,Delhi,33.8,71,6.6,1008.4,0.0,5,106
2025-08-03,12:00,Bangalore,34.5,72,14.5,1007.4,0.0,7,37
2025-08-03,13:00,Chennai,39.8,80,14.6,1012.6,0.0,5,48
2025-08-03,14:00,Hyderabad,35.0,71,14.4,1010.3,7.3,3,66
2025-08-03,15:00,Mumbai,33.3,93,13.7,1013.4,19.6,3,56
2025-08-03,16:00,Delhi,30.2,70,18.1,1012.5,10.2,2,132
2025-08-03,17:00,Bangalore,28.2,85,14.7,1008.5,0.0,0,74
2025-08-03,18:00,Chennai,31.8,81,12.8,1009.9,0.0,0,67
2025-08-03,19:00,Hyderabad,32.7,70,16.1,1007.2,0.0,0,76
2025-08-03,20:00,Mumbai,28.9,93,14.8,1010.6,0.0,0,99
2025-08-03,21:00,Delhi,24.6,74,10.4,1012.3,12.3,0,121
2025-08-03,22:00,Bangalore,24.4,87,16.9,1014.7,0.0,0,20
2025-08-03,23:00,Chennai,26.0,87,16.7,1014.1,19.7,0,42
2025-08-04,00:00,Hyderabad,30.2,83,8.8,1012.0,5.7,0,53
2025-08-04,01:00,Mumbai,27.3,91,13.0,1014.2,2.3,0,60
2025-08-04,02:00,Delhi,25.5,70,15.2,1011.9,0.0,0,120
2025-08-04,03:00,Bangalore,26.2,90,11.5,1018.1,23.5,0,48
2025-08-04,04:00,Chennai,31.0,87,15.8,1012.5,10.9,0,54
2025-08-04,05:00,Hyderabad,34.9,74,12.4,1011.4,0.0,0,55
2025-08-04,06:00,Mumbai,35.3,84,14.6,1008.4,3.7,0,70
2025-08-04,07:00,Delhi,33.1,58,17.3,1014.2,0.0,0,130
2025-08-04,08:00,Bangalore,32.0,80,13.7,1017.8,0.0,2,63
2025-08-04,09:00,Chennai,37.6,86,9.2,1011.1,7.1,3,55
2025-08-04,10:00,Hyderabad,38.9,59,16.6,1006.3,0.0,4,51
2025-08-04,11:00,Mumbai,35.4,90,15.8,1010.5,22.7,5,73
2025-08-04,12:00,Delhi,34.4,54,16.4,1011.2,0.0,6,127
2025-08-04,13:00,Bangalore,31.0,81,11.8,1015.5,7.5,5,36
2025-08-04,14:00,Chennai,36.5,82,21.7,1013.1,0.0,4,49
2025-08-04,15:00,Hyderabad,38.2,68,12.5,1011.9,0.0,3,44
2025-08-04,16:00,Mumbai,33.5,87,14.9,1008.3,6.3,1,50
2025-08-04,17:00,Delhi,26.8,69,18.3,1016.5,0.0,1,132
2025-08-04,18:00,Bangalore,29.3,81,14.1,1012.8,19.9,0,67
2025-08-04,19:00,Chennai,31.0,86,11.4,1017.7,20.4,0,64
2025-08-04,20:00,Hyderabad,29.9,75,19.9,1010.4,0.0,0,62
2025-08-04,21:00,Mumbai,32.7,87,11.7,1015.2,0.0,0,78
2025-08-04,22:00,Delhi,23.5,68,15.1,1017.1,0.0,0,118
2025-08-04,23:00,Bangalore,24.8,85,15.6,1016.7,0.0,0,41
2025-08-05,00:00,Chennai,30.1,86,14.9,1016.2,9.4,0,53
2025-08-05,01:00,Hyderabad,31.0,80,13.7,1015.9,0.0,0,45
2025-08-05,02:00,Mumbai,28.5,79,12.7,1017.3,0.0,0,50
2025-08-05,03:00,Delhi,28.3,65,13.2,1012.4,0.0,0,109
2025-08-05,04:00,Bangalore,27.8,75,13.3,1016.1,0.0,0,36
2025-08-05,05:00,Chennai,34.2,83,13.6,1014.3,4.0,0,55
2025-08-05,06:00,Hyderabad,37.6,62,10.5,1010.1,0.0,0,80
2025-08-05,07:00,Mumbai,35.6,79,10.6,1012.0,0.0,1,58
2025-08-05,08:00,Delhi,32.2,58,18.6,1010.5,0.0,2,127
2025-08-05,09:00,Bangalore,33.9,82,13.5,1012.6,12.6,4,58
2025-08-05,10:00,Chennai,37.8,83,9.3,1011.1,0.0,4,65
2025-08-05,11:00,Hyderabad,39.5,66,14.0,1013.2,7.5,5,39
2025-08-05,12:00,Mumbai,39.2,88,19.3,1013.5,8.2,6,74
2025-08-05,13:00,Delhi,32.1,56,12.9,1008.1,3.2,5,120
2025-08-05,14:00,Bangalore,31.1,73,20.7,1009.0,0.0,3,51
2025-08-05,15:00,Chennai,34.0,84,11.2,1015.8,8.2,3,34
2025-08-05,16:00,Hyderabad,36.9,72,10.3,1009.5,0.0,2,57
2025-08-05,17:00,Mumbai,33.7,85,14.0,1016.2,22.1,0,97
2025-08-05,18:00,Delhi,30.4,71,14.8,1016.8,0.0,0,145
2025-08-05,19:00,Bangalore,28.6,74,11.1,1013.2,0.0,0,60
2025-08-05,20:00,Chennai,30.0,94,12.6,1009.5,0.0,0,71
2025-08-05,21:00,Hyderabad,31.4,69,14.4,1006.4,0.0,0,41
2025-08-05,22:00,Mumbai,27.3,83,11.6,1007.4,0.0,0,38
2025-08-05,23:00,Delhi,25.6,71,14.4,1017.1,0.0,0,142
2025-08-06,00:00,Bangalore,24.1,76,17.9,1016.7,0.0,0,39
2025-08-06,01:00,Chennai,28.3,88,14.0,1015.7,0.0,0,56
2025-08-06,02:00,Hyderabad,31.5,66,11.5,1016.0,2.8,0,55
2025-08-06,03:00,Mumbai,28.6,87,10.8,1013.4,0.0,0,64
2025-08-06,04:00,Delhi,27.6,59,13.3,1014.2,0.0,0,136
2025-08-06,05:00,Bangalore,28.7,83,11.6,1014.8,0.0,0,32
2025-08-06,06:00,Chennai,33.4,80,14.8,1011.8,0.0,0,48
2025-08-06,07:00,Hyderabad,37.2,72,8.1,1013.3,18.6,0,52
2025-08-06,08:00,Mumbai,36.3,85,11.4,1006.4,17.4,2,65
2025-08-06,09:00,Delhi,35.2,57,18.1,1011.8,0.0,3,150
2025-08-06,10:00,Bangalore,34.2,76,13.5,1012.1,21.1,5,66
2025-08-06,11:00,Chennai,36.4,82,11.4,1009.5,1.8,5,36
2025-08-06,12:00,Hyderabad,41.9,75,12.8,1009.1,0.0,6,50
2025-08-06,13:00,Mumbai,37.0,77,14.4,1011.7,0.0,5,58
2025-08-06,14:00,Delhi,33.4,55,8.2,1011.4,6.2,4,104
2025-08-06,15:00,Bangalore,32.2,74,12.8,1014.3,0.0,3,25
2025-08-06,16:00,Chennai,32.9,82,10.5,1012.9,9.1,2,39
2025-08-06,17:00,Hyderabad,36.1,68,12.8,1012.6,0.0,1,82
2025-08-06,18:00,Mumbai,33.0,91,13.2,1010.8,0.0,0,100
2025-08-06,19:00,Delhi,27.5,67,11.8,1011.3,0.0,0,150
2025-08-06,20:00,Bangalore,24.1,85,12.4,1009.8,7.2,0,61
2025-08-06,21:00,Chennai,27.8,87,13.7,1010.4,0.0,0,66
2025-08-06,22:00,Hyderabad,27.5,76,19.3,1009.9,0.0,0,60
2025-08-06,23:00,Mumbai,28.0,86,12.3,1010.2,18.2,0,73
2025-08-07,00:00,Delhi,23.1,73,11.6,1016.5,0.0,0,155
2025-08-07,01:00,Bangalore,23.6,82,8.8,1010.6,0.0,0,54
2025-08-07,02:00,Chennai,28.2,82,8.9,1011.4,0.0,0,64
2025-08-07,03:00,Hyderabad,31.1,70,13.1,1013.0,0.0,0,47
2025-08-07,04:00,Mumbai,32.3,80,12.5,1015.4,0.0,0,54
2025-08-07,05:00,Delhi,29.9,64,11.8,1007.4,0.0,0,118
2025-08-07,06:00,Bangalore,28.0,88,20.4,1011.8,0.0,0,37
2025-08-07,07:00,Chennai,34.7,87,11.4,1013.5,23.7,0,43
2025-08-07,08:00,Hyderabad,37.5,60,18.9,1009.5,0.0,2,71
2025-08-07,09:00,Mumbai,38.9,88,17.6,1012.5,9.6,2,75
2025-08-07,10:00,Delhi,34.0,63,10.4,1011.1,0.0,4,140
2025-08-07,11:00,Bangalore,35.1,84,19.6,1007.6,0.0,5,35
2025-08-07,12:00,Chennai,38.7,80,14.2,1006.5,0.0,7,39
2025-08-07,13:00,Hyderabad,38.6,71,18.3,1010.9,19.4,4,54
2025-08-07,14:00,Mumbai,35.0,89,18.3,1011.5,0.0,4,54
2025-08-07,15:00,Delhi,30.9,60,16.0,1007.3,0.0,2,117
2025-08-07,16:00,Bangalore,30.5,80,14.8,1011.0,9.9,2,38
2025-08-07,17:00,Chennai,37.7,76,13.6,1013.8,0.0,0,60
2025-08-07,18:00,Hyderabad,32.9,80,14.1,1008.5,0.0,0,69
2025-08-07,19:00,Mumbai,30.6,92,20.5,1017.2,0.0,0,58
2025-08-07,20:00,Delhi,27.0,70,15.7,1010.3,0.9,0,140
2025-08-07,21:00,Bangalore,23.5,86,15.3,1015.1,3.1,0,31
2025-08-07,22:00,Chennai,30.7,87,13.5,1019.4,0.0,0,54
2025-08-07,23:00,Hyderabad,32.4,70,10.5,1013.4,0.0,0,54
2025-08-08,00:00,Mumbai,29.3,90,11.8,1011.9,10.1,0,78
2025-08-08,01:00,Delhi,22.2,67,13.5,1014.8,0.0,0,129
2025-08-08,02:00,Bangalore,24.9,72,12.6,1013.7,2.8,0,43
2025-08-08,03:00,Chennai,31.9,85,17.1,1015.6,0.0,0,39
2025-08-08,04:00,Hyderabad,30.8,73,14.9,1018.3,0.0,0,68
2025-08-08,05:00,Mumbai,33.0,92,12.5,1016.8,0.0,0,72
2025-08-08,06:00,Delhi,32.0,66,14.7,1008.6,0.0,0,108
2025-08-08,07:00,Bangalore,29.2,81,19.1,1013.3,0.0,1,28
2025-08-08,08:00,Chennai,37.4,82,13.3,1007.0,0.0,1,37
2025-08-08,09:00,Hyderabad,37.8,76,10.5,1014.8,0.0,2,78
2025-08-08,10:00,Mumbai,37.4,73,8.8,1007.3,0.0,4,71
2025-08-08,11:00,Delhi,32.1,65,14.2,1013.1,0.0,5,117
2025-08-08,12:00,Bangalore,32.4,72,10.8,1011.9,0.0,6,29
2025-08-08,13:00,Chennai,38.5,85,11.6,1009.0,8.2,5,53
2025-08-08,14:00,Hyderabad,40.3,73,17.4,1008.9,0.0,4,33
2025-08-08,15:00,Mumbai,35.9,78,14.2,1016.5,0.0,3,49
2025-08-08,16:00,Delhi,29.6,66,7.9,1014.7,0.0,2,135
2025-08-08,17:00,Bangalore,27.9,80,14.3,1008.6,17.0,1,67
2025-08-08,18:00,Chennai,31.8,82,16.4,1008.5,0.0,0,63
2025-08-08,19:00,Hyderabad,33.5,70,12.4,1009.7,0.0,0,87
2025-08-08,20:00,Mumbai,29.5,95,11.2,1011.7,0.0,0,78
2025-08-08,21:00,Delhi,24.0,69,11.4,1009.9,0.0,0,130
2025-08-08,22:00,Bangalore,22.4,72,12.4,1020.5,0.0,0,20
2025-08-08,23:00,Chennai,27.2,86,18.3,1009.7,0.0,0,25
2025-08-09,00:00,Hyderabad,29.8,75,6.8,1012.1,0.0,0,59
2025-08-09,01:00,Mumbai,28.5,90,10.6,1013.5,0.0,0,73
2025-08-09,02:00,Delhi,26.9,69,13.3,1017.0,0.0,0,122
2025-08-09,03:00,Bangalore,25.0,75,17.1,1014.9,0.0,0,39
2025-08-09,04:00,Chennai,32.4,93,19.9,1012.0,10.9,0,47
2025-08-09,05:00,Hyderabad,33.0,66,14.3,1010.1,0.0,0,58
2025-08-09,06:00,Mumbai,33.7,76,10.7,1015.1,0.0,0,49
2025-08-09,07:00,Delhi,31.5,70,15.2,1011.5,0.0,0,128
2025-08-09,08:00,Bangalore,30.2,89,12.2,1015.8,0.0,2,53
2025-08-09,09:00,Chennai,37.9,87,14.9,1008.8,6.8,2,43
2025-08-09,10:00,Hyderabad,39.2,69,16.8,1012.6,0.0,4,51
2025-08-09,11:00,Mumbai,36.2,74,8.9,1016.0,0.0,5,77
2025-08-09,12:00,Delhi,35.0,49,18.2,1011.4,17.1,5,156
2025-08-09,13:00,Bangalore,29.8,81,14.1,1008.4,0.0,6,60
2025-08-09,14:00,Chennai,36.8,84,12.6,1009.8,0.0,4,70
2025-08-09,15:00,Hyderabad,36.2,67,16.1,1010.6,0.0,3,32
2025-08-09,16:00,Mumbai,34.0,77,14.9,1013.8,0.0,2,61
2025-08-09,17:00,Delhi,27.7,66,13.3,1014.5,0.0,1,152
2025-08-09,18:00,Bangalore,23.3,83,14.2,1017.3,22.3,0,62
2025-08-09,19:00,Chennai,31.4,97,10.8,1012.5,16.7,0,66
2025-08-09,20:00,Hyderabad,30.2,81,13.6,1013.2,2.6,0,40
2025-08-09,21:00,Mumbai,28.9,85,13.0,1009.1,3.8,0,64
2025-08-09,22:00,Delhi,22.7,67,13.7,1008.9,0.0,0,118
2025-08-09,23:00,Bangalore,22.4,92,13.1,1018.1,0.0,0,20
2025-08-10,00:00,Chennai,27.6,86,13.5,1008.5,0.0,0,39
2025-08-10,01:00,Hyderabad,30.4,80,12.6,1010.9,0.0,0,60
2025-08-10,02:00,Mumbai,28.1,92,16.9,1013.8,1.1,0,88
2025-08-10,03:00,Delhi,23.9,71,15.7,1014.5,0.0,0,125
2025-08-10,04:00,Bangalore,27.6,85,12.4,1019.1,22.2,0,46
2025-08-10,05:00,Chennai,30.9,87,11.8,1010.4,0.0,0,49
2025-08-10,06:00,Hyderabad,37.3,72,24.1,1017.8,23.8,0,65
2025-08-10,07:00,Mumbai,35.7,86,10.8,1019.2,0.0,0,58
2025-08-10,08:00,Delhi,33.4,69,16.2,1009.3,0.0,2,166
2025-08-10,09:00,Bangalore,30.5,85,19.2,1009.8,0.1,4,50
2025-08-10,10:00,Chennai,39.1,88,15.1,1011.0,0.0,3,66
2025-08-10,11:00,Hyderabad,37.9,68,14.2,1010.1,6.6,5,50
2025-08-10,12:00,Mumbai,36.3,88,10.3,1015.1,0.0,6,71
2025-08-10,13:00,Delhi,34.2,62,14.3,1009.1,0.0,5,119
2025-08-10,14:00,Bangalore,32.9,86,11.5,1012.8,21.9,4,48
2025-08-10,15:00,Chennai,34.7,91,10.9,1009.1,0.0,3,51
2025-08-10,16:00,Hyderabad,34.9,72,14.5,1015.6,0.0,1,46
2025-08-10,17:00,Mumbai,31.4,92,17.9,1015.3,0.0,1,92
2025-08-10,18:00,Delhi,27.9,63,14.8,1009.9,0.0,0,142
2025-08-10,19:00,Bangalore,23.6,89,15.6,1015.1,0.0,0,43
2025-08-10,20:00,Chennai,31.1,89,15.2,1009.0,18.9,0,58
2025-08-10,21:00,Hyderabad,29.1,77,12.3,1019.5,19.7,0,48
2025-08-10,22:00,Mumbai,28.3,96,16.9,1010.0,21.1,0,75
2025-08-10,23:00,Delhi,22.5,77,17.8,1012.5,0.0,0,131
2025-08-11,00:00,Bangalore,24.2,85,18.6,1016.5,0.0,0,53
2025-08-11,01:00,Chennai,30.3,84,12.7,1011.1,24.1,0,44
2025-08-11,02:00,Hyderabad,30.2,70,13.9,1011.1,0.0,0,49
2025-08-11,03:00,Mumbai,30.3,96,13.4,1010.5,22.8,0,64
2025-08-11,04:00,Delhi,31.2,59,15.8,1009.7,0.0,0,124
2025-08-11,05:00,Bangalore,29.8,77,13.1,1012.5,0.0,0,20
2025-08-11,06:00,Chennai,35.1,84,17.0,1012.0,2.5,0,43
2025-08-11,07:00,Hyderabad,37.2,63,16.5,1011.6,24.4,1,45
2025-08-11,08:00,Mumbai,34.4,77,12.6,1009.4,7.9,1,70
2025-08-11,09:00,Delhi,32.2,63,14.9,1012.7,0.0,3,155
2025-08-11,10:00,Bangalore,32.7,80,15.4,1012.9,0.0,4,53
2025-08-11,11:00,Chennai,38.1,85,10.4,1013.4,0.0,5,78
2025-08-11,12:00,Hyderabad,36.8,74,12.0,1011.1,0.0,6,66
2025-08-11,13:00,Mumbai,36.5,85,16.0,1013.3,0.0,5,41
2025-08-11,14:00,Delhi,32.6,59,16.3,1015.3,0.0,4,138
2025-08-11,15:00,Bangalore,30.8,86,10.4,1017.4,0.0,3,25
2025-08-11,16:00,Chennai,33.8,89,9.5,1009.3,0.6,1,62
2025-08-11,17:00,Hyderabad,31.8,85,10.8,1015.7,0.0,0,59
2025-08-11,18:00,Mumbai,31.9,87,13.8,1009.3,0.0,0,78
2025-08-11,19:00,Delhi,28.0,74,11.9,1012.9,9.7,0,138
2025-08-11,20:00,Bangalore,26.3,87,11.5,1014.2,15.6,0,46
2025-08-11,21:00,Chennai,29.5,87,10.7,1016.8,0.0,0,38
2025-08-11,22:00,Hyderabad,30.0,70,13.4,1015.3,0.0,0,74
2025-08-11,23:00,Mumbai,28.2,88,14.9,1012.5,20.3,0,45
2025-08-12,00:00,Delhi,24.0,65,14.7,1014.5,0.0,0,117
2025-08-12,01:00,Bangalore,21.8,88,13.4,1019.4,0.0,0,28
2025-08-12,02:00,Chennai,28.4,82,13.1,1010.0,0.0,0,65
2025-08-12,03:00,Hyderabad,30.3,79,10.1,1014.2,23.2,0,44
2025-08-12,04:00,Mumbai,28.7,91,16.8,1015.2,0.0,0,89
2025-08-12,05:00,Delhi,29.8,59,17.2,1011.4,0.0,0,123
2025-08-12,06:00,Bangalore,29.7,74,7.1,1011.5,0.0,0,43
2025-08-12,07:00,Chennai,36.8,81,12.3,1014.6,0.0,1,32
2025-08-12,08:00,Hyderabad,37.1,71,9.7,1004.8,0.0,2,59
2025-08-12,09:00,Mumbai,37.7,85,16.8,1010.3,13.5,3,60
2025-08-12,10:00,Delhi,37.9,63,12.4,1012.0,8.3,4,132
2025-08-12,11:00,Bangalore,32.8,80,10.7,1015.3,0.0,6,47
2025-08-12,12:00,Chennai,39.0,74,12.4,1007.5,0.0,6,48
2025-08-12,13:00,Hyderabad,41.8,59,11.9,1005.9,0.0,5,52
2025-08-12,14:00,Mumbai,34.4,95,14.0,1013.1,0.0,4,84
2025-08-12,15:00,Delhi,32.2,65,20.3,1013.4,0.0,3,113
2025-08-12,16:00,Bangalore,30.0,77,14.1,1013.0,0.0,1,34
2025-08-12,17:00,Chennai,29.9,87,16.5,1018.0,19.6,1,62
2025-08-12,18:00,Hyderabad,32.7,73,19.9,1015.6,0.0,0,72
2025-08-12,19:00,Mumbai,28.1,97,13.8,1010.4,18.4,0,72
2025-08-12,20:00,Delhi,21.9,71,14.0,1012.9,0.0,0,142
2025-08-12,21:00,Bangalore,24.5,92,13.8,1010.3,21.6,0,30
2025-08-12,22:00,Chennai,30.1,94,17.0,1011.3,10.3,0,33
2025-08-12,23:00,Hyderabad,26.4,83,13.8,1017.4,0.0,0,49
2025-08-13,00:00,Mumbai,28.5,84,21.3,1010.6,16.7,0,87
2025-08-13,01:00,Delhi,22.5,73,11.8,1020.1,16.2,0,121
2025-08-13,02:00,Bangalore,21.8,81,12.8,1012.2,8.2,0,39
2025-08-13,03:00,Chennai,30.0,84,11.4,1017.2,24.1,0,41
2025-08-13,04:00,Hyderabad,33.1,76,14.2,1011.2,22.5,0,44
2025-08-13,05:00,Mumbai,32.9,83,14.1,1000.2,0.0,0,70
2025-08-13,06:00,Delhi,33.0,61,9.8,1009.9,0.0,0,132
2025-08-13,07:00,Bangalore,30.0,75,9.5,1015.9,0.0,1,39
2025-08-13,08:00,Chennai,34.3,81,16.5,1012.1,0.0,1,54
2025-08-13,09:00,Hyderabad,37.6,63,18.0,1015.2,0.0,3,72
2025-08-13,10:00,Mumbai,36.3,88,17.9,1013.0,0.0,4,75
2025-08-13,11:00,Delhi,33.0,67,15.2,1011.1,0.0,5,114
2025-08-13,12:00,Bangalore,29.3,82,16.4,1016.9,0.0,6,40
2025-08-13,13:00,Chennai,36.7,80,12.8,1006.5,20.3,5,52
2025-08-13,14:00,Hyderabad,37.0,77,16.3,1008.4,3.5,4,37
2025-08-13,15:00,Mumbai,35.6,78,11.6,1013.5,0.0,3,66
2025-08-13,16:00,Delhi,30.1,71,13.3,1017.1,0.0,2,113
2025-08-13,17:00,Bangalore,26.6,81,14.3,1015.8,0.0,1,28
2025-08-13,18:00,Chennai,29.1,90,9.8,1018.0,24.2,0,67
2025-08-13,19:00,Hyderabad,31.2,76,10.1,1016.4,0.0,0,71
2025-08-13,20:00,Mumbai,25.3,89,13.1,1013.0,0.0,0,90
2025-08-13,21:00,Delhi,24.1,70,18.9,1015.1,0.0,0,126
2025-08-13,22:00,Bangalore,22.8,88,13.6,1015.9,0.0,0,38
2025-08-13,23:00,Chennai,24.9,92,13.6,1016.0,23.2,0,30
2025-08-14,00:00,Hyderabad,27.2,83,13.2,1012.1,0.0,0,57
2025-08-14,01:00,Mumbai,25.8,90,15.6,1012.7,0.0,0,81
2025-08-14,02:00,Delhi,25.5,66,16.4,1012.1,0.0,0,135
2025-08-14,03:00,Bangalore,22.9,81,13.0,1012.4,0.0,0,47
2025-08-14,04:00,Chennai,34.2,84,16.7,1019.4,0.0,0,63
2025-08-14,05:00,Hyderabad,34.3,79,14.0,1017.7,0.0,0,59
2025-08-14,06:00,Mumbai,33.4,92,13.9,1013.1,19.1,0,50
2025-08-14,07:00,Delhi,32.4,65,14.8,1010.2,0.0,0,125
2025-08-14,08:00,Bangalore,33.8,82,17.2,1011.4,0.0,3,54
2025-08-14,09:00,Chennai,35.1,84,14.0,1010.9,18.0,4,78
2025-08-14,10:00,Hyderabad,39.2,66,19.1,1004.4,0.0,4,70
2025-08-14,11:00,Mumbai,39.6,88,12.8,1010.7,0.0,4,64
2025-08-14,12:00,Delhi,32.6,66,16.3,1016.1,0.0,7,127
2025-08-14,13:00,Bangalore,31.9,81,11.9,1008.5,0.0,5,31
2025-08-14,14:00,Chennai,38.0,83,13.9,1011.0,17.8,4,87
2025-08-14,15:00,Hyderabad,36.8,61,12.4,1008.8,0.0,2,73
2025-08-14,16:00,Mumbai,33.0,83,17.6,1011.3,0.0,1,62
2025-08-14,17:00,Delhi,28.3,67,15.3,1013.6,0.0,1,131
2025-08-14,18:00,Bangalore,26.9,85,14.2,1012.8,0.0,0,51
2025-08-14,19:00,Chennai,31.6,81,15.0,1012.3,17.2,0,79
2025-08-14,20:00,Hyderabad,29.7,68,16.0,1010.8,11.5,0,76
2025-08-14,21:00,Mumbai,25.7,97,9.3,1013.7,0.0,0,90
2025-08-14,22:00,Delhi,21.3,66,9.4,1019.5,6.2,0,145
2025-08-14,23:00,Bangalore,23.9,84,11.1,1017.6,0.0,0,37
2025-08-15,00:00,Chennai,29.4,82,11.3,1015.4,0.0,0,44
2025-08-15,01:00,Hyderabad,29.1,89,15.2,1009.1,23.2,0,38
2025-08-15,02:00,Mumbai,26.1,89,13.7,1015.5,1.1,0,46
2025-08-15,03:00,Delhi,28.0,64,10.3,1011.2,3.3,0,144
2025-08-15,04:00,Bangalore,26.4,88,15.4,1016.0,0.0,0,66
2025-08-15,05:00,Chennai,32.1,84,14.9,1012.9,21.7,0,55
2025-08-15,06:00,Hyderabad,32.9,79,14.6,1008.7,0.0,0,63
2025-08-15,07:00,Mumbai,35.8,85,10.1,1011.2,24.1,0,63
2025-08-15,08:00,Delhi,29.7,56,16.4,1009.3,0.0,1,137
2025-08-15,09:00,Bangalore,32.5,76,15.5,1015.1,0.0,3,60
2025-08-15,10:00,Chennai,35.0,92,12.6,1012.3,0.0,4,58
2025-08-15,11:00,Hyderabad,37.5,70,15.2,1007.6,6.4,4,51
2025-08-15,12:00,Mumbai,34.8,80,12.5,1013.8,0.0,7,45
2025-08-15,13:00,Delhi,32.8,61,18.3,1009.2,0.0,6,103
2025-08-15,14:00,Bangalore,33.9,77,9.5,1011.9,3.3,4,63
2025-08-15,15:00,Chennai,37.4,83,11.9,1007.5,5.7,3,56
2025-08-15,16:00,Hyderabad,37.3,74,11.1,1007.2,0.0,2,56
2025-08-15,17:00,Mumbai,34.3,84,16.6,1014.3,0.0,1,48
2025-08-15,18:00,Delhi,28.5,60,16.4,1011.4,0.0,0,126
2025-08-15,19:00,Bangalore,24.4,82,20.5,1016.9,21.8,0,50
2025-08-15,20:00,Chennai,30.7,83,13.9,1009.0,0.0,0,68
2025-08-15,21:00,Hyderabad,29.7,68,9.5,1014.6,0.0,0,55
2025-08-15,22:00,Mumbai,25.0,98,20.5,1016.0,14.8,0,62
2025-08-15,23:00,Delhi,24.2,68,13.8,1017.6,0.0,0,104
2025-08-16,00:00,Bangalore,22.9,82,14.6,1012.6,2.8,0,43
2025-08-16,01:00,Chennai,28.6,83,13.3,1014.5,0.0,0,47
2025-08-16,02:00,Hyderabad,31.1,77,13.9,1010.0,0.0,0,65
2025-08-16,03:00,Mumbai,27.3,97,8.3,1014.2,0.0,0,74
2025-08-16,04:00,Delhi,29.4,65,8.7,1012.6,0.0,0,135
2025-08-16,05:00,Bangalore,26.6,76,11.3,1013.0,0.0,0,29
2025-08-16,06:00,Chennai,32.7,75,15.0,1005.6,0.0,0,46
2025-08-16,07:00,Hyderabad,35.0,69,15.3,1010.4,0.0,0,49
2025-08-16,08:00,Mumbai,36.8,89,10.2,1010.0,0.0,1,49
2025-08-16,09:00,Delhi,35.0,57,11.1,1012.5,0.0,2,127
2025-08-16,10:00,Bangalore,32.0,76,9.1,1014.3,0.0,4,47
2025-08-16,11:00,Chennai,36.5,73,7.7,1007.0,17.8,5,43
2025-08-16,12:00,Hyderabad,39.6,68,18.2,1011.1,0.0,6,41
2025-08-16,13:00,Mumbai,36.6,82,13.3,1009.4,0.0,4,48
2025-08-16,14:00,Delhi,33.8,58,21.3,1017.6,0.0,4,107
2025-08-16,15:00,Bangalore,28.9,74,12.6,1015.3,13.8,2,38
2025-08-16,16:00,Chennai,33.4,93,14.9,1014.4,0.0,3,40
2025-08-16,17:00,Hyderabad,32.5,71,16.4,1011.0,0.0,1,52
2025-08-16,18:00,Mumbai,29.3,98,15.2,1009.2,0.0,0,82
2025-08-16,19:00,Delhi,25.8,68,14.0,1013.6,0.0,0,168
2025-08-16,20:00,Bangalore,22.9,86,15.0,1016.7,0.0,0,63
2025-08-16,21:00,Chennai,27.3,97,13.3,1016.9,0.0,0,46
2025-08-16,22:00,Hyderabad,29.4,78,8.2,1012.6,0.0,0,47
2025-08-16,23:00,Mumbai,28.2,88,13.1,1012.6,22.8,0,71
2025-08-17,00:00,Delhi,24.4,80,10.6,1021.1,0.0,0,116
2025-08-17,01:00,Bangalore,20.9,83,14.0,1020.1,20.0,0,27
2025-08-17,02:00,Chennai,29.0,82,13.1,1013.4,0.0,0,68
2025-08-17,03:00,Hyderabad,30.9,68,11.8,1012.6,0.0,0,68
2025-08-17,04:00,Mumbai,28.9,85,15.5,1016.6,0.0,0,40
2025-08-17,05:00,Delhi,30.1,71,13.8,1010.6,0.0,0,126
2025-08-17,06:00,Bangalore,31.7,69,11.2,1010.3,0.0,0,43
2025-08-17,07:00,Chennai,36.8,77,9.2,1012.2,19.2,0,59
2025-08-17,08:00,Hyderabad,36.2,66,15.0,1011.1,19.0,1,93
2025-08-17,09:00,Mumbai,37.4,81,15.8,1013.0,0.0,3,55
2025-08-17,10:00,Delhi,31.8,63,21.9,1013.0,0.0,4,122
2025-08-17,11:00,Bangalore,33.3,84,12.5,1009.9,0.0,4,59
2025-08-17,12:00,Chennai,35.2,87,15.8,1010.7,0.0,6,68
2025-08-17,13:00,Hyderabad,37.8,65,8.2,1014.6,14.4,6,82
2025-08-17,14:00,Mumbai,33.9,88,13.4,1013.9,0.0,4,67
2025-08-17,15:00,Delhi,28.8,59,6.7,1019.2,0.5,3,118
2025-08-17,16:00,Bangalore,30.7,88,14.3,1011.8,0.0,2,42
2025-08-17,17:00,Chennai,29.2,87,19.3,1012.0,0.0,1,68
2025-08-17,18:00,Hyderabad,32.6,71,15.2,1016.4,0.0,0,65
2025-08-17,19:00,Mumbai,31.5,85,13.9,1003.0,0.0,0,70
2025-08-17,20:00,Delhi,23.9,75,19.7,1018.7,0.0,0,126
2025-08-17,21:00,Bangalore,21.3,83,10.9,1016.8,9.1,0,24
2025-08-17,22:00,Chennai,27.2,90,10.6,1018.4,0.0,0,48
2025-08-17,23:00,Hyderabad,26.4,83,16.4,1013.0,0.0,0,64
2025-08-18,00:00,Mumbai,29.4,88,14.1,1014.8,0.0,0,71
2025-08-18,01:00,Delhi,24.3,66,16.5,1017.3,20.4,0,118
2025-08-18,02:00,Bangalore,24.1,84,19.1,1016.1,12.1,0,31
2025-08-18,03:00,Chennai,28.8,81,17.7,1013.1,15.7,0,36
2025-08-18,04:00,Hyderabad,33.6,68,16.5,1014.7,0.0,0,61
2025-08-18,05:00,Mumbai,30.4,94,15.2,1014.6,22.1,0,61
2025-08-18,06:00,Delhi,28.2,65,14.0,1016.7,16.7,0,126
2025-08-18,07:00,Bangalore,27.8,83,12.6,1018.5,3.7,0,48
2025-08-18,08:00,Chennai,34.3,79,14.0,1013.9,0.0,1,58
2025-08-18,09:00,Hyderabad,36.5,74,12.9,1008.0,0.0,2,54
2025-08-18,10:00,Mumbai,37.7,81,17.0,1012.8,0.3,4,122
2025-08-18,11:00,Delhi,32.0,71,12.5,1016.0,0.0,5,112
2025-08-18,12:00,Bangalore,32.2,73,20.5,1011.9,0.0,6,23
2025-08-18,13:00,Chennai,35.9,82,14.4,1017.7,0.0,5,44
2025-08-18,14:00,Hyderabad,35.3,63,11.0,1011.2,5.4,4,34
2025-08-18,15:00,Mumbai,33.7,82,13.1,1012.9,0.0,3,56
2025-08-18,16:00,Delhi,30.3,68,13.1,1014.2,0.0,1,117
2025-08-18,17:00,Bangalore,27.8,88,12.8,1014.8,0.0,0,45
2025-08-18,18:00,Chennai,27.7,91,15.3,1016.1,12.2,0,71
2025-08-18,19:00,Hyderabad,33.7,67,14.0,1010.9,15.0,0,79
2025-08-18,20:00,Mumbai,31.4,89,17.4,1012.7,0.0,0,93
2025-08-18,21:00,Delhi,24.1,75,11.9,1015.4,0.0,0,129
2025-08-18,22:00,Bangalore,21.0,84,17.0,1015.2,13.4,0,39
2025-08-18,23:00,Chennai,25.9,96,16.5,1011.9,0.0,0,53
2025-08-19,00:00,Hyderabad,28.4,81,14.9,1016.6,0.0,0,47
2025-08-19,01:00,Mumbai,28.6,88,18.7,1012.3,0.0,0,54
2025-08-19,02:00,Delhi,24.1,71,17.2,1017.5,0.0,0,134
2025-08-19,03:00,Bangalore,24.3,86,10.1,1009.5,14.2,0,57
2025-08-19,04:00,Chennai,31.5,91,10.6,1013.0,16.0,0,57
2025-08-19,05:00,Hyderabad,33.6,71,17.3,1007.5,21.4,0,73
2025-08-19,06:00,Mumbai,30.4,81,14.2,1007.2,0.0,0,76
2025-08-19,07:00,Delhi,29.2,57,14.9,1018.0,0.0,1,130
2025-08-19,08:00,Bangalore,31.8,76,16.5,1012.7,0.0,1,59
2025-08-19,09:00,Chennai,35.3,82,12.3,1014.9,0.0,3,91
2025-08-19,10:00,Hyderabad,37.7,71,10.7,1005.6,3.5,4,64
2025-08-19,11:00,Mumbai,37.0,83,17.0,1010.5,9.4,5,41
2025-08-19,12:00,Delhi,30.5,73,11.5,1018.9,0.0,5,120
2025-08-19,13:00,Bangalore,32.3,78,15.8,1016.6,0.0,5,32
2025-08-19,14:00,Chennai,33.3,82,12.5,1015.0,0.0,3,43
2025-08-19,15:00,Hyderabad,36.6,55,7.1,1012.6,14.7,2,56
2025-08-19,16:00,Mumbai,31.8,83,14.1,1015.7,0.0,2,67
2025-08-19,17:00,Delhi,26.5,65,16.6,1007.6,0.0,1,120
2025-08-19,18:00,Bangalore,25.3,79,18.4,1014.3,0.0,0,64
2025-08-19,19:00,Chennai,32.6,82,13.0,1004.3,0.0,0,64
2025-08-19,20:00,Hyderabad,29.3,72,14.8,1016.2,0.0,0,96
2025-08-19,21:00,Mumbai,28.4,96,12.3,1015.9,15.6,0,55
2025-08-19,22:00,Delhi,21.1,69,14.7,1013.1,0.0,0,127
2025-08-19,23:00,Bangalore,24.1,74,17.1,1013.7,0.0,0,30
2025-08-20,00:00,Chennai,25.7,90,10.1,1016.5,0.0,0,37
2025-08-20,01:00,Hyderabad,30.9,73,12.8,1016.0,0.0,0,56
2025-08-20,02:00,Mumbai,25.7,95,11.3,1014.1,0.0,0,54
2025-08-20,03:00,Delhi,26.7,72,19.0,1008.7,11.4,0,124
2025-08-20,04:00,Bangalore,25.4,86,15.0,1018.3,0.0,0,44
2025-08-20,05:00,Chennai,32.7,86,16.3,1014.0,11.3,0,77
2025-08-20,06:00,Hyderabad,34.9,59,14.7,1013.5,0.0,0,63
2025-08-20,07:00,Mumbai,31.6,99,19.4,1012.2,11.9,0,64
2025-08-20,08:00,Delhi,31.6,69,11.0,1007.4,0.0,1,136
2025-08-20,09:00,Bangalore,31.3,71,12.3,1004.3,0.0,3,68
2025-08-20,10:00,Chennai,36.1,86,16.3,1012.1,10.4,4,77
2025-08-20,11:00,Hyderabad,37.3,61,19.1,1007.8,22.9,5,57
2025-08-20,12:00,Mumbai,35.1,87,11.6,1011.3,0.0,5,47
2025-08-20,13:00,Delhi,32.6,62,14.4,1014.8,0.0,5,124
2025-08-20,14:00,Bangalore,28.4,80,10.2,1017.2,0.0,4,34
2025-08-20,15:00,Chennai,36.0,84,17.4,1010.5,0.0,3,58
2025-08-20,16:00,Hyderabad,35.8,77,19.9,1013.7,0.0,2,59
2025-08-20,17:00,Mumbai,29.1,94,13.0,1013.4,16.8,1,63
2025-08-20,18:00,Delhi,27.7,70,15.8,1011.7,0.0,0,141
2025-08-20,19:00,Bangalore,25.7,81,10.9,1013.8,20.7,0,51
2025-08-20,20:00,Chennai,27.8,93,17.6,1012.5,15.7,0,89
2025-08-20,21:00,Hyderabad,29.1,68,12.0,1015.9,0.0,0,49
2025-08-20,22:00,Mumbai,26.3,96,11.4,1015.2,0.0,0,82
2025-08-20,23:00,Delhi,21.3,82,11.7,1016.3,5.5,0,142
2025-08-21,00:00,Bangalore,21.9,89,15.5,1017.9,0.0,0,44
2025-08-21,01:00,Chennai,27.2,98,15.2,1013.9,0.0,0,54
2025-08-21,02:00,Hyderabad,28.8,82,15.0,1015.5,0.0,0,58
2025-08-21,03:00,Mumbai,26.8,91,11.1,1014.0,0.0,0,81
2025-08-21,04:00,Delhi,26.5,63,15.6,1020.4,0.0,0,143
2025-08-21,05:00,Bangalore,27.2,87,10.6,1016.4,0.0,0,28
2025-08-21,06:00,Chennai,32.3,86,13.0,1014.6,0.0,0,63
2025-08-21,07:00,Hyderabad,37.3,71,15.9,1010.1,0.0,1,56
2025-08-21,08:00,Mumbai,38.0,81,21.5,1009.2,0.0,2,95
2025-08-21,09:00,Delhi,32.5,69,12.9,1016.2,0.0,2,136
2025-08-21,10:00,Bangalore,32.7,80,13.8,1015.3,0.0,4,61
2025-08-21,11:00,Chennai,37.7,85,12.6,1011.4,0.0,4,49
2025-08-21,12:00,Hyderabad,37.9,65,14.2,1004.4,0.0,5,55
2025-08-21,13:00,Mumbai,34.6,84,13.8,1012.4,14.1,4,64
2025-08-21,14:00,Delhi,33.8,69,13.2,1010.8,0.0,3,125
2025-08-21,15:00,Bangalore,30.6,80,8.7,1017.7,20.9,3,27
2025-08-21,16:00,Chennai,34.3,81,15.4,1009.8,4.7,2,81
2025-08-21,17:00,Hyderabad,32.2,67,11.3,1009.3,0.0,1,60
2025-08-21,18:00,Mumbai,31.3,88,10.9,1007.8,0.0,0,85
2025-08-21,19:00,Delhi,25.2,63,17.9,1015.6,0.0,0,137
2025-08-21,20:00,Bangalore,23.5,87,17.5,1015.8,0.0,0,63
2025-08-21,21:00,Chennai,27.2,92,18.4,1010.6,0.0,0,71
2025-08-21,22:00,Hyderabad,28.1,75,18.4,1012.7,0.0,0,63
2025-08-21,23:00,Mumbai,26.1,100,12.6,1014.8,7.1,0,59
2025-08-22,00:00,Delhi,24.2,72,15.0,1016.0,2.3,0,113
2025-08-22,01:00,Bangalore,19.0,86,15.8,1014.2,0.3,0,35
2025-08-22,02:00,Chennai,27.3,98,19.8,1012.7,0.0,0,55
2025-08-22,03:00,Hyderabad,31.8,73,9.9,1011.4,0.0,0,51
2025-08-22,04:00,Mumbai,33.1,94,11.8,1008.9,4.8,0,70
2025-08-22,05:00,Delhi,27.0,74,15.7,1017.7,0.0,0,142
2025-08-22,06:00,Bangalore,27.2,82,17.1,1015.1,10.3,0,20
2025-08-22,07:00,Chennai,35.4,79,15.1,1013.4,0.0,0,43
2025-08-22,08:00,Hyderabad,36.3,67,12.1,1005.2,0.0,3,60
2025-08-22,09:00,Mumbai,36.0,79,6.5,1010.2,1.9,3,70
2025-08-22,10:00,Delhi,33.3,64,12.8,1015.2,0.0,3,132
2025-08-22,11:00,Bangalore,32.5,83,6.9,1016.8,16.3,5,53
2025-08-22,12:00,Chennai,35.4,84,15.9,1012.5,0.0,6,48
2025-08-22,13:00,Hyderabad,36.2,74,16.0,1013.4,5.3,5,51
2025-08-22,14:00,Mumbai,33.9,89,18.2,1013.1,0.0,3,66
2025-08-22,15:00,Delhi,30.5,61,15.5,1013.6,0.0,2,101
2025-08-22,16:00,Bangalore,27.4,84,12.5,1009.2,0.0,2,32
2025-08-22,17:00,Chennai,30.7,88,15.4,1011.8,0.0,2,51
2025-08-22,18:00,Hyderabad,30.8,79,15.9,1012.7,0.0,0,70
2025-08-22,19:00,Mumbai,28.5,87,16.2,1007.6,9.6,0,79
2025-08-22,20:00,Delhi,25.7,70,16.9,1013.3,0.0,0,143
2025-08-22,21:00,Bangalore,23.2,89,11.3,1014.0,0.0,0,35
2025-08-22,22:00,Chennai,27.7,89,15.9,1004.4,24.0,0,34
2025-08-22,23:00,Hyderabad,28.8,84,12.2,1009.5,1.6,0,80
2025-08-23,00:00,Mumbai,26.3,94,17.9,1009.8,0.0,0,47
2025-08-23,01:00,Delhi,23.5,64,16.9,1015.8,0.0,0,122
2025-08-23,02:00,Bangalore,21.6,82,17.0,1022.4,0.0,0,29
2025-08-23,03:00,Chennai,29.9,91,13.7,1008.2,0.0,0,43
2025-08-23,04:00,Hyderabad,32.7,62,14.7,1012.8,0.0,0,47
2025-08-23,05:00,Mumbai,31.4,75,12.7,1014.7,0.5,0,69
2025-08-23,06:00,Delhi,27.5,62,14.7,1013.6,21.2,0,113
2025-08-23,07:00,Bangalore,28.9,81,15.9,1013.4,0.0,0,49
2025-08-23,08:00,Chennai,36.7,73,10.5,1012.1,0.0,1,63
2025-08-23,09:00,Hyderabad,37.3,74,7.8,1009.5,0.0,3,87
2025-08-23,10:00,Mumbai,36.3,87,9.7,1012.4,0.0,4,82
2025-08-23,11:00,Delhi,32.1,70,12.3,1009.0,0.0,5,116
2025-08-23,12:00,Bangalore,32.5,75,11.7,1009.5,0.0,6,55
2025-08-23,13:00,Chennai,35.6,83,9.8,1012.0,0.0,6,80
2025-08-23,14:00,Hyderabad,36.3,66,10.6,1013.3,0.0,3,56
2025-08-23,15:00,Mumbai,35.9,84,12.5,1009.3,0.0,2,60
2025-08-23,16:00,Delhi,28.9,66,13.7,1008.4,0.0,2,122
2025-08-23,17:00,Bangalore,27.3,87,16.6,1017.2,5.8,0,67
2025-08-23,18:00,Chennai,29.2,88,14.4,1014.6,0.0,0,50
2025-08-23,19:00,Hyderabad,30.2,77,16.6,1014.5,15.5,0,78
2025-08-23,20:00,Mumbai,30.9,90,15.9,1014.6,0.0,0,69
2025-08-23,21:00,Delhi,23.9,65,13.2,1012.9,0.0,0,124
2025-08-23,22:00,Bangalore,21.1,79,17.7,1015.9,1.4,0,45
2025-08-23,23:00,Chennai,25.9,90,14.9,1014.9,11.3,0,37
2025-08-24,00:00,Hyderabad,26.6,73,20.2,1014.0,16.7,0,65
2025-08-24,01:00,Mumbai,26.5,92,19.7,1016.9,21.1,0,65
2025-08-24,02:00,Delhi,22.8,71,8.7,1015.5,0.0,0,136
2025-08-24,03:00,Bangalore,25.6,83,11.7,1016.8,0.0,0,33
2025-08-24,04:00,Chennai,31.2,87,21.2,1013.8,0.0,0,56
2025-08-24,05:00,Hyderabad,30.2,73,12.7,1013.1,0.0,0,49
2025-08-24,06:00,Mumbai,33.8,90,17.5,1014.7,0.0,0,60
2025-08-24,07:00,Delhi,30.4,64,14.9,1009.4,3.3,1,106
2025-08-24,08:00,Bangalore,30.2,88,11.5,1007.6,0.0,2,73
2025-08-24,09:00,Chennai,39.7,77,17.1,1013.7,0.0,2,79
2025-08-24,10:00,Hyderabad,36.6,68,11.0,1010.2,24.3,3,57
2025-08-24,11:00,Mumbai,39.6,85,15.3,1009.9,20.2,5,60
2025-08-24,12:00,Delhi,33.8,60,16.9,1013.2,0.0,7,99
2025-08-24,13:00,Bangalore,32.2,68,15.1,1012.0,0.0,5,52
2025-08-24,14:00,Chennai,35.2,80,12.5,1015.5,0.0,4,28
2025-08-24,15:00,Hyderabad,35.6,70,14.3,1017.4,12.4,4,58
2025-08-24,16:00,Mumbai,32.0,90,14.3,1011.9,3.2,2,66
2025-08-24,17:00,Delhi,28.7,76,18.0,1010.4,0.0,0,148
2025-08-24,18:00,Bangalore,25.6,80,17.6,1010.7,0.0,0,70
2025-08-24,19:00,Chennai,29.5,83,8.9,1019.1,3.3,0,53
2025-08-24,20:00,Hyderabad,28.7,77,16.5,1011.4,0.0,0,75
2025-08-24,21:00,Mumbai,27.8,98,18.2,1015.1,24.0,0,84
2025-08-24,22:00,Delhi,22.1,62,15.2,1013.4,0.0,0,120
2025-08-24,23:00,Bangalore,22.8,81,16.0,1014.4,5.8,0,59
2025-08-25,00:00,Chennai,27.9,83,18.9,1009.8,1.9,0,73
2025-08-25,01:00,Hyderabad,29.8,75,15.0,1005.8,0.0,0,51
2025-08-25,02:00,Mumbai,26.3,98,13.1,1015.6,17.3,0,59
2025-08-25,03:00,Delhi,25.6,71,11.1,1012.0,0.0,0,129
2025-08-25,04:00,Bangalore,25.6,95,14.0,1011.9,0.0,0,43
2025-08-25,05:00,Chennai,31.6,82,19.0,1016.2,24.5,0,61
2025-08-25,06:00,Hyderabad,34.5,70,14.7,1016.1,0.0,0,33
2025-08-25,07:00,Mumbai,31.9,82,17.5,1012.7,0.0,0,49
2025-08-25,08:00,Delhi,29.2,64,12.9,1010.8,0.0,2,145
2025-08-25,09:00,Bangalore,31.0,75,15.4,1012.8,0.0,2,31
2025-08-25,10:00,Chennai,35.3,79,15.2,1009.5,0.0,4,99
2025-08-25,11:00,Hyderabad,39.0,59,10.9,1010.9,0.0,6,58
2025-08-25,12:00,Mumbai,34.5,86,15.5,1009.2,16.7,6,53
2025-08-25,13:00,Delhi,32.2,62,19.3,1011.8,0.6,5,121
2025-08-25,14:00,Bangalore,29.4,84,11.1,1011.7,0.0,4,28
2025-08-25,15:00,Chennai,32.8,83,15.7,1005.3,8.8,3,46
2025-08-25,16:00,Hyderabad,34.9,72,13.6,1008.6,0.0,1,59
2025-08-25,17:00,Mumbai,32.5,83,15.9,1010.7,0.0,0,76
2025-08-25,18:00,Delhi,25.6,71,15.8,1009.9,0.0,0,119
2025-08-25,19:00,Bangalore,22.2,91,7.7,1014.8,0.0,0,40
2025-08-25,20:00,Chennai,27.9,89,9.6,1009.4,3.2,0,78
2025-08-25,21:00,Hyderabad,30.9,71,10.2,1013.7,0.0,0,59
2025-08-25,22:00,Mumbai,25.6,94,12.4,1014.4,12.2,0,69
2025-08-25,23:00,Delhi,22.6,71,11.9,1009.9,0.0,0,113
2025-08-26,00:00,Bangalore,23.7,80,15.4,1013.2,0.0,0,22
2025-08-26,01:00,Chennai,27.1,93,14.9,1010.5,0.0,0,53
2025-08-26,02:00,Hyderabad,29.9,72,12.2,1010.7,0.0,0,55
2025-08-26,03:00,Mumbai,31.0,95,13.9,1012.2,1.0,0,43
2025-08-26,04:00,Delhi,24.4,69,16.9,1013.6,0.0,0,124
2025-08-26,05:00,Bangalore,26.1,87,18.4,1013.5,0.0,0,59
2025-08-26,06:00,Chennai,35.6,84,11.9,1014.3,0.0,0,60
2025-08-26,07:00,Hyderabad,33.5,66,18.5,1010.5,0.0,0,71
2025-08-26,08:00,Mumbai,34.1,80,16.7,1012.6,0.0,2,71
2025-08-26,09:00,Delhi,32.1,62,12.6,1017.5,14.6,2,149
2025-08-26,10:00,Bangalore,32.0,86,17.8,1016.3,0.8,4,49
2025-08-26,11:00,Chennai,37.7,81,13.1,1012.8,0.0,4,71
2025-08-26,12:00,Hyderabad,36.5,72,9.6,1012.4,18.3,6,64
2025-08-26,13:00,Mumbai,38.0,88,11.9,1011.4,17.6,4,66
2025-08-26,14:00,Delhi,30.5,65,8.9,1011.0,0.0,4,135
2025-08-26,15:00,Bangalore,30.0,93,13.2,1010.0,0.0,2,32
2025-08-26,16:00,Chennai,32.9,87,22.8,1005.7,0.0,2,61
2025-08-26,17:00,Hyderabad,34.1,64,13.6,1012.5,2.8,0,73
2025-08-26,18:00,Mumbai,33.1,89,11.9,1011.2,0.0,0,84
2025-08-26,19:00,Delhi,23.2,72,18.0,1018.2,0.0,0,138
2025-08-26,20:00,Bangalore,23.0,88,14.3,1017.1,6.3,0,54
2025-08-26,21:00,Chennai,28.0,91,11.8,1019.4,0.0,0,54
2025-08-26,22:00,Hyderabad,28.9,76,14.3,1016.1,0.0,0,48
2025-08-26,23:00,Mumbai,25.9,94,16.3,1013.5,0.0,0,47
2025-08-27,00:00,Delhi,24.4,70,15.9,1018.6,24.8,0,150
2025-08-27,01:00,Bangalore,23.3,84,10.3,1011.0,0.0,0,40
2025-08-27,02:00,Chennai,28.5,93,11.2,1013.7,0.0,0,62
2025-08-27,03:00,Hyderabad,29.8,73,16.5,1017.3,0.9,0,31
2025-08-27,04:00,Mumbai,29.8,85,8.5,1016.2,22.3,0,62
2025-08-27,05:00,Delhi,26.4,69,13.3,1006.2,0.0,0,109
2025-08-27,06:00,Bangalore,25.8,65,18.0,1014.0,0.0,0,55
2025-08-27,07:00,Chennai,31.5,87,15.2,1010.6,12.2,0,27
2025-08-27,08:00,Hyderabad,39.5,68,9.8,1010.5,10.4,2,55
2025-08-27,09:00,Mumbai,37.5,76,12.5,1017.3,0.0,3,81
2025-08-27,10:00,Delhi,33.0,64,13.0,1020.1,0.0,4,154
2025-08-27,11:00,Bangalore,32.4,76,10.6,1016.4,0.0,5,20
2025-08-27,12:00,Chennai,37.2,76,11.9,1009.2,0.0,5,67
2025-08-27,13:00,Hyderabad,34.7,73,17.8,1015.6,0.0,5,43
2025-08-27,14:00,Mumbai,35.7,86,9.8,1010.0,0.0,4,56
2025-08-27,15:00,Delhi,31.2,63,17.3,1010.9,0.0,3,103
2025-08-27,16:00,Bangalore,28.8,75,16.2,1006.7,0.0,1,49
2025-08-27,17:00,Chennai,29.8,70,13.8,1008.3,0.0,1,53
2025-08-27,18:00,Hyderabad,30.8,77,16.3,1012.3,0.0,0,50
2025-08-27,19:00,Mumbai,31.7,86,17.9,1010.4,0.0,0,82
2025-08-27,20:00,Delhi,22.7,67,13.3,1017.4,0.0,0,148
2025-08-27,21:00,Bangalore,21.0,94,13.7,1015.0,0.0,0,62
2025-08-27,22:00,Chennai,27.9,91,13.1,1015.6,0.0,0,42
2025-08-27,23:00,Hyderabad,29.4,77,15.2,1013.3,0.0,0,61
2025-08-28,00:00,Mumbai,22.3,92,16.8,1016.3,7.4,0,65
2025-08-28,01:00,Delhi,25.3,69,13.9,1017.2,0.0,0,109
2025-08-28,02:00,Bangalore,24.5,80,21.5,1015.7,0.0,0,29
2025-08-28,03:00,Chennai,33.5,87,10.1,1010.6,0.0,0,44
2025-08-28,04:00,Hyderabad,31.5,72,14.4,1016.2,0.0,0,51
2025-08-28,05:00,Mumbai,28.8,86,17.0,1015.3,22.3,0,68
2025-08-28,06:00,Delhi,27.1,70,17.9,1018.1,0.0,0,123
2025-08-28,07:00,Bangalore,29.0,81,16.7,1019.3,0.0,1,52
2025-08-28,08:00,Chennai,35.6,88,15.4,1010.2,0.0,3,66
2025-08-28,09:00,Hyderabad,34.2,69,15.3,1012.4,0.0,2,60
2025-08-28,10:00,Mumbai,32.6,88,12.3,1012.3,0.0,4,90
2025-08-28,11:00,Delhi,32.8,64,13.7,1005.4,0.0,5,116
2025-08-28,12:00,Bangalore,30.4,80,9.7,1008.9,0.0,5,29
2025-08-28,13:00,Chennai,38.9,77,13.5,1011.2,20.0,5,50
2025-08-28,14:00,Hyderabad,37.4,77,19.1,1009.8,0.0,3,49
2025-08-28,15:00,Mumbai,30.6,93,17.3,1012.8,0.0,2,63
2025-08-28,16:00,Delhi,27.4,73,7.1,1017.1,0.0,1,137
2025-08-28,17:00,Bangalore,25.0,82,16.5,1014.8,0.0,0,58
2025-08-28,18:00,Chennai,33.9,78,11.9,1010.6,0.0,0,62
2025-08-28,19:00,Hyderabad,29.8,83,12.7,1008.7,0.0,0,72
2025-08-28,20:00,Mumbai,24.6,95,16.1,1011.9,13.3,0,75
2025-08-28,21:00,Delhi,24.0,71,15.2,1017.8,3.3,0,133
2025-08-28,22:00,Bangalore,19.9,86,8.9,1018.0,0.0,0,35
2025-08-28,23:00,Chennai,24.8,98,15.5,1011.1,0.0,0,41
2025-08-29,00:00,Hyderabad,28.8,84,16.8,1016.2,0.0,0,58
2025-08-29,01:00,Mumbai,27.9,95,11.4,1014.1,0.0,0,64
2025-08-29,02:00,Delhi,21.0,76,13.4,1017.1,0.0,0,132
2025-08-29,03:00,Bangalore,22.3,88,8.8,1014.9,0.0,0,22
2025-08-29,04:00,Chennai,29.5,89,13.2,1015.4,0.0,0,76
2025-08-29,05:00,Hyderabad,31.5,77,13.9,1010.5,0.0,0,65
2025-08-29,06:00,Mumbai,32.4,87,23.8,1010.4,0.0,0,54
2025-08-29,07:00,Delhi,30.8,63,13.1,1017.0,0.0,0,102
2025-08-29,08:00,Bangalore,28.5,89,16.0,1015.7,0.0,0,56
2025-08-29,09:00,Chennai,35.2,92,13.7,1014.1,16.8,1,69
2025-08-29,10:00,Hyderabad,39.1,64,15.4,1015.7,0.0,4,69
2025-08-29,11:00,Mumbai,36.8,82,20.4,1010.9,0.0,5,47
2025-08-29,12:00,Delhi,33.8,71,10.4,1012.5,0.0,6,111
2025-08-29,13:00,Bangalore,28.5,77,16.6,1011.1,0.0,3,27
2025-08-29,14:00,Chennai,36.3,74,13.6,1006.8,0.0,3,55
2025-08-29,15:00,Hyderabad,37.1,65,8.9,1009.5,11.7,2,45
2025-08-29,16:00,Mumbai,29.9,88,15.0,1005.4,0.0,1,82
2025-08-29,17:00,Delhi,30.8,67,11.6,1010.9,8.9,0,143
2025-08-29,18:00,Bangalore,23.1,86,16.2,1017.8,0.0,0,92
2025-08-29,19:00,Chennai,27.4,87,17.0,1012.7,21.4,0,56
2025-08-29,20:00,Hyderabad,26.1,76,15.6,1017.1,10.7,0,72
2025-08-29,21:00,Mumbai,25.8,93,12.8,1013.1,16.8,0,69
2025-08-29,22:00,Delhi,22.4,73,19.7,1013.5,5.3,0,143
2025-08-29,23:00,Bangalore,21.3,82,17.9,1023.6,0.0,0,35
2025-08-30,00:00,Chennai,23.8,92,16.4,1013.6,0.0,0,48
2025-08-30,01:00,Hyderabad,26.5,75,12.8,1013.1,0.0,0,65
2025-08-30,02:00,Mumbai,29.6,86,15.1,1013.3,0.0,0,101
2025-08-30,03:00,Delhi,20.1,67,15.9,1014.7,0.0,0,120
2025-08-30,04:00,Bangalore,24.4,86,14.8,1016.7,0.0,0,20
2025-08-30,05:00,Chennai,34.6,76,18.1,1011.4,0.0,0,38
2025-08-30,06:00,Hyderabad,34.0,69,13.2,1005.7,0.0,0,47
2025-08-30,07:00,Mumbai,32.7,77,14.7,1009.4,0.0,0,72
2025-08-30,08:00,Delhi,32.1,59,16.3,1009.8,0.0,2,140
2025-08-30,09:00,Bangalore,29.9,80,19.5,1012.3,0.0,2,68
2025-08-30,10:00,Chennai,37.9,88,13.9,1011.8,23.7,3,61
2025-08-30,11:00,Hyderabad,37.9,62,15.9,1014.3,0.0,6,47
2025-08-30,12:00,Mumbai,37.8,76,13.7,1015.3,0.0,7,66
2025-08-30,13:00,Delhi,29.7,71,10.8,1015.8,0.0,4,128
2025-08-30,14:00,Bangalore,29.1,83,17.2,1011.6,0.0,4,39
2025-08-30,15:00,Chennai,36.2,77,16.8,1011.7,0.0,3,64
2025-08-30,16:00,Hyderabad,31.5,65,10.6,1015.4,18.8,1,63
2025-08-30,17:00,Mumbai,31.3,90,18.4,1013.2,2.0,1,90
2025-08-30,18:00,Delhi,24.8,70,14.7,1010.1,17.2,0,105
2025-08-30,19:00,Bangalore,24.8,86,16.6,1013.2,0.0,0,53
2025-08-30,20:00,Chennai,27.8,94,17.9,1014.4,22.6,0,63
2025-08-30,21:00,Hyderabad,27.4,80,15.7,1012.8,0.0,0,66
2025-08-30,22:00,Mumbai,26.4,92,14.2,1015.1,17.5,0,81
2025-08-30,23:00,Delhi,23.0,64,14.9,1021.3,0.0,0,141
2025-08-31,00:00,Bangalore,23.7,82,14.4,1014.9,0.0,0,34
2025-08-31,01:00,Chennai,24.4,100,13.9,1015.2,0.0,0,58
2025-08-31,02:00,Hyderabad,26.3,78,19.5,1015.7,0.0,0,75
2025-08-31,03:00,Mumbai,29.8,89,15.8,1016.2,0.0,0,83
2025-08-31,04:00,Delhi,25.0,67,18.8,1009.0,0.0,0,122
2025-08-31,05:00,Bangalore,30.2,76,15.0,1011.2,0.0,0,46
2025-08-31,06:00,Chennai,30.9,89,16.1,1016.6,0.0,0,48
2025-08-31,07:00,Hyderabad,33.2,79,16.9,1007.2,20.8,1,52
2025-08-31,08:00,Mumbai,34.9,73,13.3,1012.6,0.0,2,84
2025-08-31,09:00,Delhi,34.0,69,8.9,1007.6,0.0,3,128
2025-08-31,10:00,Bangalore,31.2,76,9.7,1015.5,0.0,4,45
2025-08-31,11:00,Chennai,38.2,77,18.1,1010.5,0.0,5,42
2025-08-31,12:00,Hyderabad,33.6,71,12.1,1013.8,0.0,6,48
2025-08-31,13:00,Mumbai,33.7,96,14.1,1008.9,0.0,4,49
2025-08-31,14:00,Delhi,29.9,66,13.5,1009.6,0.0,4,111
2025-08-31,15:00,Bangalore,29.9,87,15.2,1014.0,0.0,3,35
2025-08-31,16:00,Chennai,35.9,87,15.2,1011.4,0.0,2,39
2025-08-31,17:00,Hyderabad,32.3,72,15.7,1015.4,0.0,1,61
2025-08-31,18:00,Mumbai,30.3,90,12.4,1019.2,0.0,0,86
2025-08-31,19:00,Delhi,25.6,67,15.9,1016.7,0.0,0,154
2025-08-31,20:00,Bangalore,22.7,82,8.5,1020.3,16.8,0,63
2025-08-31,21:00,Chennai,24.4,80,16.3,1012.6,0.0,0,21
2025-08-31,22:00,Hyderabad,23.9,82,14.4,1019.3,0.0,0,62
2025-08-31,23:00,Mumbai,26.1,95,14.3,1014.0,0.0,0,62
2025-09-01,00:00,Delhi,21.5,70,13.3,1009.2,9.1,0,119
2025-09-01,01:00,Bangalore,19.3,89,14.8,1021.1,0.0,0,24
2025-09-01,02:00,Chennai,28.9,87,11.6,1015.7,1.0,0,59
2025-09-01,03:00,Hyderabad,29.8,70,19.0,1015.8,0.0,0,55
2025-09-01,04:00,Mumbai,28.4,90,7.8,1016.8,0.0,0,65
2025-09-01,05:00,Delhi,26.9,73,16.8,1013.5,0.0,0,112
2025-09-01,06:00,Bangalore,26.9,73,14.6,1010.8,0.0,0,34
2025-09-01,07:00,Chennai,32.8,88,10.6,1012.6,5.2,1,65
2025-09-01,08:00,Hyderabad,34.8,73,16.3,1009.8,0.0,2,61
2025-09-01,09:00,Mumbai,34.8,77,16.6,1013.6,0.0,2,94
2025-09-01,10:00,Delhi,30.3,70,16.7,1016.8,0.0,4,146
2025-09-01,11:00,Bangalore,28.7,75,10.3,1008.5,0.0,4,34
2025-09-01,12:00,Chennai,35.5,82,12.4,1011.5,5.5,5,51
2025-09-01,13:00,Hyderabad,36.4,68,13.7,1007.6,1.8,5,40
2025-09-01,14:00,Mumbai,35.2,84,9.2,1009.7,22.5,4,79
2025-09-01,15:00,Delhi,28.5,71,11.2,1012.2,0.0,3,125
2025-09-01,16:00,Bangalore,25.6,71,18.4,1009.8,0.0,2,57
2025-09-01,17:00,Chennai,28.3,89,11.0,1015.1,24.5,1,55
2025-09-01,18:00,Hyderabad,31.8,81,11.6,1011.1,0.0,0,56
2025-09-01,19:00,Mumbai,30.0,100,13.8,1011.2,0.0,0,86
2025-09-01,20:00,Delhi,20.1,68,16.4,1010.9,0.0,0,149
2025-09-01,21:00,Bangalore,20.2,95,17.3,1019.6,3.0,0,31
2025-09-01,22:00,Chennai,26.5,91,17.0,1014.1,0.0,0,20
2025-09-01,23:00,Hyderabad,26.4,81,13.6,1012.8,0.0,0,33
2025-09-02,00:00,Mumbai,27.9,89,13.8,1014.7,0.0,0,58
2025-09-02,01:00,Delhi,24.5,62,16.4,1010.1,0.0,0,110
2025-09-02,02:00,Bangalore,23.4,82,8.6,1012.7,9.4,0,42
2025-09-02,03:00,Chennai,27.1,83,14.8,1019.2,13.9,0,57
2025-09-02,04:00,Hyderabad,30.5,78,17.5,1013.2,0.0,0,78
2025-09-02,05:00,Mumbai,30.7,85,15.3,1013.1,0.0,0,64
2025-09-02,06:00,Delhi,31.3,67,15.8,1006.5,15.6,0,120
2025-09-02,07:00,Bangalore,27.0,82,14.9,1017.5,0.0,0,38
2025-09-02,08:00,Chennai,33.8,89,10.5,1011.6,0.0,1,68
2025-09-02,09:00,Hyderabad,36.2,70,11.3,1003.9,0.0,2,80
2025-09-02,10:00,Mumbai,36.0,86,15.9,1014.0,11.0,3,78
2025-09-02,11:00,Delhi,33.2,61,13.7,1010.5,0.0,4,112
2025-09-02,12:00,Bangalore,32.1,73,14.6,1012.7,0.0,6,34
2025-09-02,13:00,Chennai,37.5,83,15.6,1007.6,0.0,5,52
2025-09-02,14:00,Hyderabad,35.9,70,10.3,1013.0,0.0,4,75
2025-09-02,15:00,Mumbai,30.5,90,17.2,1016.9,0.0,3,55
2025-09-02,16:00,Delhi,26.4,69,15.1,1012.4,0.0,2,134
2025-09-02,17:00,Bangalore,27.0,76,13.3,1014.6,0.0,0,56
2025-09-02,18:00,Chennai,30.6,89,14.6,1011.4,0.0,0,58
2025-09-02,19:00,Hyderabad,31.1,77,8.6,1011.5,0.0,0,79
2025-09-02,20:00,Mumbai,25.8,92,15.9,1011.9,17.4,0,110
2025-09-02,21:00,Delhi,23.6,72,13.8,1012.3,0.0,0,134
2025-09-02,22:00,Bangalore,20.8,93,12.9,1016.3,0.0,0,42
2025-09-02,23:00,Chennai,25.5,93,12.7,1018.8,0.0,0,55
2025-09-03,00:00,Hyderabad,26.5,71,15.2,1011.0,24.4,0,56
2025-09-03,01:00,Mumbai,25.9,90,15.7,1014.3,0.0,0,65
2025-09-03,02:00,Delhi,24.2,62,13.5,1015.0,0.0,0,142
2025-09-03,03:00,Bangalore,23.3,80,10.4,1012.0,0.5,0,60
2025-09-03,04:00,Chennai,29.5,88,19.7,1019.1,0.0,0,36
2025-09-03,05:00,Hyderabad,31.5,75,12.3,1012.6,4.1,0,47
2025-09-03,06:00,Mumbai,33.7,77,9.4,1012.9,0.0,0,78
2025-09-03,07:00,Delhi,28.9,56,12.9,1014.6,4.8,0,134
2025-09-03,08:00,Bangalore,27.7,88,14.8,1017.4,12.5,2,45
2025-09-03,09:00,Chennai,33.8,91,16.7,1010.7,0.0,3,51
2025-09-03,10:00,Hyderabad,33.9,65,8.6,1013.5,0.0,3,77
2025-09-03,11:00,Mumbai,35.1,84,13.1,1005.0,0.0,5,85
2025-09-03,12:00,Delhi,31.7,71,10.5,1005.9,22.7,6,121
2025-09-03,13:00,Bangalore,30.1,79,12.2,1015.1,0.0,5,37
2025-09-03,14:00,Chennai,34.2,82,13.7,1010.2,0.0,4,63
2025-09-03,15:00,Hyderabad,35.4,74,4.7,1009.4,1.7,3,58
2025-09-03,16:00,Mumbai,33.3,93,14.1,1015.7,22.7,1,80
2025-09-03,17:00,Delhi,26.5,76,15.5,1020.1,0.0,0,144
2025-09-03,18:00,Bangalore,25.8,85,10.4,1017.1,0.0,0,57
2025-09-03,19:00,Chennai,28.6,90,14.7,1018.0,0.0,0,64
2025-09-03,20:00,Hyderabad,26.0,81,13.2,1016.7,0.0,0,80
2025-09-03,21:00,Mumbai,24.7,92,12.1,1018.1,0.0,0,67
2025-09-03,22:00,Delhi,22.4,68,7.3,1014.3,0.0,0,111
2025-09-03,23:00,Bangalore,23.6,85,15.4,1009.6,0.0,0,52
2025-09-04,00:00,Chennai,24.5,92,16.1,1013.0,0.0,0,20
2025-09-04,01:00,Hyderabad,27.6,82,16.5,1009.3,4.3,0,62
2025-09-04,02:00,Mumbai,29.4,88,12.5,1010.6,12.1,0,40
2025-09-04,03:00,Delhi,21.7,71,16.0,1021.8,5.7,0,146
2025-09-04,04:00,Bangalore,24.8,79,16.2,1012.0,0.0,0,50
2025-09-04,05:00,Chennai,30.8,98,14.6,1008.0,0.0,0,47
2025-09-04,06:00,Hyderabad,34.9,65,12.4,1014.4,0.0,0,58
2025-09-04,07:00,Mumbai,31.3,85,11.0,1007.7,3.2,1,54
2025-09-04,08:00,Delhi,29.8,68,11.1,1011.9,0.0,1,130
2025-09-04,09:00,Bangalore,31.5,80,17.2,1016.1,0.0,2,67
2025-09-04,10:00,Chennai,36.7,83,14.2,1009.6,0.0,3,75
2025-09-04,11:00,Hyderabad,36.7,74,12.0,1010.5,3.5,5,69
2025-09-04,12:00,Mumbai,34.9,79,15.8,1013.7,0.0,5,71
2025-09-04,13:00,Delhi,29.2,68,20.7,1007.9,9.1,4,131
2025-09-04,14:00,Bangalore,27.3,80,12.7,1017.0,0.0,3,20
2025-09-04,15:00,Chennai,31.7,84,9.8,1013.0,10.0,3,51
2025-09-04,16:00,Hyderabad,33.6,67,13.3,1014.8,0.0,1,48
2025-09-04,17:00,Mumbai,29.5,98,8.6,1010.7,15.0,0,84
2025-09-04,18:00,Delhi,23.8,61,11.4,1021.5,0.0,0,144
2025-09-04,19:00,Bangalore,21.3,87,13.6,1018.6,0.0,0,68
2025-09-04,20:00,Chennai,25.3,96,10.7,1017.5,0.0,0,83
2025-09-04,21:00,Hyderabad,26.1,86,17.0,1017.4,0.0,0,29
2025-09-04,22:00,Mumbai,25.1,90,8.8,1019.3,2.8,0,72
2025-09-04,23:00,Delhi,23.0,70,14.5,1012.1,0.0,0,137
2025-09-05,00:00,Bangalore,21.1,81,10.8,1010.3,0.0,0,54
2025-09-05,01:00,Chennai,26.4,88,12.9,1012.1,0.0,0,31
2025-09-05,02:00,Hyderabad,30.8,71,15.0,1022.3,0.0,0,49
2025-09-05,03:00,Mumbai,27.4,96,11.7,1012.6,0.0,0,50
2025-09-05,04:00,Delhi,28.0,61,8.1,1016.0,12.5,0,128
2025-09-05,05:00,Bangalore,22.6,86,22.7,1020.0,12.8,0,32
2025-09-05,06:00,Chennai,28.8,92,19.4,1016.5,0.0,0,41
2025-09-05,07:00,Hyderabad,35.7,75,11.9,1008.5,6.6,2,64
2025-09-05,08:00,Mumbai,34.1,81,20.9,1016.6,0.0,1,84
2025-09-05,09:00,Delhi,31.7,64,12.7,1014.6,22.8,2,140
2025-09-05,10:00,Bangalore,34.2,85,19.7,1009.4,0.0,4,52
2025-09-05,11:00,Chennai,36.5,82,12.4,1010.2,0.0,4,25
2025-09-05,12:00,Hyderabad,37.8,61,14.0,1009.7,0.0,6,63
2025-09-05,13:00,Mumbai,33.0,83,14.7,1010.1,15.5,4,79
2025-09-05,14:00,Delhi,32.5,62,10.4,1010.9,0.0,3,138
2025-09-05,15:00,Bangalore,28.1,87,11.4,1014.3,0.0,3,30
2025-09-05,16:00,Chennai,31.3,89,17.2,1010.6,0.0,1,49
2025-09-05,17:00,Hyderabad,32.2,67,13.9,1004.7,0.0,0,74
2025-09-05,18:00,Mumbai,24.8,96,12.6,1013.4,9.2,0,65
2025-09-05,19:00,Delhi,23.2,64,18.5,1012.7,0.0,0,138
2025-09-05,20:00,Bangalore,25.1,83,13.1,1015.7,19.3,0,48
2025-09-05,21:00,Chennai,29.4,87,18.7,1012.5,0.0,0,50
2025-09-05,22:00,Hyderabad,24.8,82,18.4,1016.7,0.0,0,47
2025-09-05,23:00,Mumbai,24.2,92,16.9,1014.7,8.2,0,47
2025-09-06,00:00,Delhi,23.2,71,18.8,1014.9,13.1,0,129
2025-09-06,01:00,Bangalore,21.4,91,15.3,1014.7,0.0,0,35
2025-09-06,02:00,Chennai,27.9,91,14.9,1005.5,0.0,0,52
2025-09-06,03:00,Hyderabad,30.5,76,13.8,1018.4,0.0,0,63
2025-09-06,04:00,Mumbai,26.0,84,13.2,1010.0,0.0,0,58
2025-09-06,05:00,Delhi,27.1,64,14.7,1013.7,0.0,0,142
2025-09-06,06:00,Bangalore,27.5,81,13.1,1015.2,0.0,0,40
2025-09-06,07:00,Chennai,32.8,91,9.8,1012.7,0.0,1,42
2025-09-06,08:00,Hyderabad,33.5,68,11.3,1012.0,0.0,1,56
2025-09-06,09:00,Mumbai,32.2,81,15.3,1016.0,13.0,2,87
2025-09-06,10:00,Delhi,33.0,55,11.9,1011.5,0.0,3,164
2025-09-06,11:00,Bangalore,31.1,77,16.8,1017.4,0.0,5,41
2025-09-06,12:00,Chennai,35.8,82,10.9,1008.9,23.2,5,57
2025-09-06,13:00,Hyderabad,38.1,54,16.7,1009.8,0.0,5,85
2025-09-06,14:00,Mumbai,35.4,88,9.4,1009.1,16.7,3,47
2025-09-06,15:00,Delhi,28.2,70,19.2,1015.7,0.0,3,115
2025-09-06,16:00,Bangalore,26.1,81,15.8,1009.1,0.0,2,52
2025-09-06,17:00,Chennai,29.7,94,8.2,1010.7,0.0,0,47
2025-09-06,18:00,Hyderabad,30.5,73,15.5,1012.9,8.2,0,68
2025-09-06,19:00,Mumbai,29.2,84,15.4,1017.1,22.5,0,97
2025-09-06,20:00,Delhi,21.0,67,16.7,1017.5,0.0,0,153
2025-09-06,21:00,Bangalore,22.9,81,12.3,1008.5,0.0,0,30
2025-09-06,22:00,Chennai,23.2,93,12.1,1018.9,0.0,0,40
2025-09-06,23:00,Hyderabad,26.6,79,15.3,1012.8,0.0,0,59
2025-09-07,00:00,Mumbai,23.2,100,17.3,1012.0,2.5,0,69
2025-09-07,01:00,Delhi,22.8,67,12.7,1013.2,0.0,0,139
2025-09-07,02:00,Bangalore,23.3,82,15.7,1018.9,0.0,0,36
2025-09-07,03:00,Chennai,27.9,84,11.0,1010.3,0.0,0,65
2025-09-07,04:00,Hyderabad,30.1,83,11.7,1013.3,0.0,0,42
2025-09-07,05:00,Mumbai,30.7,84,17.9,1010.7,0.0,0,56
2025-09-07,06:00,Delhi,29.5,72,15.6,1014.5,22.7,0,132
2025-09-07,07:00,Bangalore,24.4,89,16.0,1004.8,0.0,1,31
2025-09-07,08:00,Chennai,33.2,87,11.4,1006.1,0.0,2,71
2025-09-07,09:00,Hyderabad,33.3,68,9.1,1016.7,6.8,2,69
2025-09-07,10:00,Mumbai,34.7,99,18.3,1009.3,0.0,4,75
2025-09-07,11:00,Delhi,29.7,58,16.1,1013.9,0.0,3,117
2025-09-07,12:00,Bangalore,30.4,84,17.3,1010.4,0.0,6,33
2025-09-07,13:00,Chennai,36.0,82,14.6,1011.3,1.5,4,55
2025-09-07,14:00,Hyderabad,31.7,66,16.1,1016.0,0.0,4,70
2025-09-07,15:00,Mumbai,30.1,96,7.7,1010.0,0.0,3,69
2025-09-07,16:00,Delhi,30.4,68,14.2,1014.7,0.0,1,138
2025-09-07,17:00,Bangalore,25.3,76,13.2,1015.3,23.4,0,58
2025-09-07,18:00,Chennai,27.6,88,14.8,1018.1,0.0,0,76
2025-09-07,19:00,Hyderabad,30.2,76,19.7,1010.3,3.0,0,72
2025-09-07,20:00,Mumbai,23.5,97,11.1,1011.5,0.0,0,72
2025-09-07,21:00,Delhi,22.4,59,9.3,1014.6,0.0,0,126
2025-09-07,22:00,Bangalore,20.1,88,10.0,1017.0,0.0,0,44
2025-09-07,23:00,Chennai,24.6,96,11.3,1019.1,0.0,0,52
2025-09-08,00:00,Hyderabad,24.0,78,10.3,1015.9,0.0,0,45
2025-09-08,01:00,Mumbai,25.3,94,16.7,1011.4,0.0,0,73
2025-09-08,02:00,Delhi,20.7,57,11.8,1016.5,0.0,0,133
2025-09-08,03:00,Bangalore,22.3,94,8.8,1012.4,0.0,0,34
2025-09-08,04:00,Chennai,28.8,98,11.6,1011.8,24.9,0,62
2025-09-08,05:00,Hyderabad,29.0,76,17.2,1015.9,8.3,0,69
2025-09-08,06:00,Mumbai,28.7,93,16.4,1012.9,0.0,0,60
2025-09-08,07:00,Delhi,27.9,75,12.5,1017.5,0.0,1,103
2025-09-08,08:00,Bangalore,27.7,77,11.7,1015.0,0.0,1,48
2025-09-08,09:00,Chennai,34.9,80,19.1,1015.6,0.0,3,99
2025-09-08,10:00,Hyderabad,36.9,71,18.2,1007.1,2.7,3,51
2025-09-08,11:00,Mumbai,33.2,91,16.4,1012.4,0.0,5,68
2025-09-08,12:00,Delhi,30.3,71,16.6,1013.9,0.0,6,127
2025-09-08,13:00,Bangalore,29.6,73,16.9,1011.2,0.0,5,53
2025-09-08,14:00,Chennai,33.3,83,15.8,1011.8,0.0,3,49
2025-09-08,15:00,Hyderabad,31.6,66,10.0,1014.5,0.0,3,42
2025-09-08,16:00,Mumbai,33.2,81,13.6,1013.2,0.0,1,73
2025-09-08,17:00,Delhi,27.6,70,12.3,1014.1,0.0,1,140
2025-09-08,18:00,Bangalore,25.2,80,13.3,1014.2,0.0,0,43
2025-09-08,19:00,Chennai,30.8,100,18.2,1013.1,0.0,0,61
2025-09-08,20:00,Hyderabad,25.7,76,9.5,1019.1,1.6,0,108
2025-09-08,21:00,Mumbai,25.8,94,15.4,1008.4,8.8,0,53
2025-09-08,22:00,Delhi,20.8,73,9.5,1012.5,0.0,0,114
2025-09-08,23:00,Bangalore,19.8,100,10.9,1013.5,0.0,0,58
2025-09-09,00:00,Chennai,22.6,95,16.6,1014.5,21.5,0,48
2025-09-09,01:00,Hyderabad,27.1,73,13.7,1018.0,3.7,0,67
2025-09-09,02:00,Mumbai,25.2,93,13.0,1013.2,0.0,0,74
2025-09-09,03:00,Delhi,22.8,72,10.3,1011.8,0.0,0,123
2025-09-09,04:00,Bangalore,26.1,82,19.3,1017.2,3.1,0,47
2025-09-09,05:00,Chennai,29.3,84,12.0,1014.6,24.1,0,53
2025-09-09,06:00,Hyderabad,31.9,67,10.5,1010.6,0.0,0,70
2025-09-09,07:00,Mumbai,35.0,85,14.1,1011.7,11.6,0,82
2025-09-09,08:00,Delhi,28.0,74,20.8,1014.0,0.0,2,152
2025-09-09,09:00,Bangalore,31.3,70,11.7,1008.7,0.0,3,61
2025-09-09,10:00,Chennai,34.6,87,14.1,1011.7,0.0,4,63
2025-09-09,11:00,Hyderabad,38.4,69,9.3,1016.6,0.0,5,67
2025-09-09,12:00,Mumbai,37.2,93,15.5,1007.3,18.4,5,45
2025-09-09,13:00,Delhi,30.1,56,11.2,1013.0,0.0,4,125
2025-09-09,14:00,Bangalore,26.5,78,16.7,1012.0,1.6,4,36
2025-09-09,15:00,Chennai,33.2,83,11.2,1012.3,0.0,1,87
2025-09-09,16:00,Hyderabad,31.5,73,14.4,1014.3,23.5,2,54
2025-09-09,17:00,Mumbai,25.1,94,16.5,1019.8,23.6,1,69
2025-09-09,18:00,Delhi,25.0,63,17.2,1010.0,12.2,0,141
2025-09-09,19:00,Bangalore,24.2,79,12.0,1015.5,0.0,0,55
2025-09-09,20:00,Chennai,27.9,88,10.3,1013.5,0.0,0,64
2025-09-09,21:00,Hyderabad,26.2,79,15.5,1014.6,0.0,0,46
2025-09-09,22:00,Mumbai,22.7,90,11.8,1019.2,5.0,0,51
2025-09-09,23:00,Delhi,19.0,66,17.5,1015.4,0.0,0,131
2025-09-10,00:00,Bangalore,17.5,97,16.1,1019.8,0.0,0,42
2025-09-10,01:00,Chennai,26.8,87,15.3,1013.0,0.0,0,83
2025-09-10,02:00,Hyderabad,26.9,72,14.3,1014.9,17.0,0,58
2025-09-10,03:00,Mumbai,26.8,91,10.1,1014.6,0.0,0,57
2025-09-10,04:00,Delhi,24.5,70,9.6,1018.5,18.0,0,121
2025-09-10,05:00,Bangalore,24.6,88,17.1,1017.5,4.7,0,39
2025-09-10,06:00,Chennai,28.9,88,14.4,1012.0,10.6,0,51
2025-09-10,07:00,Hyderabad,32.5,76,18.8,1010.8,0.0,0,57
2025-09-10,08:00,Mumbai,31.2,85,15.9,1013.6,13.3,1,68
2025-09-10,09:00,Delhi,31.3,57,19.9,1010.4,0.0,2,138
2025-09-10,10:00,Bangalore,30.4,80,14.2,1012.7,14.9,4,81
2025-09-10,11:00,Chennai,34.9,82,14.6,1008.5,16.3,5,47
2025-09-10,12:00,Hyderabad,35.2,79,13.3,1016.8,0.0,6,32
2025-09-10,13:00,Mumbai,35.2,94,13.2,1008.0,0.0,4,76
2025-09-10,14:00,Delhi,29.7,61,18.4,1011.4,23.1,4,128
2025-09-10,15:00,Bangalore,26.2,82,14.3,1019.3,0.0,2,34
2025-09-10,16:00,Chennai,32.7,84,13.5,1009.9,3.1,2,46
2025-09-10,17:00,Hyderabad,32.1,64,10.7,1012.9,0.0,0,52
2025-09-10,18:00,Mumbai,28.3,93,16.7,1012.9,0.0,0,81
2025-09-10,19:00,Delhi,25.6,71,14.9,1015.0,0.0,0,121
2025-09-10,20:00,Bangalore,22.2,83,18.4,1017.7,13.7,0,44
2025-09-10,21:00,Chennai,26.2,92,11.7,1019.1,5.5,0,53
2025-09-10,22:00,Hyderabad,25.6,72,19.0,1015.8,0.0,0,65
2025-09-10,23:00,Mumbai,24.3,94,13.2,1015.8,24.3,0,71
2025-09-11,00:00,Delhi,19.6,71,12.4,1015.2,0.0,0,132
2025-09-11,01:00,Bangalore,21.0,90,13.3,1014.7,0.0,0,47
2025-09-11,02:00,Chennai,26.1,95,10.5,1008.8,0.0,0,41
2025-09-11,03:00,Hyderabad,28.2,78,16.1,1012.3,0.0,0,71
2025-09-11,04:00,Mumbai,29.2,91,13.3,1011.6,0.0,0,66
2025-09-11,05:00,Delhi,28.3,68,10.9,1017.0,0.0,0,112
2025-09-11,06:00,Bangalore,25.7,85,12.3,1011.8,24.0,0,36
2025-09-11,07:00,Chennai,32.9,83,15.1,1017.6,21.1,1,39
2025-09-11,08:00,Hyderabad,33.7,74,15.5,1013.9,18.3,1,65
2025-09-11,09:00,Mumbai,34.6,85,13.4,1010.0,0.0,3,100
2025-09-11,10:00,Delhi,29.6,66,12.5,1016.5,21.1,3,131
2025-09-11,11:00,Bangalore,31.7,74,15.3,1012.6,0.0,5,45
2025-09-11,12:00,Chennai,38.9,85,13.2,1010.0,8.1,6,31
2025-09-11,13:00,Hyderabad,35.1,77,14.7,1012.8,0.0,5,51
2025-09-11,14:00,Mumbai,33.4,85,17.4,1010.6,24.1,3,66
2025-09-11,15:00,Delhi,27.3,66,18.2,1019.8,0.0,2,120
2025-09-11,16:00,Bangalore,23.8,89,13.1,1014.7,12.6,1,42
2025-09-11,17:00,Chennai,26.6,94,14.3,1016.9,15.0,1,49
2025-09-11,18:00,Hyderabad,29.0,75,14.3,1008.4,0.0,0,100
2025-09-11,19:00,Mumbai,27.7,100,19.9,1012.1,0.0,0,76
2025-09-11,20:00,Delhi,20.3,74,14.8,1013.6,9.8,0,143
2025-09-11,21:00,Bangalore,21.3,83,11.3,1024.4,0.0,0,27
2025-09-11,22:00,Chennai,24.4,88,9.2,1013.5,0.0,0,58
2025-09-11,23:00,Hyderabad,24.0,80,12.2,1015.0,0.0,0,55
2025-09-12,00:00,Mumbai,28.4,86,14.6,1013.8,19.6,0,59
2025-09-12,01:00,Delhi,22.5,68,15.8,1015.2,0.0,0,146
2025-09-12,02:00,Bangalore,20.6,79,18.9,1020.1,0.0,0,50
2025-09-12,03:00,Chennai,26.8,94,15.0,1011.5,0.0,0,44
2025-09-12,04:00,Hyderabad,29.9,74,9.6,1008.4,0.0,0,52
2025-09-12,05:00,Mumbai,27.9,78,15.5,1007.7,11.3,0,77
2025-09-12,06:00,Delhi,27.8,69,12.9,1014.3,0.0,0,115
2025-09-12,07:00,Bangalore,28.4,79,17.4,1014.8,0.0,0,44
2025-09-12,08:00,Chennai,36.1,85,11.2,1012.8,1.6,1,68
2025-09-12,09:00,Hyderabad,34.2,75,15.7,1010.6,0.0,3,88
2025-09-12,10:00,Mumbai,33.2,88,14.3,1012.7,0.0,3,84
2025-09-12,11:00,Delhi,29.2,71,15.9,1014.5,0.0,4,117
2025-09-12,12:00,Bangalore,27.8,79,10.9,1012.6,0.0,6,62
2025-09-12,13:00,Chennai,34.0,77,14.6,1011.4,0.0,5,20
2025-09-12,14:00,Hyderabad,35.3,76,9.3,1004.7,0.0,4,68
2025-09-12,15:00,Mumbai,32.5,76,13.5,1014.6,0.0,3,60
2025-09-12,16:00,Delhi,27.0,73,12.9,1015.3,0.0,0,115
2025-09-12,17:00,Bangalore,26.9,85,7.5,1005.1,0.0,1,89
2025-09-12,18:00,Chennai,30.4,86,15.9,1015.7,14.5,0,55
2025-09-12,19:00,Hyderabad,28.9,77,12.5,1015.6,0.0,0,69
2025-09-12,20:00,Mumbai,27.6,94,11.9,1013.5,23.1,0,81
2025-09-12,21:00,Delhi,22.7,66,9.2,1018.2,19.1,0,141
2025-09-12,22:00,Bangalore,21.9,88,10.4,1015.8,0.0,0,32
2025-09-12,23:00,Chennai,25.7,83,18.3,1010.3,0.5,0,42
2025-09-13,00:00,Hyderabad,26.3,85,14.4,1014.3,0.0,0,58
2025-09-13,01:00,Mumbai,24.6,94,13.7,1010.4,0.0,0,59
2025-09-13,02:00,Delhi,22.6,70,13.0,1016.2,0.4,0,120
2025-09-13,03:00,Bangalore,21.5,86,10.1,1016.6,0.0,0,32
2025-09-13,04:00,Chennai,31.6,82,20.6,1011.5,0.0,0,73
2025-09-13,05:00,Hyderabad,31.4,73,12.7,1015.9,0.0,0,40
2025-09-13,06:00,Mumbai,30.8,88,15.4,1011.2,0.0,0,55
2025-09-13,07:00,Delhi,29.4,60,11.4,1011.4,0.0,1,124
2025-09-13,08:00,Bangalore,27.1,81,11.9,1021.0,0.0,1,72
2025-09-13,09:00,Chennai,34.6,82,13.1,1011.2,0.0,2,66
2025-09-13,10:00,Hyderabad,33.2,83,13.0,1011.6,0.6,4,56
2025-09-13,11:00,Mumbai,34.7,88,12.7,1008.4,0.0,4,63
2025-09-13,12:00,Delhi,29.9,61,11.6,1018.0,0.0,5,113
2025-09-13,13:00,Bangalore,28.2,88,14.2,1014.4,0.0,5,21
2025-09-13,14:00,Chennai,34.1,85,16.2,1013.8,24.9,4,51
2025-09-13,15:00,Hyderabad,33.7,67,17.7,1010.7,0.0,2,58
2025-09-13,16:00,Mumbai,31.1,100,20.9,1006.0,11.2,2,64
2025-09-13,17:00,Delhi,27.5,73,10.7,1013.5,0.0,0,167
2025-09-13,18:00,Bangalore,22.6,87,11.0,1013.0,0.0,1,60
2025-09-13,19:00,Chennai,27.4,85,16.2,1011.2,16.0,0,58
2025-09-13,20:00,Hyderabad,29.0,76,10.2,1008.3,0.0,0,66
2025-09-13,21:00,Mumbai,24.7,92,18.3,1009.8,0.0,0,68
2025-09-13,22:00,Delhi,18.2,80,17.7,1016.8,17.0,0,149
2025-09-13,23:00,Bangalore,18.6,82,13.8,1016.4,23.7,0,22
2025-09-14,00:00,Chennai,25.1,88,12.2,1014.2,5.2,0,48
2025-09-14,01:00,Hyderabad,25.9,84,12.6,1015.3,0.0,0,76
2025-09-14,02:00,Mumbai,27.2,95,12.7,1010.5,22.8,0,66
2025-09-14,03:00,Delhi,21.1,74,18.7,1018.4,0.0,0,125
2025-09-14,04:00,Bangalore,26.5,83,9.1,1013.3,2.9,0,48
2025-09-14,05:00,Chennai,30.2,82,16.1,1012.6,0.0,0,42
2025-09-14,06:00,Hyderabad,29.6,80,14.6,1015.2,0.0,0,34
2025-09-14,07:00,Mumbai,32.5,92,12.7,1008.6,0.0,0,84
2025-09-14,08:00,Delhi,28.6,63,12.6,1010.0,4.5,2,153
2025-09-14,09:00,Bangalore,27.1,86,14.1,1016.5,0.0,2,57
2025-09-14,10:00,Chennai,33.7,86,10.0,1012.1,4.1,4,55
2025-09-14,11:00,Hyderabad,35.0,70,13.6,1012.1,0.0,4,62
2025-09-14,12:00,Mumbai,34.7,91,14.2,1015.7,16.2,5,79
2025-09-14,13:00,Delhi,30.3,73,17.6,1014.3,24.0,5,136
2025-09-14,14:00,Bangalore,28.8,80,11.5,1014.6,0.0,3,60
2025-09-14,15:00,Chennai,30.0,83,14.3,1020.8,11.0,2,33
2025-09-14,16:00,Hyderabad,29.3,80,16.7,1014.8,0.0,2,36
2025-09-14,17:00,Mumbai,31.6,100,15.2,1009.8,0.0,1,86
2025-09-14,18:00,Delhi,24.0,70,18.0,1017.2,3.8,0,139
2025-09-14,19:00,Bangalore,21.9,88,20.0,1014.8,14.1,0,55
2025-09-14,20:00,Chennai,25.2,87,13.2,1013.5,0.0,0,71
2025-09-14,21:00,Hyderabad,22.3,77,13.0,1015.8,0.0,0,57
2025-09-14,22:00,Mumbai,23.5,82,16.3,1018.0,0.0,0,66
2025-09-14,23:00,Delhi,18.9,69,13.5,1017.3,14.0,0,127
2025-09-15,00:00,Bangalore,19.3,84,16.6,1019.0,0.0,0,45
2025-09-15,01:00,Chennai,22.8,83,8.0,1018.7,6.2,0,48
2025-09-15,02:00,Hyderabad,24.1,77,14.6,1016.3,12.1,0,47
2025-09-15,03:00,Mumbai,24.7,94,10.2,1014.0,0.0,0,63
2025-09-15,04:00,Delhi,25.5,68,15.2,1021.1,0.0,0,120
2025-09-15,05:00,Bangalore,23.9,79,11.7,1020.5,0.0,0,46
2025-09-15,06:00,Chennai,32.7,87,13.9,1013.8,8.9,0,58
2025-09-15,07:00,Hyderabad,31.5,76,14.6,1009.0,0.0,1,58
2025-09-15,08:00,Mumbai,30.6,87,13.7,1011.7,5.9,2,78
2025-09-15,09:00,Delhi,28.8,68,16.1,1014.3,0.0,3,139
2025-09-15,10:00,Bangalore,28.9,81,16.2,1011.1,0.0,3,53
2025-09-15,11:00,Chennai,34.4,83,11.4,1012.0,0.0,4,60
2025-09-15,12:00,Hyderabad,33.6,62,10.3,1015.4,0.0,5,38
2025-09-15,13:00,Mumbai,33.3,87,15.2,1013.8,11.8,5,58
2025-09-15,14:00,Delhi,29.9,64,14.7,1015.3,0.0,3,116
2025-09-15,15:00,Bangalore,28.2,78,13.7,1014.2,22.7,3,20
2025-09-15,16:00,Chennai,30.8,91,14.1,1018.6,0.0,2,35
2025-09-15,17:00,Hyderabad,30.7,65,8.7,1012.6,0.0,1,73
2025-09-15,18:00,Mumbai,25.2,100,11.5,1007.7,0.0,0,90
2025-09-15,19:00,Delhi,23.5,75,13.7,1010.5,7.4,0,152
2025-09-15,20:00,Bangalore,19.5,93,13.6,1014.9,5.4,0,56
2025-09-15,21:00,Chennai,21.9,98,8.5,1018.1,19.8,0,48
2025-09-15,22:00,Hyderabad,25.4,87,12.5,1015.7,0.0,0,56
2025-09-15,23:00,Mumbai,24.2,98,19.7,1009.5,17.6,0,58
2025-09-16,00:00,Delhi,22.4,69,13.3,1016.0,0.0,0,136
2025-09-16,01:00,Bangalore,18.1,87,10.7,1016.7,2.8,0,25
2025-09-16,02:00,Chennai,25.2,89,21.0,1013.6,0.0,0,49
2025-09-16,03:00,Hyderabad,28.6,77,11.2,1018.6,0.0,0,41
2025-09-16,04:00,Mumbai,25.3,87,16.7,1018.6,0.0,0,76
2025-09-16,05:00,Delhi,24.0,68,11.7,1015.9,19.8,0,123
2025-09-16,06:00,Bangalore,25.2,93,11.5,1019.5,0.0,0,24
2025-09-16,07:00,Chennai,30.5,88,9.5,1016.7,0.0,0,52
2025-09-16,08:00,Hyderabad,35.9,72,16.6,1010.2,0.0,2,67
2025-09-16,09:00,Mumbai,35.2,89,18.1,1014.8,6.0,2,81
2025-09-16,10:00,Delhi,28.9,69,11.5,1016.4,0.0,3,146
2025-09-16,11:00,Bangalore,30.5,78,11.2,1010.8,0.0,4,32
2025-09-16,12:00,Chennai,33.4,90,19.4,1011.4,15.2,5,65
2025-09-16,13:00,Hyderabad,36.3,67,10.8,1007.9,0.0,5,81
2025-09-16,14:00,Mumbai,31.0,88,11.4,1011.1,3.1,3,54
2025-09-16,15:00,Delhi,27.6,73,10.8,1015.3,0.0,2,140
2025-09-16,16:00,Bangalore,24.0,84,10.6,1016.6,23.9,2,52
2025-09-16,17:00,Chennai,29.2,89,13.3,1009.1,0.0,0,45
2025-09-16,18:00,Hyderabad,29.0,79,10.8,1014.2,0.0,0,89
2025-09-16,19:00,Mumbai,24.8,94,16.5,1015.6,0.0,0,71
2025-09-16,20:00,Delhi,20.3,72,15.0,1015.4,0.0,0,144
2025-09-16,21:00,Bangalore,17.4,82,13.7,1017.0,0.0,0,47
2025-09-16,22:00,Chennai,26.2,93,12.5,1007.9,0.0,0,65
2025-09-16,23:00,Hyderabad,27.8,83,10.0,1012.1,0.0,0,54
2025-09-17,00:00,Mumbai,23.9,93,11.2,1017.9,0.0,0,74
2025-09-17,01:00,Delhi,21.5,80,8.0,1009.3,0.0,0,146
2025-09-17,02:00,Bangalore,19.8,100,8.7,1011.0,0.0,0,42
2025-09-17,03:00,Chennai,27.8,81,21.1,1018.3,0.0,0,61
2025-09-17,04:00,Hyderabad,29.6,68,16.7,1012.6,0.0,0,31
2025-09-17,05:00,Mumbai,27.9,93,14.6,1017.4,13.4,0,66
2025-09-17,06:00,Delhi,30.1,70,18.2,1016.1,0.0,0,122
2025-09-17,07:00,Bangalore,26.9,82,17.0,1014.8,0.0,0,50
2025-09-17,08:00,Chennai,33.0,82,15.5,1014.3,14.1,1,62
2025-09-17,09:00,Hyderabad,35.2,75,16.1,1014.6,0.0,3,80
2025-09-17,10:00,Mumbai,31.7,93,10.9,1017.8,0.3,3,97
2025-09-17,11:00,Delhi,30.6,65,14.5,1012.9,15.9,5,114
2025-09-17,12:00,Bangalore,30.0,78,14.4,1016.7,0.0,5,47
2025-09-17,13:00,Chennai,36.0,79,19.0,1013.6,0.0,4,65
2025-09-17,14:00,Hyderabad,32.9,69,18.1,1011.6,0.0,3,34
2025-09-17,15:00,Mumbai,32.7,86,12.5,1005.8,0.0,3,43
2025-09-17,16:00,Delhi,25.3,69,12.0,1015.9,0.0,1,122
2025-09-17,17:00,Bangalore,25.1,87,15.3,1015.4,0.0,0,75
2025-09-17,18:00,Chennai,29.5,85,6.9,1017.4,0.0,0,65
2025-09-17,19:00,Hyderabad,27.3,75,14.6,1014.6,16.3,0,84
2025-09-17,20:00,Mumbai,26.5,88,14.1,1015.9,0.0,0,83
2025-09-17,21:00,Delhi,20.0,69,11.6,1014.1,0.0,0,100
2025-09-17,22:00,Bangalore,19.4,85,13.4,1015.3,0.0,0,21
2025-09-17,23:00,Chennai,23.6,86,16.4,1012.6,21.8,0,54
2025-09-18,00:00,Hyderabad,27.7,73,10.5,1010.5,0.0,0,34
2025-09-18,01:00,Mumbai,22.4,92,8.9,1018.0,0.0,0,63
2025-09-18,02:00,Delhi,21.5,74,8.7,1009.9,0.0,0,132
2025-09-18,03:00,Bangalore,20.0,93,9.9,1013.9,0.0,0,28
2025-09-18,04:00,Chennai,30.0,92,16.3,1002.0,17.8,0,56
2025-09-18,05:00,Hyderabad,27.4,77,19.1,1014.3,0.0,0,41
2025-09-18,06:00,Mumbai,32.5,93,12.8,1014.9,0.0,0,60
2025-09-18,07:00,Delhi,27.5,75,12.8,1011.4,0.0,0,120
2025-09-18,08:00,Bangalore,29.6,82,11.7,1009.4,15.6,2,44
2025-09-18,09:00,Chennai,32.6,84,11.5,1013.2,0.0,2,75
2025-09-18,10:00,Hyderabad,34.8,75,17.9,1010.7,0.0,4,57
2025-09-18,11:00,Mumbai,31.5,86,14.0,1013.1,0.0,5,87
2025-09-18,12:00,Delhi,30.0,62,9.8,1018.4,0.0,5,121
2025-09-18,13:00,Bangalore,29.5,77,14.3,1013.8,19.0,4,24
2025-09-18,14:00,Chennai,32.9,88,9.6,1007.8,22.4,3,31
2025-09-18,15:00,Hyderabad,31.7,77,22.5,1008.4,0.0,3,48
2025-09-18,16:00,Mumbai,28.5,91,10.2,1019.1,0.0,2,98
2025-09-18,17:00,Delhi,25.3,72,11.8,1013.2,14.5,0,165
2025-09-18,18:00,Bangalore,21.5,86,11.0,1016.6,0.0,0,40
2025-09-18,19:00,Chennai,28.0,83,10.8,1012.2,0.0,0,69
2025-09-18,20:00,Hyderabad,25.6,75,14.7,1013.8,0.0,0,65
2025-09-18,21:00,Mumbai,23.0,97,10.3,1010.5,0.0,0,59
2025-09-18,22:00,Delhi,22.8,65,10.4,1017.7,0.0,0,107
2025-09-18,23:00,Bangalore,17.2,93,12.7,1014.2,0.0,0,61
2025-09-19,00:00,Chennai,22.2,83,16.3,1016.6,11.4,0,36
2025-09-19,01:00,Hyderabad,24.5,87,13.3,1014.4,12.2,0,68
2025-09-19,02:00,Mumbai,23.6,97,15.6,1016.0,11.6,0,49
2025-09-19,03:00,Delhi,22.1,77,10.2,1011.2,0.0,0,124
2025-09-19,04:00,Bangalore,27.7,82,15.7,1016.2,22.4,0,53
2025-09-19,05:00,Chennai,28.8,96,14.1,1014.7,0.0,0,64
2025-09-19,06:00,Hyderabad,30.2,74,13.9,1013.9,10.0,0,68
2025-09-19,07:00,Mumbai,29.9,91,13.8,1008.7,3.2,1,34
2025-09-19,08:00,Delhi,30.3,65,11.0,1011.7,0.8,1,137
2025-09-19,09:00,Bangalore,27.4,83,16.5,1007.8,0.0,3,49
2025-09-19,10:00,Chennai,33.7,80,8.2,1011.9,18.4,3,86
2025-09-19,11:00,Hyderabad,36.5,70,15.3,1013.2,21.0,5,50
2025-09-19,12:00,Mumbai,33.4,86,7.9,1011.4,0.0,5,62
2025-09-19,13:00,Delhi,29.3,63,17.7,1012.5,0.0,4,130
2025-09-19,14:00,Bangalore,30.4,76,19.4,1012.8,9.6,4,41
2025-09-19,15:00,Chennai,31.0,80,15.2,1009.4,0.0,2,46
2025-09-19,16:00,Hyderabad,31.0,76,15.0,1014.4,0.0,2,45
2025-09-19,17:00,Mumbai,28.5,82,9.0,1012.5,2.5,0,90
2025-09-19,18:00,Delhi,24.3,65,16.1,1016.9,0.0,0,130
2025-09-19,19:00,Bangalore,20.3,83,17.0,1020.0,15.7,0,40
2025-09-19,20:00,Chennai,26.4,87,9.9,1011.5,12.3,0,61
2025-09-19,21:00,Hyderabad,25.3,87,13.1,1014.7,0.0,0,36
2025-09-19,22:00,Mumbai,22.0,90,17.4,1014.1,0.0,0,71
2025-09-19,23:00,Delhi,19.0,74,14.9,1018.9,6.7,0,125
2025-09-20,00:00,Bangalore,19.4,92,14.8,1014.5,0.0,0,40
2025-09-20,01:00,Chennai,24.5,99,20.1,1012.0,0.0,0,52
2025-09-20,02:00,Hyderabad,27.1,84,10.0,1010.3,0.0,0,65
2025-09-20,03:00,Mumbai,26.8,88,13.5,1018.6,24.7,0,79
2025-09-20,04:00,Delhi,23.9,73,15.3,1011.5,20.1,0,130
2025-09-20,05:00,Bangalore,25.3,84,16.2,1019.4,23.7,0,43
2025-09-20,06:00,Chennai,31.9,83,19.4,1011.5,0.0,1,52
2025-09-20,07:00,Hyderabad,30.9,73,13.5,1011.4,0.0,0,54
2025-09-20,08:00,Mumbai,31.7,85,11.9,1014.1,0.0,1,83
2025-09-20,09:00,Delhi,29.9,66,16.4,1014.9,14.2,3,121
2025-09-20,10:00,Bangalore,30.6,71,20.4,1012.8,0.0,4,51
2025-09-20,11:00,Chennai,32.2,96,8.4,1012.9,0.0,5,55
2025-09-20,12:00,Hyderabad,36.3,70,10.3,1013.4,0.0,6,53
2025-09-20,13:00,Mumbai,34.1,90,14.6,1017.9,0.0,4,71
2025-09-20,14:00,Delhi,29.1,70,16.7,1012.9,0.0,3,129
2025-09-20,15:00,Bangalore,24.8,80,12.4,1010.1,0.0,3,62
2025-09-20,16:00,Chennai,29.2,92,14.6,1012.8,0.0,2,47
2025-09-20,17:00,Hyderabad,28.6,69,16.3,1013.9,0.0,1,62
2025-09-20,18:00,Mumbai,26.8,91,10.0,1015.6,16.1,0,63
2025-09-20,19:00,Delhi,24.7,66,12.6,1013.0,16.3,0,126
2025-09-20,20:00,Bangalore,20.5,84,17.4,1017.0,0.0,0,57
2025-09-20,21:00,Chennai,22.0,83,11.4,1019.2,0.0,0,52
2025-09-20,22:00,Hyderabad,27.7,77,12.7,1017.2,0.0,0,69
2025-09-20,23:00,Mumbai,19.9,91,14.5,1015.7,18.4,0,54
2025-09-21,00:00,Delhi,19.9,71,11.1,1021.3,0.0,0,132
2025-09-21,01:00,Bangalore,22.9,87,11.3,1014.5,13.1,0,39
2025-09-21,02:00,Chennai,26.3,92,12.1,1014.1,24.9,0,62
2025-09-21,03:00,Hyderabad,25.7,77,10.5,1010.6,0.0,0,53
2025-09-21,04:00,Mumbai,27.9,94,12.7,1012.7,20.0,0,52
2025-09-21,05:00,Delhi,23.6,70,17.0,1015.3,0.0,0,136
2025-09-21,06:00,Bangalore,26.7,86,16.8,1013.5,18.0,0,29
2025-09-21,07:00,Chennai,29.8,85,16.7,1015.4,7.9,1,48
2025-09-21,08:00,Hyderabad,36.0,66,16.2,1013.0,0.0,1,75
2025-09-21,09:00,Mumbai,34.4,92,17.8,1015.3,0.0,1,72
2025-09-21,10:00,Delhi,30.4,64,15.4,1007.2,0.0,4,151
2025-09-21,11:00,Bangalore,28.0,79,15.6,1013.9,0.0,4,22
2025-09-21,12:00,Chennai,35.2,86,13.5,1010.5,11.6,5,50
2025-09-21,13:00,Hyderabad,36.5,73,17.0,1009.0,15.7,5,47
2025-09-21,14:00,Mumbai,33.7,80,18.9,1011.7,0.0,4,76
2025-09-21,15:00,Delhi,27.8,64,17.1,1013.0,0.0,3,134
2025-09-21,16:00,Bangalore,26.3,88,15.1,1014.4,4.5,2,58
2025-09-21,17:00,Chennai,27.5,94,12.6,1012.0,0.0,2,53
2025-09-21,18:00,Hyderabad,28.2,79,14.2,1012.0,10.7,0,74
2025-09-21,19:00,Mumbai,24.7,97,15.5,1018.7,0.0,0,92
2025-09-21,20:00,Delhi,22.0,71,12.5,1012.4,16.1,0,137
2025-09-21,21:00,Bangalore,19.0,91,17.4,1017.2,0.0,0,32
2025-09-21,22:00,Chennai,22.8,93,18.7,1014.7,0.0,0,59
2025-09-21,23:00,Hyderabad,26.1,81,16.4,1012.8,16.2,0,55
2025-09-22,00:00,Mumbai,24.4,94,14.1,1014.4,0.0,0,60
2025-09-22,01:00,Delhi,19.3,62,14.5,1016.1,4.9,0,151
2025-09-22,02:00,Bangalore,21.3,74,14.2,1011.6,14.2,0,51
2025-09-22,03:00,Chennai,26.7,93,10.4,1014.2,0.0,0,39
2025-09-22,04:00,Hyderabad,30.7,76,14.1,1015.9,0.0,0,62
2025-09-22,05:00,Mumbai,26.3,80,11.4,1007.3,22.0,0,60
2025-09-22,06:00,Delhi,25.6,71,6.4,1018.9,0.0,0,136
2025-09-22,07:00,Bangalore,25.9,81,10.2,1013.6,17.5,1,40
2025-09-22,08:00,Chennai,32.9,91,11.1,1011.3,0.0,1,65
2025-09-22,09:00,Hyderabad,33.6,62,17.7,1017.3,0.0,3,70
2025-09-22,10:00,Mumbai,34.9,85,16.5,1009.7,0.0,4,76
2025-09-22,11:00,Delhi,29.3,60,16.8,1012.2,6.8,3,151
2025-09-22,12:00,Bangalore,30.4,82,11.0,1011.7,0.0,5,34
2025-09-22,13:00,Chennai,32.9,78,16.8,1017.0,0.0,5,27
2025-09-22,14:00,Hyderabad,32.5,68,11.5,1016.7,14.6,3,43
2025-09-22,15:00,Mumbai,28.3,88,11.6,1010.7,0.0,2,75
2025-09-22,16:00,Delhi,25.7,67,17.3,1018.3,6.1,1,136
2025-09-22,17:00,Bangalore,22.1,94,16.1,1018.3,10.1,1,69
2025-09-22,18:00,Chennai,25.0,85,17.5,1016.5,24.0,0,61
2025-09-22,19:00,Hyderabad,29.4,76,12.9,1012.5,0.0,0,53
2025-09-22,20:00,Mumbai,23.2,100,13.3,1019.5,10.8,0,58
2025-09-22,21:00,Delhi,18.5,71,14.5,1017.2,0.0,0,127
2025-09-22,22:00,Bangalore,17.2,87,9.8,1015.9,0.0,0,63
2025-09-22,23:00,Chennai,24.2,93,21.2,1012.5,0.0,0,55
2025-09-23,00:00,Hyderabad,25.8,79,11.5,1014.1,0.0,0,45
2025-09-23,01:00,Mumbai,24.9,88,14.9,1016.2,0.0,0,52
2025-09-23,02:00,Delhi,20.9,71,8.3,1019.2,0.6,0,123
2025-09-23,03:00,Bangalore,23.1,87,17.3,1015.5,14.3,0,20
2025-09-23,04:00,Chennai,27.4,97,13.0,1017.0,0.0,0,49
2025-09-23,05:00,Hyderabad,28.5,70,9.3,1021.9,0.0,0,56
2025-09-23,06:00,Mumbai,26.4,91,14.3,1013.2,0.0,0,64
2025-09-23,07:00,Delhi,27.1,63,17.7,1017.9,0.0,1,135
2025-09-23,08:00,Bangalore,29.1,78,18.2,1011.1,0.0,1,87
2025-09-23,09:00,Chennai,33.1,81,17.2,1018.3,0.0,3,76
2025-09-23,10:00,Hyderabad,36.2,70,13.1,1016.2,0.0,3,62
2025-09-23,11:00,Mumbai,33.2,86,17.3,1011.3,0.0,5,92
2025-09-23,12:00,Delhi,28.5,61,13.5,1016.0,15.5,6,136
2025-09-23,13:00,Bangalore,26.2,90,15.1,1012.1,0.0,4,27
2025-09-23,14:00,Chennai,30.6,78,13.8,1014.1,0.0,3,51
2025-09-23,15:00,Hyderabad,32.4,74,10.2,1014.6,19.5,2,41
2025-09-23,16:00,Mumbai,30.2,87,12.4,1009.5,11.3,1,63
2025-09-23,17:00,Delhi,23.3,67,16.7,1013.7,0.0,1,169
2025-09-23,18:00,Bangalore,22.9,85,11.6,1018.5,10.1,0,65
2025-09-23,19:00,Chennai,24.9,93,14.6,1017.1,16.1,0,68
2025-09-23,20:00,Hyderabad,25.5,81,13.1,1018.4,14.7,0,48
2025-09-23,21:00,Mumbai,20.7,96,17.2,1015.4,0.0,0,70
2025-09-23,22:00,Delhi,18.9,77,13.9,1014.3,1.1,0,116
2025-09-23,23:00,Bangalore,17.8,91,14.7,1019.0,13.4,0,47
2025-09-24,00:00,Chennai,20.9,98,12.4,1013.4,0.0,0,58
2025-09-24,01:00,Hyderabad,26.9,84,12.3,1014.1,2.0,0,82
2025-09-24,02:00,Mumbai,23.7,90,17.2,1014.1,13.0,0,77
2025-09-24,03:00,Delhi,20.2,67,17.2,1009.0,1.4,0,131
2025-09-24,04:00,Bangalore,22.1,93,18.0,1015.4,4.0,0,47
2025-09-24,05:00,Chennai,29.2,86,10.4,1012.9,0.0,0,59
2025-09-24,06:00,Hyderabad,32.1,72,9.4,1013.0,0.0,0,45
2025-09-24,07:00,Mumbai,29.2,93,13.6,1008.6,0.0,0,66
2025-09-24,08:00,Delhi,27.2,74,13.0,1013.7,0.0,2,148
2025-09-24,09:00,Bangalore,27.3,79,18.2,1015.7,0.0,2,37
2025-09-24,10:00,Chennai,34.7,85,13.2,1010.2,0.0,3,78
2025-09-24,11:00,Hyderabad,34.0,71,22.1,1006.4,0.0,5,43
2025-09-24,12:00,Mumbai,31.5,84,17.2,1011.9,0.0,4,82
2025-09-24,13:00,Delhi,29.6,67,11.9,1012.9,0.0,4,149
2025-09-24,14:00,Bangalore,28.5,85,13.0,1010.9,0.0,4,52
2025-09-24,15:00,Chennai,31.5,71,11.8,1016.8,20.3,2,46
2025-09-24,16:00,Hyderabad,30.8,70,12.5,1016.0,0.0,2,20
2025-09-24,17:00,Mumbai,28.7,85,14.4,1010.7,0.0,0,86
2025-09-24,18:00,Delhi,23.7,67,13.0,1014.9,11.7,0,117
2025-09-24,19:00,Bangalore,22.7,91,16.8,1016.0,0.0,0,62
2025-09-24,20:00,Chennai,23.8,94,11.9,1016.1,16.3,0,82
2025-09-24,21:00,Hyderabad,27.6,75,16.0,1013.3,0.0,0,51
2025-09-24,22:00,Mumbai,23.6,92,15.1,1016.4,0.0,0,48
2025-09-24,23:00,Delhi,20.0,68,18.0,1018.7,0.0,0,122
2025-09-25,00:00,Bangalore,20.7,85,6.8,1016.6,5.0,0,35
2025-09-25,01:00,Chennai,22.8,97,18.7,1016.5,0.0,0,45
2025-09-25,02:00,Hyderabad,27.2,71,16.7,1013.9,0.0,0,32
2025-09-25,03:00,Mumbai,24.3,100,15.0,1016.2,8.1,0,63
2025-09-25,04:00,Delhi,21.7,73,12.0,1016.0,0.0,0,99
2025-09-25,05:00,Bangalore,25.5,83,16.9,1014.4,0.0,0,29
2025-09-25,06:00,Chennai,28.7,90,12.5,1013.0,9.4,0,26
2025-09-25,07:00,Hyderabad,30.7,78,13.9,1009.1,0.0,1,39
2025-09-25,08:00,Mumbai,31.4,96,16.0,1006.8,0.0,1,81
2025-09-25,09:00,Delhi,27.5,68,10.2,1019.6,0.0,3,109
2025-09-25,10:00,Bangalore,28.5,85,8.9,1013.7,0.0,3,54
2025-09-25,11:00,Chennai,32.7,85,13.9,1012.0,22.1,4,46
2025-09-25,12:00,Hyderabad,34.8,71,13.5,1006.7,0.0,6,47
2025-09-25,13:00,Mumbai,34.1,76,8.9,1014.7,0.0,4,52
2025-09-25,14:00,Delhi,29.2,71,10.3,1012.8,4.6,3,124
2025-09-25,15:00,Bangalore,26.2,76,16.7,1008.8,0.0,2,48
2025-09-25,16:00,Chennai,28.4,93,9.9,1013.6,2.1,2,39
2025-09-25,17:00,Hyderabad,27.1,85,7.0,1014.4,0.0,1,64
2025-09-25,18:00,Mumbai,26.4,94,12.1,1009.8,0.0,0,80
2025-09-25,19:00,Delhi,20.7,71,12.4,1015.2,6.6,0,150
2025-09-25,20:00,Bangalore,19.1,87,14.1,1018.0,0.0,0,55
2025-09-25,21:00,Chennai,23.6,96,14.3,1008.2,16.5,0,59
2025-09-25,22:00,Hyderabad,25.8,84,11.9,1018.0,0.0,0,37
2025-09-25,23:00,Mumbai,22.0,96,16.2,1016.8,0.0,0,74
2025-09-26,00:00,Delhi,18.4,69,10.6,1018.6,0.0,0,121
2025-09-26,01:00,Bangalore,17.9,88,8.6,1015.2,0.0,0,65
2025-09-26,02:00,Chennai,27.7,87,16.2,1011.2,0.0,0,50
2025-09-26,03:00,Hyderabad,27.4,76,17.8,1017.1,0.0,0,55
2025-09-26,04:00,Mumbai,24.0,100,14.1,1015.8,0.0,0,67
2025-09-26,05:00,Delhi,25.0,74,13.4,1015.5,18.7,0,118
2025-09-26,06:00,Bangalore,25.5,81,14.6,1015.9,15.0,0,36
2025-09-26,07:00,Chennai,29.3,90,9.3,1011.9,0.0,1,63
2025-09-26,08:00,Hyderabad,34.3,73,12.5,1010.7,0.0,2,62
2025-09-26,09:00,Mumbai,32.9,95,17.1,1013.9,0.0,2,86
2025-09-26,10:00,Delhi,26.6,81,11.4,1016.3,14.6,3,114
2025-09-26,11:00,Bangalore,28.5,79,13.7,1012.1,0.0,5,44
2025-09-26,12:00,Chennai,34.0,83,16.3,1011.6,11.1,6,52
2025-09-26,13:00,Hyderabad,33.0,69,12.2,1005.8,0.0,4,62
2025-09-26,14:00,Mumbai,33.3,83,12.5,1010.7,0.0,3,66
2025-09-26,15:00,Delhi,29.5,60,8.8,1011.4,0.0,3,118
2025-09-26,16:00,Bangalore,22.9,84,16.7,1014.1,0.0,1,20
2025-09-26,17:00,Chennai,27.3,87,14.3,1009.9,0.0,0,76
2025-09-26,18:00,Hyderabad,27.6,76,13.4,1011.9,0.0,0,71
2025-09-26,19:00,Mumbai,25.2,86,17.4,1014.7,0.0,0,83
2025-09-26,20:00,Delhi,20.4,64,16.2,1013.4,0.0,0,139
2025-09-26,21:00,Bangalore,18.5,96,14.0,1014.6,0.0,0,38
2025-09-26,22:00,Chennai,24.6,87,17.2,1015.2,0.0,0,47
2025-09-26,23:00,Hyderabad,23.7,81,15.8,1012.1,0.0,0,55
2025-09-27,00:00,Mumbai,22.9,99,18.9,1013.9,0.0,0,54
2025-09-27,01:00,Delhi,19.3,70,10.2,1012.4,0.0,0,143
2025-09-27,02:00,Bangalore,20.6,81,17.6,1016.9,10.6,0,49
2025-09-27,03:00,Chennai,24.4,95,13.6,1014.1,0.0,0,41
2025-09-27,04:00,Hyderabad,27.4,81,14.8,1011.0,10.7,0,62
2025-09-27,05:00,Mumbai,27.4,100,15.5,1011.6,17.9,0,75
2025-09-27,06:00,Delhi,25.7,73,10.1,1016.2,24.7,0,123
2025-09-27,07:00,Bangalore,26.2,77,8.5,1014.7,0.0,0,25
2025-09-27,08:00,Chennai,34.4,83,12.1,1014.7,21.1,2,57
2025-09-27,09:00,Hyderabad,34.2,77,11.8,1014.0,0.0,2,88
2025-09-27,10:00,Mumbai,31.8,94,22.5,1015.5,0.0,4,71
2025-09-27,11:00,Delhi,28.6,64,13.7,1009.5,0.0,4,122
2025-09-27,12:00,Bangalore,29.8,73,9.7,1021.4,0.0,5,35
2025-09-27,13:00,Chennai,32.7,87,14.3,1013.8,0.0,4,64
2025-09-27,14:00,Hyderabad,32.4,78,14.2,1007.7,18.5,2,36
2025-09-27,15:00,Mumbai,30.5,88,13.4,1012.8,24.2,2,62
2025-09-27,16:00,Delhi,23.9,67,9.7,1014.2,0.0,0,126
2025-09-27,17:00,Bangalore,23.6,82,13.1,1014.2,6.7,0,57
2025-09-27,18:00,Chennai,27.3,99,15.5,1013.0,8.8,0,66
2025-09-27,19:00,Hyderabad,25.7,74,16.7,1011.8,0.0,0,72
2025-09-27,20:00,Mumbai,25.8,93,16.8,1013.7,3.0,0,69
2025-09-27,21:00,Delhi,19.7,77,15.3,1014.7,0.0,0,122
2025-09-27,22:00,Bangalore,19.9,85,13.6,1015.0,0.0,0,34
2025-09-27,23:00,Chennai,23.0,96,13.7,1019.2,18.2,0,59
2025-09-28,00:00,Hyderabad,25.0,75,14.0,1010.3,0.0,0,60
2025-09-28,01:00,Mumbai,23.5,100,8.0,1017.2,0.0,0,65
2025-09-28,02:00,Delhi,17.0,75,13.1,1018.1,0.0,0,110
2025-09-28,03:00,Bangalore,20.7,89,14.8,1013.3,16.2,0,43
2025-09-28,04:00,Chennai,25.9,99,14.0,1011.7,13.0,0,49
2025-09-28,05:00,Hyderabad,28.7,70,11.1,1016.9,5.9,0,69
2025-09-28,06:00,Mumbai,31.1,90,17.5,1010.8,0.0,0,55
2025-09-28,07:00,Delhi,27.6,61,18.2,1016.7,0.0,0,122
2025-09-28,08:00,Bangalore,24.8,79,18.3,1018.3,0.0,1,60
2025-09-28,09:00,Chennai,34.4,84,10.9,1006.8,0.0,2,63
2025-09-28,10:00,Hyderabad,35.9,65,11.9,1014.7,0.0,3,54
2025-09-28,11:00,Mumbai,32.5,91,12.5,1006.9,10.7,4,54
2025-09-28,12:00,Delhi,26.6,66,9.8,1009.8,0.0,6,115
2025-09-28,13:00,Bangalore,27.8,80,18.6,1015.8,0.0,4,21
2025-09-28,14:00,Chennai,28.9,90,15.8,1017.9,0.0,3,50
2025-09-28,15:00,Hyderabad,30.8,69,13.5,1012.7,17.3,3,77
2025-09-28,16:00,Mumbai,26.3,92,13.2,1013.2,0.0,2,59
2025-09-28,17:00,Delhi,24.5,53,12.2,1015.2,0.0,0,121
2025-09-28,18:00,Bangalore,19.7,94,12.6,1017.3,20.7,0,47
2025-09-28,19:00,Chennai,28.0,87,12.7,1010.9,0.0,0,44
2025-09-28,20:00,Hyderabad,27.4,67,11.7,1016.8,2.3,0,66
2025-09-28,21:00,Mumbai,25.2,92,16.2,1014.5,14.2,0,55
2025-09-28,22:00,Delhi,17.4,80,14.0,1011.8,13.3,0,127
2025-09-28,23:00,Bangalore,18.5,98,14.8,1020.3,0.0,0,33
2025-09-29,00:00,Chennai,24.4,90,9.9,1014.3,0.0,0,50
2025-09-29,01:00,Hyderabad,23.6,84,14.8,1015.1,0.0,0,70
2025-09-29,02:00,Mumbai,24.6,92,13.7,1013.3,17.8,0,59
2025-09-29,03:00,Delhi,21.7,62,9.1,1022.1,0.0,0,115
2025-09-29,04:00,Bangalore,22.3,88,10.2,1015.3,0.0,0,20
2025-09-29,05:00,Chennai,27.9,94,11.7,1015.4,0.0,0,33
2025-09-29,06:00,Hyderabad,28.9,64,10.0,1012.1,15.8,0,74
2025-09-29,07:00,Mumbai,32.1,84,19.7,1013.2,0.5,1,84
2025-09-29,08:00,Delhi,30.3,60,14.8,1015.2,0.0,1,141
2025-09-29,09:00,Bangalore,25.8,82,14.6,1012.7,4.8,2,37
2025-09-29,10:00,Chennai,32.9,88,19.8,1010.5,0.0,4,61
2025-09-29,11:00,Hyderabad,33.3,74,16.4,1011.5,0.0,4,62
2025-09-29,12:00,Mumbai,32.6,84,13.0,1008.4,0.0,5,57
2025-09-29,13:00,Delhi,29.5,74,12.2,1013.5,8.0,4,123
2025-09-29,14:00,Bangalore,28.9,84,13.7,1012.0,2.7,3,54
2025-09-29,15:00,Chennai,31.2,87,9.3,1013.6,0.0,3,56
2025-09-29,16:00,Hyderabad,31.1,80,18.7,1006.9,0.0,1,71
2025-09-29,17:00,Mumbai,29.0,98,14.3,1016.6,0.0,1,58
2025-09-29,18:00,Delhi,22.4,64,19.0,1012.2,0.0,0,131
2025-09-29,19:00,Bangalore,21.3,88,13.4,1016.3,0.0,0,70
2025-09-29,20:00,Chennai,23.6,83,13.4,1011.8,0.0,0,70
2025-09-29,21:00,Hyderabad,25.3,69,15.2,1011.4,6.8,0,59
2025-09-29,22:00,Mumbai,20.9,89,18.7,1016.9,21.2,0,54
2025-09-29,23:00,Delhi,18.8,75,11.3,1015.5,13.3,0,130
2025-09-30,00:00,Bangalore,17.3,95,16.3,1010.8,0.0,0,21
2025-09-30,01:00,Chennai,21.3,99,10.4,1013.3,15.2,0,52
2025-09-30,02:00,Hyderabad,25.8,78,14.3,1016.7,0.0,0,69
2025-09-30,03:00,Mumbai,26.0,92,16.0,1013.7,0.0,0,56
2025-09-30,04:00,Delhi,21.6,73,14.6,1011.2,0.0,0,133
2025-09-30,05:00,Bangalore,21.4,83,14.8,1015.3,0.0,0,23
2025-09-30,06:00,Chennai,29.2,86,13.1,1009.0,14.4,0,50
2025-09-30,07:00,Hyderabad,29.6,71,8.8,1011.9,5.1,0,72
2025-09-30,08:00,Mumbai,31.5,89,21.5,1011.4,20.4,1,80
2025-09-30,09:00,Delhi,29.7,54,12.9,1013.8,0.0,3,124
2025-09-30,10:00,Bangalore,25.7,83,12.2,1014.3,18.4,3,45
2025-09-30,11:00,Chennai,34.3,89,11.5,1010.8,0.0,5,41
2025-09-30,12:00,Hyderabad,33.4,76,11.6,1015.9,0.0,5,52
2025-09-30,13:00,Mumbai,32.5,85,13.8,1020.6,0.0,4,63
2025-09-30,14:00,Delhi,28.3,68,11.7,1011.6,15.2,3,131
2025-09-30,15:00,Bangalore,25.8,90,13.5,1012.2,16.6,2,53
2025-09-30,16:00,Chennai,27.2,91,18.2,1013.6,0.0,1,32
2025-09-30,17:00,Hyderabad,25.3,77,15.0,1014.9,0.0,0,63
2025-09-30,18:00,Mumbai,29.5,87,13.6,1015.7,13.2,0,69
2025-09-30,19:00,Delhi,21.4,75,15.8,1016.6,0.0,0,134
2025-09-30,20:00,Bangalore,19.1,83,9.9,1015.8,11.5,0,48
2025-09-30,21:00,Chennai,24.5,90,14.5,1013.9,9.0,0,41
2025-09-30,22:00,Hyderabad,22.2,82,10.9,1012.4,0.1,0,60
2025-09-30,23:00,Mumbai,22.6,92,14.0,1011.8,0.0,0,48
2025-10-01,00:00,Delhi,16.6,54,8.7,1018.1,0.0,0,173
2025-10-01,01:00,Bangalore,19.1,68,9.0,1018.3,0.0,0,85
2025-10-01,02:00,Chennai,24.2,77,9.8,1015.4,0.0,0,91
2025-10-01,03:00,Hyderabad,25.8,51,2.9,1014.0,0.0,0,90
2025-10-01,04:00,Mumbai,28.0,68,5.5,1012.5,0.0,0,88
2025-10-01,05:00,Delhi,23.1,43,7.9,1011.7,9.7,0,148
2025-10-01,06:00,Bangalore,27.4,67,8.6,1013.7,0.0,0,84
2025-10-01,07:00,Chennai,30.7,74,9.8,1014.5,0.0,1,81
2025-10-01,08:00,Hyderabad,35.1,47,11.6,1016.4,0.0,2,95
2025-10-01,09:00,Mumbai,34.4,61,6.8,1010.0,0.0,4,92
2025-10-01,10:00,Delhi,33.6,42,5.6,1013.4,0.0,6,180
2025-10-01,11:00,Bangalore,26.0,54,7.0,1011.7,0.0,7,69
2025-10-01,12:00,Chennai,28.8,70,9.9,1011.7,0.0,8,55
2025-10-01,13:00,Hyderabad,33.9,46,12.7,1017.0,0.0,7,99
2025-10-01,14:00,Mumbai,30.4,73,7.6,1008.9,0.0,6,81
2025-10-01,15:00,Delhi,27.1,50,7.3,1017.6,0.0,4,137
2025-10-01,16:00,Bangalore,26.8,57,8.1,1009.2,0.0,3,54
2025-10-01,17:00,Chennai,25.6,71,7.6,1018.9,0.0,1,93
2025-10-01,18:00,Hyderabad,24.5,62,10.8,1014.3,0.0,0,100
2025-10-01,19:00,Mumbai,24.3,78,5.6,1016.4,0.0,0,95
2025-10-01,20:00,Delhi,20.5,59,6.6,1014.0,20.6,0,152
2025-10-01,21:00,Bangalore,17.0,73,6.7,1015.9,0.0,0,73
2025-10-01,22:00,Chennai,23.2,71,0.6,1008.5,0.0,0,90
2025-10-01,23:00,Hyderabad,22.2,59,11.0,1010.7,0.0,0,77
2025-10-02,00:00,Mumbai,19.6,69,7.4,1015.4,0.0,0,69
2025-10-02,01:00,Delhi,21.2,58,2.0,1016.5,0.0,0,156
2025-10-02,02:00,Bangalore,18.5,69,4.9,1017.6,0.0,0,69
2025-10-02,03:00,Chennai,25.0,73,7.0,1015.8,0.0,0,70
2025-10-02,04:00,Hyderabad,28.3,67,9.2,1011.7,0.0,0,75
2025-10-02,05:00,Mumbai,27.2,79,8.5,1014.1,0.0,0,94
2025-10-02,06:00,Delhi,26.2,51,11.2,1010.6,0.0,0,166
2025-10-02,07:00,Bangalore,23.3,70,4.1,1014.4,0.0,0,68
2025-10-02,08:00,Chennai,32.4,73,6.1,1012.3,0.0,3,87
2025-10-02,09:00,Hyderabad,34.3,55,4.4,1006.6,0.0,3,108
2025-10-02,10:00,Mumbai,30.6,70,4.0,1014.3,0.0,5,99
2025-10-02,11:00,Delhi,29.8,49,6.7,1014.4,0.0,8,149
2025-10-02,12:00,Bangalore,32.4,63,8.4,1010.4,0.0,9,77
2025-10-02,13:00,Chennai,32.0,70,11.4,1012.3,0.0,7,44
2025-10-02,14:00,Hyderabad,31.5,57,13.9,1012.2,0.0,5,72
2025-10-02,15:00,Mumbai,28.9,75,9.6,1005.6,0.0,5,92
2025-10-02,16:00,Delhi,22.7,39,3.6,1011.7,0.0,3,163
2025-10-02,17:00,Bangalore,23.7,62,8.1,1016.9,0.0,1,90
2025-10-02,18:00,Chennai,29.4,67,10.2,1012.6,0.0,0,70
2025-10-02,19:00,Hyderabad,27.3,64,9.7,1014.2,0.0,0,90
2025-10-02,20:00,Mumbai,22.1,77,4.0,1014.3,0.0,0,120
2025-10-02,21:00,Delhi,20.9,45,8.1,1012.3,0.0,0,145
2025-10-02,22:00,Bangalore,16.2,67,10.8,1016.7,0.0,0,53
2025-10-02,23:00,Chennai,25.8,74,8.7,1012.3,0.0,0,54
2025-10-03,00:00,Hyderabad,25.9,60,10.8,1010.7,0.0,0,82
2025-10-03,01:00,Mumbai,23.9,74,5.8,1014.8,0.0,0,106
2025-10-03,02:00,Delhi,16.4,54,10.4,1011.7,10.2,0,138
2025-10-03,03:00,Bangalore,22.5,63,9.3,1009.4,0.0,0,49
2025-10-03,04:00,Chennai,25.5,65,11.3,1016.0,0.0,0,75
2025-10-03,05:00,Hyderabad,28.0,63,11.3,1009.8,20.8,0,79
2025-10-03,06:00,Mumbai,29.6,72,12.9,1012.5,0.0,0,64
2025-10-03,07:00,Delhi,26.5,53,9.4,1015.0,0.0,2,173
2025-10-03,08:00,Bangalore,28.1,62,9.7,1010.6,0.0,2,86
2025-10-03,09:00,Chennai,30.1,68,7.3,1012.8,0.0,4,96
2025-10-03,10:00,Hyderabad,29.4,46,3.1,1010.0,0.0,6,99
2025-10-03,11:00,Mumbai,32.1,64,5.9,1014.5,0.0,7,92
2025-10-03,12:00,Delhi,28.4,49,6.0,1015.8,0.0,9,171
2025-10-03,13:00,Bangalore,27.2,62,6.5,1015.5,0.0,7,41
2025-10-03,14:00,Chennai,32.8,62,8.1,1017.1,0.0,6,84
2025-10-03,15:00,Hyderabad,31.0,50,11.7,1010.4,0.0,3,80
2025-10-03,16:00,Mumbai,26.7,72,6.6,1007.3,0.0,4,91
2025-10-03,17:00,Delhi,23.2,52,6.3,1014.1,0.0,2,179
2025-10-03,18:00,Bangalore,20.8,76,8.7,1013.1,0.0,0,83
2025-10-03,19:00,Chennai,26.6,83,2.7,1020.8,0.0,0,67
2025-10-03,20:00,Hyderabad,24.4,59,13.5,1017.8,0.0,0,99
2025-10-03,21:00,Mumbai,25.2,78,8.3,1015.1,0.0,0,99
2025-10-03,22:00,Delhi,21.0,51,10.8,1013.6,0.0,0,165
2025-10-03,23:00,Bangalore,17.7,72,8.3,1017.4,0.0,0,72
2025-10-04,00:00,Chennai,23.0,73,9.0,1020.3,0.0,0,68
2025-10-04,01:00,Hyderabad,24.6,53,16.4,1010.0,0.0,0,72
2025-10-04,02:00,Mumbai,26.2,71,2.2,1012.7,0.0,0,87
2025-10-04,03:00,Delhi,20.8,46,10.0,1015.0,0.0,0,139
2025-10-04,04:00,Bangalore,22.5,68,7.8,1013.5,0.0,0,79
2025-10-04,05:00,Chennai,24.9,68,5.5,1016.5,0.0,0,46
2025-10-04,06:00,Hyderabad,31.7,57,8.6,1014.4,0.1,0,78
2025-10-04,07:00,Mumbai,30.9,71,8.4,1009.2,0.0,0,77
2025-10-04,08:00,Delhi,26.7,49,2.3,1013.7,0.0,3,155
2025-10-04,09:00,Bangalore,27.2,61,7.3,1012.0,0.0,4,78
2025-10-04,10:00,Chennai,32.9,58,0.0,1010.4,0.0,6,82
2025-10-04,11:00,Hyderabad,32.4,48,9.0,1008.3,0.0,7,77
2025-10-04,12:00,Mumbai,33.5,68,8.3,1013.1,24.2,9,78
2025-10-04,13:00,Delhi,27.0,44,5.2,1017.5,0.0,6,146
2025-10-04,14:00,Bangalore,26.9,63,12.7,1013.2,0.0,5,42
2025-10-04,15:00,Chennai,30.5,67,9.2,1013.5,0.0,4,70
2025-10-04,16:00,Hyderabad,29.9,54,11.5,1012.3,0.0,2,74
2025-10-04,17:00,Mumbai,29.3,60,9.3,1014.7,0.0,1,104
2025-10-04,18:00,Delhi,22.0,47,6.8,1017.7,0.0,0,153
2025-10-04,19:00,Bangalore,19.4,72,10.1,1017.3,0.0,0,70
2025-10-04,20:00,Chennai,21.9,71,3.4,1012.4,21.0,0,84
2025-10-04,21:00,Hyderabad,22.5,56,9.2,1016.4,0.0,0,67
2025-10-04,22:00,Mumbai,22.2,84,12.0,1012.5,0.0,0,119
2025-10-04,23:00,Delhi,18.5,52,5.7,1018.0,0.0,0,161
2025-10-05,00:00,Bangalore,16.9,72,8.7,1018.2,0.0,0,53
2025-10-05,01:00,Chennai,22.9,75,6.7,1011.0,1.7,0,72
2025-10-05,02:00,Hyderabad,23.9,59,6.6,1009.4,0.0,0,86
2025-10-05,03:00,Mumbai,21.4,87,4.2,1010.3,0.0,0,73
2025-10-05,04:00,Delhi,21.5,55,7.8,1014.2,0.0,0,149
2025-10-05,05:00,Bangalore,21.8,76,9.6,1018.6,0.0,0,63
2025-10-05,06:00,Chennai,30.7,80,10.9,1002.9,0.0,0,75
2025-10-05,07:00,Hyderabad,30.7,53,5.2,1007.9,0.0,0,78
2025-10-05,08:00,Mumbai,32.3,73,9.6,1010.2,0.0,3,106
2025-10-05,09:00,Delhi,28.1,43,8.0,1012.0,0.0,5,170
2025-10-05,10:00,Bangalore,26.0,74,11.6,1012.2,0.0,6,57
2025-10-05,11:00,Chennai,32.3,69,6.0,1010.4,0.0,8,70
2025-10-05,12:00,Hyderabad,30.7,57,10.7,1012.8,0.0,9,73
2025-10-05,13:00,Mumbai,31.3,67,10.2,1005.8,0.0,7,86
2025-10-05,14:00,Delhi,26.7,53,13.4,1010.8,0.0,5,154
2025-10-05,15:00,Bangalore,26.1,68,10.7,1013.8,0.0,4,57
2025-10-05,16:00,Chennai,30.2,68,0.0,1013.0,0.0,3,79
2025-10-05,17:00,Hyderabad,27.8,55,8.8,1015.2,0.0,1,95
2025-10-05,18:00,Mumbai,25.9,74,8.7,1009.2,0.0,0,102
2025-10-05,19:00,Delhi,22.6,43,8.6,1011.8,0.0,0,137
2025-10-05,20:00,Bangalore,17.8,63,7.6,1010.4,0.0,0,97
2025-10-05,21:00,Chennai,23.4,65,10.2,1012.2,0.0,0,70
2025-10-05,22:00,Hyderabad,21.6,62,14.9,1014.0,0.0,0,69
2025-10-05,23:00,Mumbai,23.7,67,10.0,1016.7,11.3,0,93
2025-10-06,00:00,Delhi,17.4,56,5.6,1014.5,0.0,0,147
2025-10-06,01:00,Bangalore,17.1,64,6.6,1019.9,0.0,0,60
2025-10-06,02:00,Chennai,22.9,70,6.3,1019.2,0.0,0,70
2025-10-06,03:00,Hyderabad,25.2,61,8.9,1017.6,0.0,0,61
2025-10-06,04:00,Mumbai,27.9,70,12.7,1019.5,0.0,0,82
2025-10-06,05:00,Delhi,22.9,44,2.7,1016.1,0.0,0,164
2025-10-06,06:00,Bangalore,23.7,67,13.8,1010.4,0.0,0,78
2025-10-06,07:00,Chennai,31.1,63,5.1,1006.7,0.0,0,76
2025-10-06,08:00,Hyderabad,35.7,61,9.4,1007.6,0.0,3,89
2025-10-06,09:00,Mumbai,27.9,72,10.7,1016.5,0.0,4,105
2025-10-06,10:00,Delhi,25.8,56,6.5,1015.4,0.0,6,188
2025-10-06,11:00,Bangalore,27.1,58,9.1,1010.3,0.0,7,45
2025-10-06,12:00,Chennai,33.1,61,9.3,1009.0,0.0,8,77
2025-10-06,13:00,Hyderabad,32.0,49,6.5,1008.4,24.4,7,67
2025-10-06,14:00,Mumbai,29.5,67,12.5,1015.0,0.0,6,73
2025-10-06,15:00,Delhi,26.4,51,8.5,1018.2,0.0,3,169
2025-10-06,16:00,Bangalore,23.2,71,0.0,1021.5,0.0,3,74
2025-10-06,17:00,Chennai,25.8,74,7.7,1009.5,0.0,1,102
2025-10-06,18:00,Hyderabad,26.7,62,12.9,1013.1,0.0,0,113
2025-10-06,19:00,Mumbai,23.9,71,7.1,1013.8,0.0,0,109
2025-10-06,20:00,Delhi,18.1,52,11.2,1017.5,0.0,0,160
2025-10-06,21:00,Bangalore,16.9,76,10.0,1014.9,0.0,0,51
2025-10-06,22:00,Chennai,21.3,80,8.6,1015.8,0.0,0,70
2025-10-06,23:00,Hyderabad,21.5,54,6.0,1013.4,0.0,0,82
2025-10-07,00:00,Mumbai,21.9,74,8.1,1016.7,0.0,0,87
2025-10-07,01:00,Delhi,20.8,50,9.5,1017.0,0.0,0,141
2025-10-07,02:00,Bangalore,20.0,69,8.7,1012.5,0.0,0,80
2025-10-07,03:00,Chennai,26.2,79,10.7,1016.2,0.0,0,68
2025-10-07,04:00,Hyderabad,28.0,61,6.6,1017.9,0.0,0,69
2025-10-07,05:00,Mumbai,27.0,76,6.4,1013.8,0.0,0,91
2025-10-07,06:00,Delhi,25.0,53,9.4,1017.0,0.0,0,145
2025-10-07,07:00,Bangalore,25.3,72,10.1,1012.5,0.0,0,50
2025-10-07,08:00,Chennai,31.8,63,8.7,1012.8,0.0,3,122
2025-10-07,09:00,Hyderabad,32.3,52,5.3,1010.6,0.0,2,99
2025-10-07,10:00,Mumbai,32.9,75,8.0,1018.3,0.0,6,92
2025-10-07,11:00,Delhi,26.6,48,5.3,1011.8,0.0,7,158
2025-10-07,12:00,Bangalore,28.1,58,6.9,1017.5,0.0,9,70
2025-10-07,13:00,Chennai,29.4,74,8.8,1008.2,0.0,7,86
2025-10-07,14:00,Hyderabad,31.3,54,9.9,1013.4,0.0,5,73
2025-10-07,15:00,Mumbai,29.4,65,10.8,1014.9,13.1,5,87
2025-10-07,16:00,Delhi,25.0,47,13.3,1014.3,20.7,3,156
2025-10-07,17:00,Bangalore,21.6,67,7.1,1013.8,0.0,1,63
2025-10-07,18:00,Chennai,26.4,80,6.1,1017.4,0.0,0,80
2025-10-07,19:00,Hyderabad,25.8,53,7.2,1018.8,0.0,0,105
2025-10-07,20:00,Mumbai,22.6,70,10.2,1012.8,0.0,0,80
2025-10-07,21:00,Delhi,18.8,56,8.5,1016.6,0.0,0,147
2025-10-07,22:00,Bangalore,16.6,64,11.5,1015.8,0.0,0,71
2025-10-07,23:00,Chennai,22.0,69,8.6,1014.7,0.0,0,96
2025-10-08,00:00,Hyderabad,22.4,63,8.9,1017.5,0.0,0,72
2025-10-08,01:00,Mumbai,23.0,85,9.2,1019.3,0.0,0,81
2025-10-08,02:00,Delhi,17.6,59,6.8,1019.0,0.0,0,150
2025-10-08,03:00,Bangalore,21.8,65,7.6,1020.0,0.0,0,82
2025-10-08,04:00,Chennai,27.1,72,10.4,1009.4,0.0,0,72
2025-10-08,05:00,Hyderabad,27.6,60,11.3,1009.2,0.0,0,88
2025-10-08,06:00,Mumbai,27.1,75,7.2,1013.4,0.0,0,102
2025-10-08,07:00,Delhi,27.7,48,2.1,1017.2,0.4,1,168
2025-10-08,08:00,Bangalore,26.2,59,6.2,1014.7,0.0,2,85
2025-10-08,09:00,Chennai,29.4,82,6.0,1014.7,0.0,5,74
2025-10-08,10:00,Hyderabad,34.7,54,10.2,1010.2,0.0,5,118
2025-10-08,11:00,Mumbai,30.8,64,9.3,1013.4,0.0,7,89
2025-10-08,12:00,Delhi,26.6,54,7.2,1012.3,0.0,9,157
2025-10-08,13:00,Bangalore,28.8,58,12.0,1017.6,0.0,7,77
2025-10-08,14:00,Chennai,32.1,68,8.9,1009.1,0.0,6,81
2025-10-08,15:00,Hyderabad,30.2,52,5.1,1007.7,0.0,5,58
2025-10-08,16:00,Mumbai,25.0,72,8.3,1017.7,0.0,2,86
2025-10-08,17:00,Delhi,22.9,49,9.7,1020.4,0.0,0,164
2025-10-08,18:00,Bangalore,19.9,64,6.7,1014.6,0.0,0,78
2025-10-08,19:00,Chennai,22.8,73,12.0,1015.7,0.0,0,90
2025-10-08,20:00,Hyderabad,24.9,60,9.5,1015.0,0.0,0,94
2025-10-08,21:00,Mumbai,20.0,82,6.8,1022.0,0.0,0,81
2025-10-08,22:00,Delhi,17.9,56,13.3,1016.2,0.0,0,168
2025-10-08,23:00,Bangalore,15.5,72,10.5,1022.4,0.0,0,68
2025-10-09,00:00,Chennai,22.9,66,10.6,1012.7,0.0,0,74
2025-10-09,01:00,Hyderabad,23.6,65,2.7,1018.0,0.0,0,77
2025-10-09,02:00,Mumbai,20.5,85,6.2,1018.3,7.8,0,79
2025-10-09,03:00,Delhi,20.1,50,9.1,1015.3,0.0,0,157
2025-10-09,04:00,Bangalore,18.9,77,12.0,1015.3,0.0,0,67
2025-10-09,05:00,Chennai,25.5,68,8.0,1010.3,0.0,0,77
2025-10-09,06:00,Hyderabad,29.4,56,10.9,1013.9,0.0,0,72
2025-10-09,07:00,Mumbai,31.7,70,10.6,1012.3,0.0,1,102
2025-10-09,08:00,Delhi,28.3,45,6.2,1014.6,0.0,2,161
2025-10-09,09:00,Bangalore,27.0,64,8.4,1011.0,0.0,3,90
2025-10-09,10:00,Chennai,35.1,59,9.0,1015.3,0.0,6,83
2025-10-09,11:00,Hyderabad,30.5,55,8.1,1008.7,0.0,7,71
2025-10-09,12:00,Mumbai,30.6,72,9.2,1007.9,18.4,9,82
2025-10-09,13:00,Delhi,28.8,49,4.4,1009.2,0.0,7,117
2025-10-09,14:00,Bangalore,26.1,64,8.7,1015.5,4.0,5,64
2025-10-09,15:00,Chennai,28.8,67,4.4,1016.0,0.0,4,86
2025-10-09,16:00,Hyderabad,29.8,56,11.9,1011.2,0.0,2,87
2025-10-09,17:00,Mumbai,22.7,67,9.3,1009.8,0.0,1,90
2025-10-09,18:00,Delhi,20.0,64,11.4,1011.9,0.0,0,148
2025-10-09,19:00,Bangalore,20.9,70,10.2,1019.6,0.0,0,78
2025-10-09,20:00,Chennai,24.2,65,9.3,1012.9,0.0,0,89
2025-10-09,21:00,Hyderabad,22.7,55,0.7,1014.8,0.0,0,85
2025-10-09,22:00,Mumbai,21.0,78,3.0,1016.7,0.0,0,88
2025-10-09,23:00,Delhi,19.0,56,9.1,1013.8,0.0,0,179
2025-10-10,00:00,Bangalore,16.7,64,0.0,1018.0,18.3,0,70
2025-10-10,01:00,Chennai,20.7,78,6.8,1016.7,0.0,0,87
2025-10-10,02:00,Hyderabad,23.3,54,6.5,1016.7,0.0,0,99
2025-10-10,03:00,Mumbai,24.2,75,11.4,1017.3,0.0,0,91
2025-10-10,04:00,Delhi,19.9,64,6.7,1018.9,0.0,0,145
2025-10-10,05:00,Bangalore,20.8,68,12.6,1019.7,0.0,0,61
2025-10-10,06:00,Chennai,31.3,64,2.9,1017.3,0.0,0,85
2025-10-10,07:00,Hyderabad,31.6,56,7.4,1021.7,0.0,1,69
2025-10-10,08:00,Mumbai,31.0,66,12.2,1016.1,0.0,3,100
2025-10-10,09:00,Delhi,28.2,50,4.2,1012.6,0.0,4,159
2025-10-10,10:00,Bangalore,27.1,54,9.7,1017.1,0.0,5,84
2025-10-10,11:00,Chennai,28.7,75,13.0,1012.8,0.0,7,74
2025-10-10,12:00,Hyderabad,32.7,48,6.9,1016.1,0.0,8,88
2025-10-10,13:00,Mumbai,30.2,70,8.7,1016.5,0.0,7,77
2025-10-10,14:00,Delhi,25.4,39,9.2,1015.1,0.0,5,158
2025-10-10,15:00,Bangalore,24.1,65,8.1,1009.4,0.0,4,68
2025-10-10,16:00,Chennai,27.1,70,12.1,1014.0,0.0,2,81
2025-10-10,17:00,Hyderabad,28.6,57,9.4,1008.1,0.0,1,81
2025-10-10,18:00,Mumbai,23.2,80,10.6,1018.2,0.0,0,108
2025-10-10,19:00,Delhi,21.8,54,7.2,1014.7,0.0,0,174
2025-10-10,20:00,Bangalore,19.3,57,10.4,1014.5,0.0,0,72
2025-10-10,21:00,Chennai,20.5,72,5.7,1016.0,0.0,0,87
2025-10-10,22:00,Hyderabad,21.7,64,10.2,1015.5,0.0,0,86
2025-10-10,23:00,Mumbai,21.4,77,6.9,1016.5,0.0,0,85
2025-10-11,00:00,Delhi,16.2,54,1.1,1021.0,0.0,0,154
2025-10-11,01:00,Bangalore,18.5,64,7.4,1019.6,0.0,0,54
2025-10-11,02:00,Chennai,21.8,76,8.8,1020.0,0.0,0,66
2025-10-11,03:00,Hyderabad,24.1,62,7.8,1012.7,0.0,0,73
2025-10-11,04:00,Mumbai,26.6,69,7.7,1015.6,0.0,0,87
2025-10-11,05:00,Delhi,21.2,54,12.7,1012.0,0.0,0,138
2025-10-11,06:00,Bangalore,24.9,60,4.3,1017.7,0.0,0,56
2025-10-11,07:00,Chennai,29.6,60,13.3,1011.9,0.0,0,66
2025-10-11,08:00,Hyderabad,33.2,56,7.8,1011.3,0.0,2,89
2025-10-11,09:00,Mumbai,30.6,67,8.4,1013.8,0.0,3,94
2025-10-11,10:00,Delhi,26.1,41,15.2,1008.8,0.0,5,151
2025-10-11,11:00,Bangalore,27.7,57,5.6,1011.4,0.0,6,66
2025-10-11,12:00,Chennai,34.3,58,5.0,1010.7,0.0,8,70
2025-10-11,13:00,Hyderabad,31.6,46,5.7,1012.8,0.0,6,74
2025-10-11,14:00,Mumbai,31.7,70,9.2,1014.6,0.0,5,93
2025-10-11,15:00,Delhi,25.3,40,11.4,1018.4,0.0,5,163
2025-10-11,16:00,Bangalore,22.6,66,8.1,1015.5,0.0,2,46
2025-10-11,17:00,Chennai,27.0,79,7.7,1014.6,0.0,1,73
2025-10-11,18:00,Hyderabad,28.4,56,7.1,1006.1,0.0,0,80
2025-10-11,19:00,Mumbai,23.0,72,12.0,1015.8,0.0,0,105
2025-10-11,20:00,Delhi,17.6,62,11.5,1014.5,0.0,0,142
2025-10-11,21:00,Bangalore,17.7,73,7.5,1017.2,0.0,0,59
2025-10-11,22:00,Chennai,21.7,82,8.9,1015.9,0.0,0,77
2025-10-11,23:00,Hyderabad,23.2,63,10.1,1015.1,4.6,0,71
2025-10-12,00:00,Mumbai,21.2,75,8.3,1014.3,0.0,0,108
2025-10-12,01:00,Delhi,16.8,49,9.4,1019.6,0.0,0,153
2025-10-12,02:00,Bangalore,19.4,72,9.6,1020.0,0.0,0,78
2025-10-12,03:00,Chennai,23.8,64,8.6,1012.2,0.0,0,100
2025-10-12,04:00,Hyderabad,27.4,60,9.9,1019.0,0.0,0,93
2025-10-12,05:00,Mumbai,25.0,69,7.3,1014.1,23.0,0,77
2025-10-12,06:00,Delhi,24.4,53,8.3,1015.6,0.0,0,151
2025-10-12,07:00,Bangalore,23.8,65,5.2,1010.4,0.0,1,43
2025-10-12,08:00,Chennai,31.7,67,7.9,1010.3,0.0,3,87
2025-10-12,09:00,Hyderabad,30.3,55,14.3,1007.3,0.0,4,77
2025-10-12,10:00,Mumbai,33.2,64,12.9,1013.4,0.0,6,102
2025-10-12,11:00,Delhi,27.6,44,12.2,1013.1,0.0,7,156
2025-10-12,12:00,Bangalore,28.2,62,8.7,1015.2,0.0,8,62
2025-10-12,13:00,Chennai,33.3,64,9.0,1012.8,0.0,8,78
2025-10-12,14:00,Hyderabad,32.1,52,12.6,1007.5,0.0,7,53
2025-10-12,15:00,Mumbai,27.3,62,8.2,1012.2,0.0,4,77
2025-10-12,16:00,Delhi,24.9,46,6.4,1016.5,0.0,3,140
2025-10-12,17:00,Bangalore,21.2,62,10.8,1013.9,0.0,0,90
2025-10-12,18:00,Chennai,24.1,70,7.8,1015.3,0.0,0,89
2025-10-12,19:00,Hyderabad,24.9,57,11.8,1016.3,0.0,0,94
2025-10-12,20:00,Mumbai,22.9,82,9.2,1012.8,0.0,0,91
2025-10-12,21:00,Delhi,16.6,56,6.4,1018.6,0.0,0,134
2025-10-12,22:00,Bangalore,15.9,80,5.9,1023.0,0.0,0,68
2025-10-12,23:00,Chennai,22.4,85,9.2,1018.0,0.0,0,87
2025-10-13,00:00,Hyderabad,19.5,61,12.3,1019.1,0.0,0,65
2025-10-13,01:00,Mumbai,20.2,82,7.4,1013.8,0.0,0,71
2025-10-13,02:00,Delhi,18.4,54,7.3,1023.3,0.0,0,150
2025-10-13,03:00,Bangalore,18.1,59,12.0,1014.5,0.0,0,61
2025-10-13,04:00,Chennai,26.6,74,5.2,1016.1,2.7,0,85
2025-10-13,05:00,Hyderabad,27.3,49,10.1,1011.2,0.0,0,76
2025-10-13,06:00,Mumbai,26.6,71,4.8,1012.1,0.0,0,93
2025-10-13,07:00,Delhi,22.7,42,2.9,1011.3,24.6,1,158
2025-10-13,08:00,Bangalore,27.2,63,8.6,1012.8,0.0,2,86
2025-10-13,09:00,Chennai,31.3,67,4.0,1013.9,0.0,4,84
2025-10-13,10:00,Hyderabad,33.7,54,7.7,1012.1,19.1,5,70
2025-10-13,11:00,Mumbai,32.7,65,6.3,1010.6,0.0,6,99
2025-10-13,12:00,Delhi,28.4,40,9.4,1012.3,0.0,8,148
2025-10-13,13:00,Bangalore,26.8,64,6.3,1009.8,0.0,8,72
2025-10-13,14:00,Chennai,32.1,62,10.2,1011.3,0.0,6,88
2025-10-13,15:00,Hyderabad,33.2,49,11.6,1007.8,0.0,3,74
2025-10-13,16:00,Mumbai,29.8,58,8.1,1013.3,0.0,2,75
2025-10-13,17:00,Delhi,23.2,48,2.6,1013.2,0.0,1,149
2025-10-13,18:00,Bangalore,20.2,81,2.7,1012.3,0.0,0,73
2025-10-13,19:00,Chennai,25.7,70,5.4,1008.8,0.0,0,81
2025-10-13,20:00,Hyderabad,25.7,60,7.5,1010.4,0.0,0,97
2025-10-13,21:00,Mumbai,21.4,71,11.1,1015.0,0.0,0,96
2025-10-13,22:00,Delhi,16.9,60,14.1,1017.0,0.0,0,138
2025-10-13,23:00,Bangalore,18.1,68,7.4,1016.5,0.0,0,61
2025-10-14,00:00,Chennai,21.1,70,15.4,1016.0,0.0,0,54
2025-10-14,01:00,Hyderabad,23.1,63,4.9,1017.5,0.0,0,81
2025-10-14,02:00,Mumbai,22.6,71,10.7,1011.9,0.0,0,85
2025-10-14,03:00,Delhi,19.4,52,9.2,1016.7,0.0,0,128
2025-10-14,04:00,Bangalore,21.5,74,7.6,1013.2,0.0,0,89
2025-10-14,05:00,Chennai,26.1,74,10.6,1014.5,21.8,0,105
2025-10-14,06:00,Hyderabad,27.7,56,10.6,1010.3,0.0,0,90
2025-10-14,07:00,Mumbai,29.7,68,8.1,1009.2,0.0,1,89
2025-10-14,08:00,Delhi,29.7,36,8.5,1016.6,0.0,2,157
2025-10-14,09:00,Bangalore,24.2,60,8.0,1011.5,0.0,5,70
2025-10-14,10:00,Chennai,30.1,62,7.1,1014.3,0.0,5,81
2025-10-14,11:00,Hyderabad,32.7,53,7.6,1011.2,16.7,7,66
2025-10-14,12:00,Mumbai,31.0,66,7.1,1016.7,0.0,8,91
2025-10-14,13:00,Delhi,24.6,47,8.9,1014.2,0.0,6,188
2025-10-14,14:00,Bangalore,24.0,72,7.1,1013.8,0.0,6,46
2025-10-14,15:00,Chennai,31.7,70,5.7,1015.1,0.0,4,100
2025-10-14,16:00,Hyderabad,30.2,54,7.8,1011.1,7.6,3,81
2025-10-14,17:00,Mumbai,25.9,75,4.2,1013.9,0.0,1,110
2025-10-14,18:00,Delhi,22.9,51,5.5,1016.1,9.4,1,190
2025-10-14,19:00,Bangalore,19.4,69,8.8,1018.9,0.0,0,79
2025-10-14,20:00,Chennai,23.0,76,5.2,1017.2,0.0,0,51
2025-10-14,21:00,Hyderabad,26.1,59,2.6,1018.0,0.0,0,78
2025-10-14,22:00,Mumbai,22.2,74,9.0,1016.3,0.0,0,81
2025-10-14,23:00,Delhi,18.4,63,6.0,1021.3,0.0,0,157
2025-10-15,00:00,Bangalore,15.0,74,10.8,1020.4,0.0,0,69
2025-10-15,01:00,Chennai,22.7,75,4.4,1012.6,0.0,0,61
2025-10-15,02:00,Hyderabad,25.4,63,5.4,1013.8,0.0,0,80
2025-10-15,03:00,Mumbai,24.1,79,9.8,1015.0,0.0,0,96
2025-10-15,04:00,Delhi,19.1,60,8.7,1018.2,0.0,0,141
2025-10-15,05:00,Bangalore,21.8,60,5.4,1020.0,0.0,0,64
2025-10-15,06:00,Chennai,28.9,70,10.6,1011.2,0.0,0,59
2025-10-15,07:00,Hyderabad,32.3,51,5.8,1011.5,0.0,1,61
2025-10-15,08:00,Mumbai,29.9,69,8.0,1011.8,0.0,2,97
2025-10-15,09:00,Delhi,24.6,56,10.5,1015.0,0.0,4,161
2025-10-15,10:00,Bangalore,25.5,64,10.3,1015.0,0.0,5,93
2025-10-15,11:00,Chennai,31.6,66,6.6,1009.1,0.0,7,76
2025-10-15,12:00,Hyderabad,34.8,42,8.5,1008.1,0.0,7,90
2025-10-15,13:00,Mumbai,33.7,67,8.9,1010.2,0.0,7,85
2025-10-15,14:00,Delhi,27.7,42,4.0,1014.6,0.0,5,153
2025-10-15,15:00,Bangalore,21.4,75,11.6,1012.7,0.0,3,74
2025-10-15,16:00,Chennai,28.0,75,12.7,1017.6,19.6,2,65
2025-10-15,17:00,Hyderabad,26.1,60,10.1,1014.9,0.0,1,100
2025-10-15,18:00,Mumbai,22.6,79,7.3,1014.3,0.0,0,101
2025-10-15,19:00,Delhi,19.0,68,9.9,1021.1,0.0,0,152
2025-10-15,20:00,Bangalore,17.0,70,6.9,1012.8,0.0,0,84
2025-10-15,21:00,Chennai,25.5,67,7.7,1009.3,15.7,0,74
2025-10-15,22:00,Hyderabad,22.2,63,12.4,1014.1,0.0,0,36
2025-10-15,23:00,Mumbai,19.1,77,8.7,1013.8,0.0,0,98
2025-10-16,00:00,Delhi,17.1,56,8.9,1017.9,0.0,0,172
2025-10-16,01:00,Bangalore,17.2,67,5.3,1016.0,0.0,0,48
2025-10-16,02:00,Chennai,23.0,76,6.7,1014.4,0.0,0,83
2025-10-16,03:00,Hyderabad,24.0,58,7.0,1014.9,0.0,0,89
2025-10-16,04:00,Mumbai,22.3,74,13.5,1014.8,0.0,0,71
2025-10-16,05:00,Delhi,20.9,60,10.8,1014.2,0.0,0,177
2025-10-16,06:00,Bangalore,22.6,69,11.4,1013.1,0.0,0,69
2025-10-16,07:00,Chennai,28.0,70,8.8,1013.0,0.0,1,65
2025-10-16,08:00,Hyderabad,31.4,55,9.6,1009.9,0.0,1,80
2025-10-16,09:00,Mumbai,30.7,65,9.8,1011.0,0.0,4,94
2025-10-16,10:00,Delhi,27.0,49,7.3,1016.4,0.0,5,151
2025-10-16,11:00,Bangalore,24.1,64,5.7,1016.6,0.0,7,54
2025-10-16,12:00,Chennai,32.1,63,11.4,1012.0,0.0,8,82
2025-10-16,13:00,Hyderabad,30.8,52,4.2,1014.3,0.0,6,92
2025-10-16,14:00,Mumbai,28.1,67,0.0,1014.8,0.0,6,89
2025-10-16,15:00,Delhi,26.0,48,9.3,1016.1,0.0,3,168
2025-10-16,16:00,Bangalore,23.3,57,10.7,1011.4,0.0,3,70
2025-10-16,17:00,Chennai,27.1,73,10.2,1011.4,0.0,0,99
2025-10-16,18:00,Hyderabad,24.9,56,8.4,1013.7,0.0,0,88
2025-10-16,19:00,Mumbai,23.7,86,4.5,1012.2,0.0,0,91
2025-10-16,20:00,Delhi,18.9,54,10.9,1016.4,0.0,0,165
2025-10-16,21:00,Bangalore,13.2,71,5.3,1018.7,0.0,0,81
2025-10-16,22:00,Chennai,19.9,87,6.6,1016.7,0.0,0,79
2025-10-16,23:00,Hyderabad,23.2,52,7.1,1016.0,13.1,0,81
2025-10-17,00:00,Mumbai,19.0,76,4.6,1016.0,0.0,0,84
2025-10-17,01:00,Delhi,21.0,59,6.6,1014.4,0.0,0,157
2025-10-17,02:00,Bangalore,15.6,71,9.6,1015.4,0.0,0,55
2025-10-17,03:00,Chennai,22.7,68,3.3,1008.1,0.0,0,77
2025-10-17,04:00,Hyderabad,25.1,57,12.4,1013.3,0.0,0,60
2025-10-17,05:00,Mumbai,24.9,71,10.9,1009.2,0.0,0,92
2025-10-17,06:00,Delhi,24.8,48,10.0,1010.9,0.0,0,161
2025-10-17,07:00,Bangalore,22.2,73,10.4,1015.5,0.0,1,66
2025-10-17,08:00,Chennai,31.0,68,12.3,1010.2,0.0,2,94
2025-10-17,09:00,Hyderabad,32.6,43,7.9,1011.7,0.0,3,112
2025-10-17,10:00,Mumbai,33.1,70,11.0,1014.8,0.0,4,101
2025-10-17,11:00,Delhi,26.9,53,12.7,1010.7,0.0,6,158
2025-10-17,12:00,Bangalore,28.4,65,7.9,1012.1,9.7,8,45
2025-10-17,13:00,Chennai,29.2,62,12.3,1012.0,0.0,7,62
2025-10-17,14:00,Hyderabad,30.1,52,7.3,1008.1,2.8,6,76
2025-10-17,15:00,Mumbai,28.2,69,16.0,1013.6,0.0,3,107
2025-10-17,16:00,Delhi,25.6,49,10.9,1012.5,24.6,3,161
2025-10-17,17:00,Bangalore,21.4,61,10.0,1013.0,0.0,1,92
2025-10-17,18:00,Chennai,24.3,68,5.0,1016.8,0.0,0,95
2025-10-17,19:00,Hyderabad,22.4,52,6.4,1014.5,0.0,0,98
2025-10-17,20:00,Mumbai,24.4,65,11.1,1017.2,4.1,0,76
2025-10-17,21:00,Delhi,20.3,50,8.3,1016.5,0.0,0,145
2025-10-17,22:00,Bangalore,16.1,70,13.1,1011.7,0.0,0,76
2025-10-17,23:00,Chennai,21.7,74,8.7,1020.6,0.0,0,79
2025-10-18,00:00,Hyderabad,19.1,59,7.2,1014.7,0.0,0,70
2025-10-18,01:00,Mumbai,20.7,82,3.6,1012.9,0.0,0,108
2025-10-18,02:00,Delhi,18.4,59,9.2,1013.5,9.3,0,173
2025-10-18,03:00,Bangalore,16.5,75,9.0,1018.8,0.0,0,109
2025-10-18,04:00,Chennai,25.6,69,10.9,1013.0,0.0,0,74
2025-10-18,05:00,Hyderabad,28.7,61,4.3,1015.6,0.0,0,88
2025-10-18,06:00,Mumbai,25.6,77,5.5,1011.2,0.0,0,105
2025-10-18,07:00,Delhi,27.0,44,6.6,1018.8,0.0,0,166
2025-10-18,08:00,Bangalore,24.4,79,5.3,1017.7,0.0,2,86
2025-10-18,09:00,Chennai,33.0,70,14.6,1010.4,16.2,4,109
2025-10-18,10:00,Hyderabad,30.3,54,9.1,1012.5,0.0,5,103
2025-10-18,11:00,Mumbai,28.9,79,5.4,1012.2,0.0,7,101
2025-10-18,12:00,Delhi,26.7,40,7.6,1015.9,8.7,8,141
2025-10-18,13:00,Bangalore,26.4,58,9.1,1013.9,0.0,7,62
2025-10-18,14:00,Chennai,30.1,64,3.1,1012.1,0.0,6,73
2025-10-18,15:00,Hyderabad,31.2,52,6.2,1016.5,0.0,4,66
2025-10-18,16:00,Mumbai,24.6,70,6.4,1014.8,0.0,3,82
2025-10-18,17:00,Delhi,21.9,50,8.3,1012.9,0.0,1,176
2025-10-18,18:00,Bangalore,18.9,71,14.2,1015.5,0.0,0,86
2025-10-18,19:00,Chennai,25.3,68,6.0,1011.9,0.0,0,108
2025-10-18,20:00,Hyderabad,22.5,61,13.0,1018.1,0.0,0,104
2025-10-18,21:00,Mumbai,20.0,81,4.9,1009.9,0.0,0,86
2025-10-18,22:00,Delhi,17.9,61,6.8,1017.8,0.0,0,175
2025-10-18,23:00,Bangalore,15.8,76,5.4,1013.8,0.0,0,71
2025-10-19,00:00,Chennai,22.4,76,14.3,1015.7,0.0,0,75
2025-10-19,01:00,Hyderabad,23.9,47,5.2,1017.9,0.0,0,71
2025-10-19,02:00,Mumbai,24.5,69,6.7,1011.9,0.0,0,93
2025-10-19,03:00,Delhi,21.9,53,6.5,1016.9,0.0,0,159
2025-10-19,04:00,Bangalore,20.3,60,10.9,1021.8,0.0,0,84
2025-10-19,05:00,Chennai,22.4,68,6.9,1019.5,0.0,0,60
2025-10-19,06:00,Hyderabad,28.5,62,8.3,1013.1,0.0,0,82
2025-10-19,07:00,Mumbai,26.3,71,7.5,1017.3,0.0,1,104
2025-10-19,08:00,Delhi,24.0,55,6.9,1013.8,0.0,2,173
2025-10-19,09:00,Bangalore,23.7,59,6.9,1013.8,0.0,3,89
2025-10-19,10:00,Chennai,31.9,63,7.3,1011.4,0.0,5,94
2025-10-19,11:00,Hyderabad,31.8,58,8.3,1009.1,0.0,6,79
2025-10-19,12:00,Mumbai,30.5,68,7.1,1011.3,0.0,8,85
2025-10-19,13:00,Delhi,25.0,48,6.8,1015.8,0.0,7,145
2025-10-19,14:00,Bangalore,25.6,62,8.1,1014.9,3.8,5,77
2025-10-19,15:00,Chennai,30.4,70,10.6,1015.8,0.0,3,80
2025-10-19,16:00,Hyderabad,28.6,56,6.5,1014.6,0.0,2,75
2025-10-19,17:00,Mumbai,25.4,71,9.4,1013.9,9.6,2,88
2025-10-19,18:00,Delhi,21.3,59,4.6,1023.8,0.0,0,163
2025-10-19,19:00,Bangalore,19.2,71,3.1,1011.1,0.0,0,90
2025-10-19,20:00,Chennai,22.5,69,5.9,1014.3,0.0,0,105
2025-10-19,21:00,Hyderabad,22.4,57,11.7,1017.6,0.0,0,89
2025-10-19,22:00,Mumbai,22.1,72,9.2,1014.1,0.0,0,102
2025-10-19,23:00,Delhi,15.0,53,6.5,1019.2,0.0,0,151
2025-10-20,00:00,Bangalore,15.9,60,11.1,1019.0,0.0,0,71
2025-10-20,01:00,Chennai,22.7,76,3.9,1019.6,0.0,0,80
2025-10-20,02:00,Hyderabad,20.5,53,14.2,1015.9,0.0,0,97
2025-10-20,03:00,Mumbai,22.6,78,9.6,1017.1,0.0,0,88
2025-10-20,04:00,Delhi,19.4,54,4.5,1016.1,0.0,0,146
2025-10-20,05:00,Bangalore,20.1,68,8.0,1017.7,0.0,0,69
2025-10-20,06:00,Chennai,28.0,72,8.5,1010.5,0.0,0,53
2025-10-20,07:00,Hyderabad,29.2,61,9.8,1016.4,0.0,2,81
2025-10-20,08:00,Mumbai,28.7,70,9.3,1011.2,0.0,3,108
2025-10-20,09:00,Delhi,25.2,52,2.6,1016.2,0.0,3,176
2025-10-20,10:00,Bangalore,28.1,58,12.2,1007.7,0.0,5,77
2025-10-20,11:00,Chennai,31.4,66,8.9,1009.2,0.0,6,114
2025-10-20,12:00,Hyderabad,31.3,57,9.3,1010.3,0.0,8,90
2025-10-20,13:00,Mumbai,28.4,74,7.7,1012.0,0.0,7,82
2025-10-20,14:00,Delhi,24.9,52,3.1,1015.6,0.0,5,137
2025-10-20,15:00,Bangalore,25.0,57,11.2,1018.7,0.0,3,67
2025-10-20,16:00,Chennai,28.4,68,7.6,1009.3,0.0,3,59
2025-10-20,17:00,Hyderabad,27.2,53,5.7,1015.0,0.0,1,88
2025-10-20,18:00,Mumbai,23.9,66,8.8,1016.0,0.0,0,112
2025-10-20,19:00,Delhi,21.8,41,6.3,1021.6,0.0,0,172
2025-10-20,20:00,Bangalore,17.4,72,7.8,1016.8,0.0,0,101
2025-10-20,21:00,Chennai,21.7,79,3.3,1018.2,0.0,0,77
2025-10-20,22:00,Hyderabad,20.4,70,6.8,1018.0,0.0,0,61
2025-10-20,23:00,Mumbai,19.4,88,8.2,1016.4,0.0,0,93
2025-10-21,00:00,Delhi,19.4,51,7.6,1016.6,0.0,0,166
2025-10-21,01:00,Bangalore,18.4,72,11.6,1013.9,0.0,0,91
2025-10-21,02:00,Chennai,22.5,75,7.0,1019.6,0.0,0,84
2025-10-21,03:00,Hyderabad,22.5,53,8.7,1018.0,0.0,0,82
2025-10-21,04:00,Mumbai,24.6,70,10.6,1014.1,19.4,0,77
2025-10-21,05:00,Delhi,19.6,60,3.9,1017.5,22.2,0,156
2025-10-21,06:00,Bangalore,20.3,68,6.4,1017.9,23.5,0,60
2025-10-21,07:00,Chennai,28.2,75,8.7,1013.3,11.5,1,78
2025-10-21,08:00,Hyderabad,32.9,50,5.6,1010.6,0.0,2,84
2025-10-21,09:00,Mumbai,28.4,74,4.8,1012.0,0.0,4,94
2025-10-21,10:00,Delhi,27.7,46,3.4,1015.8,1.6,5,152
2025-10-21,11:00,Bangalore,28.4,51,7.9,1019.5,0.0,5,61
2025-10-21,12:00,Chennai,34.8,67,12.4,1010.5,9.5,9,84
2025-10-21,13:00,Hyderabad,31.2,52,9.0,1016.0,0.0,6,91
2025-10-21,14:00,Mumbai,27.9,71,4.9,1012.1,0.0,6,86
2025-10-21,15:00,Delhi,21.6,60,4.7,1014.0,0.0,4,150
2025-10-21,16:00,Bangalore,24.8,61,13.9,1016.9,0.0,3,67
2025-10-21,17:00,Chennai,25.1,68,13.2,1010.7,0.0,1,82
2025-10-21,18:00,Hyderabad,25.4,60,5.4,1014.1,0.0,0,93
2025-10-21,19:00,Mumbai,23.7,79,8.2,1012.3,0.0,0,98
2025-10-21,20:00,Delhi,19.2,48,2.7,1015.3,0.0,0,144
2025-10-21,21:00,Bangalore,15.4,76,8.5,1016.3,0.0,0,50
2025-10-21,22:00,Chennai,22.8,79,3.2,1011.9,0.0,0,55
2025-10-21,23:00,Hyderabad,20.8,69,5.8,1020.7,0.0,0,81
2025-10-22,00:00,Mumbai,21.4,80,6.8,1017.2,0.0,0,76
2025-10-22,01:00,Delhi,15.0,51,11.4,1012.2,0.0,0,156
2025-10-22,02:00,Bangalore,17.5,73,6.4,1018.8,0.0,0,76
2025-10-22,03:00,Chennai,21.0,90,16.7,1015.6,0.0,0,69
2025-10-22,04:00,Hyderabad,26.3,60,9.0,1017.8,0.0,0,97
2025-10-22,05:00,Mumbai,23.5,73,6.9,1017.7,0.0,0,96
2025-10-22,06:00,Delhi,23.4,56,6.9,1014.6,0.0,0,179
2025-10-22,07:00,Bangalore,24.1,62,11.5,1012.1,0.0,1,67
2025-10-22,08:00,Chennai,27.7,77,3.0,1012.5,0.0,2,96
2025-10-22,09:00,Hyderabad,32.0,51,5.8,1013.5,0.0,4,100
2025-10-22,10:00,Mumbai,30.9,70,5.4,1009.5,0.0,5,112
2025-10-22,11:00,Delhi,26.5,42,6.8,1018.3,0.0,6,159
2025-10-22,12:00,Bangalore,24.4,67,11.0,1018.2,0.0,9,55
2025-10-22,13:00,Chennai,31.6,67,7.0,1011.6,0.0,7,89
2025-10-22,14:00,Hyderabad,29.2,64,5.9,1014.9,0.0,5,92
2025-10-22,15:00,Mumbai,28.3,68,13.3,1017.3,9.6,3,78
2025-10-22,16:00,Delhi,23.0,51,3.6,1018.9,1.1,2,132
2025-10-22,17:00,Bangalore,21.9,66,10.3,1015.1,0.0,1,84
2025-10-22,18:00,Chennai,24.1,75,6.9,1014.0,0.0,0,94
2025-10-22,19:00,Hyderabad,26.6,51,7.8,1011.8,0.0,0,99
2025-10-22,20:00,Mumbai,21.6,73,4.9,1012.4,0.0,0,78
2025-10-22,21:00,Delhi,17.7,53,5.6,1017.2,0.0,0,138
2025-10-22,22:00,Bangalore,13.1,68,9.1,1019.4,0.0,0,62
2025-10-22,23:00,Chennai,23.1,67,7.9,1009.8,0.0,0,69
2025-10-23,00:00,Hyderabad,21.9,61,13.0,1017.0,0.0,0,74
2025-10-23,01:00,Mumbai,22.7,70,8.9,1017.7,0.0,0,76
2025-10-23,02:00,Delhi,18.6,46,12.2,1015.4,0.0,0,151
2025-10-23,03:00,Bangalore,18.4,68,7.4,1013.6,0.0,0,79
2025-10-23,04:00,Chennai,23.7,72,7.5,1019.3,0.0,0,67
2025-10-23,05:00,Hyderabad,28.2,54,5.8,1011.6,0.0,0,79
2025-10-23,06:00,Mumbai,25.7,73,5.7,1014.1,0.0,0,106
2025-10-23,07:00,Delhi,25.1,57,8.4,1014.2,0.0,2,141
2025-10-23,08:00,Bangalore,24.2,57,5.4,1015.0,16.5,2,94
2025-10-23,09:00,Chennai,32.7,60,8.2,1013.5,0.0,5,93
2025-10-23,10:00,Hyderabad,33.8,50,6.8,1013.0,0.0,5,100
2025-10-23,11:00,Mumbai,28.4,78,2.2,1007.5,0.0,6,89
2025-10-23,12:00,Delhi,26.6,54,1.9,1011.2,0.0,8,164
2025-10-23,13:00,Bangalore,25.1,69,7.3,1009.1,0.0,7,69
2025-10-23,14:00,Chennai,29.8,66,7.3,1015.6,0.0,5,48
2025-10-23,15:00,Hyderabad,29.0,60,7.8,1008.4,23.7,4,82
2025-10-23,16:00,Mumbai,27.5,76,3.8,1011.3,0.0,2,90
2025-10-23,17:00,Delhi,22.5,59,7.1,1013.8,0.0,0,168
2025-10-23,18:00,Bangalore,18.1,69,11.5,1016.0,0.0,0,87
2025-10-23,19:00,Chennai,22.3,74,4.9,1015.5,0.0,0,84
2025-10-23,20:00,Hyderabad,23.9,61,10.2,1016.3,0.0,0,97
2025-10-23,21:00,Mumbai,21.8,83,10.7,1017.8,0.0,0,86
2025-10-23,22:00,Delhi,16.4,58,7.9,1017.5,0.0,0,162
2025-10-23,23:00,Bangalore,15.6,67,5.3,1016.2,0.0,0,74
2025-10-24,00:00,Chennai,19.6,78,7.0,1012.5,0.0,0,88
2025-10-24,01:00,Hyderabad,19.9,56,8.3,1014.3,0.0,0,77
2025-10-24,02:00,Mumbai,24.2,67,0.9,1014.3,0.0,0,89
2025-10-24,03:00,Delhi,19.6,53,7.0,1016.5,0.0,0,139
2025-10-24,04:00,Bangalore,19.5,63,12.4,1017.7,0.0,0,59
2025-10-24,05:00,Chennai,23.7,79,5.8,1015.6,0.0,0,88
2025-10-24,06:00,Hyderabad,26.2,58,8.2,1015.4,0.0,0,101
2025-10-24,07:00,Mumbai,29.4,60,8.4,1010.9,0.0,1,96
2025-10-24,08:00,Delhi,25.6,39,11.2,1018.0,0.0,2,156
2025-10-24,09:00,Bangalore,25.7,59,8.7,1007.0,0.0,4,64
2025-10-24,10:00,Chennai,28.4,61,9.7,1012.1,0.0,4,96
2025-10-24,11:00,Hyderabad,30.4,55,12.9,1016.2,0.0,6,71
2025-10-24,12:00,Mumbai,27.2,66,8.0,1008.8,0.0,8,89
2025-10-24,13:00,Delhi,28.2,47,8.7,1013.1,0.0,6,167
2025-10-24,14:00,Bangalore,25.2,71,12.7,1018.5,0.0,5,58
2025-10-24,15:00,Chennai,28.6,68,8.4,1013.6,0.0,4,87
2025-10-24,16:00,Hyderabad,26.1,65,5.6,1014.1,0.0,1,79
2025-10-24,17:00,Mumbai,24.1,70,0.0,1012.1,0.0,0,104
2025-10-24,18:00,Delhi,17.9,55,5.1,1020.3,0.0,0,179
2025-10-24,19:00,Bangalore,21.0,72,6.0,1014.2,21.7,0,90
2025-10-24,20:00,Chennai,22.6,70,1.1,1016.5,0.0,0,73
2025-10-24,21:00,Hyderabad,22.1,62,12.9,1009.4,0.0,0,79
2025-10-24,22:00,Mumbai,19.3,82,10.6,1013.2,0.0,0,88
2025-10-24,23:00,Delhi,13.1,64,11.9,1017.6,0.0,0,158
2025-10-25,00:00,Bangalore,15.8,82,5.5,1015.2,0.0,0,80
2025-10-25,01:00,Chennai,23.6,65,7.9,1016.3,0.0,0,87
2025-10-25,02:00,Hyderabad,23.4,52,11.2,1017.1,0.0,0,79
2025-10-25,03:00,Mumbai,23.2,71,5.7,1017.3,0.0,0,110
2025-10-25,04:00,Delhi,20.1,46,10.3,1019.7,0.0,0,149
2025-10-25,05:00,Bangalore,22.7,63,10.4,1019.3,0.0,0,61
2025-10-25,06:00,Chennai,28.1,64,7.6,1012.5,0.0,0,63
2025-10-25,07:00,Hyderabad,28.4,54,9.0,1009.6,0.0,0,71
2025-10-25,08:00,Mumbai,27.5,75,9.0,1014.6,0.0,3,110
2025-10-25,09:00,Delhi,28.0,43,7.9,1016.4,0.0,3,150
2025-10-25,10:00,Bangalore,24.5,66,6.3,1016.3,0.0,5,93
2025-10-25,11:00,Chennai,31.1,61,13.9,1009.6,4.5,8,89
2025-10-25,12:00,Hyderabad,32.8,57,8.6,1012.1,0.0,9,78
2025-10-25,13:00,Mumbai,28.4,73,13.3,1014.1,0.0,6,69
2025-10-25,14:00,Delhi,26.1,42,6.5,1015.0,12.1,5,162
2025-10-25,15:00,Bangalore,21.7,74,5.6,1015.1,0.0,3,80
2025-10-25,16:00,Chennai,26.2,78,11.2,1010.6,0.0,2,75
2025-10-25,17:00,Hyderabad,25.9,57,9.1,1011.5,23.3,1,89
2025-10-25,18:00,Mumbai,22.3,78,8.8,1013.6,0.0,0,103
2025-10-25,19:00,Delhi,20.5,61,11.1,1013.3,0.0,0,134
2025-10-25,20:00,Bangalore,15.9,68,5.6,1017.5,0.0,0,90
2025-10-25,21:00,Chennai,21.1,71,2.0,1012.4,0.0,0,80
2025-10-25,22:00,Hyderabad,22.1,51,5.3,1016.4,0.0,0,62
2025-10-25,23:00,Mumbai,20.6,80,7.7,1019.5,0.0,0,96
2025-10-26,00:00,Delhi,18.0,48,7.0,1015.8,0.0,0,149
2025-10-26,01:00,Bangalore,16.1,80,1.6,1017.1,0.0,0,64
2025-10-26,02:00,Chennai,19.2,80,8.8,1011.4,0.0,0,80
2025-10-26,03:00,Hyderabad,25.6,65,2.0,1022.2,0.0,0,80
2025-10-26,04:00,Mumbai,22.0,74,8.1,1012.3,0.0,0,84
2025-10-26,05:00,Delhi,24.6,45,11.3,1014.5,0.0,0,144
2025-10-26,06:00,Bangalore,20.0,66,7.4,1010.4,0.0,0,63
2025-10-26,07:00,Chennai,27.2,68,8.9,1015.7,0.0,1,88
2025-10-26,08:00,Hyderabad,31.6,51,12.5,1013.3,0.0,1,120
2025-10-26,09:00,Mumbai,29.8,64,8.6,1010.7,0.0,3,93
2025-10-26,10:00,Delhi,26.2,48,11.1,1018.0,0.0,5,190
2025-10-26,11:00,Bangalore,26.1,64,11.9,1021.5,0.0,6,71
2025-10-26,12:00,Chennai,29.2,70,8.4,1018.6,0.0,8,75
2025-10-26,13:00,Hyderabad,32.0,50,7.7,1008.1,0.0,6,95
2025-10-26,14:00,Mumbai,27.7,67,10.4,1018.6,0.0,5,90
2025-10-26,15:00,Delhi,24.8,48,6.5,1011.3,0.0,4,151
2025-10-26,16:00,Bangalore,21.7,72,10.1,1012.5,0.0,2,81
2025-10-26,17:00,Chennai,24.9,69,5.6,1012.7,0.0,1,114
2025-10-26,18:00,Hyderabad,25.6,51,8.2,1010.2,0.0,0,94
2025-10-26,19:00,Mumbai,19.7,76,6.1,1015.4,0.0,0,92
2025-10-26,20:00,Delhi,19.1,49,7.5,1018.6,0.0,0,174
2025-10-26,21:00,Bangalore,15.4,58,16.4,1023.7,0.0,0,64
2025-10-26,22:00,Chennai,19.5,85,9.3,1012.4,0.0,0,57
2025-10-26,23:00,Hyderabad,21.6,67,3.1,1015.8,0.0,0,92
2025-10-27,00:00,Mumbai,21.4,88,9.1,1015.3,0.0,0,116
2025-10-27,01:00,Delhi,15.3,46,9.7,1016.6,0.0,0,153
2025-10-27,02:00,Bangalore,14.5,77,9.1,1020.4,0.0,0,80
2025-10-27,03:00,Chennai,22.2,71,8.9,1015.9,0.0,0,42
2025-10-27,04:00,Hyderabad,26.2,60,4.5,1011.4,0.0,0,86
2025-10-27,05:00,Mumbai,24.4,69,6.9,1014.5,0.0,0,80
2025-10-27,06:00,Delhi,24.2,49,11.2,1018.5,0.0,0,152
2025-10-27,07:00,Bangalore,24.3,63,5.7,1013.8,0.0,1,61
2025-10-27,08:00,Chennai,29.3,68,9.7,1017.8,0.0,2,85
2025-10-27,09:00,Hyderabad,31.2,45,6.8,1015.5,0.0,4,88
2025-10-27,10:00,Mumbai,30.4,68,7.7,1013.1,0.0,5,103
2025-10-27,11:00,Delhi,27.9,48,11.6,1012.0,0.0,6,146
2025-10-27,12:00,Bangalore,24.0,67,8.1,1019.0,0.0,7,46
2025-10-27,13:00,Chennai,29.6,63,12.1,1013.3,0.0,6,62
2025-10-27,14:00,Hyderabad,29.0,48,9.8,1012.8,0.0,5,77
2025-10-27,15:00,Mumbai,30.1,77,7.7,1014.0,0.0,3,103
2025-10-27,16:00,Delhi,23.0,47,8.4,1014.5,0.0,2,165
2025-10-27,17:00,Bangalore,17.2,63,16.3,1019.1,0.0,0,77
2025-10-27,18:00,Chennai,22.4,72,4.1,1013.1,0.0,0,98
2025-10-27,19:00,Hyderabad,25.1,62,5.9,1012.2,0.0,0,77
2025-10-27,20:00,Mumbai,21.5,89,11.5,1015.8,19.4,0,103
2025-10-27,21:00,Delhi,14.1,52,8.5,1024.1,0.0,0,124
2025-10-27,22:00,Bangalore,16.8,67,2.5,1014.7,0.0,0,69
2025-10-27,23:00,Chennai,20.0,69,12.7,1013.1,23.3,0,86
2025-10-28,00:00,Hyderabad,18.4,63,12.2,1022.7,8.6,0,82
2025-10-28,01:00,Mumbai,20.5,71,4.7,1014.9,0.0,0,86
2025-10-28,02:00,Delhi,14.4,55,9.9,1016.8,0.0,0,137
2025-10-28,03:00,Bangalore,15.3,74,6.3,1015.4,0.0,0,75
2025-10-28,04:00,Chennai,24.3,74,7.8,1011.0,0.0,0,74
2025-10-28,05:00,Hyderabad,26.9,51,4.4,1010.0,0.0,0,72
2025-10-28,06:00,Mumbai,24.4,78,8.3,1015.6,0.0,0,104
2025-10-28,07:00,Delhi,23.4,49,12.9,1015.4,0.0,0,154
2025-10-28,08:00,Bangalore,26.5,66,8.9,1012.2,0.0,2,76
2025-10-28,09:00,Chennai,31.5,74,6.8,1017.1,0.0,4,98
2025-10-28,10:00,Hyderabad,31.3,55,4.2,1016.4,0.0,5,94
2025-10-28,11:00,Mumbai,29.1,76,12.2,1009.8,0.0,6,64
2025-10-28,12:00,Delhi,24.7,52,10.1,1014.1,0.0,8,159
2025-10-28,13:00,Bangalore,24.3,66,6.3,1016.8,0.0,6,62
2025-10-28,14:00,Chennai,29.4,69,7.4,1012.4,0.0,4,69
2025-10-28,15:00,Hyderabad,27.3,56,7.4,1020.8,24.3,4,82
2025-10-28,16:00,Mumbai,27.4,67,11.0,1012.6,0.0,2,94
2025-10-28,17:00,Delhi,22.0,56,8.5,1014.6,0.0,1,178
2025-10-28,18:00,Bangalore,18.6,68,6.6,1017.4,19.7,0,57
2025-10-28,19:00,Chennai,22.7,74,6.5,1013.1,0.0,0,97
2025-10-28,20:00,Hyderabad,21.7,63,6.7,1019.5,0.0,0,81
2025-10-28,21:00,Mumbai,20.7,81,4.3,1017.9,0.0,0,86
2025-10-28,22:00,Delhi,16.7,60,7.7,1021.1,0.0,0,148
2025-10-28,23:00,Bangalore,16.6,64,6.9,1014.0,0.0,0,71
2025-10-29,00:00,Chennai,19.7,78,4.3,1020.0,0.0,0,71
2025-10-29,01:00,Hyderabad,21.5,65,2.0,1017.0,0.0,0,87
2025-10-29,02:00,Mumbai,21.4,78,7.1,1016.9,0.0,0,69
2025-10-29,03:00,Delhi,21.2,48,9.5,1015.8,0.0,0,131
2025-10-29,04:00,Bangalore,20.2,56,8.1,1016.3,0.0,0,54
2025-10-29,05:00,Chennai,24.7,69,12.4,1017.8,0.0,0,86
2025-10-29,06:00,Hyderabad,29.1,55,6.4,1011.3,0.0,0,60
2025-10-29,07:00,Mumbai,26.4,81,6.3,1020.6,0.0,1,97
2025-10-29,08:00,Delhi,25.4,52,7.7,1009.4,7.8,2,166
2025-10-29,09:00,Bangalore,25.5,68,5.6,1014.2,0.0,4,66
2025-10-29,10:00,Chennai,33.6,69,6.4,1012.0,0.0,5,82
2025-10-29,11:00,Hyderabad,32.9,60,8.9,1015.4,0.0,6,94
2025-10-29,12:00,Mumbai,27.8,67,7.3,1016.6,2.4,7,86
2025-10-29,13:00,Delhi,26.5,40,6.8,1015.0,0.0,6,146
2025-10-29,14:00,Bangalore,23.6,58,8.5,1019.5,0.0,4,64
2025-10-29,15:00,Chennai,27.0,69,11.6,1008.5,0.0,3,75
2025-10-29,16:00,Hyderabad,25.4,59,6.6,1013.5,15.0,3,72
2025-10-29,17:00,Mumbai,24.1,73,8.2,1016.8,0.0,0,119
2025-10-29,18:00,Delhi,17.2,50,10.4,1013.0,0.0,0,154
2025-10-29,19:00,Bangalore,20.0,64,5.7,1010.6,0.0,0,80
2025-10-29,20:00,Chennai,20.4,81,5.6,1019.1,0.0,0,91
2025-10-29,21:00,Hyderabad,23.1,60,6.4,1018.1,0.0,0,70
2025-10-29,22:00,Mumbai,20.5,82,11.5,1015.2,0.0,0,81
2025-10-29,23:00,Delhi,14.8,53,9.6,1020.4,0.0,0,140
2025-10-30,00:00,Bangalore,15.6,75,12.1,1015.7,0.0,0,70
2025-10-30,01:00,Chennai,22.9,76,9.0,1014.3,0.0,0,67
2025-10-30,02:00,Hyderabad,24.1,48,9.4,1013.7,0.0,0,70
2025-10-30,03:00,Mumbai,22.3,67,9.5,1016.1,0.0,0,77
2025-10-30,04:00,Delhi,20.2,59,8.5,1014.6,0.0,0,166
2025-10-30,05:00,Bangalore,21.2,71,5.2,1017.7,0.0,0,57
2025-10-30,06:00,Chennai,25.5,66,13.2,1012.6,0.0,0,86
2025-10-30,07:00,Hyderabad,28.7,48,6.9,1011.1,0.0,1,88
2025-10-30,08:00,Mumbai,28.8,68,4.1,1013.9,0.0,2,93
2025-10-30,09:00,Delhi,24.5,54,2.8,1012.1,0.0,3,164
2025-10-30,10:00,Bangalore,24.8,66,10.5,1017.1,0.0,5,90
2025-10-30,11:00,Chennai,27.0,64,9.0,1014.9,0.0,6,73
2025-10-30,12:00,Hyderabad,30.5,58,10.9,1014.1,0.0,7,76
2025-10-30,13:00,Mumbai,30.1,63,7.9,1019.6,0.0,5,130
2025-10-30,14:00,Delhi,20.9,52,8.3,1015.2,0.0,5,153
2025-10-30,15:00,Bangalore,20.6,70,2.7,1020.8,0.0,3,75
2025-10-30,16:00,Chennai,27.0,75,10.3,1013.5,0.0,3,80
2025-10-30,17:00,Hyderabad,24.9,54,8.3,1014.6,0.0,0,107
2025-10-30,18:00,Mumbai,22.7,72,6.5,1017.3,0.0,0,128
2025-10-30,19:00,Delhi,17.9,51,8.6,1012.9,0.0,0,162
2025-10-30,20:00,Bangalore,16.9,72,6.7,1013.1,0.0,0,91
2025-10-30,21:00,Chennai,19.0,76,8.2,1019.9,0.0,0,63
2025-10-30,22:00,Hyderabad,22.6,51,6.9,1013.3,0.0,0,47
2025-10-30,23:00,Mumbai,21.6,77,14.7,1016.9,0.0,0,88
2025-10-31,00:00,Delhi,14.8,57,8.2,1017.9,0.0,0,150
2025-10-31,01:00,Bangalore,15.6,79,10.9,1020.2,2.2,0,56
2025-10-31,02:00,Chennai,21.4,77,8.6,1013.7,0.0,0,66
2025-10-31,03:00,Hyderabad,27.1,71,8.8,1015.7,0.0,0,88
2025-10-31,04:00,Mumbai,21.5,75,10.1,1017.3,0.0,0,115
2025-10-31,05:00,Delhi,23.0,52,7.9,1017.3,0.0,0,153
2025-10-31,06:00,Bangalore,20.6,67,3.6,1013.2,19.9,0,66
2025-10-31,07:00,Chennai,24.6,78,7.1,1018.5,0.0,0,89
2025-10-31,08:00,Hyderabad,30.9,50,11.4,1011.2,9.6,2,97
2025-10-31,09:00,Mumbai,29.0,63,6.2,1014.6,7.9,4,104
2025-10-31,10:00,Delhi,28.2,53,11.9,1012.2,0.0,6,176
2025-10-31,11:00,Bangalore,23.2,60,9.3,1013.4,0.0,5,71
2025-10-31,12:00,Chennai,31.1,64,13.5,1011.9,0.0,8,75
2025-10-31,13:00,Hyderabad,28.4,57,9.8,1013.3,0.0,7,86
2025-10-31,14:00,Mumbai,27.6,69,5.9,1011.1,0.0,5,83
2025-10-31,15:00,Delhi,23.2,55,9.3,1016.8,0.0,3,140
2025-10-31,16:00,Bangalore,20.2,64,9.6,1019.0,0.0,3,57
2025-10-31,17:00,Chennai,23.2,70,10.8,1011.9,0.0,1,82
2025-10-31,18:00,Hyderabad,26.1,60,12.7,1015.6,5.7,0,96
2025-10-31,19:00,Mumbai,19.7,73,7.7,1017.4,0.0,0,125
2025-10-31,20:00,Delhi,18.1,58,7.8,1014.5,0.0,0,160
2025-10-31,21:00,Bangalore,18.3,65,12.6,1015.7,0.0,0,78
2025-10-31,22:00,Chennai,20.4,80,6.0,1015.6,0.0,0,67
2025-10-31,23:00,Hyderabad,22.2,60,8.8,1019.8,0.0,0,57
2025-11-01,00:00,Mumbai,20.9,75,10.7,1015.1,0.0,0,125
2025-11-01,01:00,Delhi,15.5,47,13.0,1022.6,0.0,0,192
2025-11-01,02:00,Bangalore,16.1,64,9.8,1012.6,0.0,0,104
2025-11-01,03:00,Chennai,20.8,80,7.2,1013.0,1.3,0,137
2025-11-01,04:00,Hyderabad,25.1,58,8.1,1015.1,0.0,0,125
2025-11-01,05:00,Mumbai,25.0,62,4.2,1015.6,0.0,0,133
2025-11-01,06:00,Delhi,21.4,49,9.4,1019.1,0.0,1,209
2025-11-01,07:00,Bangalore,23.9,62,8.2,1016.4,0.0,1,99
2025-11-01,08:00,Chennai,28.4,72,5.3,1013.9,8.1,2,119
2025-11-01,09:00,Hyderabad,28.8,54,2.8,1011.7,0.0,4,130
2025-11-01,10:00,Mumbai,27.7,65,9.5,1014.8,0.0,5,169
2025-11-01,11:00,Delhi,25.6,43,5.2,1018.9,0.0,6,182
2025-11-01,12:00,Bangalore,24.3,55,6.2,1014.0,22.0,7,109
2025-11-01,13:00,Chennai,28.4,70,7.6,1012.2,0.0,6,126
2025-11-01,14:00,Hyderabad,31.4,53,3.8,1013.4,0.0,4,136
2025-11-01,15:00,Mumbai,28.0,68,6.1,1022.3,0.0,4,131
2025-11-01,16:00,Delhi,21.1,48,7.1,1014.9,0.0,3,191
2025-11-01,17:00,Bangalore,16.7,75,11.9,1016.8,0.0,1,134
2025-11-01,18:00,Chennai,25.2,75,4.2,1009.5,0.0,0,160
2025-11-01,19:00,Hyderabad,24.9,56,6.6,1015.7,0.0,0,151
2025-11-01,20:00,Mumbai,22.1,79,8.1,1017.7,0.0,0,150
2025-11-01,21:00,Delhi,18.2,51,6.3,1017.8,0.0,0,179
2025-11-01,22:00,Bangalore,15.6,74,13.9,1020.8,0.0,0,108
2025-11-01,23:00,Chennai,18.8,73,5.1,1017.6,0.0,0,93
2025-11-02,00:00,Hyderabad,20.5,64,5.9,1018.5,0.0,0,125
2025-11-02,01:00,Mumbai,22.2,78,3.0,1018.7,0.0,0,124
2025-11-02,02:00,Delhi,19.3,55,6.3,1013.9,0.0,0,182
2025-11-02,03:00,Bangalore,18.0,61,10.4,1017.9,0.0,0,108
2025-11-02,04:00,Chennai,23.8,73,9.0,1014.0,0.0,0,109
2025-11-02,05:00,Hyderabad,24.3,62,1.8,1008.1,0.0,0,104
2025-11-02,06:00,Mumbai,25.1,62,2.4,1016.2,0.0,0,132
2025-11-02,07:00,Delhi,24.0,41,5.9,1015.5,0.0,1,209
2025-11-02,08:00,Bangalore,20.9,62,9.3,1012.6,0.0,1,124
2025-11-02,09:00,Chennai,28.8,72,8.7,1009.9,0.0,3,127
2025-11-02,10:00,Hyderabad,28.7,57,9.0,1018.2,0.0,5,132
2025-11-02,11:00,Mumbai,29.8,65,11.6,1011.8,0.0,5,128
2025-11-02,12:00,Delhi,26.6,43,6.2,1014.6,4.6,8,193
2025-11-02,13:00,Bangalore,23.0,70,11.5,1013.4,0.0,5,109
2025-11-02,14:00,Chennai,29.7,61,5.2,1015.6,0.0,5,110
2025-11-02,15:00,Hyderabad,28.3,54,12.1,1016.4,0.0,4,113
2025-11-02,16:00,Mumbai,23.1,77,5.1,1012.2,0.0,1,137
2025-11-02,17:00,Delhi,17.4,46,10.4,1018.1,0.0,1,210
2025-11-02,18:00,Bangalore,19.1,70,3.0,1010.9,0.0,0,122
2025-11-02,19:00,Chennai,20.6,70,5.9,1018.0,0.0,0,143
2025-11-02,20:00,Hyderabad,22.2,60,5.9,1016.2,0.0,0,153
2025-11-02,21:00,Mumbai,21.8,75,9.1,1011.2,0.0,0,133
2025-11-02,22:00,Delhi,15.3,57,11.6,1012.2,0.0,0,189
2025-11-02,23:00,Bangalore,14.9,68,9.7,1015.5,0.0,0,94
2025-11-03,00:00,Chennai,19.1,81,8.2,1014.3,3.5,0,110
2025-11-03,01:00,Hyderabad,20.3,62,8.7,1017.8,0.0,0,142
2025-11-03,02:00,Mumbai,18.4,86,5.2,1018.1,0.0,0,136
2025-11-03,03:00,Delhi,17.8,56,7.4,1017.7,0.0,0,193
2025-11-03,04:00,Bangalore,18.7,73,2.9,1015.1,0.0,0,116
2025-11-03,05:00,Chennai,26.5,72,10.7,1014.5,0.0,0,113
2025-11-03,06:00,Hyderabad,23.3,49,5.3,1011.6,0.0,0,116
2025-11-03,07:00,Mumbai,25.9,77,4.7,1019.2,0.0,1,132
2025-11-03,08:00,Delhi,23.1,53,9.7,1014.0,23.2,2,211
2025-11-03,09:00,Bangalore,24.2,61,9.7,1016.8,0.0,3,136
2025-11-03,10:00,Chennai,29.2,59,3.8,1010.4,0.0,5,114
2025-11-03,11:00,Hyderabad,27.5,64,4.4,1014.8,0.0,6,127
2025-11-03,12:00,Mumbai,28.3,66,10.9,1013.1,10.9,8,134
2025-11-03,13:00,Delhi,24.2,41,6.3,1012.7,7.8,7,188
2025-11-03,14:00,Bangalore,27.0,63,8.4,1013.6,0.0,5,118
2025-11-03,15:00,Chennai,29.4,66,5.9,1012.2,0.0,3,109
2025-11-03,16:00,Hyderabad,29.1,53,10.1,1019.8,0.0,3,144
2025-11-03,17:00,Mumbai,24.2,71,13.1,1009.6,0.0,1,154
2025-11-03,18:00,Delhi,18.4,57,4.9,1012.4,0.0,0,212
2025-11-03,19:00,Bangalore,15.7,75,10.7,1016.0,0.0,0,119
2025-11-03,20:00,Chennai,21.2,76,3.5,1016.1,0.0,0,136
2025-11-03,21:00,Hyderabad,19.0,60,6.6,1009.1,0.0,0,120
2025-11-03,22:00,Mumbai,19.4,75,5.6,1017.2,0.0,0,125
2025-11-03,23:00,Delhi,18.5,58,7.7,1017.8,0.0,0,204
2025-11-04,00:00,Bangalore,16.6,63,13.8,1021.9,0.0,0,101
2025-11-04,01:00,Chennai,18.5,75,5.9,1020.5,0.0,0,121
2025-11-04,02:00,Hyderabad,20.6,63,9.6,1011.9,0.0,0,119
2025-11-04,03:00,Mumbai,24.1,78,8.1,1010.9,0.0,0,155
2025-11-04,04:00,Delhi,21.0,46,5.2,1017.5,0.0,0,208
2025-11-04,05:00,Bangalore,17.8,71,11.0,1014.8,0.0,0,119
2025-11-04,06:00,Chennai,26.6,74,13.1,1015.6,0.0,0,133
2025-11-04,07:00,Hyderabad,27.6,62,1.1,1013.6,11.8,1,142
2025-11-04,08:00,Mumbai,28.2,73,9.7,1008.1,0.0,2,135
2025-11-04,09:00,Delhi,24.5,50,7.0,1013.1,0.0,3,217
2025-11-04,10:00,Bangalore,24.1,65,8.7,1015.6,0.0,5,122
2025-11-04,11:00,Chennai,31.7,63,6.1,1013.7,0.0,6,116
2025-11-04,12:00,Hyderabad,28.5,47,8.1,1015.4,0.0,7,113
2025-11-04,13:00,Mumbai,28.8,65,6.9,1020.5,0.0,6,130
2025-11-04,14:00,Delhi,24.5,45,7.2,1018.2,0.0,5,191
2025-11-04,15:00,Bangalore,19.4,66,10.2,1014.1,0.0,3,97
2025-11-04,16:00,Chennai,26.3,73,7.0,1017.7,0.0,2,104
2025-11-04,17:00,Hyderabad,23.2,54,3.9,1013.9,0.0,1,131
2025-11-04,18:00,Mumbai,23.2,78,5.0,1015.4,6.9,0,152
2025-11-04,19:00,Delhi,17.8,57,9.7,1020.7,0.0,0,214
2025-11-04,20:00,Bangalore,18.6,68,5.3,1013.4,0.0,0,125
2025-11-04,21:00,Chennai,22.4,92,7.7,1015.3,0.0,0,105
2025-11-04,22:00,Hyderabad,22.1,62,8.4,1021.5,0.0,0,127
2025-11-04,23:00,Mumbai,17.5,70,5.3,1018.4,0.0,0,128
2025-11-05,00:00,Delhi,18.0,53,8.1,1015.1,0.0,0,200
2025-11-05,01:00,Bangalore,16.1,72,12.4,1015.6,0.0,0,109
2025-11-05,02:00,Chennai,19.3,75,5.1,1021.5,0.0,0,107
2025-11-05,03:00,Hyderabad,21.9,65,10.6,1015.6,0.0,0,121
2025-11-05,04:00,Mumbai,21.9,83,7.8,1016.2,0.0,0,136
2025-11-05,05:00,Delhi,20.3,55,5.8,1015.4,0.0,0,208
2025-11-05,06:00,Bangalore,23.4,61,8.7,1017.7,0.0,0,118
2025-11-05,07:00,Chennai,29.6,72,3.5,1015.9,0.0,0,124
2025-11-05,08:00,Hyderabad,29.0,61,8.8,1011.7,0.0,3,144
2025-11-05,09:00,Mumbai,29.0,60,10.1,1009.5,0.0,2,141
2025-11-05,10:00,Delhi,27.4,39,5.7,1008.5,0.0,4,200
2025-11-05,11:00,Bangalore,24.9,62,7.8,1015.4,0.0,6,95
2025-11-05,12:00,Chennai,28.1,76,11.5,1012.9,0.0,8,116
2025-11-05,13:00,Hyderabad,31.8,52,10.7,1008.7,0.0,6,124
2025-11-05,14:00,Mumbai,26.3,73,11.1,1015.1,0.0,4,123
2025-11-05,15:00,Delhi,24.7,45,7.5,1017.9,0.0,4,160
2025-11-05,16:00,Bangalore,18.2,66,10.4,1023.6,0.0,1,105
2025-11-05,17:00,Chennai,24.7,67,11.7,1016.9,0.0,1,116
2025-11-05,18:00,Hyderabad,28.9,55,6.2,1012.7,0.0,0,131
2025-11-05,19:00,Mumbai,21.0,69,9.0,1014.1,0.0,0,158
2025-11-05,20:00,Delhi,14.9,55,10.1,1017.2,0.0,0,214
2025-11-05,21:00,Bangalore,13.3,74,6.5,1023.1,0.0,0,107
2025-11-05,22:00,Chennai,21.8,75,7.5,1016.8,0.0,0,115
2025-11-05,23:00,Hyderabad,18.3,63,8.4,1018.9,6.5,0,116
2025-11-06,00:00,Mumbai,18.9,84,10.2,1017.0,0.0,0,142
2025-11-06,01:00,Delhi,15.0,60,2.8,1022.0,0.0,0,187
2025-11-06,02:00,Bangalore,14.2,72,11.1,1018.8,0.0,0,90
2025-11-06,03:00,Chennai,23.3,60,11.3,1013.5,0.0,0,109
2025-11-06,04:00,Hyderabad,26.0,59,7.0,1016.5,0.0,0,127
2025-11-06,05:00,Mumbai,25.8,80,7.9,1016.6,0.0,0,108
2025-11-06,06:00,Delhi,23.0,47,12.7,1017.6,0.0,0,183
2025-11-06,07:00,Bangalore,22.7,68,7.6,1014.1,0.0,0,135
2025-11-06,08:00,Chennai,26.9,60,4.6,1017.2,0.0,2,132
2025-11-06,09:00,Hyderabad,29.5,54,7.2,1018.2,0.0,4,147
2025-11-06,10:00,Mumbai,25.9,73,11.2,1017.3,0.0,5,137
2025-11-06,11:00,Delhi,25.3,42,13.9,1013.4,0.0,5,193
2025-11-06,12:00,Bangalore,23.3,75,9.5,1012.8,0.0,8,112
2025-11-06,13:00,Chennai,26.3,65,15.0,1009.2,0.0,7,110
2025-11-06,14:00,Hyderabad,28.0,52,10.1,1011.0,0.0,5,141
2025-11-06,15:00,Mumbai,26.1,80,13.4,1017.8,0.0,3,124
2025-11-06,16:00,Delhi,19.9,53,6.1,1013.9,0.0,3,197
2025-11-06,17:00,Bangalore,17.1,72,6.7,1016.4,0.0,0,110
2025-11-06,18:00,Chennai,24.0,70,1.5,1017.0,0.0,0,139
2025-11-06,19:00,Hyderabad,20.7,58,7.8,1019.2,10.8,0,139
2025-11-06,20:00,Mumbai,20.7,69,0.5,1015.0,0.0,0,148
2025-11-06,21:00,Delhi,15.4,59,7.5,1013.8,0.0,0,179
2025-11-06,22:00,Bangalore,14.2,74,11.1,1014.3,17.8,0,108
2025-11-06,23:00,Chennai,21.6,71,7.2,1013.3,12.3,0,111
2025-11-07,00:00,Hyderabad,21.3,57,2.6,1013.7,0.0,0,110
2025-11-07,01:00,Mumbai,17.9,90,8.6,1019.3,0.0,0,132
2025-11-07,02:00,Delhi,19.9,53,4.7,1017.1,0.0,0,196
2025-11-07,03:00,Bangalore,15.2,66,5.4,1021.6,0.0,0,125
2025-11-07,04:00,Chennai,22.2,72,9.4,1019.2,14.9,0,109
2025-11-07,05:00,Hyderabad,25.2,59,2.9,1012.4,0.0,0,124
2025-11-07,06:00,Mumbai,25.7,75,1.7,1010.5,17.5,0,138
2025-11-07,07:00,Delhi,26.1,45,3.5,1015.5,0.0,0,179
2025-11-07,08:00,Bangalore,22.1,59,12.8,1013.2,0.0,2,112
2025-11-07,09:00,Chennai,28.6,75,2.9,1008.9,0.0,4,138
2025-11-07,10:00,Hyderabad,31.1,55,7.2,1014.3,0.0,5,132
2025-11-07,11:00,Mumbai,30.9,70,10.7,1012.3,0.0,6,136
2025-11-07,12:00,Delhi,24.6,58,12.3,1017.0,0.0,7,170
2025-11-07,13:00,Bangalore,21.7,64,10.8,1013.8,0.0,6,81
2025-11-07,14:00,Chennai,30.6,73,11.0,1015.4,0.0,6,125
2025-11-07,15:00,Hyderabad,28.4,54,8.4,1013.0,0.0,4,101
2025-11-07,16:00,Mumbai,26.1,63,10.1,1022.6,0.0,1,124
2025-11-07,17:00,Delhi,23.4,55,11.0,1015.3,0.0,0,201
2025-11-07,18:00,Bangalore,18.7,73,3.3,1018.2,0.0,0,108
2025-11-07,19:00,Chennai,22.1,75,7.8,1015.0,0.0,0,131
2025-11-07,20:00,Hyderabad,20.7,60,6.0,1022.1,0.0,0,117
2025-11-07,21:00,Mumbai,22.0,79,14.0,1014.8,0.0,0,125
2025-11-07,22:00,Delhi,17.7,52,7.5,1012.1,0.0,0,194
2025-11-07,23:00,Bangalore,14.9,66,11.6,1015.9,21.8,0,89
2025-11-08,00:00,Chennai,18.7,84,7.2,1018.4,0.0,0,103
2025-11-08,01:00,Hyderabad,22.2,59,6.9,1015.7,14.4,0,134
2025-11-08,02:00,Mumbai,22.1,78,13.6,1008.8,0.0,0,147
2025-11-08,03:00,Delhi,17.7,52,17.2,1020.1,0.0,0,204
2025-11-08,04:00,Bangalore,18.6,64,12.2,1021.6,0.0,0,80
2025-11-08,05:00,Chennai,27.2,71,8.2,1011.3,10.7,0,126
2025-11-08,06:00,Hyderabad,24.6,58,7.2,1018.7,0.0,0,107
2025-11-08,07:00,Mumbai,26.5,76,1.8,1014.7,0.0,1,122
2025-11-08,08:00,Delhi,23.8,52,7.0,1014.1,0.0,2,211
2025-11-08,09:00,Bangalore,24.5,59,8.4,1014.2,0.0,2,127
2025-11-08,10:00,Chennai,31.4,69,14.2,1011.0,0.0,6,131
2025-11-08,11:00,Hyderabad,29.4,44,9.5,1015.9,0.0,6,144
2025-11-08,12:00,Mumbai,27.2,67,10.4,1014.4,0.0,8,131
2025-11-08,13:00,Delhi,23.0,54,11.6,1011.8,0.0,6,203
2025-11-08,14:00,Bangalore,23.4,58,12.7,1017.9,0.0,4,94
2025-11-08,15:00,Chennai,29.1,63,7.1,1012.9,0.0,4,117
2025-11-08,16:00,Hyderabad,27.5,53,7.0,1012.2,0.0,2,105
2025-11-08,17:00,Mumbai,20.8,81,9.5,1017.2,0.0,1,146
2025-11-08,18:00,Delhi,19.9,47,6.9,1014.2,0.0,0,202
2025-11-08,19:00,Bangalore,18.9,63,8.5,1014.1,0.0,0,147
2025-11-08,20:00,Chennai,19.0,73,15.0,1020.0,1.8,0,107
2025-11-08,21:00,Hyderabad,20.5,75,7.9,1017.3,0.0,0,132
2025-11-08,22:00,Mumbai,18.7,79,4.8,1018.4,0.0,0,123
2025-11-08,23:00,Delhi,14.1,56,5.6,1024.2,0.0,0,175
2025-11-09,00:00,Bangalore,13.9,65,9.8,1015.0,0.0,0,99
2025-11-09,01:00,Chennai,20.6,78,8.9,1016.2,0.0,0,104
2025-11-09,02:00,Hyderabad,20.8,64,9.7,1017.2,0.0,0,118
2025-11-09,03:00,Mumbai,22.0,81,4.3,1018.3,0.0,0,141
2025-11-09,04:00,Delhi,18.7,54,8.0,1011.5,0.0,0,171
2025-11-09,05:00,Bangalore,20.6,70,6.9,1018.7,0.0,0,86
2025-11-09,06:00,Chennai,25.9,71,8.3,1011.5,0.0,0,116
2025-11-09,07:00,Hyderabad,30.7,54,5.7,1016.8,0.0,1,123
2025-11-09,08:00,Mumbai,30.7,81,10.8,1012.0,0.0,2,128
2025-11-09,09:00,Delhi,23.6,54,2.9,1016.5,0.0,4,202
2025-11-09,10:00,Bangalore,23.5,64,9.8,1014.3,0.0,4,121
2025-11-09,11:00,Chennai,29.6,70,9.6,1013.6,0.0,6,112
2025-11-09,12:00,Hyderabad,29.5,42,7.8,1021.2,0.0,8,110
2025-11-09,13:00,Mumbai,27.8,68,7.2,1011.7,0.0,6,146
2025-11-09,14:00,Delhi,25.8,63,7.7,1013.2,0.0,4,180
2025-11-09,15:00,Bangalore,19.8,64,7.7,1019.7,0.0,3,104
2025-11-09,16:00,Chennai,25.4,78,9.4,1011.1,0.0,3,113
2025-11-09,17:00,Hyderabad,24.9,62,7.2,1016.0,0.0,0,124
2025-11-09,18:00,Mumbai,21.8,73,6.2,1021.0,0.0,0,157
2025-11-09,19:00,Delhi,17.6,54,10.8,1017.9,0.0,0,192
2025-11-09,20:00,Bangalore,15.1,72,9.0,1011.6,0.0,0,133
2025-11-09,21:00,Chennai,16.5,86,4.3,1017.0,0.0,0,107
2025-11-09,22:00,Hyderabad,20.3,61,13.0,1010.1,0.0,0,139
2025-11-09,23:00,Mumbai,20.1,82,7.7,1017.6,0.0,0,123
2025-11-10,00:00,Delhi,15.1,55,10.1,1016.6,0.0,0,188
2025-11-10,01:00,Bangalore,14.7,69,15.3,1019.4,16.4,0,122
2025-11-10,02:00,Chennai,20.6,73,7.9,1014.0,0.0,0,121
2025-11-10,03:00,Hyderabad,24.1,53,7.1,1013.2,0.0,0,140
2025-11-10,04:00,Mumbai,22.7,79,5.5,1014.0,1.3,0,130
2025-11-10,05:00,Delhi,22.1,62,4.9,1016.8,0.0,0,199
2025-11-10,06:00,Bangalore,19.4,67,9.7,1013.9,0.0,0,69
2025-11-10,07:00,Chennai,29.2,70,13.1,1016.9,0.0,0,129
2025-11-10,08:00,Hyderabad,28.7,53,5.6,1013.2,0.0,3,141
2025-11-10,09:00,Mumbai,27.5,71,4.2,1012.6,0.0,3,144
2025-11-10,10:00,Delhi,22.6,45,5.5,1013.6,0.0,5,220
2025-11-10,11:00,Bangalore,23.2,67,6.8,1017.8,0.0,6,99
2025-11-10,12:00,Chennai,28.5,63,4.9,1017.2,0.0,7,129
2025-11-10,13:00,Hyderabad,31.5,53,8.5,1007.0,0.0,7,129
2025-11-10,14:00,Mumbai,25.3,72,3.3,1015.2,0.0,4,129
2025-11-10,15:00,Delhi,25.2,44,12.1,1017.0,0.0,3,184
2025-11-10,16:00,Bangalore,20.9,69,5.5,1016.0,0.0,0,109
2025-11-10,17:00,Chennai,23.5,71,6.6,1017.9,0.0,2,128
2025-11-10,18:00,Hyderabad,22.5,62,15.2,1018.8,0.0,0,136
2025-11-10,19:00,Mumbai,22.0,82,8.3,1016.4,0.0,0,155
2025-11-10,20:00,Delhi,15.1,56,4.7,1020.6,0.0,0,201
2025-11-10,21:00,Bangalore,15.1,74,11.9,1015.1,0.0,0,97
2025-11-10,22:00,Chennai,19.5,73,4.9,1015.2,0.0,0,133
2025-11-10,23:00,Hyderabad,17.4,59,7.0,1013.9,0.0,0,124
2025-11-11,00:00,Mumbai,19.3,71,4.8,1014.7,0.0,0,122
2025-11-11,01:00,Delhi,15.0,56,7.8,1017.1,0.0,0,173
2025-11-11,02:00,Bangalore,14.0,76,7.5,1022.7,0.0,0,105
2025-11-11,03:00,Chennai,23.3,75,10.5,1016.2,3.1,0,115
2025-11-11,04:00,Hyderabad,25.6,56,8.9,1014.4,13.5,0,124
2025-11-11,05:00,Mumbai,24.4,77,8.7,1014.7,0.0,0,126
2025-11-11,06:00,Delhi,20.3,50,9.0,1015.8,0.0,0,192
2025-11-11,07:00,Bangalore,23.3,67,8.3,1014.6,11.8,0,102
2025-11-11,08:00,Chennai,26.5,71,3.6,1012.1,0.0,2,125
2025-11-11,09:00,Hyderabad,31.1,55,5.8,1017.0,0.0,3,124
2025-11-11,10:00,Mumbai,27.1,73,11.3,1014.7,0.0,5,146
2025-11-11,11:00,Delhi,25.9,44,9.5,1016.3,0.0,7,192
2025-11-11,12:00,Bangalore,24.9,63,2.5,1015.8,17.3,7,98
2025-11-11,13:00,Chennai,31.4,60,4.2,1006.5,0.0,6,135
2025-11-11,14:00,Hyderabad,28.8,50,6.9,1016.9,0.0,4,130
2025-11-11,15:00,Mumbai,25.0,67,3.0,1017.6,0.0,4,142
2025-11-11,16:00,Delhi,21.7,51,8.4,1015.2,0.0,2,217
2025-11-11,17:00,Bangalore,18.4,70,4.5,1016.2,19.0,1,141
2025-11-11,18:00,Chennai,23.3,76,5.8,1019.3,0.0,0,127
2025-11-11,19:00,Hyderabad,20.2,63,11.5,1013.5,0.0,0,154
2025-11-11,20:00,Mumbai,20.2,77,8.9,1015.1,0.0,0,150
2025-11-11,21:00,Delhi,14.7,61,3.1,1020.2,17.5,0,192
2025-11-11,22:00,Bangalore,14.5,71,9.0,1021.3,0.0,0,103
2025-11-11,23:00,Chennai,18.6,74,6.3,1015.0,0.0,0,143
2025-11-12,00:00,Hyderabad,19.3,57,7.8,1015.9,0.0,0,126
2025-11-12,01:00,Mumbai,18.5,75,9.9,1015.4,0.0,0,140
2025-11-12,02:00,Delhi,16.4,52,11.0,1015.0,0.0,0,178
2025-11-12,03:00,Bangalore,17.0,64,11.7,1019.6,0.0,0,112
2025-11-12,04:00,Chennai,22.5,73,6.4,1015.6,0.0,0,118
2025-11-12,05:00,Hyderabad,25.0,62,3.8,1013.5,16.7,0,116
2025-11-12,06:00,Mumbai,24.5,66,7.8,1016.7,0.0,0,136
2025-11-12,07:00,Delhi,22.4,52,15.3,1014.7,0.0,0,211
2025-11-12,08:00,Bangalore,24.0,77,6.1,1014.8,0.0,3,123
2025-11-12,09:00,Chennai,28.7,65,10.3,1010.4,0.0,4,122
2025-11-12,10:00,Hyderabad,30.1,53,7.4,1014.7,0.0,5,126
2025-11-12,11:00,Mumbai,27.4,68,13.4,1017.4,0.0,6,129
2025-11-12,12:00,Delhi,23.5,52,8.2,1009.9,24.2,8,172
2025-11-12,13:00,Bangalore,25.5,71,11.3,1015.6,0.0,6,117
2025-11-12,14:00,Chennai,26.0,75,7.8,1012.3,0.0,5,116
2025-11-12,15:00,Hyderabad,29.7,48,16.1,1012.4,0.0,3,90
2025-11-12,16:00,Mumbai,23.0,80,11.2,1011.8,0.0,2,115
2025-11-12,17:00,Delhi,21.5,49,10.7,1013.5,0.0,1,202
2025-11-12,18:00,Bangalore,19.9,65,9.6,1015.3,0.0,0,127
2025-11-12,19:00,Chennai,20.0,76,3.6,1014.6,0.0,0,139
2025-11-12,20:00,Hyderabad,22.6,62,9.9,1012.0,0.0,0,129
2025-11-12,21:00,Mumbai,16.9,75,11.1,1019.1,0.0,0,127
2025-11-12,22:00,Delhi,17.8,60,11.5,1017.5,0.0,0,186
2025-11-12,23:00,Bangalore,16.1,60,6.1,1021.6,0.0,0,90
2025-11-13,00:00,Chennai,15.2,85,13.3,1015.2,0.0,0,95
2025-11-13,01:00,Hyderabad,21.8,60,11.4,1017.6,0.0,0,105
2025-11-13,02:00,Mumbai,21.8,74,9.2,1015.0,0.0,0,157
2025-11-13,03:00,Delhi,19.7,51,8.4,1018.5,0.0,0,190
2025-11-13,04:00,Bangalore,19.6,67,8.2,1017.2,0.0,0,67
2025-11-13,05:00,Chennai,25.5,77,10.6,1016.5,0.0,0,118
2025-11-13,06:00,Hyderabad,27.0,57,8.1,1007.8,6.0,0,104
2025-11-13,07:00,Mumbai,26.5,74,9.8,1010.5,0.0,1,130
2025-11-13,08:00,Delhi,24.2,46,9.0,1010.6,0.0,2,218
2025-11-13,09:00,Bangalore,25.5,55,5.1,1012.7,0.0,4,127
2025-11-13,10:00,Chennai,27.5,63,10.5,1012.9,18.3,5,103
2025-11-13,11:00,Hyderabad,28.4,59,13.3,1017.3,0.0,6,112
2025-11-13,12:00,Mumbai,31.6,62,5.6,1010.3,0.0,9,141
2025-11-13,13:00,Delhi,25.2,48,3.1,1014.0,0.0,5,178
2025-11-13,14:00,Bangalore,22.5,65,5.9,1015.1,0.0,5,90
2025-11-13,15:00,Chennai,25.5,75,4.6,1012.8,0.0,3,107
2025-11-13,16:00,Hyderabad,27.8,58,4.5,1015.9,0.0,2,104
2025-11-13,17:00,Mumbai,22.9,74,7.3,1011.9,0.0,2,148
2025-11-13,18:00,Delhi,19.5,48,8.6,1013.4,0.0,0,178
2025-11-13,19:00,Bangalore,16.5,66,5.3,1015.2,0.0,0,98
2025-11-13,20:00,Chennai,18.7,71,8.2,1014.5,0.0,0,110
2025-11-13,21:00,Hyderabad,24.1,60,6.0,1019.2,0.0,0,131
2025-11-13,22:00,Mumbai,20.5,77,11.4,1017.0,0.0,0,122
2025-11-13,23:00,Delhi,14.0,58,11.7,1020.3,0.0,0,175
2025-11-14,00:00,Bangalore,14.3,74,5.0,1013.6,0.0,0,110
2025-11-14,01:00,Chennai,20.9,73,3.9,1018.6,0.0,0,133
2025-11-14,02:00,Hyderabad,24.9,70,7.8,1016.0,8.4,0,126
2025-11-14,03:00,Mumbai,21.8,69,3.4,1012.8,0.0,0,156
2025-11-14,04:00,Delhi,16.0,64,7.5,1020.9,0.0,0,184
2025-11-14,05:00,Bangalore,17.8,76,9.2,1013.9,0.0,0,118
2025-11-14,06:00,Chennai,26.0,73,13.4,1018.2,0.0,0,131
2025-11-14,07:00,Hyderabad,28.6,49,5.1,1011.7,0.0,1,137
2025-11-14,08:00,Mumbai,28.4,71,10.5,1010.7,0.0,2,155
2025-11-14,09:00,Delhi,23.4,41,1.9,1013.9,0.0,4,214
2025-11-14,10:00,Bangalore,25.0,64,5.5,1011.9,0.0,5,120
2025-11-14,11:00,Chennai,30.1,61,11.8,1012.8,0.0,6,137
2025-11-14,12:00,Hyderabad,32.1,47,4.2,1013.5,0.0,6,136
2025-11-14,13:00,Mumbai,28.1,75,11.8,1019.5,0.0,6,136
2025-11-14,14:00,Delhi,22.5,54,5.5,1019.4,0.0,5,183
2025-11-14,15:00,Bangalore,21.5,69,9.5,1013.5,0.0,4,118
2025-11-14,16:00,Chennai,28.0,67,8.2,1009.5,0.0,2,121
2025-11-14,17:00,Hyderabad,25.0,61,8.7,1010.4,1.0,1,145
2025-11-14,18:00,Mumbai,21.6,81,4.9,1013.0,0.0,0,126
2025-11-14,19:00,Delhi,17.9,58,6.7,1018.0,0.0,0,195
2025-11-14,20:00,Bangalore,19.3,76,13.7,1014.7,0.0,0,111
2025-11-14,21:00,Chennai,21.5,62,12.5,1014.2,0.0,0,130
2025-11-14,22:00,Hyderabad,19.4,65,6.9,1013.4,0.0,0,111
2025-11-14,23:00,Mumbai,19.3,77,8.3,1013.8,0.0,0,133
2025-11-15,00:00,Delhi,16.4,64,8.1,1016.9,0.0,0,199
2025-11-15,01:00,Bangalore,15.5,67,10.0,1018.9,0.0,0,88
2025-11-15,02:00,Chennai,21.7,68,6.5,1012.4,0.0,0,118
2025-11-15,03:00,Hyderabad,21.6,69,10.1,1019.8,0.0,0,143
2025-11-15,04:00,Mumbai,23.4,73,4.1,1012.7,0.0,0,128
2025-11-15,05:00,Delhi,20.3,56,8.3,1020.7,13.1,0,185
2025-11-15,06:00,Bangalore,23.4,67,11.8,1013.4,0.0,0,124
2025-11-15,07:00,Chennai,24.8,78,9.9,1021.0,1.0,0,104
2025-11-15,08:00,Hyderabad,29.6,51,14.2,1011.3,0.0,2,103
2025-11-15,09:00,Mumbai,27.7,77,12.1,1014.4,20.0,3,135
2025-11-15,10:00,Delhi,25.5,47,6.5,1015.7,0.0,5,198
2025-11-15,11:00,Bangalore,24.2,76,6.0,1016.4,0.0,6,116
2025-11-15,12:00,Chennai,27.3,76,14.2,1019.6,0.0,7,103
2025-11-15,13:00,Hyderabad,31.8,52,11.3,1016.4,0.0,6,144
2025-11-15,14:00,Mumbai,24.4,78,8.1,1013.2,0.0,5,121
2025-11-15,15:00,Delhi,23.2,54,4.6,1017.0,0.0,3,200
2025-11-15,16:00,Bangalore,20.2,67,7.1,1015.1,0.0,1,87
2025-11-15,17:00,Chennai,24.7,75,10.7,1014.3,0.0,1,118
2025-11-15,18:00,Hyderabad,25.0,61,6.9,1016.0,0.0,0,120
2025-11-15,19:00,Mumbai,20.2,63,6.6,1011.9,0.0,0,136
2025-11-15,20:00,Delhi,11.4,57,4.3,1022.8,0.0,0,217
2025-11-15,21:00,Bangalore,17.1,75,4.5,1015.7,0.0,0,111
2025-11-15,22:00,Chennai,20.9,78,9.8,1010.5,4.9,0,108
2025-11-15,23:00,Hyderabad,21.2,66,8.8,1018.7,0.0,0,108
2025-11-16,00:00,Mumbai,16.8,87,8.0,1013.1,17.9,0,110
2025-11-16,01:00,Delhi,15.8,59,9.1,1018.6,0.0,0,166
2025-11-16,02:00,Bangalore,16.3,70,5.0,1017.1,0.0,0,97
2025-11-16,03:00,Chennai,20.0,94,12.8,1013.9,0.0,0,101
2025-11-16,04:00,Hyderabad,23.3,57,6.4,1010.5,0.0,0,123
2025-11-16,05:00,Mumbai,23.0,79,10.4,1016.4,0.0,0,128
2025-11-16,06:00,Delhi,20.9,51,6.2,1014.6,0.0,0,197
2025-11-16,07:00,Bangalore,22.4,65,11.7,1015.8,0.0,2,115
2025-11-16,08:00,Chennai,27.1,77,5.6,1011.5,0.0,1,138
2025-11-16,09:00,Hyderabad,28.8,60,10.8,1015.3,0.0,4,145
2025-11-16,10:00,Mumbai,27.5,67,11.9,1016.3,0.0,5,152
2025-11-16,11:00,Delhi,25.1,51,5.2,1017.4,0.0,6,196
2025-11-16,12:00,Bangalore,23.4,58,7.6,1016.0,0.0,7,84
2025-11-16,13:00,Chennai,28.0,73,7.7,1012.2,0.0,6,147
2025-11-16,14:00,Hyderabad,29.9,58,5.2,1016.4,0.0,5,134
2025-11-16,15:00,Mumbai,26.0,75,6.9,1019.7,0.0,4,129
2025-11-16,16:00,Delhi,21.2,50,4.1,1015.9,0.0,2,189
2025-11-16,17:00,Bangalore,20.9,69,12.7,1010.5,0.0,1,128
2025-11-16,18:00,Chennai,21.1,76,9.1,1020.1,0.0,0,114
2025-11-16,19:00,Hyderabad,22.7,63,2.5,1017.2,0.0,0,121
2025-11-16,20:00,Mumbai,21.5,67,8.1,1020.8,0.0,0,144
2025-11-16,21:00,Delhi,14.5,58,11.1,1019.5,0.0,0,191
2025-11-16,22:00,Bangalore,14.3,72,6.0,1015.0,5.9,0,105
2025-11-16,23:00,Chennai,18.3,80,9.7,1019.5,0.0,0,105
2025-11-17,00:00,Hyderabad,18.8,67,11.0,1013.9,0.0,0,123
2025-11-17,01:00,Mumbai,18.3,76,4.7,1018.6,0.0,0,137
2025-11-17,02:00,Delhi,18.3,62,5.4,1018.0,24.1,0,173
2025-11-17,03:00,Bangalore,15.2,75,7.5,1017.2,0.0,0,110
2025-11-17,04:00,Chennai,26.2,80,9.8,1012.8,0.0,0,131
2025-11-17,05:00,Hyderabad,23.8,59,9.6,1012.4,0.0,0,134
2025-11-17,06:00,Mumbai,25.4,73,6.4,1018.0,0.0,0,128
2025-11-17,07:00,Delhi,22.6,43,14.9,1014.6,0.0,0,185
2025-11-17,08:00,Bangalore,22.1,64,5.3,1021.9,0.0,2,140
2025-11-17,09:00,Chennai,29.3,61,11.6,1010.5,0.0,2,115
2025-11-17,10:00,Hyderabad,30.0,53,5.2,1011.4,0.0,4,135
2025-11-17,11:00,Mumbai,30.5,68,11.7,1015.0,0.0,6,133
2025-11-17,12:00,Delhi,25.3,57,11.4,1012.0,0.0,7,186
2025-11-17,13:00,Bangalore,22.9,78,8.0,1013.9,0.0,7,98
2025-11-17,14:00,Chennai,26.5,66,8.1,1021.0,0.0,4,100
2025-11-17,15:00,Hyderabad,26.9,57,10.1,1015.7,0.0,3,116
2025-11-17,16:00,Mumbai,26.0,66,8.3,1010.0,0.0,2,148
2025-11-17,17:00,Delhi,20.6,54,7.3,1013.2,0.0,1,210
2025-11-17,18:00,Bangalore,16.5,73,7.5,1018.5,0.0,0,132
2025-11-17,19:00,Chennai,21.0,90,7.8,1011.0,0.0,0,135
2025-11-17,20:00,Hyderabad,21.7,69,12.0,1015.5,0.0,0,142
2025-11-17,21:00,Mumbai,19.0,81,6.6,1018.2,0.0,0,134
2025-11-17,22:00,Delhi,13.9,54,4.5,1017.0,0.0,0,184
2025-11-17,23:00,Bangalore,11.7,74,8.7,1017.6,0.0,0,112
2025-11-18,00:00,Chennai,19.8,76,11.9,1016.8,0.0,0,113
2025-11-18,01:00,Hyderabad,20.9,66,7.2,1012.1,0.0,0,158
2025-11-18,02:00,Mumbai,20.7,76,7.4,1021.7,0.2,0,137
2025-11-18,03:00,Delhi,16.1,53,4.1,1016.1,0.0,0,202
2025-11-18,04:00,Bangalore,21.3,68,7.2,1008.1,0.0,0,110
2025-11-18,05:00,Chennai,24.3,68,8.4,1009.0,0.0,0,125
2025-11-18,06:00,Hyderabad,26.6,52,12.7,1010.0,0.0,0,125
2025-11-18,07:00,Mumbai,26.0,71,9.0,1011.3,0.0,1,147
2025-11-18,08:00,Delhi,25.0,55,7.8,1014.8,0.0,2,208
2025-11-18,09:00,Bangalore,24.9,59,6.7,1012.2,0.0,4,129
2025-11-18,10:00,Chennai,29.4,71,5.3,1012.9,0.0,4,138
2025-11-18,11:00,Hyderabad,29.6,49,8.8,1014.5,0.0,5,101
2025-11-18,12:00,Mumbai,27.5,79,8.2,1015.2,0.0,6,148
2025-11-18,13:00,Delhi,24.1,48,6.4,1017.7,0.0,6,192
2025-11-18,14:00,Bangalore,24.1,65,6.5,1014.7,0.0,4,110
2025-11-18,15:00,Chennai,27.6,67,7.7,1010.8,0.0,3,129
2025-11-18,16:00,Hyderabad,27.8,54,8.3,1012.8,24.9,2,126
2025-11-18,17:00,Mumbai,22.4,75,11.4,1016.4,6.4,0,141
2025-11-18,18:00,Delhi,17.9,61,7.5,1018.6,8.5,0,201
2025-11-18,19:00,Bangalore,17.7,65,16.2,1009.1,0.0,0,106
2025-11-18,20:00,Chennai,19.9,75,2.2,1013.1,21.1,0,147
2025-11-18,21:00,Hyderabad,20.4,61,12.6,1015.3,0.0,0,118
2025-11-18,22:00,Mumbai,17.7,76,6.4,1015.9,0.0,0,114
2025-11-18,23:00,Delhi,16.9,52,9.1,1020.3,0.0,0,180
2025-11-19,00:00,Bangalore,16.3,68,10.2,1009.2,0.0,0,98
2025-11-19,01:00,Chennai,18.0,70,10.8,1012.0,0.0,0,116
2025-11-19,02:00,Hyderabad,20.7,59,10.2,1015.3,0.0,0,121
2025-11-19,03:00,Mumbai,19.1,78,7.8,1018.7,0.0,0,124
2025-11-19,04:00,Delhi,19.2,55,7.3,1017.0,0.0,0,177
2025-11-19,05:00,Bangalore,18.3,65,12.0,1013.0,2.7,0,91
2025-11-19,06:00,Chennai,25.7,73,11.8,1017.8,0.0,0,140
2025-11-19,07:00,Hyderabad,26.5,54,8.1,1014.0,0.0,0,110
2025-11-19,08:00,Mumbai,27.7,68,2.3,1013.5,0.0,2,132
2025-11-19,09:00,Delhi,25.0,55,7.9,1016.1,0.0,3,203
2025-11-19,10:00,Bangalore,21.5,53,8.9,1014.2,0.0,5,113
2025-11-19,11:00,Chennai,28.5,67,11.0,1018.6,0.0,7,121
2025-11-19,12:00,Hyderabad,30.7,50,7.9,1012.2,0.0,6,114
2025-11-19,13:00,Mumbai,27.4,67,8.6,1018.8,0.0,6,143
2025-11-19,14:00,Delhi,22.7,55,14.7,1013.0,0.0,4,191
2025-11-19,15:00,Bangalore,22.7,69,1.3,1013.3,0.0,3,115
2025-11-19,16:00,Chennai,25.8,73,6.0,1007.5,0.0,2,125
2025-11-19,17:00,Hyderabad,24.8,54,9.4,1018.4,0.0,1,141
2025-11-19,18:00,Mumbai,24.1,79,3.0,1013.1,0.2,0,143
2025-11-19,19:00,Delhi,19.3,57,12.5,1012.8,0.0,0,203
2025-11-19,20:00,Bangalore,18.0,64,2.3,1021.4,0.0,0,113
2025-11-19,21:00,Chennai,21.0,79,12.5,1014.6,0.0,0,117
2025-11-19,22:00,Hyderabad,19.5,61,7.5,1018.1,0.0,0,114
2025-11-19,23:00,Mumbai,17.5,83,4.8,1017.3,0.0,0,113
2025-11-20,00:00,Delhi,13.8,59,9.6,1016.5,0.0,0,191
2025-11-20,01:00,Bangalore,14.4,70,7.0,1020.4,0.0,0,102
2025-11-20,02:00,Chennai,19.5,81,7.6,1010.0,0.0,0,137
2025-11-20,03:00,Hyderabad,22.1,58,8.9,1015.3,0.0,0,118
2025-11-20,04:00,Mumbai,22.9,77,15.5,1022.9,0.0,0,150
2025-11-20,05:00,Delhi,22.0,50,9.9,1020.4,0.0,0,186
2025-11-20,06:00,Bangalore,20.6,61,5.6,1014.6,1.8,0,129
2025-11-20,07:00,Chennai,29.6,72,12.3,1018.4,0.0,1,111
2025-11-20,08:00,Hyderabad,27.4,65,9.9,1011.7,23.8,2,133
2025-11-20,09:00,Mumbai,26.9,73,4.5,1014.2,0.0,2,149
2025-11-20,10:00,Delhi,24.9,47,7.0,1019.4,0.0,4,215
2025-11-20,11:00,Bangalore,24.2,63,7.3,1009.9,0.0,5,93
2025-11-20,12:00,Chennai,28.3,68,8.5,1009.6,0.0,7,112
2025-11-20,13:00,Hyderabad,28.2,48,9.2,1008.0,0.0,6,119
2025-11-20,14:00,Mumbai,26.6,70,9.8,1012.7,0.0,5,142
2025-11-20,15:00,Delhi,21.5,58,7.9,1015.1,0.0,3,192
2025-11-20,16:00,Bangalore,18.8,70,10.7,1014.9,0.0,2,104
2025-11-20,17:00,Chennai,24.9,81,10.7,1014.9,0.0,0,114
2025-11-20,18:00,Hyderabad,24.0,55,2.5,1015.9,12.8,0,129
2025-11-20,19:00,Mumbai,19.3,77,6.6,1017.2,0.0,0,151
2025-11-20,20:00,Delhi,16.1,60,5.8,1016.1,0.0,0,212
2025-11-20,21:00,Bangalore,11.9,68,7.2,1019.1,0.0,0,93
2025-11-20,22:00,Chennai,19.8,73,9.2,1015.8,0.0,0,123
2025-11-20,23:00,Hyderabad,20.7,67,11.8,1017.1,0.0,0,123
2025-11-21,00:00,Mumbai,17.3,80,8.3,1015.6,0.0,0,117
2025-11-21,01:00,Delhi,15.0,58,3.7,1021.3,0.0,0,203
2025-11-21,02:00,Bangalore,14.1,70,3.4,1022.8,0.0,0,111
2025-11-21,03:00,Chennai,22.3,71,7.4,1015.8,0.0,0,122
2025-11-21,04:00,Hyderabad,24.6,51,2.4,1016.8,0.0,0,148
2025-11-21,05:00,Mumbai,21.9,75,8.2,1017.9,0.0,0,116
2025-11-21,06:00,Delhi,19.8,56,11.3,1017.1,0.0,0,185
2025-11-21,07:00,Bangalore,21.5,64,5.7,1011.9,0.0,0,102
2025-11-21,08:00,Chennai,29.0,66,13.0,1016.2,0.0,2,124
2025-11-21,09:00,Hyderabad,27.1,59,6.6,1017.9,0.0,3,135
2025-11-21,10:00,Mumbai,26.7,72,7.1,1011.8,0.0,5,142
2025-11-21,11:00,Delhi,25.0,41,9.8,1017.4,0.0,6,162
2025-11-21,12:00,Bangalore,22.2,57,9.0,1017.3,0.0,8,123
2025-11-21,13:00,Chennai,27.9,74,14.0,1007.2,21.2,6,131
2025-11-21,14:00,Hyderabad,27.1,63,10.1,1014.9,0.0,5,129
2025-11-21,15:00,Mumbai,25.1,77,9.6,1014.5,0.0,4,137
2025-11-21,16:00,Delhi,20.3,47,10.4,1015.3,0.0,3,205
2025-11-21,17:00,Bangalore,21.7,64,8.1,1019.3,0.0,1,117
2025-11-21,18:00,Chennai,21.6,73,9.5,1014.7,18.0,0,118
2025-11-21,19:00,Hyderabad,22.8,55,11.5,1013.1,20.0,0,140
2025-11-21,20:00,Mumbai,18.3,71,7.1,1017.5,0.0,0,151
2025-11-21,21:00,Delhi,14.9,57,12.0,1015.6,0.0,0,203
2025-11-21,22:00,Bangalore,13.8,74,12.5,1016.7,0.0,0,121
2025-11-21,23:00,Chennai,17.7,72,3.9,1014.1,0.0,0,117
2025-11-22,00:00,Hyderabad,21.2,62,9.4,1014.4,0.0,0,127
2025-11-22,01:00,Mumbai,17.8,81,6.1,1017.6,11.9,0,123
2025-11-22,02:00,Delhi,17.5,54,10.0,1019.8,0.0,0,197
2025-11-22,03:00,Bangalore,18.3,72,10.3,1015.1,0.0,0,102
2025-11-22,04:00,Chennai,21.5,78,6.2,1014.6,0.0,0,122
2025-11-22,05:00,Hyderabad,26.0,47,7.5,1007.7,0.0,0,109
2025-11-22,06:00,Mumbai,24.0,76,5.7,1018.0,0.0,0,130
2025-11-22,07:00,Delhi,21.9,60,6.9,1015.3,0.0,1,204
2025-11-22,08:00,Bangalore,22.0,67,4.1,1019.2,0.0,2,127
2025-11-22,09:00,Chennai,26.1,63,6.3,1011.7,0.0,4,133
2025-11-22,10:00,Hyderabad,29.5,52,6.0,1013.9,0.0,3,118
2025-11-22,11:00,Mumbai,31.3,68,7.2,1013.6,0.0,6,137
2025-11-22,12:00,Delhi,25.2,50,7.6,1017.8,0.0,6,177
2025-11-22,13:00,Bangalore,23.6,70,13.6,1013.2,24.5,5,117
2025-11-22,14:00,Chennai,25.8,69,9.5,1010.3,23.6,4,79
2025-11-22,15:00,Hyderabad,25.1,54,6.1,1014.1,23.3,3,104
2025-11-22,16:00,Mumbai,24.4,82,6.1,1017.5,0.0,2,137
2025-11-22,17:00,Delhi,18.8,54,4.4,1014.6,0.0,0,199
2025-11-22,18:00,Bangalore,17.4,76,8.1,1017.0,0.0,0,128
2025-11-22,19:00,Chennai,18.8,78,7.0,1015.4,0.0,0,118
2025-11-22,20:00,Hyderabad,22.2,66,9.8,1014.5,0.0,0,120
2025-11-22,21:00,Mumbai,17.8,74,10.2,1015.5,0.0,0,120
2025-11-22,22:00,Delhi,13.9,59,12.2,1018.1,0.0,0,178
2025-11-22,23:00,Bangalore,12.8,72,6.9,1020.2,0.0,0,111
2025-11-23,00:00,Chennai,16.5,74,10.0,1015.4,0.0,0,126
2025-11-23,01:00,Hyderabad,19.8,65,5.0,1018.2,0.0,0,126
2025-11-23,02:00,Mumbai,19.3,83,2.6,1021.7,0.0,0,133
2025-11-23,03:00,Delhi,16.2,51,9.0,1017.2,0.0,0,194
2025-11-23,04:00,Bangalore,20.2,76,9.0,1013.2,0.0,0,111
2025-11-23,05:00,Chennai,23.6,78,9.5,1011.7,0.0,0,120
2025-11-23,06:00,Hyderabad,26.7,62,8.1,1018.9,0.0,0,121
2025-11-23,07:00,Mumbai,25.8,72,5.0,1009.7,0.0,1,135
2025-11-23,08:00,Delhi,22.9,58,9.1,1015.6,18.6,2,206
2025-11-23,09:00,Bangalore,21.7,67,7.8,1019.3,0.0,3,105
2025-11-23,10:00,Chennai,30.1,71,10.3,1007.2,0.0,4,129
2025-11-23,11:00,Hyderabad,30.7,56,9.2,1009.3,0.0,6,100
2025-11-23,12:00,Mumbai,27.6,71,4.0,1013.8,0.0,7,121
2025-11-23,13:00,Delhi,23.8,53,7.4,1013.2,0.0,5,173
2025-11-23,14:00,Bangalore,23.0,66,7.0,1014.1,0.0,5,95
2025-11-23,15:00,Chennai,24.4,76,12.0,1019.1,0.0,3,100
2025-11-23,16:00,Hyderabad,27.5,64,8.7,1009.1,0.0,1,118
2025-11-23,17:00,Mumbai,26.2,74,10.1,1013.3,0.0,0,163
2025-11-23,18:00,Delhi,17.2,60,13.8,1014.8,4.4,0,203
2025-11-23,19:00,Bangalore,16.7,76,11.0,1016.9,0.0,0,89
2025-11-23,20:00,Chennai,20.1,72,7.1,1017.6,0.0,0,127
2025-11-23,21:00,Hyderabad,19.6,64,2.3,1021.6,0.0,0,115
2025-11-23,22:00,Mumbai,21.4,84,11.9,1019.6,0.0,0,115
2025-11-23,23:00,Delhi,15.8,57,6.7,1019.7,0.0,0,185
2025-11-24,00:00,Bangalore,13.1,74,7.6,1018.1,0.0,0,102
2025-11-24,01:00,Chennai,19.5,73,7.3,1014.6,0.0,0,133
2025-11-24,02:00,Hyderabad,21.3,64,11.0,1019.9,0.0,0,120
2025-11-24,03:00,Mumbai,18.6,76,4.3,1018.4,0.0,0,124
2025-11-24,04:00,Delhi,17.7,57,7.6,1015.3,0.0,0,189
2025-11-24,05:00,Bangalore,19.6,80,10.3,1011.1,0.0,0,120
2025-11-24,06:00,Chennai,23.5,74,9.5,1016.5,0.0,0,133
2025-11-24,07:00,Hyderabad,28.2,55,8.7,1014.4,0.0,1,137
2025-11-24,08:00,Mumbai,27.9,65,6.0,1009.3,0.0,2,154
2025-11-24,09:00,Delhi,25.9,49,9.7,1016.6,0.0,3,211
2025-11-24,10:00,Bangalore,23.3,60,6.4,1019.5,0.0,5,114
2025-11-24,11:00,Chennai,29.1,70,7.3,1011.2,0.0,5,103
2025-11-24,12:00,Hyderabad,32.7,54,7.0,1011.9,0.0,8,119
2025-11-24,13:00,Mumbai,28.2,63,8.7,1019.9,0.0,5,144
2025-11-24,14:00,Delhi,22.1,60,7.7,1015.6,0.0,4,179
2025-11-24,15:00,Bangalore,23.0,64,8.2,1011.5,0.0,3,96
2025-11-24,16:00,Chennai,23.4,74,4.8,1014.7,0.0,2,115
2025-11-24,17:00,Hyderabad,21.4,66,7.8,1019.9,0.0,1,164
2025-11-24,18:00,Mumbai,21.8,64,8.6,1015.4,0.0,0,155
2025-11-24,19:00,Delhi,16.7,44,7.2,1021.6,0.0,0,199
2025-11-24,20:00,Bangalore,13.9,81,8.4,1020.5,0.0,0,124
2025-11-24,21:00,Chennai,21.7,73,7.6,1015.6,0.0,0,134
2025-11-24,22:00,Hyderabad,16.6,58,8.2,1016.0,0.0,0,117
2025-11-24,23:00,Mumbai,15.8,73,9.3,1019.0,0.0,0,127
2025-11-25,00:00,Delhi,15.3,55,7.7,1011.0,0.0,0,185
2025-11-25,01:00,Bangalore,13.6,63,6.4,1018.7,0.0,0,94
2025-11-25,02:00,Chennai,18.6,70,7.3,1017.7,0.0,0,115
2025-11-25,03:00,Hyderabad,26.1,59,9.0,1016.9,0.0,0,105
2025-11-25,04:00,Mumbai,23.2,77,6.3,1013.0,0.0,0,120
2025-11-25,05:00,Delhi,19.9,53,9.5,1018.6,0.0,0,181
2025-11-25,06:00,Bangalore,19.2,75,9.3,1011.1,0.0,0,109
2025-11-25,07:00,Chennai,28.2,67,4.5,1013.8,0.0,1,100
2025-11-25,08:00,Hyderabad,28.3,65,16.5,1012.3,0.0,2,148
2025-11-25,09:00,Mumbai,26.9,58,10.1,1014.1,0.0,4,136
2025-11-25,10:00,Delhi,26.9,46,6.6,1008.8,20.2,4,199
2025-11-25,11:00,Bangalore,23.7,61,14.6,1012.4,0.0,5,110
2025-11-25,12:00,Chennai,28.9,65,7.9,1011.9,0.0,6,105
2025-11-25,13:00,Hyderabad,31.4,55,4.6,1011.4,0.0,6,111
2025-11-25,14:00,Mumbai,26.8,66,6.8,1010.3,0.0,4,131
2025-11-25,15:00,Delhi,22.9,56,10.4,1012.7,14.8,4,185
2025-11-25,16:00,Bangalore,20.5,60,9.7,1013.3,0.0,2,106
2025-11-25,17:00,Chennai,24.1,76,5.0,1016.2,0.0,1,133
2025-11-25,18:00,Hyderabad,23.3,62,7.1,1015.7,0.0,0,146
2025-11-25,19:00,Mumbai,22.6,77,5.7,1008.3,0.0,0,157
2025-11-25,20:00,Delhi,13.7,57,10.4,1021.4,2.7,0,210
2025-11-25,21:00,Bangalore,14.1,75,8.3,1015.9,0.0,0,102
2025-11-25,22:00,Chennai,18.8,81,10.1,1019.7,0.0,0,119
2025-11-25,23:00,Hyderabad,18.6,73,9.8,1016.6,0.0,0,144
2025-11-26,00:00,Mumbai,16.7,83,12.2,1017.9,0.0,0,123
2025-11-26,01:00,Delhi,15.7,53,8.9,1012.5,0.0,0,185
2025-11-26,02:00,Bangalore,14.0,77,4.5,1018.0,0.0,0,109
2025-11-26,03:00,Chennai,22.1,73,9.8,1018.2,0.0,0,118
2025-11-26,04:00,Hyderabad,21.7,56,8.7,1013.5,0.0,0,108
2025-11-26,05:00,Mumbai,24.0,75,14.6,1011.4,0.0,0,117
2025-11-26,06:00,Delhi,23.6,48,12.9,1017.6,0.0,0,188
2025-11-26,07:00,Bangalore,23.2,73,6.5,1012.2,0.0,0,96
2025-11-26,08:00,Chennai,31.0,68,4.0,1008.0,0.0,2,137
2025-11-26,09:00,Hyderabad,31.2,50,12.5,1007.2,0.0,3,139
2025-11-26,10:00,Mumbai,27.5,73,8.1,1015.7,0.0,4,171
2025-11-26,11:00,Delhi,21.2,38,7.0,1015.4,0.0,5,203
2025-11-26,12:00,Bangalore,24.1,64,7.2,1016.4,12.9,7,98
2025-11-26,13:00,Chennai,27.1,68,6.4,1016.2,0.0,6,103
2025-11-26,14:00,Hyderabad,29.6,47,14.4,1013.9,0.0,3,95
2025-11-26,15:00,Mumbai,26.6,70,2.5,1012.7,0.0,4,128
2025-11-26,16:00,Delhi,19.1,55,5.0,1023.0,0.0,2,170
2025-11-26,17:00,Bangalore,19.3,68,6.4,1021.4,0.0,1,103
2025-11-26,18:00,Chennai,22.6,70,7.6,1014.0,0.0,0,122
2025-11-26,19:00,Hyderabad,24.2,65,3.5,1014.9,0.0,0,137
2025-11-26,20:00,Mumbai,20.6,73,9.1,1016.0,0.0,0,170
2025-11-26,21:00,Delhi,16.8,65,5.7,1018.1,0.0,0,211
2025-11-26,22:00,Bangalore,13.8,70,6.9,1018.3,0.0,0,111
2025-11-26,23:00,Chennai,18.0,75,3.1,1016.2,0.0,0,98
2025-11-27,00:00,Hyderabad,17.3,69,8.9,1010.9,0.0,0,112
2025-11-27,01:00,Mumbai,18.7,69,6.4,1015.7,0.0,0,129
2025-11-27,02:00,Delhi,16.9,52,7.7,1015.9,0.0,0,196
2025-11-27,03:00,Bangalore,17.7,72,8.7,1016.8,0.0,0,99
2025-11-27,04:00,Chennai,23.5,70,2.2,1018.2,0.0,0,112
2025-11-27,05:00,Hyderabad,24.4,65,7.4,1012.7,0.0,0,114
2025-11-27,06:00,Mumbai,25.2,89,6.8,1016.1,0.0,0,120
2025-11-27,07:00,Delhi,22.6,45,6.6,1019.3,0.0,1,176
2025-11-27,08:00,Bangalore,17.7,57,10.0,1018.1,0.0,2,119
2025-11-27,09:00,Chennai,27.6,66,5.7,1011.5,0.0,3,129
2025-11-27,10:00,Hyderabad,28.9,55,11.4,1011.9,0.0,4,152
2025-11-27,11:00,Mumbai,27.0,70,7.9,1020.9,20.9,5,135
2025-11-27,12:00,Delhi,21.7,54,5.4,1013.3,0.0,7,187
2025-11-27,13:00,Bangalore,23.3,58,7.3,1016.4,0.0,5,87
2025-11-27,14:00,Chennai,27.8,62,9.4,1012.4,0.0,4,132
2025-11-27,15:00,Hyderabad,26.1,52,6.3,1016.1,17.1,3,123
2025-11-27,16:00,Mumbai,25.0,76,1.0,1017.9,0.0,2,121
2025-11-27,17:00,Delhi,18.5,54,11.2,1016.7,0.0,0,213
2025-11-27,18:00,Bangalore,16.4,72,8.1,1012.9,0.0,0,110
2025-11-27,19:00,Chennai,21.2,73,9.2,1020.3,0.0,0,135
2025-11-27,20:00,Hyderabad,20.8,57,10.4,1016.0,0.0,0,139
2025-11-27,21:00,Mumbai,18.8,74,12.7,1017.1,0.0,0,144
2025-11-27,22:00,Delhi,13.6,57,8.4,1020.3,0.0,0,172
2025-11-27,23:00,Bangalore,12.1,87,7.7,1020.2,5.7,0,99
2025-11-28,00:00,Chennai,19.9,75,6.4,1009.2,0.0,0,96
2025-11-28,01:00,Hyderabad,21.6,64,5.8,1022.3,0.0,0,109
2025-11-28,02:00,Mumbai,20.2,78,11.7,1019.5,0.0,0,134
2025-11-28,03:00,Delhi,17.1,55,13.5,1014.9,0.0,0,187
2025-11-28,04:00,Bangalore,16.5,68,9.4,1014.1,0.0,0,109
2025-11-28,05:00,Chennai,23.7,72,6.9,1012.8,0.0,0,119
2025-11-28,06:00,Hyderabad,25.4,62,5.8,1011.8,0.0,0,116
2025-11-28,07:00,Mumbai,25.6,66,7.1,1004.1,0.0,1,119
2025-11-28,08:00,Delhi,25.8,42,5.6,1021.2,0.0,2,193
2025-11-28,09:00,Bangalore,23.4,60,4.9,1014.3,0.0,3,120
2025-11-28,10:00,Chennai,26.5,64,9.5,1013.5,0.0,4,116
2025-11-28,11:00,Hyderabad,29.7,50,7.9,1012.1,0.0,6,118
2025-11-28,12:00,Mumbai,27.4,80,9.3,1015.1,0.0,6,122
2025-11-28,13:00,Delhi,23.7,45,7.3,1010.6,0.0,6,211
2025-11-28,14:00,Bangalore,20.7,66,5.5,1016.9,0.0,4,98
2025-11-28,15:00,Chennai,26.3,60,9.9,1016.6,0.0,3,106
2025-11-28,16:00,Hyderabad,26.7,62,5.3,1010.4,0.0,2,144
2025-11-28,17:00,Mumbai,26.1,72,7.6,1012.0,0.0,1,160
2025-11-28,18:00,Delhi,19.5,54,1.1,1016.9,0.0,0,196
2025-11-28,19:00,Bangalore,16.7,72,2.1,1017.2,0.0,0,130
2025-11-28,20:00,Chennai,18.1,76,9.6,1021.7,0.0,0,143
2025-11-28,21:00,Hyderabad,21.1,59,5.7,1015.1,0.0,0,130
2025-11-28,22:00,Mumbai,19.5,86,9.8,1015.7,23.4,0,119
2025-11-28,23:00,Delhi,15.4,58,11.4,1013.0,14.2,0,195
2025-11-29,00:00,Bangalore,16.4,72,8.0,1017.1,22.4,0,104
2025-11-29,01:00,Chennai,17.5,81,5.3,1021.5,0.0,0,116
2025-11-29,02:00,Hyderabad,21.2,57,4.7,1012.3,0.0,0,94
2025-11-29,03:00,Mumbai,22.9,83,6.7,1015.6,18.3,0,119
2025-11-29,04:00,Delhi,18.4,42,8.6,1017.4,3.4,0,194
2025-11-29,05:00,Bangalore,17.9,74,7.2,1008.1,0.0,0,114
2025-11-29,06:00,Chennai,25.6,76,11.2,1013.5,0.0,0,118
2025-11-29,07:00,Hyderabad,27.3,59,8.0,1011.9,0.0,1,131
2025-11-29,08:00,Mumbai,26.6,67,7.4,1012.7,0.0,2,140
2025-11-29,09:00,Delhi,22.2,55,6.9,1019.0,0.0,3,198
2025-11-29,10:00,Bangalore,22.5,70,8.4,1008.5,3.4,4,125
2025-11-29,11:00,Chennai,27.4,76,7.5,1017.3,0.0,6,106
2025-11-29,12:00,Hyderabad,27.4,49,10.1,1013.3,0.0,7,131
2025-11-29,13:00,Mumbai,24.9,71,6.7,1011.1,0.0,6,157
2025-11-29,14:00,Delhi,21.6,48,9.4,1014.1,0.0,4,194
2025-11-29,15:00,Bangalore,21.9,71,5.6,1008.7,0.0,2,118
2025-11-29,16:00,Chennai,23.7,76,7.7,1014.4,0.0,2,100
2025-11-29,17:00,Hyderabad,23.8,59,11.6,1013.0,0.0,1,140
2025-11-29,18:00,Mumbai,23.2,71,8.0,1015.4,0.0,0,151
2025-11-29,19:00,Delhi,16.8,53,9.1,1012.9,0.0,0,204
2025-11-29,20:00,Bangalore,17.1,68,7.3,1014.9,3.5,0,138
2025-11-29,21:00,Chennai,18.4,74,4.7,1015.5,0.0,0,135
2025-11-29,22:00,Hyderabad,20.8,61,7.5,1015.4,0.0,0,126
2025-11-29,23:00,Mumbai,20.2,73,10.5,1016.0,0.0,0,121
2025-11-30,00:00,Delhi,13.6,67,11.1,1014.2,0.0,0,187
2025-11-30,01:00,Bangalore,15.0,78,6.4,1020.3,0.0,0,100
2025-11-30,02:00,Chennai,20.4,76,8.9,1015.8,0.0,0,104
2025-11-30,03:00,Hyderabad,22.4,55,15.7,1016.1,0.0,0,124
2025-11-30,04:00,Mumbai,23.9,69,4.8,1015.9,0.0,0,118
2025-11-30,05:00,Delhi,23.8,53,9.1,1012.9,0.0,0,171
2025-11-30,06:00,Bangalore,19.7,65,11.2,1017.0,0.0,0,121
2025-11-30,07:00,Chennai,25.1,62,5.1,1015.4,0.0,1,112
2025-11-30,08:00,Hyderabad,27.5,55,8.1,1013.1,23.7,2,124
2025-11-30,09:00,Mumbai,28.2,71,9.8,1011.5,0.0,4,143
2025-11-30,10:00,Delhi,23.1,51,12.6,1010.8,0.0,5,198
2025-11-30,11:00,Bangalore,24.7,65,5.5,1015.1,0.0,6,103
2025-11-30,12:00,Chennai,25.0,72,8.2,1014.0,0.0,8,87
2025-11-30,13:00,Hyderabad,29.0,59,7.3,1017.1,0.0,6,112
2025-11-30,14:00,Mumbai,29.4,63,6.8,1016.9,0.0,5,154
2025-11-30,15:00,Delhi,22.7,50,7.4,1015.3,19.1,3,186
2025-11-30,16:00,Bangalore,19.4,59,4.9,1016.3,0.0,2,114
2025-11-30,17:00,Chennai,21.4,80,9.2,1008.1,0.0,1,124
2025-11-30,18:00,Hyderabad,21.8,58,12.0,1017.0,0.0,0,121
2025-11-30,19:00,Mumbai,21.0,72,8.6,1011.0,0.0,0,153
2025-11-30,20:00,Delhi,17.7,53,5.3,1016.8,5.3,0,207
2025-11-30,21:00,Bangalore,13.3,68,9.8,1016.8,0.0,0,100
2025-11-30,22:00,Chennai,18.9,75,4.9,1019.1,0.0,0,121
2025-11-30,23:00,Hyderabad,20.9,65,9.4,1014.6,0.0,0,118
2025-12-01,00:00,Mumbai,17.9,71,6.6,1012.4,0.0,0,113
2025-12-01,01:00,Delhi,15.0,59,9.6,1016.9,0.0,0,198
2025-12-01,02:00,Bangalore,16.2,69,8.3,1007.4,0.0,0,99
2025-12-01,03:00,Chennai,22.0,75,11.3,1010.9,0.0,0,95
2025-12-01,04:00,Hyderabad,22.4,58,11.3,1011.9,0.0,0,131
2025-12-01,05:00,Mumbai,22.6,82,12.9,1012.7,0.0,0,134
2025-12-01,06:00,Delhi,19.6,49,12.1,1015.3,0.0,0,204
2025-12-01,07:00,Bangalore,19.2,66,5.2,1013.0,0.0,1,77
2025-12-01,08:00,Chennai,30.3,67,11.9,1010.8,0.0,2,122
2025-12-01,09:00,Hyderabad,31.0,45,3.3,1012.0,0.0,3,136
2025-12-01,10:00,Mumbai,28.9,71,7.5,1014.4,0.0,4,161
2025-12-01,11:00,Delhi,23.9,51,5.5,1014.9,0.0,5,185
2025-12-01,12:00,Bangalore,21.1,71,12.4,1011.2,0.0,6,99
2025-12-01,13:00,Chennai,28.2,70,2.3,1013.4,0.0,6,102
2025-12-01,14:00,Hyderabad,27.4,46,3.7,1013.6,0.0,4,129
2025-12-01,15:00,Mumbai,25.3,75,12.1,1015.7,0.0,3,117
2025-12-01,16:00,Delhi,20.8,46,5.9,1014.0,0.0,2,166
2025-12-01,17:00,Bangalore,20.2,61,7.5,1010.8,0.0,1,107
2025-12-01,18:00,Chennai,24.1,76,6.4,1010.6,0.0,0,127
2025-12-01,19:00,Hyderabad,22.5,55,8.1,1018.0,0.0,0,130
2025-12-01,20:00,Mumbai,18.7,82,7.2,1024.7,0.0,0,152
2025-12-01,21:00,Delhi,13.1,58,8.5,1017.1,0.0,0,189
2025-12-01,22:00,Bangalore,16.2,81,7.8,1012.3,0.0,0,112
2025-12-01,23:00,Chennai,20.4,78,9.6,1013.3,0.0,0,119
2025-12-02,00:00,Hyderabad,19.7,60,3.3,1015.3,0.0,0,95
2025-12-02,01:00,Mumbai,16.8,78,9.9,1016.2,8.1,0,140
2025-12-02,02:00,Delhi,15.1,59,11.5,1017.7,0.0,0,195
2025-12-02,03:00,Bangalore,15.9,71,11.6,1015.6,0.0,0,108
2025-12-02,04:00,Chennai,21.0,69,3.6,1017.9,22.5,0,111
2025-12-02,05:00,Hyderabad,22.2,65,3.7,1015.8,0.0,0,115
2025-12-02,06:00,Mumbai,24.6,71,7.0,1013.2,0.0,0,148
2025-12-02,07:00,Delhi,19.5,61,6.2,1015.3,0.0,1,200
2025-12-02,08:00,Bangalore,19.5,70,5.1,1013.9,0.0,2,112
2025-12-02,09:00,Chennai,26.0,69,10.2,1015.0,0.0,3,148
2025-12-02,10:00,Hyderabad,28.8,60,10.8,1018.1,0.0,5,140
2025-12-02,11:00,Mumbai,28.4,64,5.3,1013.2,0.0,5,113
2025-12-02,12:00,Delhi,27.0,45,4.1,1011.0,0.0,7,210
2025-12-02,13:00,Bangalore,23.7,72,1.7,1016.0,0.0,6,98
2025-12-02,14:00,Chennai,29.5,67,8.0,1012.0,0.0,4,144
2025-12-02,15:00,Hyderabad,23.1,63,8.0,1016.2,0.0,5,114
2025-12-02,16:00,Mumbai,22.3,62,10.2,1018.4,0.0,2,99
2025-12-02,17:00,Delhi,19.0,46,2.2,1016.9,0.0,1,217
2025-12-02,18:00,Bangalore,14.8,70,9.6,1020.8,0.0,0,110
2025-12-02,19:00,Chennai,19.0,80,8.1,1016.1,0.0,0,154
2025-12-02,20:00,Hyderabad,20.5,62,4.6,1015.2,0.0,0,124
2025-12-02,21:00,Mumbai,18.5,83,12.5,1020.1,0.0,0,109
2025-12-02,22:00,Delhi,17.7,53,10.5,1017.2,0.0,0,196
2025-12-02,23:00,Bangalore,17.2,77,13.1,1018.9,0.0,0,107
2025-12-03,00:00,Chennai,17.4,78,5.9,1023.2,0.0,0,113
2025-12-03,01:00,Hyderabad,20.2,64,8.5,1014.3,0.0,0,109
2025-12-03,02:00,Mumbai,17.9,82,7.1,1021.6,0.0,0,123
2025-12-03,03:00,Delhi,18.0,51,6.2,1020.2,0.0,0,196
2025-12-03,04:00,Bangalore,19.0,61,9.6,1017.7,0.0,0,97
2025-12-03,05:00,Chennai,25.8,70,5.8,1015.8,0.0,0,125
2025-12-03,06:00,Hyderabad,24.2,59,5.6,1020.6,0.0,0,129
2025-12-03,07:00,Mumbai,23.8,74,5.5,1016.7,0.0,1,122
2025-12-03,08:00,Delhi,22.4,50,10.4,1016.6,0.0,2,210
2025-12-03,09:00,Bangalore,21.3,63,10.8,1015.7,0.0,3,114
2025-12-03,10:00,Chennai,31.2,61,7.9,1013.4,0.0,4,136
2025-12-03,11:00,Hyderabad,27.8,56,14.8,1012.7,0.0,5,100
2025-12-03,12:00,Mumbai,26.8,59,10.6,1011.9,0.0,7,136
2025-12-03,13:00,Delhi,23.6,61,3.2,1017.8,0.0,5,205
2025-12-03,14:00,Bangalore,20.6,69,6.1,1019.0,0.0,5,102
2025-12-03,15:00,Chennai,28.4,72,7.1,1016.4,0.0,3,120
2025-12-03,16:00,Hyderabad,25.4,53,8.1,1013.1,0.0,3,110
2025-12-03,17:00,Mumbai,23.2,86,7.9,1017.6,0.0,0,139
2025-12-03,18:00,Delhi,17.7,46,6.3,1016.6,0.0,0,200
2025-12-03,19:00,Bangalore,15.3,78,14.7,1014.0,0.0,0,108
2025-12-03,20:00,Chennai,18.0,73,5.6,1017.4,0.0,0,150
2025-12-03,21:00,Hyderabad,18.2,69,4.0,1018.7,0.0,0,118
2025-12-03,22:00,Mumbai,20.7,72,7.5,1012.6,0.0,0,127
2025-12-03,23:00,Delhi,12.5,60,11.0,1017.8,0.0,0,199
2025-12-04,00:00,Bangalore,11.5,79,7.7,1012.8,0.0,0,87
2025-12-04,01:00,Chennai,16.3,78,6.2,1012.7,0.0,0,112
2025-12-04,02:00,Hyderabad,18.8,51,9.7,1021.3,0.0,0,122
2025-12-04,03:00,Mumbai,22.7,79,8.3,1011.2,0.0,0,125
2025-12-04,04:00,Delhi,16.2,52,12.8,1020.9,0.0,0,168
2025-12-04,05:00,Bangalore,17.2,72,10.0,1019.4,9.0,0,127
2025-12-04,06:00,Chennai,24.3,68,7.6,1017.7,0.0,0,116
2025-12-04,07:00,Hyderabad,25.7,52,9.0,1016.4,0.0,1,115
2025-12-04,08:00,Mumbai,29.5,57,5.1,1015.7,0.0,2,153
2025-12-04,09:00,Delhi,23.1,58,9.1,1021.0,0.0,2,193
2025-12-04,10:00,Bangalore,24.8,56,6.0,1017.7,0.0,4,121
2025-12-04,11:00,Chennai,27.2,69,7.2,1017.3,0.0,6,120
2025-12-04,12:00,Hyderabad,28.1,55,6.6,1008.6,0.0,6,128
2025-12-04,13:00,Mumbai,27.2,71,8.9,1015.0,0.0,5,121
2025-12-04,14:00,Delhi,22.6,44,12.5,1014.5,0.0,5,176
2025-12-04,15:00,Bangalore,22.0,73,10.3,1008.6,0.0,4,101
2025-12-04,16:00,Chennai,23.4,75,7.9,1015.3,0.0,3,101
2025-12-04,17:00,Hyderabad,22.9,60,7.1,1012.5,0.0,1,141
2025-12-04,18:00,Mumbai,22.3,79,7.5,1017.2,0.0,0,120
2025-12-04,19:00,Delhi,16.4,48,8.8,1010.8,0.0,0,209
2025-12-04,20:00,Bangalore,15.6,66,5.1,1017.4,0.0,0,116
2025-12-04,21:00,Chennai,18.9,78,4.3,1016.3,0.0,0,121
2025-12-04,22:00,Hyderabad,18.0,60,13.3,1016.1,0.0,0,111
2025-12-04,23:00,Mumbai,16.6,85,8.9,1014.6,0.0,0,135
2025-12-05,00:00,Delhi,10.8,67,4.2,1020.3,0.0,0,200
2025-12-05,01:00,Bangalore,15.4,72,2.7,1016.7,0.0,0,102
2025-12-05,02:00,Chennai,22.4,69,6.1,1014.4,0.0,0,135
2025-12-05,03:00,Hyderabad,22.0,68,5.9,1014.2,0.0,0,123
2025-12-05,04:00,Mumbai,19.4,81,16.6,1015.9,0.0,0,140
2025-12-05,05:00,Delhi,17.1,59,5.2,1013.4,0.0,0,194
2025-12-05,06:00,Bangalore,17.9,71,5.5,1015.8,0.0,0,106
2025-12-05,07:00,Chennai,25.1,73,9.4,1016.3,0.0,1,126
2025-12-05,08:00,Hyderabad,26.8,58,4.2,1017.3,0.0,3,132
2025-12-05,09:00,Mumbai,27.1,68,4.1,1010.2,0.0,3,139
2025-12-05,10:00,Delhi,25.2,50,8.0,1013.1,0.0,3,187
2025-12-05,11:00,Bangalore,20.7,63,10.1,1014.3,0.0,5,97
2025-12-05,12:00,Chennai,28.5,77,9.1,1012.8,0.0,6,126
2025-12-05,13:00,Hyderabad,27.7,48,7.8,1008.8,0.0,5,109
2025-12-05,14:00,Mumbai,27.2,72,11.9,1018.0,0.0,4,112
2025-12-05,15:00,Delhi,22.6,52,10.5,1015.4,0.0,4,177
2025-12-05,16:00,Bangalore,17.8,60,12.6,1018.1,0.0,2,121
2025-12-05,17:00,Chennai,23.7,72,8.3,1016.6,0.0,1,121
2025-12-05,18:00,Hyderabad,21.8,63,8.4,1021.2,0.0,0,133
2025-12-05,19:00,Mumbai,18.0,77,7.5,1014.5,0.0,0,147
2025-12-05,20:00,Delhi,16.7,50,9.3,1017.8,0.0,0,173
2025-12-05,21:00,Bangalore,12.8,76,10.3,1017.3,0.0,0,113
2025-12-05,22:00,Chennai,18.9,69,12.9,1020.1,0.0,0,124
2025-12-05,23:00,Hyderabad,19.8,64,10.7,1017.4,0.0,0,105
2025-12-06,00:00,Mumbai,16.5,87,14.0,1017.6,0.0,0,122
2025-12-06,01:00,Delhi,16.8,58,7.8,1013.0,0.0,0,180
2025-12-06,02:00,Bangalore,16.5,74,7.9,1016.5,0.0,0,102
2025-12-06,03:00,Chennai,22.9,75,5.1,1013.0,0.0,0,122
2025-12-06,04:00,Hyderabad,22.9,66,12.3,1011.6,0.0,0,99
2025-12-06,05:00,Mumbai,23.2,71,7.8,1011.4,0.0,0,151
2025-12-06,06:00,Delhi,22.2,50,9.4,1011.6,0.0,0,198
2025-12-06,07:00,Bangalore,20.2,64,10.9,1018.5,0.0,1,109
2025-12-06,08:00,Chennai,25.0,66,7.0,1012.8,0.0,2,112
2025-12-06,09:00,Hyderabad,28.4,62,10.0,1008.8,0.0,4,143
2025-12-06,10:00,Mumbai,28.2,71,12.0,1014.1,0.0,4,175
2025-12-06,11:00,Delhi,23.1,51,7.6,1015.0,0.0,5,192
2025-12-06,12:00,Bangalore,23.4,61,6.1,1020.2,0.0,7,91
2025-12-06,13:00,Chennai,28.4,68,9.1,1008.4,0.0,5,98
2025-12-06,14:00,Hyderabad,28.6,51,7.2,1010.9,0.0,3,112
2025-12-06,15:00,Mumbai,25.5,76,7.6,1016.1,0.0,3,108
2025-12-06,16:00,Delhi,20.6,50,7.6,1020.2,0.0,2,207
2025-12-06,17:00,Bangalore,19.1,56,6.8,1014.0,0.0,1,130
2025-12-06,18:00,Chennai,22.3,78,10.1,1018.4,0.0,0,127
2025-12-06,19:00,Hyderabad,22.4,62,4.6,1016.1,0.0,0,135
2025-12-06,20:00,Mumbai,18.8,79,5.9,1018.7,21.1,0,127
2025-12-06,21:00,Delhi,14.8,53,6.6,1021.0,0.0,0,189
2025-12-06,22:00,Bangalore,14.0,71,10.3,1018.6,0.0,0,119
2025-12-06,23:00,Chennai,18.4,71,9.4,1010.1,0.0,0,124
2025-12-07,00:00,Hyderabad,20.9,70,5.7,1015.4,0.0,0,120
2025-12-07,01:00,Mumbai,19.3,76,7.7,1019.3,0.0,0,154
2025-12-07,02:00,Delhi,13.9,58,10.2,1018.2,0.0,0,182
2025-12-07,03:00,Bangalore,15.4,75,2.4,1014.3,0.0,0,110
2025-12-07,04:00,Chennai,21.7,65,3.6,1020.2,0.0,0,137
2025-12-07,05:00,Hyderabad,23.0,57,7.7,1021.0,0.0,0,119
2025-12-07,06:00,Mumbai,23.0,78,6.7,1017.1,0.0,0,154
2025-12-07,07:00,Delhi,21.2,44,6.3,1015.6,0.0,0,198
2025-12-07,08:00,Bangalore,21.4,59,4.6,1012.2,0.0,2,129
2025-12-07,09:00,Chennai,30.7,68,12.3,1014.0,0.0,3,147
2025-12-07,10:00,Hyderabad,27.6,56,5.2,1013.5,0.0,5,124
2025-12-07,11:00,Mumbai,26.5,69,10.3,1010.3,0.0,5,120
2025-12-07,12:00,Delhi,21.0,43,5.1,1011.5,0.0,6,192
2025-12-07,13:00,Bangalore,22.7,68,12.1,1014.9,0.0,5,101
2025-12-07,14:00,Chennai,27.5,66,8.4,1011.0,0.0,5,95
2025-12-07,15:00,Hyderabad,28.5,56,5.4,1016.1,0.0,2,120
2025-12-07,16:00,Mumbai,22.6,66,10.3,1018.5,0.0,3,106
2025-12-07,17:00,Delhi,19.1,48,9.7,1017.2,0.0,1,202
2025-12-07,18:00,Bangalore,14.9,74,12.7,1018.9,0.0,0,127
2025-12-07,19:00,Chennai,21.7,72,13.6,1015.7,0.0,0,135
2025-12-07,20:00,Hyderabad,18.5,62,7.0,1021.2,0.0,0,138
2025-12-07,21:00,Mumbai,18.8,69,5.9,1017.2,0.0,0,128
2025-12-07,22:00,Delhi,12.7,61,10.6,1019.1,0.0,0,209
2025-12-07,23:00,Bangalore,13.8,63,7.4,1019.1,0.0,0,128
2025-12-08,00:00,Chennai,21.5,77,5.4,1017.5,0.0,0,88
2025-12-08,01:00,Hyderabad,23.0,60,7.4,1014.4,0.0,0,107
2025-12-08,02:00,Mumbai,18.3,76,2.3,1018.4,0.0,0,134
2025-12-08,03:00,Delhi,17.4,55,3.1,1017.6,16.8,0,180
2025-12-08,04:00,Bangalore,16.0,62,1.2,1014.9,0.0,0,104
2025-12-08,05:00,Chennai,23.2,75,3.8,1013.4,0.0,0,121
2025-12-08,06:00,Hyderabad,26.8,60,11.9,1008.7,0.0,0,116
2025-12-08,07:00,Mumbai,26.5,73,14.3,1013.6,0.0,1,123
2025-12-08,08:00,Delhi,22.1,48,5.6,1016.6,0.0,1,187
2025-12-08,09:00,Bangalore,20.5,70,10.2,1018.6,0.0,2,119
2025-12-08,10:00,Chennai,26.3,73,2.7,1015.4,0.0,4,138
2025-12-08,11:00,Hyderabad,29.2,51,5.3,1010.7,0.0,6,128
2025-12-08,12:00,Mumbai,25.4,69,7.7,1015.2,0.0,7,138
2025-12-08,13:00,Delhi,27.4,46,7.7,1012.1,13.7,5,195
2025-12-08,14:00,Bangalore,19.1,69,9.3,1018.2,0.0,5,94
2025-12-08,15:00,Chennai,27.0,65,7.2,1016.7,0.0,3,95
2025-12-08,16:00,Hyderabad,25.3,62,7.3,1016.3,0.0,2,135
2025-12-08,17:00,Mumbai,21.7,72,8.4,1012.2,0.0,1,145
2025-12-08,18:00,Delhi,18.7,49,5.1,1017.5,0.0,0,195
2025-12-08,19:00,Bangalore,14.0,69,11.2,1018.3,0.0,0,117
2025-12-08,20:00,Chennai,20.0,73,5.4,1016.2,0.0,0,126
2025-12-08,21:00,Hyderabad,20.5,59,13.2,1016.7,0.0,0,112
2025-12-08,22:00,Mumbai,17.2,71,6.2,1016.3,0.0,0,135
2025-12-08,23:00,Delhi,13.4,58,9.7,1018.7,0.0,0,193
2025-12-09,00:00,Bangalore,13.5,83,3.4,1018.6,9.6,0,99
2025-12-09,01:00,Chennai,19.9,78,10.6,1017.6,0.0,0,111
2025-12-09,02:00,Hyderabad,20.6,63,10.3,1017.5,0.0,0,117
2025-12-09,03:00,Mumbai,20.0,74,12.0,1017.8,0.0,0,134
2025-12-09,04:00,Delhi,17.4,49,2.8,1017.2,0.0,0,175
2025-12-09,05:00,Bangalore,17.2,70,10.4,1020.5,0.0,0,104
2025-12-09,06:00,Chennai,22.4,65,11.3,1011.8,0.0,0,130
2025-12-09,07:00,Hyderabad,24.0,65,6.6,1007.0,0.0,1,129
2025-12-09,08:00,Mumbai,27.0,79,6.2,1014.2,0.0,2,163
2025-12-09,09:00,Delhi,23.4,45,7.0,1018.6,0.0,4,221
2025-12-09,10:00,Bangalore,20.4,78,3.0,1007.6,0.0,4,122
2025-12-09,11:00,Chennai,29.8,74,2.6,1006.0,0.0,6,104
2025-12-09,12:00,Hyderabad,30.3,60,6.7,1008.8,0.0,8,120
2025-12-09,13:00,Mumbai,29.2,66,5.5,1014.1,0.0,5,137
2025-12-09,14:00,Delhi,24.3,44,0.1,1008.7,10.8,4,198
2025-12-09,15:00,Bangalore,21.9,58,3.0,1018.4,0.0,3,96
2025-12-09,16:00,Chennai,24.9,73,7.2,1015.1,0.0,2,102
2025-12-09,17:00,Hyderabad,23.6,63,9.8,1015.2,0.0,0,128
2025-12-09,18:00,Mumbai,21.5,80,10.9,1016.5,0.0,0,140
2025-12-09,19:00,Delhi,14.4,58,5.6,1015.9,0.0,0,201
2025-12-09,20:00,Bangalore,15.3,66,10.1,1016.9,0.0,0,126
2025-12-09,21:00,Chennai,16.5,73,8.8,1013.0,0.0,0,111
2025-12-09,22:00,Hyderabad,18.3,70,5.8,1018.6,0.0,0,111
2025-12-09,23:00,Mumbai,18.5,67,5.3,1019.6,0.0,0,123
2025-12-10,00:00,Delhi,15.5,59,3.3,1016.2,0.0,0,208
2025-12-10,01:00,Bangalore,14.6,67,11.2,1019.4,0.0,0,100
2025-12-10,02:00,Chennai,18.9,72,9.8,1019.0,0.0,0,121
2025-12-10,03:00,Hyderabad,20.2,65,8.6,1017.5,0.0,0,109
2025-12-10,04:00,Mumbai,19.6,91,3.4,1011.5,0.0,0,118
2025-12-10,05:00,Delhi,16.6,56,10.4,1017.4,0.0,0,194
2025-12-10,06:00,Bangalore,23.1,64,5.1,1015.8,0.0,0,92
2025-12-10,07:00,Chennai,26.2,76,12.5,1014.2,0.0,1,115
2025-12-10,08:00,Hyderabad,26.6,63,8.8,1006.8,0.0,2,139
2025-12-10,09:00,Mumbai,29.4,69,4.1,1016.3,0.0,3,139
2025-12-10,10:00,Delhi,22.7,44,10.0,1018.4,0.0,5,209
2025-12-10,11:00,Bangalore,22.7,62,10.0,1019.0,0.0,5,108
2025-12-10,12:00,Chennai,30.3,68,8.6,1015.9,0.0,6,105
2025-12-10,13:00,Hyderabad,28.7,57,5.0,1008.2,0.0,7,115
2025-12-10,14:00,Mumbai,28.1,70,13.0,1013.9,0.0,4,137
2025-12-10,15:00,Delhi,20.4,62,7.8,1020.7,0.0,4,205
2025-12-10,16:00,Bangalore,18.1,68,7.5,1010.7,0.0,2,76
2025-12-10,17:00,Chennai,25.9,65,10.9,1017.8,0.0,0,134
2025-12-10,18:00,Hyderabad,21.8,58,9.5,1013.1,0.0,0,156
2025-12-10,19:00,Mumbai,20.4,77,8.3,1019.7,0.0,0,145
2025-12-10,20:00,Delhi,16.1,61,8.8,1013.3,0.0,0,179
2025-12-10,21:00,Bangalore,14.6,74,3.8,1026.4,0.0,0,105
2025-12-10,22:00,Chennai,14.7,71,3.7,1018.0,0.0,0,95
2025-12-10,23:00,Hyderabad,19.0,62,6.6,1013.4,0.0,0,118
2025-12-11,00:00,Mumbai,16.7,82,10.9,1014.5,22.3,0,123
2025-12-11,01:00,Delhi,14.4,60,6.9,1015.9,0.0,0,211
2025-12-11,02:00,Bangalore,16.1,70,11.9,1019.7,0.0,0,93
2025-12-11,03:00,Chennai,21.2,77,10.8,1021.1,0.0,0,111
2025-12-11,04:00,Hyderabad,23.3,69,9.5,1019.8,0.0,0,137
2025-12-11,05:00,Mumbai,22.4,74,7.9,1014.0,0.0,0,127
2025-12-11,06:00,Delhi,20.8,51,6.1,1017.1,0.0,0,200
2025-12-11,07:00,Bangalore,20.1,73,10.0,1012.7,0.0,1,99
2025-12-11,08:00,Chennai,25.3,62,13.4,1015.3,0.0,2,130
2025-12-11,09:00,Hyderabad,27.2,53,9.7,1011.4,0.0,4,157
2025-12-11,10:00,Mumbai,25.4,75,8.0,1017.8,0.0,4,140
2025-12-11,11:00,Delhi,22.4,53,1.8,1015.7,0.0,6,189
2025-12-11,12:00,Bangalore,24.3,67,5.0,1015.3,0.0,7,107
2025-12-11,13:00,Chennai,29.6,68,8.0,1017.8,0.0,6,125
2025-12-11,14:00,Hyderabad,28.5,59,8.3,1014.1,0.0,5,128
2025-12-11,15:00,Mumbai,23.9,81,9.6,1018.7,0.0,3,128
2025-12-11,16:00,Delhi,16.3,72,7.6,1016.6,0.0,2,193
2025-12-11,17:00,Bangalore,18.4,64,6.4,1018.7,0.0,0,124
2025-12-11,18:00,Chennai,20.0,79,8.5,1018.5,0.0,0,150
2025-12-11,19:00,Hyderabad,21.0,59,12.1,1021.2,0.0,0,112
2025-12-11,20:00,Mumbai,22.0,83,14.5,1014.4,0.0,0,138
2025-12-11,21:00,Delhi,14.5,60,9.4,1017.7,0.0,0,196
2025-12-11,22:00,Bangalore,14.8,68,10.7,1015.2,0.0,0,95
2025-12-11,23:00,Chennai,13.5,72,4.6,1020.0,0.0,0,126
2025-12-12,00:00,Hyderabad,20.5,64,13.7,1017.9,0.0,0,124
2025-12-12,01:00,Mumbai,16.0,81,8.5,1020.3,0.0,0,133
2025-12-12,02:00,Delhi,15.4,64,6.8,1020.1,0.0,0,182
2025-12-12,03:00,Bangalore,16.4,69,11.5,1019.6,0.0,0,114
2025-12-12,04:00,Chennai,20.1,79,8.5,1013.6,0.0,0,97
2025-12-12,05:00,Hyderabad,23.7,54,9.4,1012.5,0.0,0,119
2025-12-12,06:00,Mumbai,24.8,77,5.2,1016.6,0.0,0,110
2025-12-12,07:00,Delhi,22.1,47,8.1,1009.4,0.0,1,205
2025-12-12,08:00,Bangalore,22.8,66,6.3,1019.5,0.0,1,108
2025-12-12,09:00,Chennai,24.1,78,5.2,1015.0,0.0,3,135
2025-12-12,10:00,Hyderabad,29.6,55,8.4,1016.8,0.0,4,146
2025-12-12,11:00,Mumbai,27.4,66,11.3,1011.3,0.0,4,125
2025-12-12,12:00,Delhi,23.9,51,13.9,1015.7,0.0,7,182
2025-12-12,13:00,Bangalore,21.2,62,13.9,1016.5,0.0,6,101
2025-12-12,14:00,Chennai,26.1,72,7.2,1019.6,0.0,4,115
2025-12-12,15:00,Hyderabad,27.3,51,6.1,1018.6,0.0,4,108
2025-12-12,16:00,Mumbai,19.5,76,8.2,1013.9,0.0,3,140
2025-12-12,17:00,Delhi,19.4,42,13.8,1018.5,0.0,1,203
2025-12-12,18:00,Bangalore,18.2,72,5.0,1015.8,0.0,0,123
2025-12-12,19:00,Chennai,21.4,72,1.6,1020.0,0.0,0,108
2025-12-12,20:00,Hyderabad,22.2,51,11.2,1013.3,0.0,0,129
2025-12-12,21:00,Mumbai,17.8,78,8.0,1017.3,0.0,0,133
2025-12-12,22:00,Delhi,14.5,56,5.4,1013.1,0.0,0,181
2025-12-12,23:00,Bangalore,11.6,80,7.4,1017.1,0.0,0,99
2025-12-13,00:00,Chennai,17.2,78,7.8,1018.4,0.0,0,122
2025-12-13,01:00,Hyderabad,17.9,57,0.0,1014.0,0.0,0,117
2025-12-13,02:00,Mumbai,16.6,80,12.8,1021.5,0.0,0,142
2025-12-13,03:00,Delhi,16.0,44,11.6,1016.4,0.0,0,175
2025-12-13,04:00,Bangalore,14.1,77,6.4,1009.7,0.0,0,120
2025-12-13,05:00,Chennai,25.2,83,7.7,1009.5,0.0,0,99
2025-12-13,06:00,Hyderabad,25.5,55,8.6,1014.9,0.0,0,111
2025-12-13,07:00,Mumbai,24.5,75,5.8,1016.7,0.0,0,114
2025-12-13,08:00,Delhi,22.6,47,17.3,1019.8,0.0,1,194
2025-12-13,09:00,Bangalore,21.6,61,9.8,1015.6,0.0,3,112
2025-12-13,10:00,Chennai,28.6,74,4.3,1016.1,0.0,4,129
2025-12-13,11:00,Hyderabad,27.7,56,2.0,1012.1,0.0,6,96
2025-12-13,12:00,Mumbai,29.8,67,9.9,1010.8,0.0,7,150
2025-12-13,13:00,Delhi,21.6,52,11.8,1014.5,0.0,5,178
2025-12-13,14:00,Bangalore,23.5,59,9.7,1012.5,0.0,4,118
2025-12-13,15:00,Chennai,27.6,71,7.2,1013.2,0.0,4,139
2025-12-13,16:00,Hyderabad,23.3,59,8.0,1015.1,0.0,2,121
2025-12-13,17:00,Mumbai,19.4,76,9.9,1014.3,24.2,1,152
2025-12-13,18:00,Delhi,15.3,63,5.4,1018.3,0.0,0,199
2025-12-13,19:00,Bangalore,14.9,71,9.2,1010.6,0.0,0,115
2025-12-13,20:00,Chennai,19.1,77,10.9,1017.7,0.0,0,126
2025-12-13,21:00,Hyderabad,19.8,57,7.7,1020.4,0.0,0,140
2025-12-13,22:00,Mumbai,18.0,74,9.6,1017.2,0.0,0,134
2025-12-13,23:00,Delhi,15.9,61,8.5,1010.5,0.0,0,187
2025-12-14,00:00,Bangalore,15.3,67,7.8,1018.9,0.0,0,113
2025-12-14,01:00,Chennai,20.7,78,13.1,1018.2,0.0,0,120
2025-12-14,02:00,Hyderabad,20.5,67,5.8,1011.5,0.0,0,110
2025-12-14,03:00,Mumbai,22.0,73,7.3,1016.6,0.0,0,141
2025-12-14,04:00,Delhi,17.3,45,10.0,1018.0,0.0,0,199
2025-12-14,05:00,Bangalore,19.0,75,7.3,1018.6,0.0,0,108
2025-12-14,06:00,Chennai,24.7,60,5.4,1023.8,0.0,0,119
2025-12-14,07:00,Hyderabad,28.6,54,10.8,1013.0,0.0,1,121
2025-12-14,08:00,Mumbai,26.3,73,14.6,1011.0,0.0,2,133
2025-12-14,09:00,Delhi,24.1,45,10.0,1010.6,0.0,3,199
2025-12-14,10:00,Bangalore,21.6,71,18.5,1017.9,0.0,4,100
2025-12-14,11:00,Chennai,29.6,72,13.8,1016.7,13.2,5,135
2025-12-14,12:00,Hyderabad,28.0,60,9.0,1016.3,0.0,7,135
2025-12-14,13:00,Mumbai,27.6,75,12.0,1014.3,0.0,6,118
2025-12-14,14:00,Delhi,23.8,50,10.5,1013.8,0.0,4,191
2025-12-14,15:00,Bangalore,18.8,65,7.8,1017.8,0.0,3,91
2025-12-14,16:00,Chennai,25.4,76,4.1,1018.8,0.0,2,85
2025-12-14,17:00,Hyderabad,24.2,59,9.8,1017.4,0.0,0,121
2025-12-14,18:00,Mumbai,19.9,78,9.6,1022.5,0.0,0,131
2025-12-14,19:00,Delhi,17.7,54,8.6,1012.3,0.0,0,218
2025-12-14,20:00,Bangalore,11.3,78,10.8,1019.1,0.0,0,106
2025-12-14,21:00,Chennai,17.2,79,9.1,1018.8,0.0,0,105
2025-12-14,22:00,Hyderabad,20.4,75,5.5,1013.2,0.0,0,126
2025-12-14,23:00,Mumbai,18.7,81,7.2,1017.6,0.0,0,124
2025-12-15,00:00,Delhi,14.0,63,7.2,1020.2,0.0,0,188
2025-12-15,01:00,Bangalore,14.9,70,5.1,1015.3,0.0,0,113
2025-12-15,02:00,Chennai,20.9,76,8.1,1021.9,4.1,0,103
2025-12-15,03:00,Hyderabad,21.9,55,11.0,1018.2,0.0,0,117
2025-12-15,04:00,Mumbai,22.2,77,6.5,1010.5,0.0,0,127
2025-12-15,05:00,Delhi,20.4,54,4.1,1016.4,0.0,0,203
2025-12-15,06:00,Bangalore,19.6,64,7.8,1009.8,0.0,0,103
2025-12-15,07:00,Chennai,28.1,73,5.9,1009.8,0.0,1,113
2025-12-15,08:00,Hyderabad,27.6,50,6.7,1014.4,0.0,2,118
2025-12-15,09:00,Mumbai,27.7,67,4.9,1011.1,0.0,4,143
2025-12-15,10:00,Delhi,25.0,50,9.9,1012.1,0.0,5,216
2025-12-15,11:00,Bangalore,22.5,67,14.6,1015.7,0.0,4,111
2025-12-15,12:00,Chennai,29.5,75,11.3,1011.8,0.0,7,120
2025-12-15,13:00,Hyderabad,29.2,60,10.8,1012.2,0.0,5,108
2025-12-15,14:00,Mumbai,26.2,64,4.9,1013.4,0.0,4,128
2025-12-15,15:00,Delhi,21.4,56,8.5,1016.1,0.0,2,199
2025-12-15,16:00,Bangalore,17.6,71,13.5,1021.5,0.0,2,106
2025-12-15,17:00,Chennai,22.9,66,8.5,1016.6,0.0,0,142
2025-12-15,18:00,Hyderabad,22.5,59,9.4,1011.8,0.0,0,139
2025-12-15,19:00,Mumbai,20.4,81,8.7,1020.2,0.0,0,142
2025-12-15,20:00,Delhi,15.3,51,12.2,1018.2,0.0,0,197
2025-12-15,21:00,Bangalore,15.5,61,11.6,1021.6,0.0,0,107
2025-12-15,22:00,Chennai,17.8,81,3.3,1016.5,0.0,0,85
2025-12-15,23:00,Hyderabad,17.4,58,11.8,1017.1,0.0,0,117
2025-12-16,00:00,Mumbai,18.5,78,11.9,1019.9,0.0,0,126
2025-12-16,01:00,Delhi,12.9,57,11.8,1024.3,0.0,0,195
2025-12-16,02:00,Bangalore,14.7,65,10.6,1014.0,0.0,0,115
2025-12-16,03:00,Chennai,21.4,68,9.8,1014.9,0.0,0,128
2025-12-16,04:00,Hyderabad,23.9,51,3.9,1019.4,0.0,0,104
2025-12-16,05:00,Mumbai,24.2,67,6.6,1014.9,0.0,0,139
2025-12-16,06:00,Delhi,19.5,52,13.0,1013.7,0.0,0,189
2025-12-16,07:00,Bangalore,19.9,68,10.1,1018.9,0.0,1,106
2025-12-16,08:00,Chennai,25.3,73,11.2,1014.2,0.0,2,148
2025-12-16,09:00,Hyderabad,31.1,46,9.1,1012.4,0.0,4,132
2025-12-16,10:00,Mumbai,24.4,77,9.7,1012.4,0.0,5,144
2025-12-16,11:00,Delhi,24.1,53,7.7,1017.8,0.0,6,187
2025-12-16,12:00,Bangalore,23.0,67,0.1,1011.4,0.0,7,88
2025-12-16,13:00,Chennai,25.3,74,6.2,1012.9,0.0,5,131
2025-12-16,14:00,Hyderabad,26.4,61,11.3,1013.5,0.0,4,126
2025-12-16,15:00,Mumbai,24.4,79,10.6,1011.5,0.0,3,122
2025-12-16,16:00,Delhi,23.0,53,2.8,1017.1,0.0,2,178
2025-12-16,17:00,Bangalore,19.2,73,6.0,1015.7,0.0,2,117
2025-12-16,18:00,Chennai,22.9,74,11.8,1012.1,0.0,0,135
2025-12-16,19:00,Hyderabad,20.2,66,6.2,1013.1,0.0,0,151
2025-12-16,20:00,Mumbai,19.5,73,7.0,1015.8,0.0,0,141
2025-12-16,21:00,Delhi,12.8,54,6.1,1019.0,0.0,0,193
2025-12-16,22:00,Bangalore,15.1,75,11.7,1021.2,0.0,0,112
2025-12-16,23:00,Chennai,19.5,79,7.5,1018.5,0.0,0,107
2025-12-17,00:00,Hyderabad,17.3,59,0.0,1016.8,0.0,0,106
2025-12-17,01:00,Mumbai,18.7,76,5.3,1013.7,0.0,0,123
2025-12-17,02:00,Delhi,13.6,58,10.4,1014.1,0.0,0,199
2025-12-17,03:00,Bangalore,15.3,69,7.3,1013.1,0.0,0,85
2025-12-17,04:00,Chennai,22.1,64,12.1,1018.9,0.0,0,136
2025-12-17,05:00,Hyderabad,23.2,59,10.4,1013.6,0.0,0,123
2025-12-17,06:00,Mumbai,25.0,76,8.4,1012.6,0.0,0,121
2025-12-17,07:00,Delhi,18.9,54,0.0,1018.9,0.0,1,182
2025-12-17,08:00,Bangalore,22.8,73,6.5,1016.6,0.0,2,124
2025-12-17,09:00,Chennai,26.1,70,4.9,1015.9,0.0,3,132
2025-12-17,10:00,Hyderabad,27.1,60,6.7,1012.7,0.0,6,133
2025-12-17,11:00,Mumbai,25.7,69,7.5,1011.0,0.0,6,137
2025-12-17,12:00,Delhi,24.8,48,6.2,1011.0,0.0,7,180
2025-12-17,13:00,Bangalore,23.4,61,5.4,1017.2,0.0,6,108
2025-12-17,14:00,Chennai,26.0,66,11.2,1012.2,0.0,5,117
2025-12-17,15:00,Hyderabad,24.9,64,5.0,1014.4,0.0,3,126
2025-12-17,16:00,Mumbai,24.3,76,7.9,1013.7,0.0,2,125
2025-12-17,17:00,Delhi,17.6,45,6.5,1014.7,0.0,1,221
2025-12-17,18:00,Bangalore,18.6,72,14.7,1016.5,0.0,0,120
2025-12-17,19:00,Chennai,20.3,69,9.1,1014.4,0.0,0,152
2025-12-17,20:00,Hyderabad,21.0,56,9.6,1010.5,0.0,0,138
2025-12-17,21:00,Mumbai,19.2,68,3.0,1014.3,0.0,0,133
2025-12-17,22:00,Delhi,14.7,55,8.6,1017.8,0.0,0,199
2025-12-17,23:00,Bangalore,8.8,76,5.7,1021.1,0.0,0,124
2025-12-18,00:00,Chennai,18.2,75,7.0,1015.2,0.0,0,105
2025-12-18,01:00,Hyderabad,20.5,64,9.4,1011.4,0.0,0,149
2025-12-18,02:00,Mumbai,18.0,80,7.4,1015.8,2.6,0,133
2025-12-18,03:00,Delhi,18.0,48,4.0,1021.2,0.0,0,197
2025-12-18,04:00,Bangalore,14.9,71,11.8,1020.4,0.0,0,95
2025-12-18,05:00,Chennai,23.0,74,5.6,1010.7,0.0,0,111
2025-12-18,06:00,Hyderabad,24.1,65,7.8,1013.8,0.0,0,111
2025-12-18,07:00,Mumbai,27.5,69,5.0,1011.6,0.0,1,137
2025-12-18,08:00,Delhi,20.8,53,10.0,1018.0,0.0,2,203
2025-12-18,09:00,Bangalore,22.2,76,4.3,1010.7,0.0,3,120
2025-12-18,10:00,Chennai,27.0,74,9.6,1015.5,0.0,4,118
2025-12-18,11:00,Hyderabad,29.4,54,8.1,1011.7,0.0,5,103
2025-12-18,12:00,Mumbai,25.3,62,6.5,1014.9,0.0,7,118
2025-12-18,13:00,Delhi,23.2,57,4.5,1014.0,0.0,5,196
2025-12-18,14:00,Bangalore,21.6,68,7.9,1011.8,0.0,4,109
2025-12-18,15:00,Chennai,26.4,76,9.8,1016.1,0.0,3,121
2025-12-18,16:00,Hyderabad,24.8,63,10.2,1018.9,0.0,2,134
2025-12-18,17:00,Mumbai,22.1,77,9.0,1014.1,0.0,0,161
2025-12-18,18:00,Delhi,17.6,56,9.7,1012.8,0.0,0,207
2025-12-18,19:00,Bangalore,14.4,71,5.0,1023.5,0.0,0,108
2025-12-18,20:00,Chennai,18.6,75,8.7,1017.1,0.0,0,138
2025-12-18,21:00,Hyderabad,17.6,63,11.7,1018.5,0.0,0,123
2025-12-18,22:00,Mumbai,19.0,86,5.9,1019.7,0.0,0,132
2025-12-18,23:00,Delhi,14.5,61,10.3,1017.1,0.0,0,201
2025-12-19,00:00,Bangalore,12.2,79,12.0,1019.8,0.0,0,127
2025-12-19,01:00,Chennai,21.1,75,7.9,1014.2,0.0,0,115
2025-12-19,02:00,Hyderabad,22.8,58,6.1,1015.9,0.0,0,122
2025-12-19,03:00,Mumbai,20.4,89,2.1,1011.0,0.0,0,134
2025-12-19,04:00,Delhi,16.4,53,9.3,1020.2,0.0,0,199
2025-12-19,05:00,Bangalore,20.9,71,3.9,1015.8,0.0,0,105
2025-12-19,06:00,Chennai,22.5,76,7.9,1011.5,0.0,0,100
2025-12-19,07:00,Hyderabad,26.9,56,1.9,1016.5,0.0,1,123
2025-12-19,08:00,Mumbai,25.3,66,7.0,1015.3,0.0,1,148
2025-12-19,09:00,Delhi,24.1,50,7.8,1015.6,0.0,3,206
2025-12-19,10:00,Bangalore,23.3,71,8.3,1014.5,0.0,4,117
2025-12-19,11:00,Chennai,27.5,63,9.2,1011.9,0.0,6,101
2025-12-19,12:00,Hyderabad,29.4,46,8.0,1014.5,0.0,7,109
2025-12-19,13:00,Mumbai,27.0,78,8.3,1016.1,0.0,5,123
2025-12-19,14:00,Delhi,23.3,44,9.1,1014.5,0.0,4,189
2025-12-19,15:00,Bangalore,21.2,69,5.0,1016.2,0.0,3,103
2025-12-19,16:00,Chennai,24.2,66,6.5,1011.8,0.0,2,126
2025-12-19,17:00,Hyderabad,23.6,60,10.8,1012.5,0.0,0,151
2025-12-19,18:00,Mumbai,21.4,69,14.1,1018.3,0.0,0,149
2025-12-19,19:00,Delhi,18.2,59,6.4,1014.9,0.0,0,191
2025-12-19,20:00,Bangalore,12.3,78,10.7,1018.2,0.0,0,148
2025-12-19,21:00,Chennai,19.0,80,10.2,1020.6,0.0,0,135
2025-12-19,22:00,Hyderabad,18.4,64,7.8,1014.8,0.0,0,118
2025-12-19,23:00,Mumbai,12.8,89,11.5,1015.4,0.0,0,127
2025-12-20,00:00,Delhi,14.7,51,5.5,1018.7,0.0,0,170
2025-12-20,01:00,Bangalore,13.0,69,13.0,1018.4,0.0,0,109
2025-12-20,02:00,Chennai,18.2,71,8.0,1014.3,0.0,0,115
2025-12-20,03:00,Hyderabad,22.3,60,5.0,1016.3,0.0,0,123
2025-12-20,04:00,Mumbai,22.3,67,7.2,1015.2,0.0,0,128
2025-12-20,05:00,Delhi,21.4,48,12.7,1022.2,0.0,0,199
2025-12-20,06:00,Bangalore,18.0,70,5.6,1008.9,0.0,0,100
2025-12-20,07:00,Chennai,25.3,81,6.8,1012.9,0.0,0,113
2025-12-20,08:00,Hyderabad,28.3,51,5.7,1009.1,0.0,1,125
2025-12-20,09:00,Mumbai,26.0,78,2.7,1014.2,0.0,3,124
2025-12-20,10:00,Delhi,25.1,49,7.8,1012.1,0.0,4,248
2025-12-20,11:00,Bangalore,21.9,68,10.3,1015.1,0.0,6,89
2025-12-20,12:00,Chennai,28.3,76,9.8,1018.8,0.0,7,107
2025-12-20,13:00,Hyderabad,28.4,48,5.5,1011.5,0.0,6,112
2025-12-20,14:00,Mumbai,25.6,71,0.4,1012.4,0.0,5,135
2025-12-20,15:00,Delhi,20.2,65,4.9,1016.1,0.0,3,208
2025-12-20,16:00,Bangalore,18.3,66,9.7,1017.8,0.0,2,107
2025-12-20,17:00,Chennai,24.4,67,9.7,1012.7,0.0,1,135
2025-12-20,18:00,Hyderabad,21.1,64,3.1,1013.2,0.0,1,143
2025-12-20,19:00,Mumbai,18.6,75,7.3,1015.0,0.0,0,146
2025-12-20,20:00,Delhi,14.5,54,7.4,1020.4,0.0,0,210
2025-12-20,21:00,Bangalore,10.8,77,10.0,1023.8,0.0,0,84
2025-12-20,22:00,Chennai,19.6,74,7.7,1011.5,0.0,0,110
2025-12-20,23:00,Hyderabad,20.5,55,7.6,1015.6,0.0,0,113
2025-12-21,00:00,Mumbai,16.2,80,8.7,1023.1,0.0,0,135
2025-12-21,01:00,Delhi,14.8,54,4.7,1019.5,0.0,0,205
2025-12-21,02:00,Bangalore,14.1,64,8.7,1017.4,8.9,0,89
2025-12-21,03:00,Chennai,21.4,66,9.8,1013.7,0.0,0,102
2025-12-21,04:00,Hyderabad,22.3,62,4.9,1014.4,0.0,0,126
2025-12-21,05:00,Mumbai,21.8,80,3.7,1019.7,0.0,0,105
2025-12-21,06:00,Delhi,18.5,41,6.5,1012.7,0.0,1,196
2025-12-21,07:00,Bangalore,20.5,65,8.4,1015.0,0.0,1,100
2025-12-21,08:00,Chennai,29.2,70,4.3,1012.9,0.0,2,126
2025-12-21,09:00,Hyderabad,28.5,59,5.2,1013.0,0.0,4,123
2025-12-21,10:00,Mumbai,27.5,77,10.6,1010.1,0.0,5,139
2025-12-21,11:00,Delhi,25.9,56,8.8,1010.8,0.0,6,208
2025-12-21,12:00,Bangalore,24.2,68,11.8,1013.7,0.0,7,95
2025-12-21,13:00,Chennai,29.0,69,5.9,1011.5,0.0,6,121
2025-12-21,14:00,Hyderabad,28.9,51,5.7,1009.2,0.0,4,145
2025-12-21,15:00,Mumbai,26.1,73,2.1,1011.1,0.0,3,138
2025-12-21,16:00,Delhi,19.7,56,7.7,1020.4,0.0,2,180
2025-12-21,17:00,Bangalore,18.7,72,6.3,1017.6,0.0,0,121
2025-12-21,18:00,Chennai,22.1,73,7.7,1013.0,0.0,0,110
2025-12-21,19:00,Hyderabad,22.2,64,6.3,1013.0,0.0,0,151
2025-12-21,20:00,Mumbai,15.3,87,5.7,1019.3,0.0,0,124
2025-12-21,21:00,Delhi,14.8,57,11.4,1019.7,0.0,0,170
2025-12-21,22:00,Bangalore,13.4,77,10.1,1017.2,0.0,0,100
2025-12-21,23:00,Chennai,16.7,81,8.1,1017.9,6.6,0,108
2025-12-22,00:00,Hyderabad,17.2,56,8.8,1014.1,0.0,0,123
2025-12-22,01:00,Mumbai,17.4,82,5.9,1021.2,0.0,0,133
2025-12-22,02:00,Delhi,16.2,48,7.0,1010.6,0.0,0,197
2025-12-22,03:00,Bangalore,17.1,72,9.3,1010.5,0.0,0,81
2025-12-22,04:00,Chennai,20.2,78,8.9,1017.6,0.0,0,120
2025-12-22,05:00,Hyderabad,23.1,63,2.2,1013.4,0.0,0,123
2025-12-22,06:00,Mumbai,23.5,72,11.3,1012.6,0.0,0,118
2025-12-22,07:00,Delhi,21.0,47,11.3,1013.6,0.0,0,185
2025-12-22,08:00,Bangalore,19.7,62,8.7,1011.6,0.0,3,125
2025-12-22,09:00,Chennai,28.4,71,8.3,1013.0,0.0,3,132
2025-12-22,10:00,Hyderabad,28.6,57,8.4,1009.8,0.0,5,137
2025-12-22,11:00,Mumbai,28.1,71,4.7,1013.7,0.0,5,129
2025-12-22,12:00,Delhi,24.8,46,7.8,1024.5,0.0,6,179
2025-12-22,13:00,Bangalore,21.9,60,9.0,1015.8,0.0,6,111
2025-12-22,14:00,Chennai,26.3,78,9.1,1014.6,0.0,5,111
2025-12-22,15:00,Hyderabad,26.9,53,8.8,1007.3,0.0,3,126
2025-12-22,16:00,Mumbai,26.7,68,2.0,1015.9,0.0,2,133
2025-12-22,17:00,Delhi,17.8,54,4.1,1018.4,0.0,1,205
2025-12-22,18:00,Bangalore,20.2,66,11.7,1017.7,13.6,0,114
2025-12-22,19:00,Chennai,22.9,73,4.9,1015.0,0.0,0,136
2025-12-22,20:00,Hyderabad,20.2,65,7.9,1009.7,0.0,0,142
2025-12-22,21:00,Mumbai,17.1,83,12.9,1015.2,0.0,0,142
2025-12-22,22:00,Delhi,17.2,62,11.5,1015.9,10.8,0,176
2025-12-22,23:00,Bangalore,12.2,71,10.4,1013.9,0.0,0,86
2025-12-23,00:00,Chennai,19.6,86,6.3,1017.5,0.0,0,121
2025-12-23,01:00,Hyderabad,18.8,58,9.9,1019.9,0.0,0,125
2025-12-23,02:00,Mumbai,18.1,81,6.9,1019.2,0.0,0,130
2025-12-23,03:00,Delhi,17.8,60,8.6,1013.9,0.0,0,202
2025-12-23,04:00,Bangalore,17.6,72,11.0,1014.1,15.8,0,96
2025-12-23,05:00,Chennai,23.5,69,7.3,1015.7,8.7,0,119
2025-12-23,06:00,Hyderabad,25.3,52,4.1,1010.3,0.0,0,122
2025-12-23,07:00,Mumbai,22.9,84,6.6,1013.6,0.0,0,136
2025-12-23,08:00,Delhi,23.7,48,10.1,1016.9,0.0,2,191
2025-12-23,09:00,Bangalore,25.2,61,5.9,1013.4,0.0,3,131
2025-12-23,10:00,Chennai,28.3,72,15.8,1017.8,0.0,4,148
2025-12-23,11:00,Hyderabad,28.1,49,6.6,1013.1,0.0,6,123
2025-12-23,12:00,Mumbai,23.9,76,14.5,1013.5,0.9,6,134
2025-12-23,13:00,Delhi,25.3,46,8.6,1013.2,0.0,5,201
2025-12-23,14:00,Bangalore,21.3,67,13.3,1012.9,0.0,4,104
2025-12-23,15:00,Chennai,28.0,65,11.0,1012.4,0.0,3,112
2025-12-23,16:00,Hyderabad,23.1,59,2.7,1015.4,0.0,3,126
2025-12-23,17:00,Mumbai,22.3,80,9.3,1019.1,0.0,1,141
2025-12-23,18:00,Delhi,16.0,55,8.2,1023.3,0.0,0,212
2025-12-23,19:00,Bangalore,11.3,76,7.9,1018.1,0.0,0,115
2025-12-23,20:00,Chennai,20.4,81,6.6,1014.3,5.2,0,127
2025-12-23,21:00,Hyderabad,19.9,61,14.6,1016.5,0.0,0,109
2025-12-23,22:00,Mumbai,19.0,82,6.3,1018.3,0.0,0,118
2025-12-23,23:00,Delhi,13.4,62,6.3,1020.2,0.0,0,205
2025-12-24,00:00,Bangalore,14.5,80,4.5,1023.9,0.0,0,92
2025-12-24,01:00,Chennai,20.1,83,9.7,1017.9,0.0,0,96
2025-12-24,02:00,Hyderabad,20.8,65,4.3,1015.4,0.0,0,115
2025-12-24,03:00,Mumbai,23.0,79,6.2,1012.7,0.0,0,151
2025-12-24,04:00,Delhi,19.8,50,5.2,1021.9,0.0,0,155
2025-12-24,05:00,Bangalore,19.1,67,5.6,1018.8,0.0,0,116
2025-12-24,06:00,Chennai,25.2,70,7.4,1013.0,0.0,0,108
2025-12-24,07:00,Hyderabad,27.6,57,10.0,1014.5,0.0,1,104
2025-12-24,08:00,Mumbai,25.5,72,7.5,1016.8,0.0,1,148
2025-12-24,09:00,Delhi,24.2,51,7.4,1017.0,0.0,4,195
2025-12-24,10:00,Bangalore,23.8,68,6.0,1007.7,0.0,4,110
2025-12-24,11:00,Chennai,28.2,76,10.8,1012.6,0.0,6,122
2025-12-24,12:00,Hyderabad,28.7,56,5.8,1016.8,0.0,6,117
2025-12-24,13:00,Mumbai,25.7,67,2.7,1017.7,0.0,5,140
2025-12-24,14:00,Delhi,20.7,54,11.3,1011.9,0.0,5,185
2025-12-24,15:00,Bangalore,22.4,70,4.6,1018.6,0.0,3,118
2025-12-24,16:00,Chennai,26.8,67,3.7,1018.3,0.0,3,108
2025-12-24,17:00,Hyderabad,26.0,58,7.8,1008.2,0.0,1,147
2025-12-24,18:00,Mumbai,19.9,76,7.9,1018.2,0.0,0,159
2025-12-24,19:00,Delhi,13.7,50,6.6,1015.4,0.0,0,205
2025-12-24,20:00,Bangalore,13.9,69,14.1,1014.0,0.0,0,124
2025-12-24,21:00,Chennai,20.8,71,10.3,1010.4,0.0,0,105
2025-12-24,22:00,Hyderabad,19.2,65,12.7,1018.5,0.0,0,122
2025-12-24,23:00,Mumbai,18.0,83,5.2,1013.6,0.0,0,146
2025-12-25,00:00,Delhi,13.6,57,9.8,1023.0,0.0,0,178
2025-12-25,01:00,Bangalore,13.4,66,7.8,1018.8,0.0,0,111
2025-12-25,02:00,Chennai,20.4,77,3.9,1013.5,0.0,0,112
2025-12-25,03:00,Hyderabad,19.6,64,5.3,1017.3,0.0,0,120
2025-12-25,04:00,Mumbai,21.0,75,8.6,1014.6,0.0,0,131
2025-12-25,05:00,Delhi,19.9,43,9.1,1017.4,0.0,0,203
2025-12-25,06:00,Bangalore,18.7,81,5.0,1017.6,0.0,0,112
2025-12-25,07:00,Chennai,26.2,66,1.5,1005.2,0.0,1,108
2025-12-25,08:00,Hyderabad,27.8,58,3.4,1021.0,0.0,1,138
2025-12-25,09:00,Mumbai,23.1,73,5.3,1017.9,0.0,4,131
2025-12-25,10:00,Delhi,24.1,45,7.4,1013.6,0.0,4,193
2025-12-25,11:00,Bangalore,24.5,71,2.2,1017.2,0.0,6,120
2025-12-25,12:00,Chennai,28.6,67,13.4,1012.3,0.0,8,110
2025-12-25,13:00,Hyderabad,28.8,51,11.6,1012.1,0.0,5,130
2025-12-25,14:00,Mumbai,26.9,62,11.6,1016.5,0.0,4,131
2025-12-25,15:00,Delhi,19.1,52,2.6,1015.7,16.6,3,196
2025-12-25,16:00,Bangalore,19.9,58,8.2,1013.0,0.0,2,102
2025-12-25,17:00,Chennai,21.9,70,4.1,1014.4,0.0,1,127
2025-12-25,18:00,Hyderabad,24.3,63,0.0,1014.7,0.0,0,132
2025-12-25,19:00,Mumbai,21.5,79,7.7,1019.5,0.0,0,132
2025-12-25,20:00,Delhi,16.3,52,9.2,1012.7,0.0,0,208
2025-12-25,21:00,Bangalore,12.1,76,9.8,1015.1,0.0,0,98
2025-12-25,22:00,Chennai,18.6,79,11.6,1019.0,0.0,0,110
2025-12-25,23:00,Hyderabad,17.7,69,8.4,1015.7,0.0,0,129
2025-12-26,00:00,Mumbai,17.3,77,3.8,1019.6,0.0,0,125
2025-12-26,01:00,Delhi,14.1,56,3.9,1016.6,0.0,0,181
2025-12-26,02:00,Bangalore,12.2,64,8.4,1016.0,0.0,0,105
2025-12-26,03:00,Chennai,19.3,74,6.7,1012.3,0.0,0,105
2025-12-26,04:00,Hyderabad,23.5,56,4.1,1013.0,4.9,0,127
2025-12-26,05:00,Mumbai,26.6,71,8.2,1011.6,0.0,0,124
2025-12-26,06:00,Delhi,21.0,47,4.3,1013.4,0.0,0,194
2025-12-26,07:00,Bangalore,23.7,58,3.9,1014.0,0.0,1,115
2025-12-26,08:00,Chennai,26.4,68,6.7,1013.5,0.0,3,133
2025-12-26,09:00,Hyderabad,30.9,56,4.5,1011.9,0.0,3,142
2025-12-26,10:00,Mumbai,28.2,59,9.6,1013.7,0.0,4,142
2025-12-26,11:00,Delhi,23.1,52,7.1,1013.4,0.0,5,209
2025-12-26,12:00,Bangalore,22.0,65,6.0,1014.1,14.2,7,109
2025-12-26,13:00,Chennai,26.6,70,6.5,1015.7,0.0,5,105
2025-12-26,14:00,Hyderabad,28.4,55,11.9,1020.5,0.0,4,128
2025-12-26,15:00,Mumbai,24.8,72,10.0,1015.0,0.0,3,128
2025-12-26,16:00,Delhi,19.8,45,7.8,1017.4,0.0,3,195
2025-12-26,17:00,Bangalore,18.9,72,10.3,1018.2,0.0,0,114
2025-12-26,18:00,Chennai,22.2,72,11.1,1014.4,0.0,0,153
2025-12-26,19:00,Hyderabad,22.9,63,6.5,1013.9,0.0,0,121
2025-12-26,20:00,Mumbai,21.5,78,7.8,1015.6,0.0,0,130
2025-12-26,21:00,Delhi,14.3,53,0.0,1014.3,0.0,0,182
2025-12-26,22:00,Bangalore,10.7,76,11.0,1017.6,0.0,0,121
2025-12-26,23:00,Chennai,19.0,80,6.4,1017.4,0.0,0,123
2025-12-27,00:00,Hyderabad,22.8,64,6.5,1013.7,0.0,0,128
2025-12-27,01:00,Mumbai,18.4,73,10.5,1016.4,0.0,0,133
2025-12-27,02:00,Delhi,16.9,55,8.8,1012.1,0.0,0,205
2025-12-27,03:00,Bangalore,15.8,73,12.5,1015.7,0.0,0,104
2025-12-27,04:00,Chennai,21.9,78,11.3,1016.0,0.0,0,100
2025-12-27,05:00,Hyderabad,23.6,60,8.9,1010.5,0.0,0,152
2025-12-27,06:00,Mumbai,24.5,65,10.4,1017.2,0.0,0,120
2025-12-27,07:00,Delhi,21.1,46,9.4,1015.7,0.0,1,204
2025-12-27,08:00,Bangalore,21.2,63,6.7,1013.7,0.0,2,126
2025-12-27,09:00,Chennai,23.5,70,7.9,1020.5,10.2,3,128
2025-12-27,10:00,Hyderabad,27.9,47,6.9,1010.3,0.0,4,151
2025-12-27,11:00,Mumbai,25.0,71,14.8,1010.5,0.0,6,104
2025-12-27,12:00,Delhi,23.8,51,12.0,1016.8,0.0,7,204
2025-12-27,13:00,Bangalore,21.1,52,8.7,1014.4,0.0,6,108
2025-12-27,14:00,Chennai,26.6,69,10.8,1012.9,0.0,4,102
2025-12-27,15:00,Hyderabad,27.2,61,7.7,1015.7,1.3,3,139
2025-12-27,16:00,Mumbai,24.2,75,6.0,1013.4,0.0,1,119
2025-12-27,17:00,Delhi,19.2,53,6.2,1018.9,0.0,0,209
2025-12-27,18:00,Bangalore,15.4,69,12.9,1022.2,0.0,0,164
2025-12-27,19:00,Chennai,18.0,79,9.5,1012.4,0.0,0,140
2025-12-27,20:00,Hyderabad,19.0,74,9.5,1015.2,11.1,0,146
2025-12-27,21:00,Mumbai,20.4,74,4.1,1016.5,0.0,0,117
2025-12-27,22:00,Delhi,14.9,56,9.7,1015.9,0.0,0,183
2025-12-27,23:00,Bangalore,13.3,74,5.1,1013.7,0.0,0,122
2025-12-28,00:00,Chennai,17.8,80,4.4,1016.9,0.0,0,113
2025-12-28,01:00,Hyderabad,18.7,63,6.3,1015.7,0.0,0,119
2025-12-28,02:00,Mumbai,16.6,84,10.7,1011.5,0.0,0,142
2025-12-28,03:00,Delhi,15.8,55,11.2,1020.6,0.0,0,190
2025-12-28,04:00,Bangalore,15.2,73,7.4,1023.2,0.0,0,109
2025-12-28,05:00,Chennai,22.7,69,8.8,1016.5,0.0,0,110
2025-12-28,06:00,Hyderabad,28.1,54,3.6,1010.8,0.0,0,116
2025-12-28,07:00,Mumbai,24.7,64,8.0,1018.9,0.0,2,131
2025-12-28,08:00,Delhi,26.1,41,8.2,1011.6,0.0,2,180
2025-12-28,09:00,Bangalore,23.0,60,8.8,1012.8,0.0,3,139
2025-12-28,10:00,Chennai,26.8,78,6.9,1014.8,0.0,5,147
2025-12-28,11:00,Hyderabad,27.8,59,0.7,1015.4,0.0,5,123
2025-12-28,12:00,Mumbai,28.0,75,7.9,1010.8,0.0,7,121
2025-12-28,13:00,Delhi,28.6,45,6.5,1013.0,14.3,6,200
2025-12-28,14:00,Bangalore,25.0,65,8.3,1015.3,0.0,4,93
2025-12-28,15:00,Chennai,25.0,75,9.1,1012.2,0.0,3,106
2025-12-28,16:00,Hyderabad,25.1,56,9.1,1009.6,0.0,2,105
2025-12-28,17:00,Mumbai,23.0,75,6.7,1011.7,0.0,1,153
2025-12-28,18:00,Delhi,17.0,48,1.7,1019.3,0.0,0,225
2025-12-28,19:00,Bangalore,17.7,71,7.9,1016.1,0.0,0,103
2025-12-28,20:00,Chennai,20.4,75,9.8,1011.8,0.0,0,129
2025-12-28,21:00,Hyderabad,19.7,66,13.0,1019.2,0.0,0,135
2025-12-28,22:00,Mumbai,15.6,89,5.4,1020.6,0.0,0,115
2025-12-28,23:00,Delhi,16.0,57,7.4,1016.7,0.0,0,184
2025-12-29,00:00,Bangalore,12.1,82,7.3,1019.0,0.0,0,115
2025-12-29,01:00,Chennai,19.8,78,8.0,1018.2,0.0,0,117
2025-12-29,02:00,Hyderabad,20.8,65,10.2,1016.8,0.0,0,114
2025-12-29,03:00,Mumbai,18.1,76,8.3,1019.4,0.0,0,135
2025-12-29,04:00,Delhi,20.0,40,8.8,1016.7,0.0,0,206
2025-12-29,05:00,Bangalore,15.6,66,9.9,1018.0,0.0,0,110
2025-12-29,06:00,Chennai,23.5,73,5.3,1017.6,0.0,0,118
2025-12-29,07:00,Hyderabad,27.0,61,5.4,1012.4,0.0,1,129
2025-12-29,08:00,Mumbai,26.7,75,11.4,1010.0,0.0,2,140
2025-12-29,09:00,Delhi,24.2,57,4.6,1017.9,0.0,2,186
2025-12-29,10:00,Bangalore,25.3,59,9.2,1014.2,0.0,4,143
2025-12-29,11:00,Chennai,29.5,68,14.4,1016.5,0.0,6,119
2025-12-29,12:00,Hyderabad,26.5,69,7.4,1017.8,0.0,6,122
2025-12-29,13:00,Mumbai,27.9,82,10.5,1014.1,0.0,6,147
2025-12-29,14:00,Delhi,21.9,53,5.4,1008.5,0.0,4,213
2025-12-29,15:00,Bangalore,19.5,73,6.5,1013.2,0.0,3,109
2025-12-29,16:00,Chennai,25.5,70,7.7,1010.8,0.0,3,110
2025-12-29,17:00,Hyderabad,24.3,57,11.4,1025.0,0.0,0,132
2025-12-29,18:00,Mumbai,21.4,76,8.3,1014.8,0.0,0,154
2025-12-29,19:00,Delhi,13.1,53,6.8,1015.8,0.0,0,205
2025-12-29,20:00,Bangalore,16.1,69,8.5,1021.6,0.0,0,110
2025-12-29,21:00,Chennai,18.7,69,6.4,1017.6,0.0,0,107
2025-12-29,22:00,Hyderabad,20.7,63,8.8,1017.5,0.0,0,123
2025-12-29,23:00,Mumbai,15.5,75,9.5,1021.2,0.0,0,136
2025-12-30,00:00,Delhi,15.6,61,12.9,1018.2,0.0,0,163
2025-12-30,01:00,Bangalore,11.2,74,10.1,1016.7,0.0,0,105
2025-12-30,02:00,Chennai,19.3,82,9.3,1013.7,0.0,0,117
2025-12-30,03:00,Hyderabad,22.8,61,10.0,1016.2,0.0,0,126
2025-12-30,04:00,Mumbai,21.2,82,3.6,1015.1,0.0,0,149
2025-12-30,05:00,Delhi,19.2,58,11.6,1017.3,0.0,0,190
2025-12-30,06:00,Bangalore,18.3,71,3.8,1018.7,0.0,0,99
2025-12-30,07:00,Chennai,26.1,65,9.8,1016.7,0.0,1,103
2025-12-30,08:00,Hyderabad,26.8,55,4.6,1012.6,0.0,2,139
2025-12-30,09:00,Mumbai,25.4,69,3.1,1017.2,0.0,3,152
2025-12-30,10:00,Delhi,22.3,41,7.8,1014.1,0.0,5,196
2025-12-30,11:00,Bangalore,22.4,56,7.4,1017.2,0.0,6,114
2025-12-30,12:00,Chennai,27.7,75,2.5,1012.2,0.0,7,112
2025-12-30,13:00,Hyderabad,28.9,51,4.9,1012.1,0.0,5,111
2025-12-30,14:00,Mumbai,26.9,69,8.6,1017.0,0.0,5,132
2025-12-30,15:00,Delhi,21.3,53,2.7,1011.2,0.0,3,195
2025-12-30,16:00,Bangalore,19.3,64,6.4,1014.6,0.0,2,87
2025-12-30,17:00,Chennai,22.4,66,7.5,1016.9,0.0,1,146
2025-12-30,18:00,Hyderabad,24.6,61,6.1,1011.4,0.0,1,156
2025-12-30,19:00,Mumbai,18.7,75,6.2,1018.6,0.0,0,159
2025-12-30,20:00,Delhi,14.3,58,13.6,1014.3,0.0,0,232
2025-12-30,21:00,Bangalore,12.1,74,3.0,1017.2,0.0,0,108
2025-12-30,22:00,Chennai,18.6,71,7.7,1017.3,0.0,0,128
2025-12-30,23:00,Hyderabad,17.2,63,6.5,1022.1,0.0,0,122
2025-12-31,00:00,Mumbai,17.7,77,9.9,1015.8,0.0,0,125
2025-12-31,01:00,Delhi,15.3,57,13.1,1014.2,0.0,0,178
2025-12-31,02:00,Bangalore,13.6,70,3.7,1013.8,0.0,0,121
2025-12-31,03:00,Chennai,20.1,74,5.2,1015.7,0.0,0,126
2025-12-31,04:00,Hyderabad,21.8,62,8.4,1011.4,0.0,0,103
2025-12-31,05:00,Mumbai,21.7,70,7.7,1012.8,0.0,0,155
2025-12-31,06:00,Delhi,20.8,54,3.1,1017.7,0.0,0,174
2025-12-31,07:00,Bangalore,20.2,74,6.9,1018.3,0.0,1,107
2025-12-31,08:00,Chennai,25.5,84,7.5,1011.1,0.0,2,109
2025-12-31,09:00,Hyderabad,30.0,59,4.6,1007.8,0.0,3,137
2025-12-31,10:00,Mumbai,25.4,81,8.1,1015.1,0.0,4,138
2025-12-31,11:00,Delhi,26.1,50,4.2,1015.7,0.0,5,219
2025-12-31,12:00,Bangalore,24.2,60,6.6,1015.4,0.0,7,100
2025-12-31,13:00,Chennai,27.9,67,11.3,1010.4,0.0,6,106
2025-12-31,14:00,Hyderabad,26.3,56,2.5,1014.2,0.0,4,113
2025-12-31,15:00,Mumbai,22.2,84,3.6,1014.9,0.0,3,139
2025-12-31,16:00,Delhi,21.5,45,6.2,1018.6,0.0,2,191
2025-12-31,17:00,Bangalore,18.3,63,5.4,1015.7,0.0,1,133
2025-12-31,18:00,Chennai,19.4,78,4.8,1017.3,0.0,0,133
2025-12-31,19:00,Hyderabad,21.6,61,5.3,1018.3,0.0,0,141
2025-12-31,20:00,Mumbai,20.7,81,8.4,1016.9,0.0,0,147
2025-12-31,21:00,Delhi,13.7,51,5.4,1018.8,0.0,0,206
2025-12-31,22:00,Bangalore,13.1,77,8.7,1016.8,0.0,0,97
2025-12-31,23:00,Chennai,17.3,71,9.7,1017.6,0.0,0,124
